symbol	kind	file	line	end_line	loc	parent	base
spawnOpforVics_Class	class	!Docs/Scripting/helperlibrary.c	46	89	44		SCR_BaseTriggerEntity
spawnthings	method	!Docs/Scripting/helperlibrary.c	54	54	1	spawnOpforVics_Class	
EOnInit	method	!Docs/Scripting/helperlibrary.c	83	83	1	spawnOpforVics_Class	
factory_Control_Class	class	!Docs/Scripting/helperlibrary.c	119	137	19		SCR_FactionControlTriggerEntity
OnQueryFinished	method	!Docs/Scripting/helperlibrary.c	124	124	1	factory_Control_Class	
ammo_Class	class	!Docs/Scripting/helperlibrary.c	162	212	51		PS_ManualMarker
spawnthings	method	!Docs/Scripting/helperlibrary.c	171	171	1	ammo_Class	
safeStartCheck	method	!Docs/Scripting/helperlibrary.c	191	191	1	ammo_Class	
EOnInit	method	!Docs/Scripting/helperlibrary.c	206	206	1	ammo_Class	
EngiPresence_Class	class	!Docs/Scripting/helperlibrary.c	232	260	29		SCR_BaseTriggerEntity
OnQueryFinished	method	!Docs/Scripting/helperlibrary.c	237	237	1	EngiPresence_Class	
engiTruck_Class	class	!Docs/Scripting/helperlibrary.c	273	306	34		Vehicle
checkDamage	method	!Docs/Scripting/helperlibrary.c	278	278	1	engiTruck_Class	
EOnInit	method	!Docs/Scripting/helperlibrary.c	298	298	1	engiTruck_Class	
weaponSpawnTrigger_Class	class	!Docs/Scripting/helperlibrary.c	334	500	167		SCR_BaseTriggerEntity
PopulateRanges	method	!Docs/Scripting/helperlibrary.c	376	376	1	weaponSpawnTrigger_Class	
GetValue	method	!Docs/Scripting/helperlibrary.c	450	450	1	weaponSpawnTrigger_Class	
SpawnThings	method	!Docs/Scripting/helperlibrary.c	469	469	1	weaponSpawnTrigger_Class	
EOnInit	method	!Docs/Scripting/helperlibrary.c	490	490	1	weaponSpawnTrigger_Class	
z1s1_Class	class	!Docs/Scripting/helperlibrary.c	509	539	31		GenericEntity
z1s1_Class	method	!Docs/Scripting/helperlibrary.c	511	511	1	z1s1_Class	
CRF_MortarStrikeController	class	Scripts/Game/Entities/CRF_MortarStrikeController.c	27	531	505		
spawn	method	Scripts/Game/Entities/CRF_MortarStrikeController.c	71	71	1	CRF_MortarStrikeController	
distribution	method	Scripts/Game/Entities/CRF_MortarStrikeController.c	72	72	1	CRF_MortarStrikeController	
seconds	method	Scripts/Game/Entities/CRF_MortarStrikeController.c	73	73	1	CRF_MortarStrikeController	
delay	method	Scripts/Game/Entities/CRF_MortarStrikeController.c	74	74	1	CRF_MortarStrikeController	
projectile	method	Scripts/Game/Entities/CRF_MortarStrikeController.c	75	75	1	CRF_MortarStrikeController	
meters	method	Scripts/Game/Entities/CRF_MortarStrikeController.c	76	76	1	CRF_MortarStrikeController	
sound	method	Scripts/Game/Entities/CRF_MortarStrikeController.c	77	77	1	CRF_MortarStrikeController	
path	method	Scripts/Game/Entities/CRF_MortarStrikeController.c	78	78	1	CRF_MortarStrikeController	
seconds	method	Scripts/Game/Entities/CRF_MortarStrikeController.c	79	79	1	CRF_MortarStrikeController	
notification	method	Scripts/Game/Entities/CRF_MortarStrikeController.c	80	80	1	CRF_MortarStrikeController	
message	method	Scripts/Game/Entities/CRF_MortarStrikeController.c	81	81	1	CRF_MortarStrikeController	
logging	method	Scripts/Game/Entities/CRF_MortarStrikeController.c	82	82	1	CRF_MortarStrikeController	
CRF_MortarStrikeController	method	Scripts/Game/Entities/CRF_MortarStrikeController.c	85	85	1	CRF_MortarStrikeController	
CRF_MortarStrikeController	method	Scripts/Game/Entities/CRF_MortarStrikeController.c	86	86	1	CRF_MortarStrikeController	
CRF_MortarStrikeController	method	Scripts/Game/Entities/CRF_MortarStrikeController.c	87	87	1	CRF_MortarStrikeController	
CRF_MortarStrikeController	method	Scripts/Game/Entities/CRF_MortarStrikeController.c	89	89	1	CRF_MortarStrikeController	
prefab	method	Scripts/Game/Entities/CRF_MortarStrikeController.c	126	126	1	CRF_MortarStrikeController	
TriggerStrikes	method	Scripts/Game/Entities/CRF_MortarStrikeController.c	139	139	1	CRF_MortarStrikeController	
TriggerStrikesWithEffectsModule	method	Scripts/Game/Entities/CRF_MortarStrikeController.c	141	141	1	CRF_MortarStrikeController	
position	method	Scripts/Game/Entities/CRF_MortarStrikeController.c	195	195	1	CRF_MortarStrikeController	
TriggerStrikes	method	Scripts/Game/Entities/CRF_MortarStrikeController.c	210	210	1	CRF_MortarStrikeController	
StopStrikes	method	Scripts/Game/Entities/CRF_MortarStrikeController.c	247	247	1	CRF_MortarStrikeController	
SetStrikeCount	method	Scripts/Game/Entities/CRF_MortarStrikeController.c	258	258	1	CRF_MortarStrikeController	
SetStrikeRadius	method	Scripts/Game/Entities/CRF_MortarStrikeController.c	266	266	1	CRF_MortarStrikeController	
delay	method	Scripts/Game/Entities/CRF_MortarStrikeController.c	272	272	1	CRF_MortarStrikeController	
SetStrikeDelay	method	Scripts/Game/Entities/CRF_MortarStrikeController.c	274	274	1	CRF_MortarStrikeController	
variation	method	Scripts/Game/Entities/CRF_MortarStrikeController.c	280	280	1	CRF_MortarStrikeController	
SetStrikeDelayVariation	method	Scripts/Game/Entities/CRF_MortarStrikeController.c	282	282	1	CRF_MortarStrikeController	
SetProjectilePrefab	method	Scripts/Game/Entities/CRF_MortarStrikeController.c	290	290	1	CRF_MortarStrikeController	
dynamically	method	Scripts/Game/Entities/CRF_MortarStrikeController.c	296	296	1	CRF_MortarStrikeController	
SetProjectileSpawnHeight	method	Scripts/Game/Entities/CRF_MortarStrikeController.c	298	298	1	CRF_MortarStrikeController	
SetWarningSound	method	Scripts/Game/Entities/CRF_MortarStrikeController.c	306	306	1	CRF_MortarStrikeController	
SetPlayWarningSound	method	Scripts/Game/Entities/CRF_MortarStrikeController.c	314	314	1	CRF_MortarStrikeController	
SetShowNotification	method	Scripts/Game/Entities/CRF_MortarStrikeController.c	322	322	1	CRF_MortarStrikeController	
SetNotificationMessage	method	Scripts/Game/Entities/CRF_MortarStrikeController.c	330	330	1	CRF_MortarStrikeController	
SetWarningDuration	method	Scripts/Game/Entities/CRF_MortarStrikeController.c	338	338	1	CRF_MortarStrikeController	
SetDebugMode	method	Scripts/Game/Entities/CRF_MortarStrikeController.c	346	346	1	CRF_MortarStrikeController	
BroadcastWarning	method	Scripts/Game/Entities/CRF_MortarStrikeController.c	358	358	1	CRF_MortarStrikeController	
SpawnStrikeSequence	method	Scripts/Game/Entities/CRF_MortarStrikeController.c	383	383	1	CRF_MortarStrikeController	
SpawnSingleStrike	method	Scripts/Game/Entities/CRF_MortarStrikeController.c	418	418	1	CRF_MortarStrikeController	
GetRandomPositionInRadius	method	Scripts/Game/Entities/CRF_MortarStrikeController.c	508	508	1	CRF_MortarStrikeController	
CRF_EGamemode	enum	Scripts/Game/GameMode/CRF_Gamemode_Enums.c	2	18	17		
CRF_XPHandlerComponentClass	class	Scripts/Game/GameMode/CRF_XPHandlerComponent.c	1	1	1		SCR_XPHandlerComponentClass
CRF_XPHandlerComponent	class	Scripts/Game/GameMode/CRF_XPHandlerComponent.c	26	76	51		SCR_XPHandlerComponent
OnPostInit	method	Scripts/Game/GameMode/CRF_XPHandlerComponent.c	30	30	1	CRF_XPHandlerComponent	
OnVehicleDestroyed	method	Scripts/Game/GameMode/CRF_XPHandlerComponent.c	46	46	1	CRF_XPHandlerComponent	
CRF_CacheHuntTriggerEntityClass	class	Scripts/Game/GameMode/CacheHunt/CRF_CacheHuntTrigger.c	1	1	1		SCR_BaseTriggerEntityClass
CRF_CacheHuntTriggerEntity	class	Scripts/Game/GameMode/CacheHunt/CRF_CacheHuntTrigger.c	3	25	23		SCR_BaseTriggerEntity
Print	method	Scripts/Game/GameMode/CacheHunt/CRF_CacheHuntTrigger.c	9	9	1	CRF_CacheHuntTriggerEntity	
OnActivate	method	Scripts/Game/GameMode/CacheHunt/CRF_CacheHuntTrigger.c	19	19	1	CRF_CacheHuntTriggerEntity	
CRF_Frontline_HUD	class	Scripts/Game/GameMode/FrontLine/CRF_Frontline_Display.c	1	215	215		SCR_InfoDisplayExtended
DisplayUpdate	method	Scripts/Game/GameMode/FrontLine/CRF_Frontline_Display.c	36	36	1	CRF_Frontline_HUD	
ProcessEntity	method	Scripts/Game/GameMode/FrontLine/CRF_Frontline_Display.c	204	204	1	CRF_Frontline_HUD	
CRF_FrontlineGamemodeManagerClass	class	Scripts/Game/GameMode/FrontLine/CRF_Frontline_Game.c	2	5	4		SCR_BaseGameModeComponentClass
CRF_FrontlineGamemodeManager	class	Scripts/Game/GameMode/FrontLine/CRF_Frontline_Game.c	7	820	814		SCR_BaseGameModeComponent
CRF_FrontlineGamemodeManager	method	Scripts/Game/GameMode/FrontLine/CRF_Frontline_Game.c	76	76	1	CRF_FrontlineGamemodeManager	
GetInstance	method	Scripts/Game/GameMode/FrontLine/CRF_Frontline_Game.c	83	83	1	CRF_FrontlineGamemodeManager	
GetHudMessage	method	Scripts/Game/GameMode/FrontLine/CRF_Frontline_Game.c	93	93	1	CRF_FrontlineGamemodeManager	
GetZonesStatus	method	Scripts/Game/GameMode/FrontLine/CRF_Frontline_Game.c	99	99	1	CRF_FrontlineGamemodeManager	
OnPostInit	method	Scripts/Game/GameMode/FrontLine/CRF_Frontline_Game.c	105	105	1	CRF_FrontlineGamemodeManager	
EOnInit	method	Scripts/Game/GameMode/FrontLine/CRF_Frontline_Game.c	112	112	1	CRF_FrontlineGamemodeManager	
EOnFixedFrame	method	Scripts/Game/GameMode/FrontLine/CRF_Frontline_Game.c	127	127	1	CRF_FrontlineGamemodeManager	
RpcDo_UpdateHudMessage	method	Scripts/Game/GameMode/FrontLine/CRF_Frontline_Game.c	154	154	1	CRF_FrontlineGamemodeManager	
RpcDo_UpdateZoneStatus	method	Scripts/Game/GameMode/FrontLine/CRF_Frontline_Game.c	161	161	1	CRF_FrontlineGamemodeManager	
RpcDo_UpdateMultipleZones	method	Scripts/Game/GameMode/FrontLine/CRF_Frontline_Game.c	172	172	1	CRF_FrontlineGamemodeManager	
RpcDo_PlayRadioSound	method	Scripts/Game/GameMode/FrontLine/CRF_Frontline_Game.c	188	188	1	CRF_FrontlineGamemodeManager	
RpcDo_PlayAlertSound	method	Scripts/Game/GameMode/FrontLine/CRF_Frontline_Game.c	196	196	1	CRF_FrontlineGamemodeManager	
RpcDo_ClearMessages	method	Scripts/Game/GameMode/FrontLine/CRF_Frontline_Game.c	204	204	1	CRF_FrontlineGamemodeManager	
CacheZoneEntities	method	Scripts/Game/GameMode/FrontLine/CRF_Frontline_Game.c	217	217	1	CRF_FrontlineGamemodeManager	
CheckAddInitialMarkers	method	Scripts/Game/GameMode/FrontLine/CRF_Frontline_Game.c	229	229	1	CRF_FrontlineGamemodeManager	
SetupZoneStatus	method	Scripts/Game/GameMode/FrontLine/CRF_Frontline_Game.c	242	242	1	CRF_FrontlineGamemodeManager	
StartGame	method	Scripts/Game/GameMode/FrontLine/CRF_Frontline_Game.c	261	261	1	CRF_FrontlineGamemodeManager	
UpdateZones	method	Scripts/Game/GameMode/FrontLine/CRF_Frontline_Game.c	294	294	1	CRF_FrontlineGamemodeManager	
ProcessEntity	method	Scripts/Game/GameMode/FrontLine/CRF_Frontline_Game.c	437	437	1	CRF_FrontlineGamemodeManager	
CheckStartCaptureZone	method	Scripts/Game/GameMode/FrontLine/CRF_Frontline_Game.c	452	452	1	CRF_FrontlineGamemodeManager	
ZoneCaptured	method	Scripts/Game/GameMode/FrontLine/CRF_Frontline_Game.c	489	489	1	CRF_FrontlineGamemodeManager	
UnlockZoneDelay	method	Scripts/Game/GameMode/FrontLine/CRF_Frontline_Game.c	567	567	1	CRF_FrontlineGamemodeManager	
UnlockZone	method	Scripts/Game/GameMode/FrontLine/CRF_Frontline_Game.c	575	575	1	CRF_FrontlineGamemodeManager	
ConvertIndexToZoneString	method	Scripts/Game/GameMode/FrontLine/CRF_Frontline_Game.c	697	697	1	CRF_FrontlineGamemodeManager	
ResetMessage	method	Scripts/Game/GameMode/FrontLine/CRF_Frontline_Game.c	733	733	1	CRF_FrontlineGamemodeManager	
UpdateClients	method	Scripts/Game/GameMode/FrontLine/CRF_Frontline_Game.c	745	745	1	CRF_FrontlineGamemodeManager	
UpdateMapMarkers	method	Scripts/Game/GameMode/FrontLine/CRF_Frontline_Game.c	758	758	1	CRF_FrontlineGamemodeManager	
PlayRadioSound	method	Scripts/Game/GameMode/FrontLine/CRF_Frontline_Game.c	810	810	1	CRF_FrontlineGamemodeManager	
PlayAlertSound	method	Scripts/Game/GameMode/FrontLine/CRF_Frontline_Game.c	816	816	1	CRF_FrontlineGamemodeManager	
CRF_HVTFaction	enum	Scripts/Game/GameMode/High Value Target/CRF_HighValueTarget_Game.c	22	29	8		
CRF_TargetType	enum	Scripts/Game/GameMode/High Value Target/CRF_HighValueTarget_Game.c	32	36	5		
CRF_HVTEntryType	enum	Scripts/Game/GameMode/High Value Target/CRF_HighValueTarget_Game.c	38	43	6		
CRF_HVTEntry	class	Scripts/Game/GameMode/High Value Target/CRF_HighValueTarget_Game.c	47	87	41		
GetFactionKey	method	Scripts/Game/GameMode/High Value Target/CRF_HighValueTarget_Game.c	64	64	1	CRF_HVTEntry	
GetMarkerColor	method	Scripts/Game/GameMode/High Value Target/CRF_HighValueTarget_Game.c	76	76	1	CRF_HVTEntry	
CRF_HighValueTargetGamemodeManagerClass	class	Scripts/Game/GameMode/High Value Target/CRF_HighValueTarget_Game.c	93	96	4		SCR_BaseGameModeComponentClass
CRF_HighValueTargetGamemodeManager	class	Scripts/Game/GameMode/High Value Target/CRF_HighValueTarget_Game.c	97	805	709		SCR_BaseGameModeComponent
OnPostInit	method	Scripts/Game/GameMode/High Value Target/CRF_HighValueTarget_Game.c	177	177	1	CRF_HighValueTargetGamemodeManager	
EOnFixedFrame	method	Scripts/Game/GameMode/High Value Target/CRF_HighValueTarget_Game.c	186	186	1	CRF_HighValueTargetGamemodeManager	
SetHVTAndState	method	Scripts/Game/GameMode/High Value Target/CRF_HighValueTarget_Game.c	246	246	1	CRF_HighValueTargetGamemodeManager	
RegisterPlayerHVTs	method	Scripts/Game/GameMode/High Value Target/CRF_HighValueTarget_Game.c	324	324	1	CRF_HighValueTargetGamemodeManager	
FindAndRegisterPlayerHVT	method	Scripts/Game/GameMode/High Value Target/CRF_HighValueTarget_Game.c	343	343	1	CRF_HighValueTargetGamemodeManager	
RegisterHVTEntity	method	Scripts/Game/GameMode/High Value Target/CRF_HighValueTarget_Game.c	402	402	1	CRF_HighValueTargetGamemodeManager	
OnHVTDeath	method	Scripts/Game/GameMode/High Value Target/CRF_HighValueTarget_Game.c	426	426	1	CRF_HighValueTargetGamemodeManager	
OnDeadHVTHintReplicated	method	Scripts/Game/GameMode/High Value Target/CRF_HighValueTarget_Game.c	481	481	1	CRF_HighValueTargetGamemodeManager	
GameInit	method	Scripts/Game/GameMode/High Value Target/CRF_HighValueTarget_Game.c	498	498	1	CRF_HighValueTargetGamemodeManager	
UpdateHVTPositions	method	Scripts/Game/GameMode/High Value Target/CRF_HighValueTarget_Game.c	547	547	1	CRF_HighValueTargetGamemodeManager	
IsHVTAlive	method	Scripts/Game/GameMode/High Value Target/CRF_HighValueTarget_Game.c	578	578	1	CRF_HighValueTargetGamemodeManager	
SyncTransponderPositions	method	Scripts/Game/GameMode/High Value Target/CRF_HighValueTarget_Game.c	595	595	1	CRF_HighValueTargetGamemodeManager	
SetEntityUnconscious	method	Scripts/Game/GameMode/High Value Target/CRF_HighValueTarget_Game.c	675	675	1	CRF_HighValueTargetGamemodeManager	
OnLifeStateChangedWrapper	method	Scripts/Game/GameMode/High Value Target/CRF_HighValueTarget_Game.c	693	693	1	CRF_HighValueTargetGamemodeManager	
FindHVTInRange	method	Scripts/Game/GameMode/High Value Target/CRF_HighValueTarget_Game.c	727	727	1	CRF_HighValueTargetGamemodeManager	
CountHVTsInRange	method	Scripts/Game/GameMode/High Value Target/CRF_HighValueTarget_Game.c	771	771	1	CRF_HighValueTargetGamemodeManager	
CRF_InsDestructiveComponentClass	class	Scripts/Game/GameMode/Insurgency/CRF_InsDesctrucitveComponent.c	1	1	1		ScriptComponentClass
CRF_InsDestructiveComponent	class	Scripts/Game/GameMode/Insurgency/CRF_InsDesctrucitveComponent.c	2	246	245		ScriptComponent
OnPostInit	method	Scripts/Game/GameMode/Insurgency/CRF_InsDesctrucitveComponent.c	34	34	1	CRF_InsDestructiveComponent	
InitialActivationDeferred	method	Scripts/Game/GameMode/Insurgency/CRF_InsDesctrucitveComponent.c	73	73	1	CRF_InsDestructiveComponent	
OnDamageStateChanged	method	Scripts/Game/GameMode/Insurgency/CRF_InsDesctrucitveComponent.c	90	90	1	CRF_InsDestructiveComponent	
SetCacheActive	method	Scripts/Game/GameMode/Insurgency/CRF_InsDesctrucitveComponent.c	115	115	1	CRF_InsDestructiveComponent	
OnActiveStateReplicated	method	Scripts/Game/GameMode/Insurgency/CRF_InsDesctrucitveComponent.c	124	124	1	CRF_InsDestructiveComponent	
OnDestroyedStateReplicated	method	Scripts/Game/GameMode/Insurgency/CRF_InsDesctrucitveComponent.c	133	133	1	CRF_InsDestructiveComponent	
ApplyCacheVisibility	method	Scripts/Game/GameMode/Insurgency/CRF_InsDesctrucitveComponent.c	140	140	1	CRF_InsDestructiveComponent	
UpdateCacheMarker	method	Scripts/Game/GameMode/Insurgency/CRF_InsDesctrucitveComponent.c	162	162	1	CRF_InsDestructiveComponent	
IsCacheActive	method	Scripts/Game/GameMode/Insurgency/CRF_InsDesctrucitveComponent.c	204	204	1	CRF_InsDestructiveComponent	
GetCachePhase	method	Scripts/Game/GameMode/Insurgency/CRF_InsDesctrucitveComponent.c	210	210	1	CRF_InsDestructiveComponent	
OnDelete	method	Scripts/Game/GameMode/Insurgency/CRF_InsDesctrucitveComponent.c	216	216	1	CRF_InsDestructiveComponent	
IsCacheDestroyed	method	Scripts/Game/GameMode/Insurgency/CRF_InsDesctrucitveComponent.c	236	236	1	CRF_InsDestructiveComponent	
CRF_InsurgencyGamemodeManagerClass	class	Scripts/Game/GameMode/Insurgency/CRF_Insurgency_Game.c	2	2	1		SCR_BaseGameModeComponentClass
CRF_InsurgencyGamemodeManager	class	Scripts/Game/GameMode/Insurgency/CRF_Insurgency_Game.c	4	458	455		SCR_BaseGameModeComponent
CRF_InsurgencyGamemodeManager	method	Scripts/Game/GameMode/Insurgency/CRF_Insurgency_Game.c	47	47	1	CRF_InsurgencyGamemodeManager	
GetInstance	method	Scripts/Game/GameMode/Insurgency/CRF_Insurgency_Game.c	53	53	1	CRF_InsurgencyGamemodeManager	
GetBroadcastManager	method	Scripts/Game/GameMode/Insurgency/CRF_Insurgency_Game.c	60	60	1	CRF_InsurgencyGamemodeManager	
GetRespawnManager	method	Scripts/Game/GameMode/Insurgency/CRF_Insurgency_Game.c	67	67	1	CRF_InsurgencyGamemodeManager	
GetGamemodeManager	method	Scripts/Game/GameMode/Insurgency/CRF_Insurgency_Game.c	74	74	1	CRF_InsurgencyGamemodeManager	
OnPostInit	method	Scripts/Game/GameMode/Insurgency/CRF_Insurgency_Game.c	82	82	1	CRF_InsurgencyGamemodeManager	
RegisterCacheObjective	method	Scripts/Game/GameMode/Insurgency/CRF_Insurgency_Game.c	91	91	1	CRF_InsurgencyGamemodeManager	
OnCacheDestroyed	method	Scripts/Game/GameMode/Insurgency/CRF_Insurgency_Game.c	135	135	1	CRF_InsurgencyGamemodeManager	
CheckPhaseCompletion	method	Scripts/Game/GameMode/Insurgency/CRF_Insurgency_Game.c	189	189	1	CRF_InsurgencyGamemodeManager	
ActivateNextPhase	method	Scripts/Game/GameMode/Insurgency/CRF_Insurgency_Game.c	222	222	1	CRF_InsurgencyGamemodeManager	
UpdateZoneRevealTimer	method	Scripts/Game/GameMode/Insurgency/CRF_Insurgency_Game.c	286	286	1	CRF_InsurgencyGamemodeManager	
RespawnPlayersForZoneAdvance	method	Scripts/Game/GameMode/Insurgency/CRF_Insurgency_Game.c	313	313	1	CRF_InsurgencyGamemodeManager	
AreCurrentPhaseZonesRevealed	method	Scripts/Game/GameMode/Insurgency/CRF_Insurgency_Game.c	324	324	1	CRF_InsurgencyGamemodeManager	
GetTimeUntilZoneReveal	method	Scripts/Game/GameMode/Insurgency/CRF_Insurgency_Game.c	334	334	1	CRF_InsurgencyGamemodeManager	
GetSecondsUntilZoneReveal	method	Scripts/Game/GameMode/Insurgency/CRF_Insurgency_Game.c	350	350	1	CRF_InsurgencyGamemodeManager	
GetCurrentPhase	method	Scripts/Game/GameMode/Insurgency/CRF_Insurgency_Game.c	365	365	1	CRF_InsurgencyGamemodeManager	
GetActiveCacheCount	method	Scripts/Game/GameMode/Insurgency/CRF_Insurgency_Game.c	371	371	1	CRF_InsurgencyGamemodeManager	
GetActiveCacheCountForPhase	method	Scripts/Game/GameMode/Insurgency/CRF_Insurgency_Game.c	378	378	1	CRF_InsurgencyGamemodeManager	
GetDestroyedCacheCount	method	Scripts/Game/GameMode/Insurgency/CRF_Insurgency_Game.c	387	387	1	CRF_InsurgencyGamemodeManager	
GetDestroyedCacheCountForPhase	method	Scripts/Game/GameMode/Insurgency/CRF_Insurgency_Game.c	394	394	1	CRF_InsurgencyGamemodeManager	
GetTotalCacheCount	method	Scripts/Game/GameMode/Insurgency/CRF_Insurgency_Game.c	403	403	1	CRF_InsurgencyGamemodeManager	
GetTotalCacheCountForPhase	method	Scripts/Game/GameMode/Insurgency/CRF_Insurgency_Game.c	410	410	1	CRF_InsurgencyGamemodeManager	
GetActiveCaches	method	Scripts/Game/GameMode/Insurgency/CRF_Insurgency_Game.c	416	416	1	CRF_InsurgencyGamemodeManager	
GetActiveCachesForPhase	method	Scripts/Game/GameMode/Insurgency/CRF_Insurgency_Game.c	423	423	1	CRF_InsurgencyGamemodeManager	
GetDestroyedCaches	method	Scripts/Game/GameMode/Insurgency/CRF_Insurgency_Game.c	432	432	1	CRF_InsurgencyGamemodeManager	
GetOverallProgress	method	Scripts/Game/GameMode/Insurgency/CRF_Insurgency_Game.c	438	438	1	CRF_InsurgencyGamemodeManager	
GetPhaseProgress	method	Scripts/Game/GameMode/Insurgency/CRF_Insurgency_Game.c	449	449	1	CRF_InsurgencyGamemodeManager	
CRF_RaidGamemodeComponentClass	class	Scripts/Game/GameMode/Raid/CRF_RaidGamemodeComponent.c	1	3	3		SCR_BaseGameModeComponentClass
CRF_RaidGamemodeComponent	class	Scripts/Game/GameMode/Raid/CRF_RaidGamemodeComponent.c	5	211	207		SCR_BaseGameModeComponent
CRF_RaidGamemodeComponent	method	Scripts/Game/GameMode/Raid/CRF_RaidGamemodeComponent.c	37	37	1	CRF_RaidGamemodeComponent	
CRF_RaidGamemodeComponent	method	Scripts/Game/GameMode/Raid/CRF_RaidGamemodeComponent.c	42	42	1	CRF_RaidGamemodeComponent	
GetInstance	method	Scripts/Game/GameMode/Raid/CRF_RaidGamemodeComponent.c	52	52	1	CRF_RaidGamemodeComponent	
GetEnableMapMarkers	method	Scripts/Game/GameMode/Raid/CRF_RaidGamemodeComponent.c	57	57	1	CRF_RaidGamemodeComponent	
OnPostInit	method	Scripts/Game/GameMode/Raid/CRF_RaidGamemodeComponent.c	65	65	1	CRF_RaidGamemodeComponent	
EOnInit	method	Scripts/Game/GameMode/Raid/CRF_RaidGamemodeComponent.c	77	77	1	CRF_RaidGamemodeComponent	
RegisterRaidItem	method	Scripts/Game/GameMode/Raid/CRF_RaidGamemodeComponent.c	86	86	1	CRF_RaidGamemodeComponent	
FinalizeSupplyTotal	method	Scripts/Game/GameMode/Raid/CRF_RaidGamemodeComponent.c	98	98	1	CRF_RaidGamemodeComponent	
OnItemDestroyed	method	Scripts/Game/GameMode/Raid/CRF_RaidGamemodeComponent.c	114	114	1	CRF_RaidGamemodeComponent	
RpcDo_BroadcastMessage	method	Scripts/Game/GameMode/Raid/CRF_RaidGamemodeComponent.c	148	148	1	CRF_RaidGamemodeComponent	
RpcDo_ShowDestructionUpdate	method	Scripts/Game/GameMode/Raid/CRF_RaidGamemodeComponent.c	154	154	1	CRF_RaidGamemodeComponent	
FadeAlert	method	Scripts/Game/GameMode/Raid/CRF_RaidGamemodeComponent.c	193	193	1	CRF_RaidGamemodeComponent	
DeleteAlert	method	Scripts/Game/GameMode/Raid/CRF_RaidGamemodeComponent.c	203	203	1	CRF_RaidGamemodeComponent	
CRF_RaidItemComponentClass	class	Scripts/Game/GameMode/Raid/CRF_RaidItemComponent.c	1	3	3		ScriptComponentClass
CRF_RaidItemComponent	class	Scripts/Game/GameMode/Raid/CRF_RaidItemComponent.c	5	130	126		ScriptComponent
OnPostInit	method	Scripts/Game/GameMode/Raid/CRF_RaidItemComponent.c	21	21	1	CRF_RaidItemComponent	
EOnInit	method	Scripts/Game/GameMode/Raid/CRF_RaidItemComponent.c	27	27	1	CRF_RaidItemComponent	
OnDamageStateChanged	method	Scripts/Game/GameMode/Raid/CRF_RaidItemComponent.c	73	73	1	CRF_RaidItemComponent	
GivePoints	method	Scripts/Game/GameMode/Raid/CRF_RaidItemComponent.c	82	82	1	CRF_RaidItemComponent	
RemoveMarker	method	Scripts/Game/GameMode/Raid/CRF_RaidItemComponent.c	95	95	1	CRF_RaidItemComponent	
GetSupplyValue	method	Scripts/Game/GameMode/Raid/CRF_RaidItemComponent.c	103	103	1	CRF_RaidItemComponent	
CRF_RaidItemComponent	method	Scripts/Game/GameMode/Raid/CRF_RaidItemComponent.c	109	109	1	CRF_RaidItemComponent	
CRF_Rush_3DMarkerComponentClass	class	Scripts/Game/GameMode/Rush/CRF_Rush_3DMarkerComponent.c	7	10	4		ScriptComponentClass
CRF_Rush_3DMarkerComponent	class	Scripts/Game/GameMode/Rush/CRF_Rush_3DMarkerComponent.c	12	525	514		ScriptComponent
OnPostInit	method	Scripts/Game/GameMode/Rush/CRF_Rush_3DMarkerComponent.c	71	71	1	CRF_Rush_3DMarkerComponent	
InitializeMarkerUI	method	Scripts/Game/GameMode/Rush/CRF_Rush_3DMarkerComponent.c	96	96	1	CRF_Rush_3DMarkerComponent	
CreateMarkerWidget	method	Scripts/Game/GameMode/Rush/CRF_Rush_3DMarkerComponent.c	132	132	1	CRF_Rush_3DMarkerComponent	
EOnFrame	method	Scripts/Game/GameMode/Rush/CRF_Rush_3DMarkerComponent.c	194	194	1	CRF_Rush_3DMarkerComponent	
UpdateWorldPosition	method	Scripts/Game/GameMode/Rush/CRF_Rush_3DMarkerComponent.c	224	224	1	CRF_Rush_3DMarkerComponent	
UpdateFlashing	method	Scripts/Game/GameMode/Rush/CRF_Rush_3DMarkerComponent.c	263	263	1	CRF_Rush_3DMarkerComponent	
UpdateMarkerDisplay	method	Scripts/Game/GameMode/Rush/CRF_Rush_3DMarkerComponent.c	295	295	1	CRF_Rush_3DMarkerComponent	
SetMarkerColor	method	Scripts/Game/GameMode/Rush/CRF_Rush_3DMarkerComponent.c	343	343	1	CRF_Rush_3DMarkerComponent	
letter	method	Scripts/Game/GameMode/Rush/CRF_Rush_3DMarkerComponent.c	351	351	1	CRF_Rush_3DMarkerComponent	
SetMarkerLetter	method	Scripts/Game/GameMode/Rush/CRF_Rush_3DMarkerComponent.c	354	354	1	CRF_Rush_3DMarkerComponent	
SetVisible	method	Scripts/Game/GameMode/Rush/CRF_Rush_3DMarkerComponent.c	369	369	1	CRF_Rush_3DMarkerComponent	
IsVisible	method	Scripts/Game/GameMode/Rush/CRF_Rush_3DMarkerComponent.c	386	386	1	CRF_Rush_3DMarkerComponent	
StartFlashing	method	Scripts/Game/GameMode/Rush/CRF_Rush_3DMarkerComponent.c	395	395	1	CRF_Rush_3DMarkerComponent	
StopFlashing	method	Scripts/Game/GameMode/Rush/CRF_Rush_3DMarkerComponent.c	418	418	1	CRF_Rush_3DMarkerComponent	
IsFlashing	method	Scripts/Game/GameMode/Rush/CRF_Rush_3DMarkerComponent.c	435	435	1	CRF_Rush_3DMarkerComponent	
command	method	Scripts/Game/GameMode/Rush/CRF_Rush_3DMarkerComponent.c	441	441	1	CRF_Rush_3DMarkerComponent	
letter	method	Scripts/Game/GameMode/Rush/CRF_Rush_3DMarkerComponent.c	442	442	1	CRF_Rush_3DMarkerComponent	
InitializeMarkerFromServer	method	Scripts/Game/GameMode/Rush/CRF_Rush_3DMarkerComponent.c	446	446	1	CRF_Rush_3DMarkerComponent	
ApplyServerData	method	Scripts/Game/GameMode/Rush/CRF_Rush_3DMarkerComponent.c	469	469	1	CRF_Rush_3DMarkerComponent	
OnDelete	method	Scripts/Game/GameMode/Rush/CRF_Rush_3DMarkerComponent.c	502	502	1	CRF_Rush_3DMarkerComponent	
properly	method	Scripts/Game/GameMode/Rush/CRF_Rush_3DMarkerComponent.c	512	512	1	CRF_Rush_3DMarkerComponent	
CheckInitializationStatus	method	Scripts/Game/GameMode/Rush/CRF_Rush_3DMarkerComponent.c	514	514	1	CRF_Rush_3DMarkerComponent	
CRF_RushDefuseBombAction	class	Scripts/Game/GameMode/Rush/CRF_Rush_DefuseBombAction.c	6	212	207		ScriptedUserAction
Init	method	Scripts/Game/GameMode/Rush/CRF_Rush_DefuseBombAction.c	17	17	1	CRF_RushDefuseBombAction	
PerformAction	method	Scripts/Game/GameMode/Rush/CRF_Rush_DefuseBombAction.c	34	34	1	CRF_RushDefuseBombAction	
OnActionStart	method	Scripts/Game/GameMode/Rush/CRF_Rush_DefuseBombAction.c	60	60	1	CRF_RushDefuseBombAction	
OnActionCanceled	method	Scripts/Game/GameMode/Rush/CRF_Rush_DefuseBombAction.c	68	68	1	CRF_RushDefuseBombAction	
CanBeShownScript	method	Scripts/Game/GameMode/Rush/CRF_Rush_DefuseBombAction.c	81	81	1	CRF_RushDefuseBombAction	
CanBePerformedScript	method	Scripts/Game/GameMode/Rush/CRF_Rush_DefuseBombAction.c	135	135	1	CRF_RushDefuseBombAction	
GetMCOMIdentifier	method	Scripts/Game/GameMode/Rush/CRF_Rush_DefuseBombAction.c	157	157	1	CRF_RushDefuseBombAction	
HasLocalEffectOnlyScript	method	Scripts/Game/GameMode/Rush/CRF_Rush_DefuseBombAction.c	199	199	1	CRF_RushDefuseBombAction	
CanBroadcastScript	method	Scripts/Game/GameMode/Rush/CRF_Rush_DefuseBombAction.c	208	208	1	CRF_RushDefuseBombAction	
CRF_Rush_RespawnPointEntry	class	Scripts/Game/GameMode/Rush/CRF_Rush_Game.c	22	29	8		
CRF_Rush_ZoneRespawnConfig	class	Scripts/Game/GameMode/Rush/CRF_Rush_Game.c	36	43	8		
CRF_RushGamemodeManagerClass	class	Scripts/Game/GameMode/Rush/CRF_Rush_Game.c	46	49	4		SCR_BaseGameModeComponentClass
CRF_RushGamemodeManager	class	Scripts/Game/GameMode/Rush/CRF_Rush_Game.c	51	3529	3479		SCR_BaseGameModeComponent
OnWorldPostProcess	method	Scripts/Game/GameMode/Rush/CRF_Rush_Game.c	278	278	1	CRF_RushGamemodeManager	
EOnFrame	method	Scripts/Game/GameMode/Rush/CRF_Rush_Game.c	290	290	1	CRF_RushGamemodeManager	
OnPlayerConnected	method	Scripts/Game/GameMode/Rush/CRF_Rush_Game.c	305	305	1	CRF_RushGamemodeManager	
SetupMarkersForPlayer	method	Scripts/Game/GameMode/Rush/CRF_Rush_Game.c	318	318	1	CRF_RushGamemodeManager	
InitializeMCOMSites	method	Scripts/Game/GameMode/Rush/CRF_Rush_Game.c	352	352	1	CRF_RushGamemodeManager	
InitializeDynamicArrays	method	Scripts/Game/GameMode/Rush/CRF_Rush_Game.c	387	387	1	CRF_RushGamemodeManager	
number	method	Scripts/Game/GameMode/Rush/CRF_Rush_Game.c	419	419	1	CRF_RushGamemodeManager	
zone	method	Scripts/Game/GameMode/Rush/CRF_Rush_Game.c	420	420	1	CRF_RushGamemodeManager	
GetTriggerName	method	Scripts/Game/GameMode/Rush/CRF_Rush_Game.c	423	423	1	CRF_RushGamemodeManager	
number	method	Scripts/Game/GameMode/Rush/CRF_Rush_Game.c	444	444	1	CRF_RushGamemodeManager	
zone	method	Scripts/Game/GameMode/Rush/CRF_Rush_Game.c	445	445	1	CRF_RushGamemodeManager	
GetMCOMIdentifier	method	Scripts/Game/GameMode/Rush/CRF_Rush_Game.c	448	448	1	CRF_RushGamemodeManager	
InitializeLegacyMCOMs	method	Scripts/Game/GameMode/Rush/CRF_Rush_Game.c	470	470	1	CRF_RushGamemodeManager	
SpawnMCOMAtPosition	method	Scripts/Game/GameMode/Rush/CRF_Rush_Game.c	552	552	1	CRF_RushGamemodeManager	
InitializeMapMarkers	method	Scripts/Game/GameMode/Rush/CRF_Rush_Game.c	695	695	1	CRF_RushGamemodeManager	
Initialize3DMarkers	method	Scripts/Game/GameMode/Rush/CRF_Rush_Game.c	714	714	1	CRF_RushGamemodeManager	
InitializeAllMCOMMarkers	method	Scripts/Game/GameMode/Rush/CRF_Rush_Game.c	731	731	1	CRF_RushGamemodeManager	
GetMarkerPosition	method	Scripts/Game/GameMode/Rush/CRF_Rush_Game.c	758	758	1	CRF_RushGamemodeManager	
locally	method	Scripts/Game/GameMode/Rush/CRF_Rush_Game.c	779	779	1	CRF_RushGamemodeManager	
InitializeMCOMMarkerLocal	method	Scripts/Game/GameMode/Rush/CRF_Rush_Game.c	782	782	1	CRF_RushGamemodeManager	
InitializeAllMCOMMarkersForPlayer	method	Scripts/Game/GameMode/Rush/CRF_Rush_Game.c	806	806	1	CRF_RushGamemodeManager	
letter	method	Scripts/Game/GameMode/Rush/CRF_Rush_Game.c	821	821	1	CRF_RushGamemodeManager	
InitializeMCOMMarker	method	Scripts/Game/GameMode/Rush/CRF_Rush_Game.c	824	824	1	CRF_RushGamemodeManager	
letter	method	Scripts/Game/GameMode/Rush/CRF_Rush_Game.c	840	840	1	CRF_RushGamemodeManager	
InitializeMCOMMarkerForPlayer	method	Scripts/Game/GameMode/Rush/CRF_Rush_Game.c	844	844	1	CRF_RushGamemodeManager	
ShouldMarkerBeVisible	method	Scripts/Game/GameMode/Rush/CRF_Rush_Game.c	860	860	1	CRF_RushGamemodeManager	
AddAllMCOMMarkers	method	Scripts/Game/GameMode/Rush/CRF_Rush_Game.c	888	888	1	CRF_RushGamemodeManager	
identifier	method	Scripts/Game/GameMode/Rush/CRF_Rush_Game.c	954	954	1	CRF_RushGamemodeManager	
marker	method	Scripts/Game/GameMode/Rush/CRF_Rush_Game.c	955	955	1	CRF_RushGamemodeManager	
GetMarkerLetterFromIdentifier	method	Scripts/Game/GameMode/Rush/CRF_Rush_Game.c	957	957	1	CRF_RushGamemodeManager	
letter	method	Scripts/Game/GameMode/Rush/CRF_Rush_Game.c	988	988	1	CRF_RushGamemodeManager	
GetMarkerIconPath	method	Scripts/Game/GameMode/Rush/CRF_Rush_Game.c	991	991	1	CRF_RushGamemodeManager	
UpdateAllMCOMMarkers	method	Scripts/Game/GameMode/Rush/CRF_Rush_Game.c	1010	1010	1	CRF_RushGamemodeManager	
UpdateActiveZoneMarkers	method	Scripts/Game/GameMode/Rush/CRF_Rush_Game.c	1029	1029	1	CRF_RushGamemodeManager	
RemoveAllMCOMMarkers	method	Scripts/Game/GameMode/Rush/CRF_Rush_Game.c	1082	1082	1	CRF_RushGamemodeManager	
ForceMarkerUpdate	method	Scripts/Game/GameMode/Rush/CRF_Rush_Game.c	1097	1097	1	CRF_RushGamemodeManager	
RefreshMapMarkers	method	Scripts/Game/GameMode/Rush/CRF_Rush_Game.c	1110	1110	1	CRF_RushGamemodeManager	
Update3DMarkerColors	method	Scripts/Game/GameMode/Rush/CRF_Rush_Game.c	1135	1135	1	CRF_RushGamemodeManager	
Update3DMarkerColorsLocal	method	Scripts/Game/GameMode/Rush/CRF_Rush_Game.c	1163	1163	1	CRF_RushGamemodeManager	
HideAll3DMarkers	method	Scripts/Game/GameMode/Rush/CRF_Rush_Game.c	1239	1239	1	CRF_RushGamemodeManager	
number	method	Scripts/Game/GameMode/Rush/CRF_Rush_Game.c	1302	1302	1	CRF_RushGamemodeManager	
Update3DMarkerForMCOM	method	Scripts/Game/GameMode/Rush/CRF_Rush_Game.c	1305	1305	1	CRF_RushGamemodeManager	
UpdateLegacyMarkerWithColor	method	Scripts/Game/GameMode/Rush/CRF_Rush_Game.c	1325	1325	1	CRF_RushGamemodeManager	
ToggleMCOMPlanted	method	Scripts/Game/GameMode/Rush/CRF_Rush_Game.c	1361	1361	1	CRF_RushGamemodeManager	
SetMCOMPlantedStatus	method	Scripts/Game/GameMode/Rush/CRF_Rush_Game.c	1449	1449	1	CRF_RushGamemodeManager	
GetMCOMPlantedStatus	method	Scripts/Game/GameMode/Rush/CRF_Rush_Game.c	1485	1485	1	CRF_RushGamemodeManager	
CountdownTimer	method	Scripts/Game/GameMode/Rush/CRF_Rush_Game.c	1519	1519	1	CRF_RushGamemodeManager	
MCOMDestroyed	method	Scripts/Game/GameMode/Rush/CRF_Rush_Game.c	1552	1552	1	CRF_RushGamemodeManager	
OnMCOMDestroyedReplicated	method	Scripts/Game/GameMode/Rush/CRF_Rush_Game.c	1650	1650	1	CRF_RushGamemodeManager	
ProcessClientMCOMDeletion	method	Scripts/Game/GameMode/Rush/CRF_Rush_Game.c	1670	1670	1	CRF_RushGamemodeManager	
DeleteMCOMChildren	method	Scripts/Game/GameMode/Rush/CRF_Rush_Game.c	1719	1719	1	CRF_RushGamemodeManager	
DeleteMCOMEntityServer	method	Scripts/Game/GameMode/Rush/CRF_Rush_Game.c	1738	1738	1	CRF_RushGamemodeManager	
DeleteMCOMEntityFinal	method	Scripts/Game/GameMode/Rush/CRF_Rush_Game.c	1785	1785	1	CRF_RushGamemodeManager	
SetMCOMDestroyedStatus	method	Scripts/Game/GameMode/Rush/CRF_Rush_Game.c	1807	1807	1	CRF_RushGamemodeManager	
SetMCOMDestroyedStatusFromRPC	method	Scripts/Game/GameMode/Rush/CRF_Rush_Game.c	1852	1852	1	CRF_RushGamemodeManager	
identifier	method	Scripts/Game/GameMode/Rush/CRF_Rush_Game.c	1860	1860	1	CRF_RushGamemodeManager	
index	method	Scripts/Game/GameMode/Rush/CRF_Rush_Game.c	1861	1861	1	CRF_RushGamemodeManager	
index	method	Scripts/Game/GameMode/Rush/CRF_Rush_Game.c	1862	1862	1	CRF_RushGamemodeManager	
ParseMCOMIdentifier	method	Scripts/Game/GameMode/Rush/CRF_Rush_Game.c	1865	1865	1	CRF_RushGamemodeManager	
cleared	method	Scripts/Game/GameMode/Rush/CRF_Rush_Game.c	1914	1914	1	CRF_RushGamemodeManager	
number	method	Scripts/Game/GameMode/Rush/CRF_Rush_Game.c	1915	1915	1	CRF_RushGamemodeManager	
CheckZoneCleared	method	Scripts/Game/GameMode/Rush/CRF_Rush_Game.c	1917	1917	1	CRF_RushGamemodeManager	
cleared	method	Scripts/Game/GameMode/Rush/CRF_Rush_Game.c	1959	1959	1	CRF_RushGamemodeManager	
number	method	Scripts/Game/GameMode/Rush/CRF_Rush_Game.c	1960	1960	1	CRF_RushGamemodeManager	
IsZoneCleared	method	Scripts/Game/GameMode/Rush/CRF_Rush_Game.c	1963	1963	1	CRF_RushGamemodeManager	
UpdateZoneStatus	method	Scripts/Game/GameMode/Rush/CRF_Rush_Game.c	2017	2017	1	CRF_RushGamemodeManager	
RespawnPlayersForZoneAdvance	method	Scripts/Game/GameMode/Rush/CRF_Rush_Game.c	2036	2036	1	CRF_RushGamemodeManager	
MCOMDestroyedClient	method	Scripts/Game/GameMode/Rush/CRF_Rush_Game.c	2057	2057	1	CRF_RushGamemodeManager	
CreateExplosionEffectsAtPosition	method	Scripts/Game/GameMode/Rush/CRF_Rush_Game.c	2090	2090	1	CRF_RushGamemodeManager	
ShowMessage	method	Scripts/Game/GameMode/Rush/CRF_Rush_Game.c	2113	2113	1	CRF_RushGamemodeManager	
PlaySound	method	Scripts/Game/GameMode/Rush/CRF_Rush_Game.c	2146	2146	1	CRF_RushGamemodeManager	
Update3DMarkersFromReplication	method	Scripts/Game/GameMode/Rush/CRF_Rush_Game.c	2159	2159	1	CRF_RushGamemodeManager	
data	method	Scripts/Game/GameMode/Rush/CRF_Rush_Game.c	2175	2175	1	CRF_RushGamemodeManager	
InitializeMarkersFromReplicatedData	method	Scripts/Game/GameMode/Rush/CRF_Rush_Game.c	2177	2177	1	CRF_RushGamemodeManager	
NotifyPlayerMarkerComponents	method	Scripts/Game/GameMode/Rush/CRF_Rush_Game.c	2215	2215	1	CRF_RushGamemodeManager	
GetMCOMEntity	method	Scripts/Game/GameMode/Rush/CRF_Rush_Game.c	2234	2234	1	CRF_RushGamemodeManager	
GetMCOMEntityName	method	Scripts/Game/GameMode/Rush/CRF_Rush_Game.c	2362	2362	1	CRF_RushGamemodeManager	
GetMCOMEntityID	method	Scripts/Game/GameMode/Rush/CRF_Rush_Game.c	2400	2400	1	CRF_RushGamemodeManager	
number	method	Scripts/Game/GameMode/Rush/CRF_Rush_Game.c	2411	2411	1	CRF_RushGamemodeManager	
GetZoneNumber	method	Scripts/Game/GameMode/Rush/CRF_Rush_Game.c	2413	2413	1	CRF_RushGamemodeManager	
GetZoneDisplayName	method	Scripts/Game/GameMode/Rush/CRF_Rush_Game.c	2461	2461	1	CRF_RushGamemodeManager	
site	method	Scripts/Game/GameMode/Rush/CRF_Rush_Game.c	2468	2468	1	CRF_RushGamemodeManager	
name	method	Scripts/Game/GameMode/Rush/CRF_Rush_Game.c	2470	2470	1	CRF_RushGamemodeManager	
GetSiteDisplayName	method	Scripts/Game/GameMode/Rush/CRF_Rush_Game.c	2472	2472	1	CRF_RushGamemodeManager	
GetTriggerName	method	Scripts/Game/GameMode/Rush/CRF_Rush_Game.c	2507	2507	1	CRF_RushGamemodeManager	
IsMCOMInActiveZone	method	Scripts/Game/GameMode/Rush/CRF_Rush_Game.c	2538	2538	1	CRF_RushGamemodeManager	
GetActiveMCOMIdentifiers	method	Scripts/Game/GameMode/Rush/CRF_Rush_Game.c	2548	2548	1	CRF_RushGamemodeManager	
MCOM	method	Scripts/Game/GameMode/Rush/CRF_Rush_Game.c	2588	2588	1	CRF_RushGamemodeManager	
StartBombTickingSound	method	Scripts/Game/GameMode/Rush/CRF_Rush_Game.c	2590	2590	1	CRF_RushGamemodeManager	
sound	method	Scripts/Game/GameMode/Rush/CRF_Rush_Game.c	2625	2625	1	CRF_RushGamemodeManager	
StopBombTickingSound	method	Scripts/Game/GameMode/Rush/CRF_Rush_Game.c	2627	2627	1	CRF_RushGamemodeManager	
MCOM	method	Scripts/Game/GameMode/Rush/CRF_Rush_Game.c	2661	2661	1	CRF_RushGamemodeManager	
PlayPlantingSound	method	Scripts/Game/GameMode/Rush/CRF_Rush_Game.c	2663	2663	1	CRF_RushGamemodeManager	
effect	method	Scripts/Game/GameMode/Rush/CRF_Rush_Game.c	2696	2696	1	CRF_RushGamemodeManager	
StopPlantingSound	method	Scripts/Game/GameMode/Rush/CRF_Rush_Game.c	2698	2698	1	CRF_RushGamemodeManager	
planted	method	Scripts/Game/GameMode/Rush/CRF_Rush_Game.c	2733	2733	1	CRF_RushGamemodeManager	
GetPlantingMCOMEntity	method	Scripts/Game/GameMode/Rush/CRF_Rush_Game.c	2735	2735	1	CRF_RushGamemodeManager	
GetMCOMIdentifierFromEntity	method	Scripts/Game/GameMode/Rush/CRF_Rush_Game.c	2768	2768	1	CRF_RushGamemodeManager	
planted	method	Scripts/Game/GameMode/Rush/CRF_Rush_Game.c	2803	2803	1	CRF_RushGamemodeManager	
SetPlantingMCOM	method	Scripts/Game/GameMode/Rush/CRF_Rush_Game.c	2805	2805	1	CRF_RushGamemodeManager	
StopPlantingSoundClient	method	Scripts/Game/GameMode/Rush/CRF_Rush_Game.c	2814	2814	1	CRF_RushGamemodeManager	
MCOM	method	Scripts/Game/GameMode/Rush/CRF_Rush_Game.c	2821	2821	1	CRF_RushGamemodeManager	
PlayDefuseSound	method	Scripts/Game/GameMode/Rush/CRF_Rush_Game.c	2823	2823	1	CRF_RushGamemodeManager	
effect	method	Scripts/Game/GameMode/Rush/CRF_Rush_Game.c	2857	2857	1	CRF_RushGamemodeManager	
StopDefuseSound	method	Scripts/Game/GameMode/Rush/CRF_Rush_Game.c	2859	2859	1	CRF_RushGamemodeManager	
PlayDefuseSoundClient	method	Scripts/Game/GameMode/Rush/CRF_Rush_Game.c	2892	2892	1	CRF_RushGamemodeManager	
StopDefuseSoundClient	method	Scripts/Game/GameMode/Rush/CRF_Rush_Game.c	2901	2901	1	CRF_RushGamemodeManager	
playing	method	Scripts/Game/GameMode/Rush/CRF_Rush_Game.c	2913	2913	1	CRF_RushGamemodeManager	
PlayBombSoundClient	method	Scripts/Game/GameMode/Rush/CRF_Rush_Game.c	2916	2916	1	CRF_RushGamemodeManager	
PlayPlantingSoundClient	method	Scripts/Game/GameMode/Rush/CRF_Rush_Game.c	2924	2924	1	CRF_RushGamemodeManager	
stopping	method	Scripts/Game/GameMode/Rush/CRF_Rush_Game.c	2930	2930	1	CRF_RushGamemodeManager	
StopBombSoundClient	method	Scripts/Game/GameMode/Rush/CRF_Rush_Game.c	2932	2932	1	CRF_RushGamemodeManager	
StartFlashingMarker	method	Scripts/Game/GameMode/Rush/CRF_Rush_Game.c	2951	2951	1	CRF_RushGamemodeManager	
StopFlashingMarker	method	Scripts/Game/GameMode/Rush/CRF_Rush_Game.c	2968	2968	1	CRF_RushGamemodeManager	
UpdatePlantedMapMarker	method	Scripts/Game/GameMode/Rush/CRF_Rush_Game.c	2986	2986	1	CRF_RushGamemodeManager	
RpcDo_StartFlashing3DMarker	method	Scripts/Game/GameMode/Rush/CRF_Rush_Game.c	3042	3042	1	CRF_RushGamemodeManager	
RpcDo_StopFlashing3DMarker	method	Scripts/Game/GameMode/Rush/CRF_Rush_Game.c	3052	3052	1	CRF_RushGamemodeManager	
RpcDo_Update3DMarkerColors	method	Scripts/Game/GameMode/Rush/CRF_Rush_Game.c	3062	3062	1	CRF_RushGamemodeManager	
RpcDo_Initialize3DMarker	method	Scripts/Game/GameMode/Rush/CRF_Rush_Game.c	3076	3076	1	CRF_RushGamemodeManager	
RpcDo_Initialize3DMarkerForPlayer	method	Scripts/Game/GameMode/Rush/CRF_Rush_Game.c	3088	3088	1	CRF_RushGamemodeManager	
StartFlashing3DMarkerLocal	method	Scripts/Game/GameMode/Rush/CRF_Rush_Game.c	3099	3099	1	CRF_RushGamemodeManager	
StopFlashing3DMarkerLocal	method	Scripts/Game/GameMode/Rush/CRF_Rush_Game.c	3118	3118	1	CRF_RushGamemodeManager	
Initialize3DMarkerLocal	method	Scripts/Game/GameMode/Rush/CRF_Rush_Game.c	3136	3136	1	CRF_RushGamemodeManager	
GetAttackingSide	method	Scripts/Game/GameMode/Rush/CRF_Rush_Game.c	3154	3154	1	CRF_RushGamemodeManager	
GetDefendingSide	method	Scripts/Game/GameMode/Rush/CRF_Rush_Game.c	3160	3160	1	CRF_RushGamemodeManager	
zone	method	Scripts/Game/GameMode/Rush/CRF_Rush_Game.c	3164	3164	1	CRF_RushGamemodeManager	
GetCurrentZone	method	Scripts/Game/GameMode/Rush/CRF_Rush_Game.c	3166	3166	1	CRF_RushGamemodeManager	
IsCountdownActive	method	Scripts/Game/GameMode/Rush/CRF_Rush_Game.c	3172	3172	1	CRF_RushGamemodeManager	
GetCountdownTimeRemaining	method	Scripts/Game/GameMode/Rush/CRF_Rush_Game.c	3178	3178	1	CRF_RushGamemodeManager	
MCOM	method	Scripts/Game/GameMode/Rush/CRF_Rush_Game.c	3181	3181	1	CRF_RushGamemodeManager	
0	method	Scripts/Game/GameMode/Rush/CRF_Rush_Game.c	3183	3183	1	CRF_RushGamemodeManager	
GetMCOMSavedTime	method	Scripts/Game/GameMode/Rush/CRF_Rush_Game.c	3185	3185	1	CRF_RushGamemodeManager	
resource	method	Scripts/Game/GameMode/Rush/CRF_Rush_Game.c	3191	3191	1	CRF_RushGamemodeManager	
GetPlantingSoundEffect	method	Scripts/Game/GameMode/Rush/CRF_Rush_Game.c	3194	3194	1	CRF_RushGamemodeManager	
resource	method	Scripts/Game/GameMode/Rush/CRF_Rush_Game.c	3197	3197	1	CRF_RushGamemodeManager	
GetBombSoundEffect	method	Scripts/Game/GameMode/Rush/CRF_Rush_Game.c	3200	3200	1	CRF_RushGamemodeManager	
GetZone1AlphaPosition	method	Scripts/Game/GameMode/Rush/CRF_Rush_Game.c	3210	3210	1	CRF_RushGamemodeManager	
GetZone1BetaPosition	method	Scripts/Game/GameMode/Rush/CRF_Rush_Game.c	3216	3216	1	CRF_RushGamemodeManager	
GetZone2AlphaPosition	method	Scripts/Game/GameMode/Rush/CRF_Rush_Game.c	3222	3222	1	CRF_RushGamemodeManager	
GetZone2BetaPosition	method	Scripts/Game/GameMode/Rush/CRF_Rush_Game.c	3228	3228	1	CRF_RushGamemodeManager	
GetZone3AlphaPosition	method	Scripts/Game/GameMode/Rush/CRF_Rush_Game.c	3234	3234	1	CRF_RushGamemodeManager	
GetZone3BetaPosition	method	Scripts/Game/GameMode/Rush/CRF_Rush_Game.c	3240	3240	1	CRF_RushGamemodeManager	
AreMarkersVisible	method	Scripts/Game/GameMode/Rush/CRF_Rush_Game.c	3246	3246	1	CRF_RushGamemodeManager	
deletion	method	Scripts/Game/GameMode/Rush/CRF_Rush_Game.c	3253	3253	1	CRF_RushGamemodeManager	
CleanupMCOMReference	method	Scripts/Game/GameMode/Rush/CRF_Rush_Game.c	3256	3256	1	CRF_RushGamemodeManager	
zones	method	Scripts/Game/GameMode/Rush/CRF_Rush_Game.c	3346	3346	1	CRF_RushGamemodeManager	
GetNumberOfZones	method	Scripts/Game/GameMode/Rush/CRF_Rush_Game.c	3348	3348	1	CRF_RushGamemodeManager	
zone	method	Scripts/Game/GameMode/Rush/CRF_Rush_Game.c	3352	3352	1	CRF_RushGamemodeManager	
GetMCOMsPerZone	method	Scripts/Game/GameMode/Rush/CRF_Rush_Game.c	3354	3354	1	CRF_RushGamemodeManager	
GetTotalMCOMCount	method	Scripts/Game/GameMode/Rush/CRF_Rush_Game.c	3360	3360	1	CRF_RushGamemodeManager	
check	method	Scripts/Game/GameMode/Rush/CRF_Rush_Game.c	3364	3364	1	CRF_RushGamemodeManager	
IsZoneValid	method	Scripts/Game/GameMode/Rush/CRF_Rush_Game.c	3367	3367	1	CRF_RushGamemodeManager	
check	method	Scripts/Game/GameMode/Rush/CRF_Rush_Game.c	3371	3371	1	CRF_RushGamemodeManager	
IsMCOMIndexValid	method	Scripts/Game/GameMode/Rush/CRF_Rush_Game.c	3374	3374	1	CRF_RushGamemodeManager	
number	method	Scripts/Game/GameMode/Rush/CRF_Rush_Game.c	3378	3378	1	CRF_RushGamemodeManager	
index	method	Scripts/Game/GameMode/Rush/CRF_Rush_Game.c	3379	3379	1	CRF_RushGamemodeManager	
GetMCOMDestroyedStatus	method	Scripts/Game/GameMode/Rush/CRF_Rush_Game.c	3382	3382	1	CRF_RushGamemodeManager	
number	method	Scripts/Game/GameMode/Rush/CRF_Rush_Game.c	3392	3392	1	CRF_RushGamemodeManager	
index	method	Scripts/Game/GameMode/Rush/CRF_Rush_Game.c	3393	3393	1	CRF_RushGamemodeManager	
GetMCOMPlantedStatus	method	Scripts/Game/GameMode/Rush/CRF_Rush_Game.c	3396	3396	1	CRF_RushGamemodeManager	
EnableZoneRespawnPoints	method	Scripts/Game/GameMode/Rush/CRF_Rush_Game.c	3407	3407	1	CRF_RushGamemodeManager	
EnableCurrentZoneRespawns	method	Scripts/Game/GameMode/Rush/CRF_Rush_Game.c	3446	3446	1	CRF_RushGamemodeManager	
number	method	Scripts/Game/GameMode/Rush/CRF_Rush_Game.c	3518	3518	1	CRF_RushGamemodeManager	
index	method	Scripts/Game/GameMode/Rush/CRF_Rush_Game.c	3519	3519	1	CRF_RushGamemodeManager	
GetMCOMEntityByIndex	method	Scripts/Game/GameMode/Rush/CRF_Rush_Game.c	3522	3522	1	CRF_RushGamemodeManager	
CRF_RushPlantBombAction	class	Scripts/Game/GameMode/Rush/CRF_Rush_PlantBombAction.c	6	271	266		ScriptedUserAction
Init	method	Scripts/Game/GameMode/Rush/CRF_Rush_PlantBombAction.c	16	16	1	CRF_RushPlantBombAction	
PerformAction	method	Scripts/Game/GameMode/Rush/CRF_Rush_PlantBombAction.c	32	32	1	CRF_RushPlantBombAction	
OnActionStart	method	Scripts/Game/GameMode/Rush/CRF_Rush_PlantBombAction.c	61	61	1	CRF_RushPlantBombAction	
OnActionCanceled	method	Scripts/Game/GameMode/Rush/CRF_Rush_PlantBombAction.c	81	81	1	CRF_RushPlantBombAction	
CanBeShownScript	method	Scripts/Game/GameMode/Rush/CRF_Rush_PlantBombAction.c	100	100	1	CRF_RushPlantBombAction	
CanBePerformedScript	method	Scripts/Game/GameMode/Rush/CRF_Rush_PlantBombAction.c	176	176	1	CRF_RushPlantBombAction	
GetMCOMIdentifier	method	Scripts/Game/GameMode/Rush/CRF_Rush_PlantBombAction.c	216	216	1	CRF_RushPlantBombAction	
HasLocalEffectOnlyScript	method	Scripts/Game/GameMode/Rush/CRF_Rush_PlantBombAction.c	258	258	1	CRF_RushPlantBombAction	
CanBroadcastScript	method	Scripts/Game/GameMode/Rush/CRF_Rush_PlantBombAction.c	267	267	1	CRF_RushPlantBombAction	
CRF_DefuseBombAction	class	Scripts/Game/GameMode/Search And Destroy/CRF_S&D_DefuseBombAction.c	2	65	64		ScriptedUserAction
Init	method	Scripts/Game/GameMode/Search And Destroy/CRF_S&D_DefuseBombAction.c	9	9	1	CRF_DefuseBombAction	
PerformAction	method	Scripts/Game/GameMode/Search And Destroy/CRF_S&D_DefuseBombAction.c	18	18	1	CRF_DefuseBombAction	
CanBeShownScript	method	Scripts/Game/GameMode/Search And Destroy/CRF_S&D_DefuseBombAction.c	40	40	1	CRF_DefuseBombAction	
HasLocalEffectOnlyScript	method	Scripts/Game/GameMode/Search And Destroy/CRF_S&D_DefuseBombAction.c	55	55	1	CRF_DefuseBombAction	
CanBroadcastScript	method	Scripts/Game/GameMode/Search And Destroy/CRF_S&D_DefuseBombAction.c	61	61	1	CRF_DefuseBombAction	
CRF_SearchAndDestroyDisplay	class	Scripts/Game/GameMode/Search And Destroy/CRF_S&D_Display.c	1	77	77		SCR_InfoDisplayExtended
DisplayUpdate	method	Scripts/Game/GameMode/Search And Destroy/CRF_S&D_Display.c	18	18	1	CRF_SearchAndDestroyDisplay	
CRF_SearchAndDestroyGamemodeManagerClass	class	Scripts/Game/GameMode/Search And Destroy/CRF_S&D_Game.c	2	5	4		SCR_BaseGameModeComponentClass
CRF_SearchAndDestroyGamemodeManager	class	Scripts/Game/GameMode/Search And Destroy/CRF_S&D_Game.c	7	297	291		SCR_BaseGameModeComponent
OnWorldPostProcess	method	Scripts/Game/GameMode/Search And Destroy/CRF_S&D_Game.c	57	57	1	CRF_SearchAndDestroyGamemodeManager	
OnPostInit	method	Scripts/Game/GameMode/Search And Destroy/CRF_S&D_Game.c	65	65	1	CRF_SearchAndDestroyGamemodeManager	
EOnFixedFrame	method	Scripts/Game/GameMode/Search And Destroy/CRF_S&D_Game.c	72	72	1	CRF_SearchAndDestroyGamemodeManager	
InitBombSites	method	Scripts/Game/GameMode/Search And Destroy/CRF_S&D_Game.c	86	86	1	CRF_SearchAndDestroyGamemodeManager	
CheckAddMarkers	method	Scripts/Game/GameMode/Search And Destroy/CRF_S&D_Game.c	111	111	1	CRF_SearchAndDestroyGamemodeManager	
StartCountdown	method	Scripts/Game/GameMode/Search And Destroy/CRF_S&D_Game.c	125	125	1	CRF_SearchAndDestroyGamemodeManager	
SiteDestroyed	method	Scripts/Game/GameMode/Search And Destroy/CRF_S&D_Game.c	169	169	1	CRF_SearchAndDestroyGamemodeManager	
ToggleBombPlanted	method	Scripts/Game/GameMode/Search And Destroy/CRF_S&D_Game.c	196	196	1	CRF_SearchAndDestroyGamemodeManager	
SiteDestroyedClient	method	Scripts/Game/GameMode/Search And Destroy/CRF_S&D_Game.c	228	228	1	CRF_SearchAndDestroyGamemodeManager	
DelayExplosionToSyncSound	method	Scripts/Game/GameMode/Search And Destroy/CRF_S&D_Game.c	255	255	1	CRF_SearchAndDestroyGamemodeManager	
ShowMessage	method	Scripts/Game/GameMode/Search And Destroy/CRF_S&D_Game.c	266	266	1	CRF_SearchAndDestroyGamemodeManager	
PlaySound	method	Scripts/Game/GameMode/Search And Destroy/CRF_S&D_Game.c	293	293	1	CRF_SearchAndDestroyGamemodeManager	
CRF_PlantBombAction	class	Scripts/Game/GameMode/Search And Destroy/CRF_S&D_PlantBombAction.c	2	74	73		ScriptedUserAction
Init	method	Scripts/Game/GameMode/Search And Destroy/CRF_S&D_PlantBombAction.c	8	8	1	CRF_PlantBombAction	
PerformAction	method	Scripts/Game/GameMode/Search And Destroy/CRF_S&D_PlantBombAction.c	17	17	1	CRF_PlantBombAction	
CanBeShownScript	method	Scripts/Game/GameMode/Search And Destroy/CRF_S&D_PlantBombAction.c	39	39	1	CRF_PlantBombAction	
CanBePerformedScript	method	Scripts/Game/GameMode/Search And Destroy/CRF_S&D_PlantBombAction.c	54	54	1	CRF_PlantBombAction	
HasLocalEffectOnlyScript	method	Scripts/Game/GameMode/Search And Destroy/CRF_S&D_PlantBombAction.c	64	64	1	CRF_PlantBombAction	
CanBroadcastScript	method	Scripts/Game/GameMode/Search And Destroy/CRF_S&D_PlantBombAction.c	70	70	1	CRF_PlantBombAction	
CRF_SpawnCountDownClass	class	Scripts/Game/GameMode/Specials/CRF_SpawnCountdown.c	1	3	3		SCR_BaseGameModeComponentClass
CRF_SpawnCountDown	class	Scripts/Game/GameMode/Specials/CRF_SpawnCountdown.c	5	103	99		SCR_BaseGameModeComponent
OnPostInit	method	Scripts/Game/GameMode/Specials/CRF_SpawnCountdown.c	14	14	1	CRF_SpawnCountDown	
EOnFrame	method	Scripts/Game/GameMode/Specials/CRF_SpawnCountdown.c	20	20	1	CRF_SpawnCountDown	
CheckIfGamemodeStarted	method	Scripts/Game/GameMode/Specials/CRF_SpawnCountdown.c	33	33	1	CRF_SpawnCountDown	
CheckGameStartUI	method	Scripts/Game/GameMode/Specials/CRF_SpawnCountdown.c	55	55	1	CRF_SpawnCountDown	
CRF_GunGameClass	class	Scripts/Game/GameMode/Specials/GunGame/CRF_GunGame.c	1	4	4		SCR_BaseGameModeComponentClass
CRF_GunGameContainer	class	Scripts/Game/GameMode/Specials/GunGame/CRF_GunGame.c	7	13	7		
GunGameMedalContainer	class	Scripts/Game/GameMode/Specials/GunGame/CRF_GunGame.c	15	19	5		
CRF_GunGamePlayerStats	class	Scripts/Game/GameMode/Specials/GunGame/CRF_GunGame.c	23	37	15		
CRF_GunGamePlayerStats	method	Scripts/Game/GameMode/Specials/GunGame/CRF_GunGame.c	30	30	1	CRF_GunGamePlayerStats	
CRF_GungameStart	class	Scripts/Game/GameMode/Specials/GunGame/CRF_GunGame.c	39	41	3		ChimeraMenuBase
CRF_GunGameEnd	class	Scripts/Game/GameMode/Specials/GunGame/CRF_GunGame.c	43	73	31		ChimeraMenuBase
OnMenuOpen	method	Scripts/Game/GameMode/Specials/GunGame/CRF_GunGame.c	45	45	1	CRF_GunGameEnd	
OnMenuUpdate	method	Scripts/Game/GameMode/Specials/GunGame/CRF_GunGame.c	51	51	1	CRF_GunGameEnd	
Action_Exit	method	Scripts/Game/GameMode/Specials/GunGame/CRF_GunGame.c	62	62	1	CRF_GunGameEnd	
OpenPauseMenuWrap	method	Scripts/Game/GameMode/Specials/GunGame/CRF_GunGame.c	69	69	1	CRF_GunGameEnd	
CRF_GunGame	class	Scripts/Game/GameMode/Specials/GunGame/CRF_GunGame.c	75	1138	1064		SCR_BaseGameModeComponent
UpdatePlayerStatsClient	method	Scripts/Game/GameMode/Specials/GunGame/CRF_GunGame.c	143	143	1	CRF_GunGame	
GetOrCreatePlayerStats	method	Scripts/Game/GameMode/Specials/GunGame/CRF_GunGame.c	162	162	1	CRF_GunGame	
GetPlayerLevel	method	Scripts/Game/GameMode/Specials/GunGame/CRF_GunGame.c	175	175	1	CRF_GunGame	
GetPlayerKills	method	Scripts/Game/GameMode/Specials/GunGame/CRF_GunGame.c	185	185	1	CRF_GunGame	
GetPlayerKillsThisLevel	method	Scripts/Game/GameMode/Specials/GunGame/CRF_GunGame.c	195	195	1	CRF_GunGame	
UpdatePlayerStats	method	Scripts/Game/GameMode/Specials/GunGame/CRF_GunGame.c	205	205	1	CRF_GunGame	
CRF_GunGame	method	Scripts/Game/GameMode/Specials/GunGame/CRF_GunGame.c	221	221	1	CRF_GunGame	
OnPostInit	method	Scripts/Game/GameMode/Specials/GunGame/CRF_GunGame.c	236	236	1	CRF_GunGame	
EOnInit	method	Scripts/Game/GameMode/Specials/GunGame/CRF_GunGame.c	247	247	1	CRF_GunGame	
GetSpawnPoint	method	Scripts/Game/GameMode/Specials/GunGame/CRF_GunGame.c	254	254	1	CRF_GunGame	
RemoveSpawnFromBuffer	method	Scripts/Game/GameMode/Specials/GunGame/CRF_GunGame.c	286	286	1	CRF_GunGame	
SpawnPointCallBack	method	Scripts/Game/GameMode/Specials/GunGame/CRF_GunGame.c	293	293	1	CRF_GunGame	
OnControllableDestroyed	method	Scripts/Game/GameMode/Specials/GunGame/CRF_GunGame.c	313	313	1	CRF_GunGame	
GameOver	method	Scripts/Game/GameMode/Specials/GunGame/CRF_GunGame.c	378	378	1	CRF_GunGame	
RpcDo_BroadcastGameOver	method	Scripts/Game/GameMode/Specials/GunGame/CRF_GunGame.c	390	390	1	CRF_GunGame	
GetWinners	method	Scripts/Game/GameMode/Specials/GunGame/CRF_GunGame.c	420	420	1	CRF_GunGame	
DemotePlayer	method	Scripts/Game/GameMode/Specials/GunGame/CRF_GunGame.c	467	467	1	CRF_GunGame	
AddMedal	method	Scripts/Game/GameMode/Specials/GunGame/CRF_GunGame.c	482	482	1	CRF_GunGame	
ProcessKillClient	method	Scripts/Game/GameMode/Specials/GunGame/CRF_GunGame.c	493	493	1	CRF_GunGame	
KillBuffer	method	Scripts/Game/GameMode/Specials/GunGame/CRF_GunGame.c	612	612	1	CRF_GunGame	
RespawnPlayer	method	Scripts/Game/GameMode/Specials/GunGame/CRF_GunGame.c	657	657	1	CRF_GunGame	
EOnFrame	method	Scripts/Game/GameMode/Specials/GunGame/CRF_GunGame.c	666	666	1	CRF_GunGame	
UpdateDropShot	method	Scripts/Game/GameMode/Specials/GunGame/CRF_GunGame.c	695	695	1	CRF_GunGame	
UpdateCurrentWeapon	method	Scripts/Game/GameMode/Specials/GunGame/CRF_GunGame.c	718	718	1	CRF_GunGame	
UpdateKillStreak	method	Scripts/Game/GameMode/Specials/GunGame/CRF_GunGame.c	727	727	1	CRF_GunGame	
UpdateHUD	method	Scripts/Game/GameMode/Specials/GunGame/CRF_GunGame.c	835	835	1	CRF_GunGame	
FindNextHighestKills	method	Scripts/Game/GameMode/Specials/GunGame/CRF_GunGame.c	866	866	1	CRF_GunGame	
UpdateKillIcon	method	Scripts/Game/GameMode/Specials/GunGame/CRF_GunGame.c	885	885	1	CRF_GunGame	
CheckIfWeaponEquipped	method	Scripts/Game/GameMode/Specials/GunGame/CRF_GunGame.c	915	915	1	CRF_GunGame	
OnControllableSpawned	method	Scripts/Game/GameMode/Specials/GunGame/CRF_GunGame.c	949	949	1	CRF_GunGame	
RpcDo_TeleportPlayer	method	Scripts/Game/GameMode/Specials/GunGame/CRF_GunGame.c	965	965	1	CRF_GunGame	
SpawnCheck	method	Scripts/Game/GameMode/Specials/GunGame/CRF_GunGame.c	972	972	1	CRF_GunGame	
NewWeaponCheck	method	Scripts/Game/GameMode/Specials/GunGame/CRF_GunGame.c	1016	1016	1	CRF_GunGame	
NewLevel	method	Scripts/Game/GameMode/Specials/GunGame/CRF_GunGame.c	1057	1057	1	CRF_GunGame	
DeleteWeapon	method	Scripts/Game/GameMode/Specials/GunGame/CRF_GunGame.c	1087	1087	1	CRF_GunGame	
NewLevelAddWeapon	method	Scripts/Game/GameMode/Specials/GunGame/CRF_GunGame.c	1094	1094	1	CRF_GunGame	
OnPlayerConnected	method	Scripts/Game/GameMode/Specials/GunGame/CRF_GunGame.c	1107	1107	1	CRF_GunGame	
SCR_DamageManagerComponent	modded_class	Scripts/Game/GameMode/Specials/GunGame/VanillaOverrides/CRF_SCR_DamageManagerComponent.c	1	38	38		
OnDamage	method	Scripts/Game/GameMode/Specials/GunGame/VanillaOverrides/CRF_SCR_DamageManagerComponent.c	3	3	1	SCR_DamageManagerComponent	
AddHitmarker	method	Scripts/Game/GameMode/Specials/GunGame/VanillaOverrides/CRF_SCR_DamageManagerComponent.c	26	26	1	SCR_DamageManagerComponent	
SCR_EquipWeaponAction	modded_class	Scripts/Game/GameMode/Specials/GunGame/VanillaOverrides/CRF_SCR_EquipWeaponAction.c	1	11	11		
CanBeShownScript	method	Scripts/Game/GameMode/Specials/GunGame/VanillaOverrides/CRF_SCR_EquipWeaponAction.c	4	4	1	SCR_EquipWeaponAction	
SCR_EquipWeaponHolsterAction	modded_class	Scripts/Game/GameMode/Specials/GunGame/VanillaOverrides/CRF_SCR_EquipWeaponHolsterAction.c	1	11	11		
CanBeShownScript	method	Scripts/Game/GameMode/Specials/GunGame/VanillaOverrides/CRF_SCR_EquipWeaponHolsterAction.c	4	4	1	SCR_EquipWeaponHolsterAction	
SCR_InventoryMenuUI	modded_class	Scripts/Game/GameMode/Specials/GunGame/VanillaOverrides/CRF_SCR_InventoryMenuUI.c	1	13	13		
OnMenuOpen	method	Scripts/Game/GameMode/Specials/GunGame/VanillaOverrides/CRF_SCR_InventoryMenuUI.c	4	4	1	SCR_InventoryMenuUI	
SCR_InventoryStorageManagerComponent	modded_class	Scripts/Game/GameMode/Specials/GunGame/VanillaOverrides/CRF_SCR_InventoryStorageManagerComponent.c	1	21	21		ScriptedInventoryStorageManagerComponent
EquipItem	method	Scripts/Game/GameMode/Specials/GunGame/VanillaOverrides/CRF_SCR_InventoryStorageManagerComponent.c	5	5	1	SCR_InventoryStorageManagerComponent	
InsertItem	method	Scripts/Game/GameMode/Specials/GunGame/VanillaOverrides/CRF_SCR_InventoryStorageManagerComponent.c	14	14	1	SCR_InventoryStorageManagerComponent	
SCR_PickUpItemAction	modded_class	Scripts/Game/GameMode/Specials/GunGame/VanillaOverrides/CRF_SCR_PickUpItemAction.c	1	11	11		
CanBeShownScript	method	Scripts/Game/GameMode/Specials/GunGame/VanillaOverrides/CRF_SCR_PickUpItemAction.c	4	4	1	SCR_PickUpItemAction	
CRF_YourLootEntry	class	Scripts/Game/GameMode/Specials/Looter/CRF_Looter_Game.c	15	36	22		CRF_BaseLootEntry
m_yourVariable	method	Scripts/Game/GameMode/Specials/Looter/CRF_Looter_Game.c	19	19	1	CRF_YourLootEntry	
CRF_YourLootEntry	method	Scripts/Game/GameMode/Specials/Looter/CRF_Looter_Game.c	21	21	1	CRF_YourLootEntry	
SpawnLoot	method	Scripts/Game/GameMode/Specials/Looter/CRF_Looter_Game.c	28	28	1	CRF_YourLootEntry	
CRF_BaseLootEntry	class	Scripts/Game/GameMode/Specials/Looter/CRF_Looter_Game.c	47	73	27		
SpawnLoot	method	Scripts/Game/GameMode/Specials/Looter/CRF_Looter_Game.c	61	61	1	CRF_BaseLootEntry	
GetTypeName	method	Scripts/Game/GameMode/Specials/Looter/CRF_Looter_Game.c	69	69	1	CRF_BaseLootEntry	
CRF_WeaponLootEntry	class	Scripts/Game/GameMode/Specials/Looter/CRF_Looter_Game.c	79	95	17		CRF_BaseLootEntry
CRF_WeaponLootEntry	method	Scripts/Game/GameMode/Specials/Looter/CRF_Looter_Game.c	87	87	1	CRF_WeaponLootEntry	
SpawnLoot	method	Scripts/Game/GameMode/Specials/Looter/CRF_Looter_Game.c	89	89	1	CRF_WeaponLootEntry	
CRF_GearLootEntry	class	Scripts/Game/GameMode/Specials/Looter/CRF_Looter_Game.c	101	104	4		CRF_BaseLootEntry
CRF_GearLootEntry	method	Scripts/Game/GameMode/Specials/Looter/CRF_Looter_Game.c	103	103	1	CRF_GearLootEntry	
CRF_BagLootEntry	class	Scripts/Game/GameMode/Specials/Looter/CRF_Looter_Game.c	107	110	4		CRF_BaseLootEntry
CRF_BagLootEntry	method	Scripts/Game/GameMode/Specials/Looter/CRF_Looter_Game.c	109	109	1	CRF_BagLootEntry	
CRF_KitItem	class	Scripts/Game/GameMode/Specials/Looter/CRF_Looter_Game.c	116	123	8		
CRF_KitLootEntry	class	Scripts/Game/GameMode/Specials/Looter/CRF_Looter_Game.c	126	146	21		CRF_BaseLootEntry
CRF_KitLootEntry	method	Scripts/Game/GameMode/Specials/Looter/CRF_Looter_Game.c	134	134	1	CRF_KitLootEntry	
SpawnLoot	method	Scripts/Game/GameMode/Specials/Looter/CRF_Looter_Game.c	136	136	1	CRF_KitLootEntry	
CRF_MiscItem	class	Scripts/Game/GameMode/Specials/Looter/CRF_Looter_Game.c	149	156	8		
CRF_MiscLootEntry	class	Scripts/Game/GameMode/Specials/Looter/CRF_Looter_Game.c	159	181	23		CRF_BaseLootEntry
CRF_MiscLootEntry	method	Scripts/Game/GameMode/Specials/Looter/CRF_Looter_Game.c	167	167	1	CRF_MiscLootEntry	
SpawnLoot	method	Scripts/Game/GameMode/Specials/Looter/CRF_Looter_Game.c	169	169	1	CRF_MiscLootEntry	
CRF_SpawnHelper	class	Scripts/Game/GameMode/Specials/Looter/CRF_Looter_Game.c	186	240	55		
SpawnItem	method	Scripts/Game/GameMode/Specials/Looter/CRF_Looter_Game.c	192	192	1	CRF_SpawnHelper	
SpawnMultiple	method	Scripts/Game/GameMode/Specials/Looter/CRF_Looter_Game.c	229	229	1	CRF_SpawnHelper	
CRF_LooterGamemodeComponentClass	class	Scripts/Game/GameMode/Specials/Looter/CRF_Looter_Game.c	247	247	1		SCR_BaseGameModeComponentClass
CRF_LooterGamemodeComponent	class	Scripts/Game/GameMode/Specials/Looter/CRF_Looter_Game.c	249	490	242		SCR_BaseGameModeComponent
OnPostInit	method	Scripts/Game/GameMode/Specials/Looter/CRF_Looter_Game.c	284	284	1	CRF_LooterGamemodeComponent	
EOnFixedFrame	method	Scripts/Game/GameMode/Specials/Looter/CRF_Looter_Game.c	306	306	1	CRF_LooterGamemodeComponent	
IsBFTEnabled	method	Scripts/Game/GameMode/Specials/Looter/CRF_Looter_Game.c	318	318	1	CRF_LooterGamemodeComponent	
SpawnLoot	method	Scripts/Game/GameMode/Specials/Looter/CRF_Looter_Game.c	331	331	1	CRF_LooterGamemodeComponent	
SpawnLootBatch	method	Scripts/Game/GameMode/Specials/Looter/CRF_Looter_Game.c	370	370	1	CRF_LooterGamemodeComponent	
WeightedRandomIndex	method	Scripts/Game/GameMode/Specials/Looter/CRF_Looter_Game.c	410	410	1	CRF_LooterGamemodeComponent	
PrintDropChances	method	Scripts/Game/GameMode/Specials/Looter/CRF_Looter_Game.c	425	425	1	CRF_LooterGamemodeComponent	
CRF_LooterGamemodeComponent	method	Scripts/Game/GameMode/Specials/Looter/CRF_Looter_Game.c	480	480	1	CRF_LooterGamemodeComponent	
GetInstance	method	Scripts/Game/GameMode/Specials/Looter/CRF_Looter_Game.c	486	486	1	CRF_LooterGamemodeComponent	
SCR_MapMenuUI	modded_class	Scripts/Game/GameMode/Specials/Looter/VanillaOverrides/CRF_SCR_MapMenuUI.c	1	124	124		
OnMenuOpen	method	Scripts/Game/GameMode/Specials/Looter/VanillaOverrides/CRF_SCR_MapMenuUI.c	20	20	1	SCR_MapMenuUI	
OnMenuUpdate	method	Scripts/Game/GameMode/Specials/Looter/VanillaOverrides/CRF_SCR_MapMenuUI.c	94	94	1	SCR_MapMenuUI	
UpdatePlayerIcons	method	Scripts/Game/GameMode/Specials/Looter/VanillaOverrides/CRF_SCR_MapMenuUI.c	105	105	1	SCR_MapMenuUI	
CRF_PlayerIcon	class	Scripts/Game/GameMode/Specials/Looter/VanillaOverrides/CRF_SCR_MapMenuUI.c	126	130	5		
CRF_EPropHuntPhase	enum	Scripts/Game/GameMode/Specials/PropHunt/CRF_PropHunt.c	39	46	8		
CRF_PropHuntGamemodeClass	class	Scripts/Game/GameMode/Specials/PropHunt/CRF_PropHunt.c	51	51	1		SCR_BaseGameModeComponentClass
CRF_PropHuntGamemode	class	Scripts/Game/GameMode/Specials/PropHunt/CRF_PropHunt.c	54	2264	2211		SCR_BaseGameModeComponent
GetInstance	method	Scripts/Game/GameMode/Specials/PropHunt/CRF_PropHunt.c	183	183	1	CRF_PropHuntGamemode	
CRF_PropHuntGamemode	method	Scripts/Game/GameMode/Specials/PropHunt/CRF_PropHunt.c	191	191	1	CRF_PropHuntGamemode	
OnPostInit	method	Scripts/Game/GameMode/Specials/PropHunt/CRF_PropHunt.c	199	199	1	CRF_PropHuntGamemode	
RegisterAdminChatCommands	method	Scripts/Game/GameMode/Specials/PropHunt/CRF_PropHunt.c	219	219	1	CRF_PropHuntGamemode	
OnChatCmd_Status	method	Scripts/Game/GameMode/Specials/PropHunt/CRF_PropHunt.c	233	233	1	CRF_PropHuntGamemode	
OnChatCmd_Skip	method	Scripts/Game/GameMode/Specials/PropHunt/CRF_PropHunt.c	242	242	1	CRF_PropHuntGamemode	
OnChatCmd_EndRound	method	Scripts/Game/GameMode/Specials/PropHunt/CRF_PropHunt.c	251	251	1	CRF_PropHuntGamemode	
OnChatCmd_Restart	method	Scripts/Game/GameMode/Specials/PropHunt/CRF_PropHunt.c	263	263	1	CRF_PropHuntGamemode	
OnChatCmd_ResetProp	method	Scripts/Game/GameMode/Specials/PropHunt/CRF_PropHunt.c	272	272	1	CRF_PropHuntGamemode	
OnChatCmd_AddTime	method	Scripts/Game/GameMode/Specials/PropHunt/CRF_PropHunt.c	286	286	1	CRF_PropHuntGamemode	
EOnFrame	method	Scripts/Game/GameMode/Specials/PropHunt/CRF_PropHunt.c	303	303	1	CRF_PropHuntGamemode	
RpcDo_SyncPropTransform	method	Scripts/Game/GameMode/Specials/PropHunt/CRF_PropHunt.c	409	409	1	CRF_PropHuntGamemode	
RpcDo_ClientSpawnProp	method	Scripts/Game/GameMode/Specials/PropHunt/CRF_PropHunt.c	433	433	1	CRF_PropHuntGamemode	
RpcDo_ClientRemoveProp	method	Scripts/Game/GameMode/Specials/PropHunt/CRF_PropHunt.c	471	471	1	CRF_PropHuntGamemode	
RpcDo_JIPSyncPropEntity	method	Scripts/Game/GameMode/Specials/PropHunt/CRF_PropHunt.c	492	492	1	CRF_PropHuntGamemode	
RpcDo_ClientClearAllProps	method	Scripts/Game/GameMode/Specials/PropHunt/CRF_PropHunt.c	525	525	1	CRF_PropHuntGamemode	
OnPhaseTimerExpired	method	Scripts/Game/GameMode/Specials/PropHunt/CRF_PropHunt.c	543	543	1	CRF_PropHuntGamemode	
OnGameModeStart	method	Scripts/Game/GameMode/Specials/PropHunt/CRF_PropHunt.c	570	570	1	CRF_PropHuntGamemode	
BeginRound	method	Scripts/Game/GameMode/Specials/PropHunt/CRF_PropHunt.c	598	598	1	CRF_PropHuntGamemode	
CollectPlayerLists	method	Scripts/Game/GameMode/Specials/PropHunt/CRF_PropHunt.c	629	629	1	CRF_PropHuntGamemode	
SetPhase	method	Scripts/Game/GameMode/Specials/PropHunt/CRF_PropHunt.c	674	674	1	CRF_PropHuntGamemode	
StartGracePhase	method	Scripts/Game/GameMode/Specials/PropHunt/CRF_PropHunt.c	682	682	1	CRF_PropHuntGamemode	
StartHuntPhase	method	Scripts/Game/GameMode/Specials/PropHunt/CRF_PropHunt.c	721	721	1	CRF_PropHuntGamemode	
EndRound	method	Scripts/Game/GameMode/Specials/PropHunt/CRF_PropHunt.c	774	774	1	CRF_PropHuntGamemode	
TeleportHuntersToSpawn	method	Scripts/Game/GameMode/Specials/PropHunt/CRF_PropHunt.c	828	828	1	CRF_PropHuntGamemode	
RpcDo_TeleportPlayer	method	Scripts/Game/GameMode/Specials/PropHunt/CRF_PropHunt.c	856	856	1	CRF_PropHuntGamemode	
StartNextRoundOrEndGame	method	Scripts/Game/GameMode/Specials/PropHunt/CRF_PropHunt.c	864	864	1	CRF_PropHuntGamemode	
EndGame	method	Scripts/Game/GameMode/Specials/PropHunt/CRF_PropHunt.c	885	885	1	CRF_PropHuntGamemode	
RpcDo_ShowGameEnd	method	Scripts/Game/GameMode/Specials/PropHunt/CRF_PropHunt.c	910	910	1	CRF_PropHuntGamemode	
OnControllableDestroyed	method	Scripts/Game/GameMode/Specials/PropHunt/CRF_PropHunt.c	921	921	1	CRF_PropHuntGamemode	
ApplyHunterShotPenalty	method	Scripts/Game/GameMode/Specials/PropHunt/CRF_PropHunt.c	999	999	1	CRF_PropHuntGamemode	
SendHunterHealthHint	method	Scripts/Game/GameMode/Specials/PropHunt/CRF_PropHunt.c	1054	1054	1	CRF_PropHuntGamemode	
BlackoutHunter	method	Scripts/Game/GameMode/Specials/PropHunt/CRF_PropHunt.c	1082	1082	1	CRF_PropHuntGamemode	
RpcDo_SetBlackout	method	Scripts/Game/GameMode/Specials/PropHunt/CRF_PropHunt.c	1092	1092	1	CRF_PropHuntGamemode	
UpdateHunterHealthBar	method	Scripts/Game/GameMode/Specials/PropHunt/CRF_PropHunt.c	1126	1126	1	CRF_PropHuntGamemode	
RpcDo_ShowHunterHP	method	Scripts/Game/GameMode/Specials/PropHunt/CRF_PropHunt.c	1136	1136	1	CRF_PropHuntGamemode	
HideHunterHealthBar	method	Scripts/Game/GameMode/Specials/PropHunt/CRF_PropHunt.c	1181	1181	1	CRF_PropHuntGamemode	
RpcDo_HideHunterHP	method	Scripts/Game/GameMode/Specials/PropHunt/CRF_PropHunt.c	1191	1191	1	CRF_PropHuntGamemode	
RegisterHunterShotEH	method	Scripts/Game/GameMode/Specials/PropHunt/CRF_PropHunt.c	1211	1211	1	CRF_PropHuntGamemode	
UnregisterHunterShotEH	method	Scripts/Game/GameMode/Specials/PropHunt/CRF_PropHunt.c	1224	1224	1	CRF_PropHuntGamemode	
OnHunterProjectileShot	method	Scripts/Game/GameMode/Specials/PropHunt/CRF_PropHunt.c	1238	1238	1	CRF_PropHuntGamemode	
RegisterHunterMeleeEH	method	Scripts/Game/GameMode/Specials/PropHunt/CRF_PropHunt.c	1250	1250	1	CRF_PropHuntGamemode	
UnregisterHunterMeleeEH	method	Scripts/Game/GameMode/Specials/PropHunt/CRF_PropHunt.c	1261	1261	1	CRF_PropHuntGamemode	
OnHunterMeleePerformed	method	Scripts/Game/GameMode/Specials/PropHunt/CRF_PropHunt.c	1273	1273	1	CRF_PropHuntGamemode	
SetHunterFrozen	method	Scripts/Game/GameMode/Specials/PropHunt/CRF_PropHunt.c	1286	1286	1	CRF_PropHuntGamemode	
RpcDo_SetHunterMovementFrozen	method	Scripts/Game/GameMode/Specials/PropHunt/CRF_PropHunt.c	1296	1296	1	CRF_PropHuntGamemode	
BroadcastMessage	method	Scripts/Game/GameMode/Specials/PropHunt/CRF_PropHunt.c	1324	1324	1	CRF_PropHuntGamemode	
SetPropCharacterVisible	method	Scripts/Game/GameMode/Specials/PropHunt/CRF_PropHunt.c	1344	1344	1	CRF_PropHuntGamemode	
RpcDo_SetPropCharacterVisible	method	Scripts/Game/GameMode/Specials/PropHunt/CRF_PropHunt.c	1360	1360	1	CRF_PropHuntGamemode	
OnPhaseChanged	method	Scripts/Game/GameMode/Specials/PropHunt/CRF_PropHunt.c	1390	1390	1	CRF_PropHuntGamemode	
UpdateTimerDisplay	method	Scripts/Game/GameMode/Specials/PropHunt/CRF_PropHunt.c	1444	1444	1	CRF_PropHuntGamemode	
IsGracePhaseActive	method	Scripts/Game/GameMode/Specials/PropHunt/CRF_PropHunt.c	1471	1471	1	CRF_PropHuntGamemode	
IsHuntPhaseActive	method	Scripts/Game/GameMode/Specials/PropHunt/CRF_PropHunt.c	1476	1476	1	CRF_PropHuntGamemode	
GetPropsTeamKey	method	Scripts/Game/GameMode/Specials/PropHunt/CRF_PropHunt.c	1481	1481	1	CRF_PropHuntGamemode	
GetHuntersTeamKey	method	Scripts/Game/GameMode/Specials/PropHunt/CRF_PropHunt.c	1482	1482	1	CRF_PropHuntGamemode	
SetPlayerTransformed	method	Scripts/Game/GameMode/Specials/PropHunt/CRF_PropHunt.c	1490	1490	1	CRF_PropHuntGamemode	
GetPlayerForPropEntity	method	Scripts/Game/GameMode/Specials/PropHunt/CRF_PropHunt.c	1499	1499	1	CRF_PropHuntGamemode	
IsPlayerTransformed	method	Scripts/Game/GameMode/Specials/PropHunt/CRF_PropHunt.c	1512	1512	1	CRF_PropHuntGamemode	
NoPropsAssigned	method	Scripts/Game/GameMode/Specials/PropHunt/CRF_PropHunt.c	1518	1518	1	CRF_PropHuntGamemode	
HandleTransformRequest	method	Scripts/Game/GameMode/Specials/PropHunt/CRF_PropHunt.c	1531	1531	1	CRF_PropHuntGamemode	
ClearPlayerProp	method	Scripts/Game/GameMode/Specials/PropHunt/CRF_PropHunt.c	1639	1639	1	CRF_PropHuntGamemode	
GetPropPlayerForCharacter	method	Scripts/Game/GameMode/Specials/PropHunt/CRF_PropHunt.c	1658	1658	1	CRF_PropHuntGamemode	
IsValidPropPlayer	method	Scripts/Game/GameMode/Specials/PropHunt/CRF_PropHunt.c	1675	1675	1	CRF_PropHuntGamemode	
KillPropPlayerByProxy	method	Scripts/Game/GameMode/Specials/PropHunt/CRF_PropHunt.c	1690	1690	1	CRF_PropHuntGamemode	
EnablePropTransform	method	Scripts/Game/GameMode/Specials/PropHunt/CRF_PropHunt.c	1725	1725	1	CRF_PropHuntGamemode	
RpcDo_SetPropTransformEnabled	method	Scripts/Game/GameMode/Specials/PropHunt/CRF_PropHunt.c	1735	1735	1	CRF_PropHuntGamemode	
EnablePropNoise	method	Scripts/Game/GameMode/Specials/PropHunt/CRF_PropHunt.c	1751	1751	1	CRF_PropHuntGamemode	
RpcDo_SetPropNoiseEnabled	method	Scripts/Game/GameMode/Specials/PropHunt/CRF_PropHunt.c	1761	1761	1	CRF_PropHuntGamemode	
HandleNoiseCycleRequest	method	Scripts/Game/GameMode/Specials/PropHunt/CRF_PropHunt.c	1779	1779	1	CRF_PropHuntGamemode	
HandleNoiseRequest	method	Scripts/Game/GameMode/Specials/PropHunt/CRF_PropHunt.c	1808	1808	1	CRF_PropHuntGamemode	
RpcDo_PlayPropNoise	method	Scripts/Game/GameMode/Specials/PropHunt/CRF_PropHunt.c	1869	1869	1	CRF_PropHuntGamemode	
HandleAdminCommand	method	Scripts/Game/GameMode/Specials/PropHunt/CRF_PropHunt.c	1901	1901	1	CRF_PropHuntGamemode	
AdminStatus	method	Scripts/Game/GameMode/Specials/PropHunt/CRF_PropHunt.c	1925	1925	1	CRF_PropHuntGamemode	
AdminSkipPhase	method	Scripts/Game/GameMode/Specials/PropHunt/CRF_PropHunt.c	1956	1956	1	CRF_PropHuntGamemode	
AdminEndRound	method	Scripts/Game/GameMode/Specials/PropHunt/CRF_PropHunt.c	1972	1972	1	CRF_PropHuntGamemode	
AdminRestart	method	Scripts/Game/GameMode/Specials/PropHunt/CRF_PropHunt.c	1995	1995	1	CRF_PropHuntGamemode	
AdminResetProp	method	Scripts/Game/GameMode/Specials/PropHunt/CRF_PropHunt.c	2013	2013	1	CRF_PropHuntGamemode	
AdminAddTime	method	Scripts/Game/GameMode/Specials/PropHunt/CRF_PropHunt.c	2076	2076	1	CRF_PropHuntGamemode	
CleanupPropEntities	method	Scripts/Game/GameMode/Specials/PropHunt/CRF_PropHunt.c	2110	2110	1	CRF_PropHuntGamemode	
OnControllableSpawned	method	Scripts/Game/GameMode/Specials/PropHunt/CRF_PropHunt.c	2148	2148	1	CRF_PropHuntGamemode	
HandleJIPSpawn	method	Scripts/Game/GameMode/Specials/PropHunt/CRF_PropHunt.c	2170	2170	1	CRF_PropHuntGamemode	
CRF_PropHuntEntryButton	class	Scripts/Game/GameMode/Specials/PropHunt/CRF_PropHuntTransformMenu.c	26	47	22		ScriptedWidgetComponent
OnClick	method	Scripts/Game/GameMode/Specials/PropHunt/CRF_PropHuntTransformMenu.c	35	35	1	CRF_PropHuntEntryButton	
OnMouseEnter	method	Scripts/Game/GameMode/Specials/PropHunt/CRF_PropHuntTransformMenu.c	42	42	1	CRF_PropHuntEntryButton	
CRF_PropHuntSortEntry	class	Scripts/Game/GameMode/Specials/PropHunt/CRF_PropHuntTransformMenu.c	54	67	14		
Compare	method	Scripts/Game/GameMode/Specials/PropHunt/CRF_PropHuntTransformMenu.c	61	61	1	CRF_PropHuntSortEntry	
CRF_PropHuntCancelButton	class	Scripts/Game/GameMode/Specials/PropHunt/CRF_PropHuntTransformMenu.c	73	83	11		ScriptedWidgetComponent
OnClick	method	Scripts/Game/GameMode/Specials/PropHunt/CRF_PropHuntTransformMenu.c	77	77	1	CRF_PropHuntCancelButton	
CRF_PropHuntTransformMenu	class	Scripts/Game/GameMode/Specials/PropHunt/CRF_PropHuntTransformMenu.c	90	484	395		
GetInstance	method	Scripts/Game/GameMode/Specials/PropHunt/CRF_PropHuntTransformMenu.c	108	108	1	CRF_PropHuntTransformMenu	
IsOpen	method	Scripts/Game/GameMode/Specials/PropHunt/CRF_PropHuntTransformMenu.c	114	114	1	CRF_PropHuntTransformMenu	
Open	method	Scripts/Game/GameMode/Specials/PropHunt/CRF_PropHuntTransformMenu.c	123	123	1	CRF_PropHuntTransformMenu	
Create	method	Scripts/Game/GameMode/Specials/PropHunt/CRF_PropHuntTransformMenu.c	136	136	1	CRF_PropHuntTransformMenu	
Close	method	Scripts/Game/GameMode/Specials/PropHunt/CRF_PropHuntTransformMenu.c	197	197	1	CRF_PropHuntTransformMenu	
KeepCursorActive	method	Scripts/Game/GameMode/Specials/PropHunt/CRF_PropHuntTransformMenu.c	231	231	1	CRF_PropHuntTransformMenu	
PopulateList	method	Scripts/Game/GameMode/Specials/PropHunt/CRF_PropHuntTransformMenu.c	248	248	1	CRF_PropHuntTransformMenu	
OnEntryHovered	method	Scripts/Game/GameMode/Specials/PropHunt/CRF_PropHuntTransformMenu.c	310	310	1	CRF_PropHuntTransformMenu	
OnEntryClicked	method	Scripts/Game/GameMode/Specials/PropHunt/CRF_PropHuntTransformMenu.c	343	343	1	CRF_PropHuntTransformMenu	
ConfirmFirst	method	Scripts/Game/GameMode/Specials/PropHunt/CRF_PropHuntTransformMenu.c	360	360	1	CRF_PropHuntTransformMenu	
ActionCancel	method	Scripts/Game/GameMode/Specials/PropHunt/CRF_PropHuntTransformMenu.c	396	396	1	CRF_PropHuntTransformMenu	
ExtractDisplayName	method	Scripts/Game/GameMode/Specials/PropHunt/CRF_PropHuntTransformMenu.c	405	405	1	CRF_PropHuntTransformMenu	
CRF_PlayerRplToOwnerManager	modded_class	Scripts/Game/GameMode/Specials/PropHunt/VanillaOverrides/CRF_PropHunt_PlayerRplToOwnerManager.c	22	344	323		
ApplyPropTransformEnabled	method	Scripts/Game/GameMode/Specials/PropHunt/VanillaOverrides/CRF_PropHunt_PlayerRplToOwnerManager.c	49	49	1	CRF_PlayerRplToOwnerManager	
ActionPerformTransform	method	Scripts/Game/GameMode/Specials/PropHunt/VanillaOverrides/CRF_PropHunt_PlayerRplToOwnerManager.c	81	81	1	CRF_PlayerRplToOwnerManager	
ConfirmPropTransform	method	Scripts/Game/GameMode/Specials/PropHunt/VanillaOverrides/CRF_PropHunt_PlayerRplToOwnerManager.c	157	157	1	CRF_PlayerRplToOwnerManager	
OnQueryEntitySphere	method	Scripts/Game/GameMode/Specials/PropHunt/VanillaOverrides/CRF_PropHunt_PlayerRplToOwnerManager.c	191	191	1	CRF_PlayerRplToOwnerManager	
ApplyPropNoiseEnabled	method	Scripts/Game/GameMode/Specials/PropHunt/VanillaOverrides/CRF_PropHunt_PlayerRplToOwnerManager.c	252	252	1	CRF_PlayerRplToOwnerManager	
ActionCycleNoise	method	Scripts/Game/GameMode/Specials/PropHunt/VanillaOverrides/CRF_PropHunt_PlayerRplToOwnerManager.c	276	276	1	CRF_PlayerRplToOwnerManager	
ActionPerformNoise	method	Scripts/Game/GameMode/Specials/PropHunt/VanillaOverrides/CRF_PropHunt_PlayerRplToOwnerManager.c	312	312	1	CRF_PlayerRplToOwnerManager	
SCR_DamageManagerComponent	modded_class	Scripts/Game/GameMode/Specials/PropHunt/VanillaOverrides/CRF_PropHunt_SCR_DamageManagerComponent.c	25	140	116		
OnDamage	method	Scripts/Game/GameMode/Specials/PropHunt/VanillaOverrides/CRF_PropHunt_SCR_DamageManagerComponent.c	46	46	1	SCR_DamageManagerComponent	
SCR_BayonetEffectComponent_LungeMineClass	class	Scripts/Game/GameMode/Specials/SCR_BayonetEffectComponent_LungeMine.c	1	3	3		SCR_BayonetEffectComponentClass
SCR_BayonetEffectComponent_LungeMine	class	Scripts/Game/GameMode/Specials/SCR_BayonetEffectComponent_LungeMine.c	5	22	18		SCR_BayonetEffectComponent
OnImpact	method	Scripts/Game/GameMode/Specials/SCR_BayonetEffectComponent_LungeMine.c	10	10	1	SCR_BayonetEffectComponent_LungeMine	
CRF_SupplyExtractionGamemodeManagerClass	class	Scripts/Game/GameMode/Supply Extraction/CRF_SupplyExtractionGame.c	2	5	4		SCR_BaseGameModeComponentClass
CRF_SupplyExtractionGamemodeManager	class	Scripts/Game/GameMode/Supply Extraction/CRF_SupplyExtractionGame.c	7	223	217		SCR_BaseGameModeComponent
OnPostInit	method	Scripts/Game/GameMode/Supply Extraction/CRF_SupplyExtractionGame.c	80	80	1	CRF_SupplyExtractionGamemodeManager	
EOnFixedFrame	method	Scripts/Game/GameMode/Supply Extraction/CRF_SupplyExtractionGame.c	87	87	1	CRF_SupplyExtractionGamemodeManager	
SupplyInit	method	Scripts/Game/GameMode/Supply Extraction/CRF_SupplyExtractionGame.c	106	106	1	CRF_SupplyExtractionGamemodeManager	
GetSuppliesinDepot	method	Scripts/Game/GameMode/Supply Extraction/CRF_SupplyExtractionGame.c	154	154	1	CRF_SupplyExtractionGamemodeManager	
FilterFactionPlayers	method	Scripts/Game/GameMode/Supply Extraction/CRF_SupplyExtractionGame.c	175	175	1	CRF_SupplyExtractionGamemodeManager	
CountFactionPlayers	method	Scripts/Game/GameMode/Supply Extraction/CRF_SupplyExtractionGame.c	184	184	1	CRF_SupplyExtractionGamemodeManager	
countAlivePlayers	method	Scripts/Game/GameMode/Supply Extraction/CRF_SupplyExtractionGame.c	194	194	1	CRF_SupplyExtractionGamemodeManager	
ShowMessage	method	Scripts/Game/GameMode/Supply Extraction/CRF_SupplyExtractionGame.c	211	211	1	CRF_SupplyExtractionGamemodeManager	
CRF_AirdropManagerClass	class	Scripts/Game/Systems/Components/Airdrop/CRF_AirdropManager.c	1	3	3		SCR_BaseGameModeComponentClass
CRF_AirdropManager	class	Scripts/Game/Systems/Components/Airdrop/CRF_AirdropManager.c	5	352	348		SCR_BaseGameModeComponent
CRF_AirdropManager	method	Scripts/Game/Systems/Components/Airdrop/CRF_AirdropManager.c	11	11	1	CRF_AirdropManager	
GetInstance	method	Scripts/Game/Systems/Components/Airdrop/CRF_AirdropManager.c	16	16	1	CRF_AirdropManager	
InitFlight	method	Scripts/Game/Systems/Components/Airdrop/CRF_AirdropManager.c	21	21	1	CRF_AirdropManager	
SpawnFlight	method	Scripts/Game/Systems/Components/Airdrop/CRF_AirdropManager.c	52	52	1	CRF_AirdropManager	
StreamPlaneIntoReplication	method	Scripts/Game/Systems/Components/Airdrop/CRF_AirdropManager.c	69	69	1	CRF_AirdropManager	
RpcDo_PlaySound	method	Scripts/Game/Systems/Components/Airdrop/CRF_AirdropManager.c	88	88	1	CRF_AirdropManager	
TeleportPlayers	method	Scripts/Game/Systems/Components/Airdrop/CRF_AirdropManager.c	102	102	1	CRF_AirdropManager	
RpcDo_TeleportPlayer	method	Scripts/Game/Systems/Components/Airdrop/CRF_AirdropManager.c	136	136	1	CRF_AirdropManager	
EOnFrame	method	Scripts/Game/Systems/Components/Airdrop/CRF_AirdropManager.c	165	165	1	CRF_AirdropManager	
RedLight	method	Scripts/Game/Systems/Components/Airdrop/CRF_AirdropManager.c	268	268	1	CRF_AirdropManager	
GreenLight	method	Scripts/Game/Systems/Components/Airdrop/CRF_AirdropManager.c	273	273	1	CRF_AirdropManager	
RpcDo_SpawnRedLight	method	Scripts/Game/Systems/Components/Airdrop/CRF_AirdropManager.c	279	279	1	CRF_AirdropManager	
RpcDo_SpawnGreenLight	method	Scripts/Game/Systems/Components/Airdrop/CRF_AirdropManager.c	305	305	1	CRF_AirdropManager	
RpcDo_BroadcastPositionUpdate	method	Scripts/Game/Systems/Components/Airdrop/CRF_AirdropManager.c	331	331	1	CRF_AirdropManager	
RegisterFlight	method	Scripts/Game/Systems/Components/Airdrop/CRF_AirdropManager.c	346	346	1	CRF_AirdropManager	
CRF_AirdropFlight	class	Scripts/Game/Systems/Components/Airdrop/CRF_AirdropManager.c	354	384	31		
CRF_AirdropFlight	method	Scripts/Game/Systems/Components/Airdrop/CRF_AirdropManager.c	357	357	1	CRF_AirdropFlight	
CRF_AirdropFlight	method	Scripts/Game/Systems/Components/Airdrop/CRF_AirdropManager.c	367	367	1	CRF_AirdropFlight	
CRF_AirdropObject	class	Scripts/Game/Systems/Components/Airdrop/CRF_AirdropManager.c	386	407	22		
CRF_AirdropObject	method	Scripts/Game/Systems/Components/Airdrop/CRF_AirdropManager.c	388	388	1	CRF_AirdropObject	
CRF_BattleRoyaleStageState	enum	Scripts/Game/Systems/Components/BattleRoyale/CRF_BattleRoyaleComponent.c	22	27	6		
CRF_BattleRoyaleStageData	class	Scripts/Game/Systems/Components/BattleRoyale/CRF_BattleRoyaleComponent.c	32	46	15		
CRF_BattleRoyaleStageData	method	Scripts/Game/Systems/Components/BattleRoyale/CRF_BattleRoyaleComponent.c	39	39	1	CRF_BattleRoyaleStageData	
CRF_BattleRoyaleZoneData	class	Scripts/Game/Systems/Components/BattleRoyale/CRF_BattleRoyaleComponent.c	52	65	14		
CRF_BattleRoyaleComponentClass	class	Scripts/Game/Systems/Components/BattleRoyale/CRF_BattleRoyaleComponent.c	69	69	1		SCR_BaseGameModeComponentClass
CRF_BattleRoyaleComponent	class	Scripts/Game/Systems/Components/BattleRoyale/CRF_BattleRoyaleComponent.c	71	1375	1305		SCR_BaseGameModeComponent
OnPostInit	method	Scripts/Game/Systems/Components/BattleRoyale/CRF_BattleRoyaleComponent.c	195	195	1	CRF_BattleRoyaleComponent	
UpdateAlivePlayerCount	method	Scripts/Game/Systems/Components/BattleRoyale/CRF_BattleRoyaleComponent.c	229	229	1	CRF_BattleRoyaleComponent	
EOnFixedFrame	method	Scripts/Game/Systems/Components/BattleRoyale/CRF_BattleRoyaleComponent.c	280	280	1	CRF_BattleRoyaleComponent	
InitializeBattleRoyale	method	Scripts/Game/Systems/Components/BattleRoyale/CRF_BattleRoyaleComponent.c	319	319	1	CRF_BattleRoyaleComponent	
DiscoverZoneBoundaries	method	Scripts/Game/Systems/Components/BattleRoyale/CRF_BattleRoyaleComponent.c	382	382	1	CRF_BattleRoyaleComponent	
SelectZone	method	Scripts/Game/Systems/Components/BattleRoyale/CRF_BattleRoyaleComponent.c	451	451	1	CRF_BattleRoyaleComponent	
SelectRandomZone	method	Scripts/Game/Systems/Components/BattleRoyale/CRF_BattleRoyaleComponent.c	546	546	1	CRF_BattleRoyaleComponent	
InitializeZoneBoundaries	method	Scripts/Game/Systems/Components/BattleRoyale/CRF_BattleRoyaleComponent.c	581	581	1	CRF_BattleRoyaleComponent	
GetCachedBoundaryEntity	method	Scripts/Game/Systems/Components/BattleRoyale/CRF_BattleRoyaleComponent.c	636	636	1	CRF_BattleRoyaleComponent	
GetBoundaryTrigger	method	Scripts/Game/Systems/Components/BattleRoyale/CRF_BattleRoyaleComponent.c	668	668	1	CRF_BattleRoyaleComponent	
GetSelectedZoneStages	method	Scripts/Game/Systems/Components/BattleRoyale/CRF_BattleRoyaleComponent.c	693	693	1	CRF_BattleRoyaleComponent	
MonitorSafestart	method	Scripts/Game/Systems/Components/BattleRoyale/CRF_BattleRoyaleComponent.c	708	708	1	CRF_BattleRoyaleComponent	
StartStaging	method	Scripts/Game/Systems/Components/BattleRoyale/CRF_BattleRoyaleComponent.c	740	740	1	CRF_BattleRoyaleComponent	
UpdateStageTimer	method	Scripts/Game/Systems/Components/BattleRoyale/CRF_BattleRoyaleComponent.c	790	790	1	CRF_BattleRoyaleComponent	
ExecuteCurrentStage	method	Scripts/Game/Systems/Components/BattleRoyale/CRF_BattleRoyaleComponent.c	828	828	1	CRF_BattleRoyaleComponent	
activation	method	Scripts/Game/Systems/Components/BattleRoyale/CRF_BattleRoyaleComponent.c	847	847	1	CRF_BattleRoyaleComponent	
ApplyBoundaryActivation	method	Scripts/Game/Systems/Components/BattleRoyale/CRF_BattleRoyaleComponent.c	849	849	1	CRF_BattleRoyaleComponent	
HandleStageProgression	method	Scripts/Game/Systems/Components/BattleRoyale/CRF_BattleRoyaleComponent.c	920	920	1	CRF_BattleRoyaleComponent	
FinalizeBattleRoyale	method	Scripts/Game/Systems/Components/BattleRoyale/CRF_BattleRoyaleComponent.c	941	941	1	CRF_BattleRoyaleComponent	
ShowMessage	method	Scripts/Game/Systems/Components/BattleRoyale/CRF_BattleRoyaleComponent.c	956	956	1	CRF_BattleRoyaleComponent	
PlayStageSound	method	Scripts/Game/Systems/Components/BattleRoyale/CRF_BattleRoyaleComponent.c	988	988	1	CRF_BattleRoyaleComponent	
UpdateBoundaryVisualState	method	Scripts/Game/Systems/Components/BattleRoyale/CRF_BattleRoyaleComponent.c	1031	1031	1	CRF_BattleRoyaleComponent	
UpdateBoundaryVisualStateLocal	method	Scripts/Game/Systems/Components/BattleRoyale/CRF_BattleRoyaleComponent.c	1037	1037	1	CRF_BattleRoyaleComponent	
CheckForWinners	method	Scripts/Game/Systems/Components/BattleRoyale/CRF_BattleRoyaleComponent.c	1123	1123	1	CRF_BattleRoyaleComponent	
DeclareWinners	method	Scripts/Game/Systems/Components/BattleRoyale/CRF_BattleRoyaleComponent.c	1232	1232	1	CRF_BattleRoyaleComponent	
BuildWinnerNamesString	method	Scripts/Game/Systems/Components/BattleRoyale/CRF_BattleRoyaleComponent.c	1262	1262	1	CRF_BattleRoyaleComponent	
RpcDo_ShowVictoryNotification	method	Scripts/Game/Systems/Components/BattleRoyale/CRF_BattleRoyaleComponent.c	1289	1289	1	CRF_BattleRoyaleComponent	
BroadcastWinnersToClients	method	Scripts/Game/Systems/Components/BattleRoyale/CRF_BattleRoyaleComponent.c	1297	1297	1	CRF_BattleRoyaleComponent	
RpcDo_ReceiveWinners	method	Scripts/Game/Systems/Components/BattleRoyale/CRF_BattleRoyaleComponent.c	1323	1323	1	CRF_BattleRoyaleComponent	
StopBattleRoyale	method	Scripts/Game/Systems/Components/BattleRoyale/CRF_BattleRoyaleComponent.c	1340	1340	1	CRF_BattleRoyaleComponent	
CRF_BattleRoyaleComponentDisplay	class	Scripts/Game/Systems/Components/BattleRoyale/CRF_BattleRoyaleComponent_Display.c	6	380	375		SCR_InfoDisplayExtended
DisplayUpdate	method	Scripts/Game/Systems/Components/BattleRoyale/CRF_BattleRoyaleComponent_Display.c	60	60	1	CRF_BattleRoyaleComponentDisplay	
HideDisplay	method	Scripts/Game/Systems/Components/BattleRoyale/CRF_BattleRoyaleComponent_Display.c	173	173	1	CRF_BattleRoyaleComponentDisplay	
UpdateStageText	method	Scripts/Game/Systems/Components/BattleRoyale/CRF_BattleRoyaleComponent_Display.c	188	188	1	CRF_BattleRoyaleComponentDisplay	
UpdatePlayerCount	method	Scripts/Game/Systems/Components/BattleRoyale/CRF_BattleRoyaleComponent_Display.c	202	202	1	CRF_BattleRoyaleComponentDisplay	
UpdateTimer	method	Scripts/Game/Systems/Components/BattleRoyale/CRF_BattleRoyaleComponent_Display.c	216	216	1	CRF_BattleRoyaleComponentDisplay	
UpdateAnimations	method	Scripts/Game/Systems/Components/BattleRoyale/CRF_BattleRoyaleComponent_Display.c	293	293	1	CRF_BattleRoyaleComponentDisplay	
UpdateWinnerDisplay	method	Scripts/Game/Systems/Components/BattleRoyale/CRF_BattleRoyaleComponent_Display.c	341	341	1	CRF_BattleRoyaleComponentDisplay	
CRF_ParachuteBackpackComponentClass	class	Scripts/Game/Systems/Components/CRF_Parachutes/CRF_ParachuteBackpackComponent.c	1	1	1		ScriptComponentClass
CRF_ParachuteBackpackComponent	class	Scripts/Game/Systems/Components/CRF_Parachutes/CRF_ParachuteBackpackComponent.c	3	29	27		ScriptComponent
GetParachutePrefab	method	Scripts/Game/Systems/Components/CRF_Parachutes/CRF_ParachuteBackpackComponent.c	11	11	1	CRF_ParachuteBackpackComponent	
IsUsed	method	Scripts/Game/Systems/Components/CRF_Parachutes/CRF_ParachuteBackpackComponent.c	12	12	1	CRF_ParachuteBackpackComponent	
SetUsed	method	Scripts/Game/Systems/Components/CRF_Parachutes/CRF_ParachuteBackpackComponent.c	14	14	1	CRF_ParachuteBackpackComponent	
OnUsedChanged	method	Scripts/Game/Systems/Components/CRF_Parachutes/CRF_ParachuteBackpackComponent.c	22	22	1	CRF_ParachuteBackpackComponent	
EOnInit	method	Scripts/Game/Systems/Components/CRF_Parachutes/CRF_ParachuteBackpackComponent.c	24	24	1	CRF_ParachuteBackpackComponent	
CRF_ParachuteDeployedEntityClass	class	Scripts/Game/Systems/Components/CRF_Parachutes/CRF_ParachuteDeployedEntity.c	1	1	1		GenericEntityClass
CRF_ParachuteDeployedEntity	class	Scripts/Game/Systems/Components/CRF_Parachutes/CRF_ParachuteDeployedEntity.c	3	413	411		GenericEntity
IsAuthority	method	Scripts/Game/Systems/Components/CRF_Parachutes/CRF_ParachuteDeployedEntity.c	60	60	1	CRF_ParachuteDeployedEntity	
IsOwner	method	Scripts/Game/Systems/Components/CRF_Parachutes/CRF_ParachuteDeployedEntity.c	65	65	1	CRF_ParachuteDeployedEntity	
GetRplId	method	Scripts/Game/Systems/Components/CRF_Parachutes/CRF_ParachuteDeployedEntity.c	70	70	1	CRF_ParachuteDeployedEntity	
EOnInit	method	Scripts/Game/Systems/Components/CRF_Parachutes/CRF_ParachuteDeployedEntity.c	77	77	1	CRF_ParachuteDeployedEntity	
EOnDeactivate	method	Scripts/Game/Systems/Components/CRF_Parachutes/CRF_ParachuteDeployedEntity.c	116	116	1	CRF_ParachuteDeployedEntity	
SetPilotAndHook	method	Scripts/Game/Systems/Components/CRF_Parachutes/CRF_ParachuteDeployedEntity.c	125	125	1	CRF_ParachuteDeployedEntity	
SetInitialVelocity	method	Scripts/Game/Systems/Components/CRF_Parachutes/CRF_ParachuteDeployedEntity.c	136	136	1	CRF_ParachuteDeployedEntity	
UnhookPilotExit	method	Scripts/Game/Systems/Components/CRF_Parachutes/CRF_ParachuteDeployedEntity.c	146	146	1	CRF_ParachuteDeployedEntity	
OnPilotLeftCompartment	method	Scripts/Game/Systems/Components/CRF_Parachutes/CRF_ParachuteDeployedEntity.c	155	155	1	CRF_ParachuteDeployedEntity	
EOnSimulate	method	Scripts/Game/Systems/Components/CRF_Parachutes/CRF_ParachuteDeployedEntity.c	164	164	1	CRF_ParachuteDeployedEntity	
EOnContact	method	Scripts/Game/Systems/Components/CRF_Parachutes/CRF_ParachuteDeployedEntity.c	223	223	1	CRF_ParachuteDeployedEntity	
RequestExit	method	Scripts/Game/Systems/Components/CRF_Parachutes/CRF_ParachuteDeployedEntity.c	231	231	1	CRF_ParachuteDeployedEntity	
DoRequestExit	method	Scripts/Game/Systems/Components/CRF_Parachutes/CRF_ParachuteDeployedEntity.c	241	241	1	CRF_ParachuteDeployedEntity	
Rpc_RequestExit	method	Scripts/Game/Systems/Components/CRF_Parachutes/CRF_ParachuteDeployedEntity.c	248	248	1	CRF_ParachuteDeployedEntity	
HandleGroundFlare	method	Scripts/Game/Systems/Components/CRF_Parachutes/CRF_ParachuteDeployedEntity.c	277	277	1	CRF_ParachuteDeployedEntity	
SendSync	method	Scripts/Game/Systems/Components/CRF_Parachutes/CRF_ParachuteDeployedEntity.c	301	301	1	CRF_ParachuteDeployedEntity	
RpcDo_SyncMovement	method	Scripts/Game/Systems/Components/CRF_Parachutes/CRF_ParachuteDeployedEntity.c	315	315	1	CRF_ParachuteDeployedEntity	
EOnFrame	method	Scripts/Game/Systems/Components/CRF_Parachutes/CRF_ParachuteDeployedEntity.c	340	340	1	CRF_ParachuteDeployedEntity	
Lerp	method	Scripts/Game/Systems/Components/CRF_Parachutes/CRF_ParachuteDeployedEntity.c	373	373	1	CRF_ParachuteDeployedEntity	
LerpAngles	method	Scripts/Game/Systems/Components/CRF_Parachutes/CRF_ParachuteDeployedEntity.c	378	378	1	CRF_ParachuteDeployedEntity	
HandleWeather	method	Scripts/Game/Systems/Components/CRF_Parachutes/CRF_ParachuteDeployedEntity.c	395	395	1	CRF_ParachuteDeployedEntity	
CRF_ParachutePlayerComponentClass	class	Scripts/Game/Systems/Components/CRF_Parachutes/CRF_ParachutePlayerComponent.c	1	1	1		ScriptComponentClass
CRF_ParachutePlayerComponent	class	Scripts/Game/Systems/Components/CRF_Parachutes/CRF_ParachutePlayerComponent.c	3	657	655		ScriptComponent
IsAuthority	method	Scripts/Game/Systems/Components/CRF_Parachutes/CRF_ParachutePlayerComponent.c	53	53	1	CRF_ParachutePlayerComponent	
IsOwner	method	Scripts/Game/Systems/Components/CRF_Parachutes/CRF_ParachutePlayerComponent.c	58	58	1	CRF_ParachutePlayerComponent	
IsChuteOwner	method	Scripts/Game/Systems/Components/CRF_Parachutes/CRF_ParachutePlayerComponent.c	63	63	1	CRF_ParachutePlayerComponent	
OnPostInit	method	Scripts/Game/Systems/Components/CRF_Parachutes/CRF_ParachutePlayerComponent.c	71	71	1	CRF_ParachutePlayerComponent	
EOnInit	method	Scripts/Game/Systems/Components/CRF_Parachutes/CRF_ParachutePlayerComponent.c	78	78	1	CRF_ParachutePlayerComponent	
OnDelete	method	Scripts/Game/Systems/Components/CRF_Parachutes/CRF_ParachutePlayerComponent.c	99	99	1	CRF_ParachutePlayerComponent	
EnableDeploymentInput	method	Scripts/Game/Systems/Components/CRF_Parachutes/CRF_ParachutePlayerComponent.c	110	110	1	CRF_ParachutePlayerComponent	
OnPlayerDestroyed	method	Scripts/Game/Systems/Components/CRF_Parachutes/CRF_ParachutePlayerComponent.c	119	119	1	CRF_ParachutePlayerComponent	
OnControlledCharacterChanged	method	Scripts/Game/Systems/Components/CRF_Parachutes/CRF_ParachutePlayerComponent.c	129	129	1	CRF_ParachutePlayerComponent	
FindParachuteInInventory	method	Scripts/Game/Systems/Components/CRF_Parachutes/CRF_ParachutePlayerComponent.c	156	156	1	CRF_ParachutePlayerComponent	
RefreshBackpackReference	method	Scripts/Game/Systems/Components/CRF_Parachutes/CRF_ParachutePlayerComponent.c	181	181	1	CRF_ParachutePlayerComponent	
GetControlledCharacter	method	Scripts/Game/Systems/Components/CRF_Parachutes/CRF_ParachutePlayerComponent.c	191	191	1	CRF_ParachutePlayerComponent	
CanDeployParachute	method	Scripts/Game/Systems/Components/CRF_Parachutes/CRF_ParachutePlayerComponent.c	207	207	1	CRF_ParachutePlayerComponent	
_IsObstacleFound	method	Scripts/Game/Systems/Components/CRF_Parachutes/CRF_ParachutePlayerComponent.c	246	246	1	CRF_ParachutePlayerComponent	
OnJumpPressed	method	Scripts/Game/Systems/Components/CRF_Parachutes/CRF_ParachutePlayerComponent.c	268	268	1	CRF_ParachutePlayerComponent	
Rpc_RequestDeploy	method	Scripts/Game/Systems/Components/CRF_Parachutes/CRF_ParachutePlayerComponent.c	292	292	1	CRF_ParachutePlayerComponent	
QueueEnterChute	method	Scripts/Game/Systems/Components/CRF_Parachutes/CRF_ParachutePlayerComponent.c	370	370	1	CRF_ParachutePlayerComponent	
FindBackpackOnServer	method	Scripts/Game/Systems/Components/CRF_Parachutes/CRF_ParachutePlayerComponent.c	376	376	1	CRF_ParachutePlayerComponent	
TransferChuteOwnership	method	Scripts/Game/Systems/Components/CRF_Parachutes/CRF_ParachutePlayerComponent.c	381	381	1	CRF_ParachutePlayerComponent	
Rpc_InitializeClientChute	method	Scripts/Game/Systems/Components/CRF_Parachutes/CRF_ParachutePlayerComponent.c	396	396	1	CRF_ParachutePlayerComponent	
OnDeployStateChanged	method	Scripts/Game/Systems/Components/CRF_Parachutes/CRF_ParachutePlayerComponent.c	406	406	1	CRF_ParachutePlayerComponent	
TryFindChuteEntity	method	Scripts/Game/Systems/Components/CRF_Parachutes/CRF_ParachutePlayerComponent.c	419	419	1	CRF_ParachutePlayerComponent	
RetryFindChute	method	Scripts/Game/Systems/Components/CRF_Parachutes/CRF_ParachutePlayerComponent.c	463	463	1	CRF_ParachutePlayerComponent	
TryEnterChute	method	Scripts/Game/Systems/Components/CRF_Parachutes/CRF_ParachutePlayerComponent.c	468	468	1	CRF_ParachutePlayerComponent	
RetryEnterChute	method	Scripts/Game/Systems/Components/CRF_Parachutes/CRF_ParachutePlayerComponent.c	552	552	1	CRF_ParachutePlayerComponent	
WaitForChuteOwnership	method	Scripts/Game/Systems/Components/CRF_Parachutes/CRF_ParachutePlayerComponent.c	557	557	1	CRF_ParachutePlayerComponent	
Rpc_RequestExit	method	Scripts/Game/Systems/Components/CRF_Parachutes/CRF_ParachutePlayerComponent.c	578	578	1	CRF_ParachutePlayerComponent	
PlacePlayerSafelyOnGround	method	Scripts/Game/Systems/Components/CRF_Parachutes/CRF_ParachutePlayerComponent.c	602	602	1	CRF_ParachutePlayerComponent	
CheckAndDeleteIfEmpty	method	Scripts/Game/Systems/Components/CRF_Parachutes/CRF_ParachutePlayerComponent.c	619	619	1	CRF_ParachutePlayerComponent	
DeleteChuteEntity	method	Scripts/Game/Systems/Components/CRF_Parachutes/CRF_ParachutePlayerComponent.c	643	643	1	CRF_ParachutePlayerComponent	
Rpc_ConfirmChuteCleared	method	Scripts/Game/Systems/Components/CRF_Parachutes/CRF_ParachutePlayerComponent.c	650	650	1	CRF_ParachutePlayerComponent	
CRF_BushMovementComponentClass	class	Scripts/Game/Systems/Components/Character/CRF_BushMovementComponent.c	1	3	3		ScriptComponentClass
CRF_BushMovementComponent	class	Scripts/Game/Systems/Components/Character/CRF_BushMovementComponent.c	5	117	113		ScriptComponent
RegisterEntity	method	Scripts/Game/Systems/Components/Character/CRF_BushMovementComponent.c	19	19	1	CRF_BushMovementComponent	
UnregisterEntity	method	Scripts/Game/Systems/Components/Character/CRF_BushMovementComponent.c	30	30	1	CRF_BushMovementComponent	
EOnFrame	method	Scripts/Game/Systems/Components/Character/CRF_BushMovementComponent.c	40	40	1	CRF_BushMovementComponent	
IsBush	method	Scripts/Game/Systems/Components/Character/CRF_BushMovementComponent.c	68	68	1	CRF_BushMovementComponent	
BushCheckCallback	method	Scripts/Game/Systems/Components/Character/CRF_BushMovementComponent.c	73	73	1	CRF_BushMovementComponent	
ResetBushEffects	method	Scripts/Game/Systems/Components/Character/CRF_BushMovementComponent.c	92	92	1	CRF_BushMovementComponent	
ApplyBushEffects	method	Scripts/Game/Systems/Components/Character/CRF_BushMovementComponent.c	98	98	1	CRF_BushMovementComponent	
CRF_BushMovementComponent	method	Scripts/Game/Systems/Components/Character/CRF_BushMovementComponent.c	113	113	1	CRF_BushMovementComponent	
CRF_BulletLineComponentClass	class	Scripts/Game/Systems/Components/Entities/CRF_BulletLineComponent.c	1	3	3		ScriptComponentClass
CRF_BulletLineComponent	class	Scripts/Game/Systems/Components/Entities/CRF_BulletLineComponent.c	5	119	115		ScriptComponent
CRF_ObjectSpawnerClass	class	Scripts/Game/Systems/Components/Entities/CRF_ObjectSpawner.c	1	4	4		BaseGameTriggerEntityClass
CRF_ObjectSpawner	class	Scripts/Game/Systems/Components/Entities/CRF_ObjectSpawner.c	6	58	53		BaseGameTriggerEntity
EOnInit	method	Scripts/Game/Systems/Components/Entities/CRF_ObjectSpawner.c	13	13	1	CRF_ObjectSpawner	
_WB_OnKeyChanged	method	Scripts/Game/Systems/Components/Entities/CRF_ObjectSpawner.c	33	33	1	CRF_ObjectSpawner	
_WB_SetTransform	method	Scripts/Game/Systems/Components/Entities/CRF_ObjectSpawner.c	40	40	1	CRF_ObjectSpawner	
UpdateObjectPos	method	Scripts/Game/Systems/Components/Entities/CRF_ObjectSpawner.c	50	50	1	CRF_ObjectSpawner	
CRF_SatchelEntityClass	class	Scripts/Game/Systems/Components/Entities/CRF_SatchelEntity.c	1	1	1		GenericEntityClass
CRF_SatchelEntity	class	Scripts/Game/Systems/Components/Entities/CRF_SatchelEntity.c	3	50	48		GenericEntity
CRF_SatchelEntity	method	Scripts/Game/Systems/Components/Entities/CRF_SatchelEntity.c	9	9	1	CRF_SatchelEntity	
EOnVisible	method	Scripts/Game/Systems/Components/Entities/CRF_SatchelEntity.c	15	15	1	CRF_SatchelEntity	
GetScaleForPrefab	method	Scripts/Game/Systems/Components/Entities/CRF_SatchelEntity.c	29	29	1	CRF_SatchelEntity	
CRF_SupplyArsenalComponentClass	class	Scripts/Game/Systems/Components/Entities/CRF_SupplyArsnealComponent.c	1	3	3		ScriptComponentClass
CRF_SupplyArsenalComponent	class	Scripts/Game/Systems/Components/Entities/CRF_SupplyArsnealComponent.c	5	172	168		ScriptComponent
GetCurrentSupply	method	Scripts/Game/Systems/Components/Entities/CRF_SupplyArsnealComponent.c	24	24	1	CRF_SupplyArsenalComponent	
GetLocalSupplyCounts	method	Scripts/Game/Systems/Components/Entities/CRF_SupplyArsnealComponent.c	31	31	1	CRF_SupplyArsenalComponent	
GetSupplyCounts	method	Scripts/Game/Systems/Components/Entities/CRF_SupplyArsnealComponent.c	43	43	1	CRF_SupplyArsenalComponent	
GetSupplyItems	method	Scripts/Game/Systems/Components/Entities/CRF_SupplyArsnealComponent.c	57	57	1	CRF_SupplyArsenalComponent	
GetLocalEntityArray	method	Scripts/Game/Systems/Components/Entities/CRF_SupplyArsnealComponent.c	71	71	1	CRF_SupplyArsenalComponent	
GetEntityArray	method	Scripts/Game/Systems/Components/Entities/CRF_SupplyArsnealComponent.c	91	91	1	CRF_SupplyArsenalComponent	
UpdateCurrentSupply	method	Scripts/Game/Systems/Components/Entities/CRF_SupplyArsnealComponent.c	118	118	1	CRF_SupplyArsenalComponent	
FindSupplyCallback	method	Scripts/Game/Systems/Components/Entities/CRF_SupplyArsnealComponent.c	144	144	1	CRF_SupplyArsenalComponent	
Quack_SpawnerComponentClass	class	Scripts/Game/Systems/Components/Entities/Quack_Spawner.c	2	4	3		ScriptComponentClass
Quack_SpawnerComponent	class	Scripts/Game/Systems/Components/Entities/Quack_Spawner.c	11	105	95		ScriptComponent
WaitGameStart	method	Scripts/Game/Systems/Components/Entities/Quack_Spawner.c	25	25	1	Quack_SpawnerComponent	
isSafeStartOff	method	Scripts/Game/Systems/Components/Entities/Quack_Spawner.c	39	39	1	Quack_SpawnerComponent	
isGameRunning	method	Scripts/Game/Systems/Components/Entities/Quack_Spawner.c	62	62	1	Quack_SpawnerComponent	
AllRepawner	method	Scripts/Game/Systems/Components/Entities/Quack_Spawner.c	69	69	1	Quack_SpawnerComponent	
EOnFrame	method	Scripts/Game/Systems/Components/Entities/Quack_Spawner.c	82	82	1	Quack_SpawnerComponent	
OnPostInit	method	Scripts/Game/Systems/Components/Entities/Quack_Spawner.c	93	93	1	Quack_SpawnerComponent	
Quack_TimedVehicleTeleComponentClass	class	Scripts/Game/Systems/Components/Entities/Quack_TimedVehicleTele.c	2	4	3		ScriptComponentClass
Quack_TimedVehicleTeleComponent	class	Scripts/Game/Systems/Components/Entities/Quack_TimedVehicleTele.c	6	105	100		ScriptComponent
WaitGameStart	method	Scripts/Game/Systems/Components/Entities/Quack_TimedVehicleTele.c	23	23	1	Quack_TimedVehicleTeleComponent	
isSafeStartOff	method	Scripts/Game/Systems/Components/Entities/Quack_TimedVehicleTele.c	37	37	1	Quack_TimedVehicleTeleComponent	
isGameRunning	method	Scripts/Game/Systems/Components/Entities/Quack_TimedVehicleTele.c	60	60	1	Quack_TimedVehicleTeleComponent	
TeleVehicle	method	Scripts/Game/Systems/Components/Entities/Quack_TimedVehicleTele.c	66	66	1	Quack_TimedVehicleTeleComponent	
EOnFrame	method	Scripts/Game/Systems/Components/Entities/Quack_TimedVehicleTele.c	73	73	1	Quack_TimedVehicleTeleComponent	
EOnInit	method	Scripts/Game/Systems/Components/Entities/Quack_TimedVehicleTele.c	85	85	1	Quack_TimedVehicleTeleComponent	
OnPostInit	method	Scripts/Game/Systems/Components/Entities/Quack_TimedVehicleTele.c	91	91	1	Quack_TimedVehicleTeleComponent	
CRF_EnableLeadersArsenal	class	Scripts/Game/Systems/Components/LeadershipArsenal/CRF_LeadersArsenal.c	2	24	23		SCR_BaseEditorAttribute
ReadVariable	method	Scripts/Game/Systems/Components/LeadershipArsenal/CRF_LeadersArsenal.c	4	4	1	CRF_EnableLeadersArsenal	
WriteVariable	method	Scripts/Game/Systems/Components/LeadershipArsenal/CRF_LeadersArsenal.c	13	13	1	CRF_EnableLeadersArsenal	
SCR_BaseGameMode	modded_class	Scripts/Game/Systems/Components/LeadershipArsenal/CRF_LeadersArsenal.c	26	41	16		
SetLeadersArsenalEnabled	method	Scripts/Game/Systems/Components/LeadershipArsenal/CRF_LeadersArsenal.c	31	31	1	SCR_BaseGameMode	
IsLeadersArsenalEnabled	method	Scripts/Game/Systems/Components/LeadershipArsenal/CRF_LeadersArsenal.c	37	37	1	SCR_BaseGameMode	
CRF_BoundaryStageType	enum	Scripts/Game/Systems/Components/Map/CRF_MapStagingComponent.c	29	34	6		
CRF_BoundaryStageState	enum	Scripts/Game/Systems/Components/Map/CRF_MapStagingComponent.c	36	41	6		
CRF_BoundaryStageData	class	Scripts/Game/Systems/Components/Map/CRF_MapStagingComponent.c	44	85	42		
CRF_MapStagingComponentClass	class	Scripts/Game/Systems/Components/Map/CRF_MapStagingComponent.c	88	88	1		SCR_BaseGameModeComponentClass
CRF_MapStagingComponent	class	Scripts/Game/Systems/Components/Map/CRF_MapStagingComponent.c	90	1144	1055		SCR_BaseGameModeComponent
OnPostInit	method	Scripts/Game/Systems/Components/Map/CRF_MapStagingComponent.c	174	174	1	CRF_MapStagingComponent	
EOnFixedFrame	method	Scripts/Game/Systems/Components/Map/CRF_MapStagingComponent.c	202	202	1	CRF_MapStagingComponent	
InitializeBoundaries	method	Scripts/Game/Systems/Components/Map/CRF_MapStagingComponent.c	215	215	1	CRF_MapStagingComponent	
GetCachedBoundaryEntity	method	Scripts/Game/Systems/Components/Map/CRF_MapStagingComponent.c	314	314	1	CRF_MapStagingComponent	
GetBoundaryTrigger	method	Scripts/Game/Systems/Components/Map/CRF_MapStagingComponent.c	356	356	1	CRF_MapStagingComponent	
MonitorSafestart	method	Scripts/Game/Systems/Components/Map/CRF_MapStagingComponent.c	379	379	1	CRF_MapStagingComponent	
StartStaging	method	Scripts/Game/Systems/Components/Map/CRF_MapStagingComponent.c	411	411	1	CRF_MapStagingComponent	
UpdateStageTimer	method	Scripts/Game/Systems/Components/Map/CRF_MapStagingComponent.c	468	468	1	CRF_MapStagingComponent	
stages	method	Scripts/Game/Systems/Components/Map/CRF_MapStagingComponent.c	506	506	1	CRF_MapStagingComponent	
completion	method	Scripts/Game/Systems/Components/Map/CRF_MapStagingComponent.c	507	507	1	CRF_MapStagingComponent	
ExecuteStage	method	Scripts/Game/Systems/Components/Map/CRF_MapStagingComponent.c	509	509	1	CRF_MapStagingComponent	
StageProgressHandler	method	Scripts/Game/Systems/Components/Map/CRF_MapStagingComponent.c	554	554	1	CRF_MapStagingComponent	
delay	method	Scripts/Game/Systems/Components/Map/CRF_MapStagingComponent.c	589	589	1	CRF_MapStagingComponent	
FinalizeStagingSystem	method	Scripts/Game/Systems/Components/Map/CRF_MapStagingComponent.c	591	591	1	CRF_MapStagingComponent	
ShowMessage	method	Scripts/Game/Systems/Components/Map/CRF_MapStagingComponent.c	606	606	1	CRF_MapStagingComponent	
PlayStageSound	method	Scripts/Game/Systems/Components/Map/CRF_MapStagingComponent.c	634	634	1	CRF_MapStagingComponent	
clients	method	Scripts/Game/Systems/Components/Map/CRF_MapStagingComponent.c	664	664	1	CRF_MapStagingComponent	
UpdateBoundaryVisualState	method	Scripts/Game/Systems/Components/Map/CRF_MapStagingComponent.c	669	669	1	CRF_MapStagingComponent	
updates	method	Scripts/Game/Systems/Components/Map/CRF_MapStagingComponent.c	677	677	1	CRF_MapStagingComponent	
UpdateBoundaryVisualStateLocal	method	Scripts/Game/Systems/Components/Map/CRF_MapStagingComponent.c	681	681	1	CRF_MapStagingComponent	
OnBoundaryStatesChanged	method	Scripts/Game/Systems/Components/Map/CRF_MapStagingComponent.c	805	805	1	CRF_MapStagingComponent	
stage	method	Scripts/Game/Systems/Components/Map/CRF_MapStagingComponent.c	839	839	1	CRF_MapStagingComponent	
sequence	method	Scripts/Game/Systems/Components/Map/CRF_MapStagingComponent.c	840	840	1	CRF_MapStagingComponent	
ApplyBoundaryAction	method	Scripts/Game/Systems/Components/Map/CRF_MapStagingComponent.c	843	843	1	CRF_MapStagingComponent	
execute	method	Scripts/Game/Systems/Components/Map/CRF_MapStagingComponent.c	978	978	1	CRF_MapStagingComponent	
ExecuteStaging	method	Scripts/Game/Systems/Components/Map/CRF_MapStagingComponent.c	986	986	1	CRF_MapStagingComponent	
ExecuteStaging	method	Scripts/Game/Systems/Components/Map/CRF_MapStagingComponent.c	989	989	1	CRF_MapStagingComponent	
ExecuteStaging	method	Scripts/Game/Systems/Components/Map/CRF_MapStagingComponent.c	992	992	1	CRF_MapStagingComponent	
ExecuteStaging	method	Scripts/Game/Systems/Components/Map/CRF_MapStagingComponent.c	994	994	1	CRF_MapStagingComponent	
from	method	Scripts/Game/Systems/Components/Map/CRF_MapStagingComponent.c	1049	1049	1	CRF_MapStagingComponent	
ExecuteStagingSequence	method	Scripts/Game/Systems/Components/Map/CRF_MapStagingComponent.c	1055	1055	1	CRF_MapStagingComponent	
ExecuteStagingSequence	method	Scripts/Game/Systems/Components/Map/CRF_MapStagingComponent.c	1058	1058	1	CRF_MapStagingComponent	
ExecuteStagingSequence	method	Scripts/Game/Systems/Components/Map/CRF_MapStagingComponent.c	1060	1060	1	CRF_MapStagingComponent	
BeginStaging	method	Scripts/Game/Systems/Components/Map/CRF_MapStagingComponent.c	1095	1095	1	CRF_MapStagingComponent	
BeginStaging	method	Scripts/Game/Systems/Components/Map/CRF_MapStagingComponent.c	1097	1097	1	CRF_MapStagingComponent	
StopStaging	method	Scripts/Game/Systems/Components/Map/CRF_MapStagingComponent.c	1121	1121	1	CRF_MapStagingComponent	
StopStaging	method	Scripts/Game/Systems/Components/Map/CRF_MapStagingComponent.c	1123	1123	1	CRF_MapStagingComponent	
CRF_MapStagingComponentDisplay	class	Scripts/Game/Systems/Components/Map/CRF_MapStagingComponent_Display.c	8	284	277		SCR_InfoDisplayExtended
DisplayUpdate	method	Scripts/Game/Systems/Components/Map/CRF_MapStagingComponent_Display.c	52	52	1	CRF_MapStagingComponentDisplay	
HideDisplay	method	Scripts/Game/Systems/Components/Map/CRF_MapStagingComponent_Display.c	131	131	1	CRF_MapStagingComponentDisplay	
UpdateStageText	method	Scripts/Game/Systems/Components/Map/CRF_MapStagingComponent_Display.c	144	144	1	CRF_MapStagingComponentDisplay	
UpdateTimer	method	Scripts/Game/Systems/Components/Map/CRF_MapStagingComponent_Display.c	158	158	1	CRF_MapStagingComponentDisplay	
UpdateAnimations	method	Scripts/Game/Systems/Components/Map/CRF_MapStagingComponent_Display.c	235	235	1	CRF_MapStagingComponentDisplay	
SCR_MapCursorModuleUnretatrded	class	Scripts/Game/Systems/Components/Map/MapUnretarded.c	2	51	50		SCR_MapCursorModule
OnInputZoomWheelUp	method	Scripts/Game/Systems/Components/Map/MapUnretarded.c	6	6	1	SCR_MapCursorModuleUnretatrded	
OnInputZoomWheelDown	method	Scripts/Game/Systems/Components/Map/MapUnretarded.c	30	30	1	SCR_MapCursorModuleUnretatrded	
CRF_NukeSpawnerClass	class	Scripts/Game/Systems/Components/Nuke/CRF_NukeSpawner.c	1	4	4		BaseGameTriggerEntityClass
CRF_NukeSpawner	class	Scripts/Game/Systems/Components/Nuke/CRF_NukeSpawner.c	6	58	53		BaseGameTriggerEntity
SpawnNuke	method	Scripts/Game/Systems/Components/Nuke/CRF_NukeSpawner.c	8	8	1	CRF_NukeSpawner	
SpawnNukeSound	method	Scripts/Game/Systems/Components/Nuke/CRF_NukeSpawner.c	23	23	1	CRF_NukeSpawner	
CleanUpSoundObject	method	Scripts/Game/Systems/Components/Nuke/CRF_NukeSpawner.c	42	42	1	CRF_NukeSpawner	
EOnInit	method	Scripts/Game/Systems/Components/Nuke/CRF_NukeSpawner.c	47	47	1	CRF_NukeSpawner	
CRF_Rallypoint_BuildingCompositionComponentClass	class	Scripts/Game/Systems/Components/RallyPoints/CRF_Rallypoint_BuildingCompositionComponent.c	2	4	3		SCR_CampaignBuildingCompositionComponentClass
CRF_Rallypoint_BuildingCompositionComponent	class	Scripts/Game/Systems/Components/RallyPoints/CRF_Rallypoint_BuildingCompositionComponent.c	7	25	19		SCR_CampaignBuildingCompositionComponent
SetIsCompositionSpawned	method	Scripts/Game/Systems/Components/RallyPoints/CRF_Rallypoint_BuildingCompositionComponent.c	14	14	1	CRF_Rallypoint_BuildingCompositionComponent	
CRF_SightArsenalAction	class	Scripts/Game/Systems/Components/SightArsenal/CRF_SightArsenalAction.c	1	38	38		ScriptedUserAction
Init	method	Scripts/Game/Systems/Components/SightArsenal/CRF_SightArsenalAction.c	8	8	1	CRF_SightArsenalAction	
PerformAction	method	Scripts/Game/Systems/Components/SightArsenal/CRF_SightArsenalAction.c	14	14	1	CRF_SightArsenalAction	
CanBeShownScript	method	Scripts/Game/Systems/Components/SightArsenal/CRF_SightArsenalAction.c	20	20	1	CRF_SightArsenalAction	
HasLocalEffectOnlyScript	method	Scripts/Game/Systems/Components/SightArsenal/CRF_SightArsenalAction.c	34	34	1	CRF_SightArsenalAction	
CRF_VehicleArsenalAction	class	Scripts/Game/Systems/Components/SightArsenal/CRF_VehicleArsenalAction.c	1	79	79		ScriptedUserAction
Init	method	Scripts/Game/Systems/Components/SightArsenal/CRF_VehicleArsenalAction.c	6	6	1	CRF_VehicleArsenalAction	
PerformAction	method	Scripts/Game/Systems/Components/SightArsenal/CRF_VehicleArsenalAction.c	12	12	1	CRF_VehicleArsenalAction	
CanBePerformedScript	method	Scripts/Game/Systems/Components/SightArsenal/CRF_VehicleArsenalAction.c	23	23	1	CRF_VehicleArsenalAction	
GetActionNameScript	method	Scripts/Game/Systems/Components/SightArsenal/CRF_VehicleArsenalAction.c	38	38	1	CRF_VehicleArsenalAction	
CanBeShownScript	method	Scripts/Game/Systems/Components/SightArsenal/CRF_VehicleArsenalAction.c	44	44	1	CRF_VehicleArsenalAction	
HasLocalEffectOnlyScript	method	Scripts/Game/Systems/Components/SightArsenal/CRF_VehicleArsenalAction.c	49	49	1	CRF_VehicleArsenalAction	
GetNearestVehicle	method	Scripts/Game/Systems/Components/SightArsenal/CRF_VehicleArsenalAction.c	54	54	1	CRF_VehicleArsenalAction	
FindTruckCallback	method	Scripts/Game/Systems/Components/SightArsenal/CRF_VehicleArsenalAction.c	61	61	1	CRF_VehicleArsenalAction	
CRF_VehicleRearmAction	class	Scripts/Game/Systems/Components/SightArsenal/CRF_VehicleRearmAction.c	1	79	79		ScriptedUserAction
Init	method	Scripts/Game/Systems/Components/SightArsenal/CRF_VehicleRearmAction.c	6	6	1	CRF_VehicleRearmAction	
PerformAction	method	Scripts/Game/Systems/Components/SightArsenal/CRF_VehicleRearmAction.c	12	12	1	CRF_VehicleRearmAction	
CanBePerformedScript	method	Scripts/Game/Systems/Components/SightArsenal/CRF_VehicleRearmAction.c	23	23	1	CRF_VehicleRearmAction	
GetActionNameScript	method	Scripts/Game/Systems/Components/SightArsenal/CRF_VehicleRearmAction.c	38	38	1	CRF_VehicleRearmAction	
CanBeShownScript	method	Scripts/Game/Systems/Components/SightArsenal/CRF_VehicleRearmAction.c	44	44	1	CRF_VehicleRearmAction	
HasLocalEffectOnlyScript	method	Scripts/Game/Systems/Components/SightArsenal/CRF_VehicleRearmAction.c	49	49	1	CRF_VehicleRearmAction	
GetNearestVehicle	method	Scripts/Game/Systems/Components/SightArsenal/CRF_VehicleRearmAction.c	54	54	1	CRF_VehicleRearmAction	
FindTruckCallback	method	Scripts/Game/Systems/Components/SightArsenal/CRF_VehicleRearmAction.c	61	61	1	CRF_VehicleRearmAction	
CRF_DepotSpawnAction	class	Scripts/Game/Systems/Components/VehicleDepot/CRF_DepotSpawnAction.c	4	239	236		ScriptedUserAction
DebugPrint	method	Scripts/Game/Systems/Components/VehicleDepot/CRF_DepotSpawnAction.c	24	24	1	CRF_DepotSpawnAction	
Init	method	Scripts/Game/Systems/Components/VehicleDepot/CRF_DepotSpawnAction.c	41	41	1	CRF_DepotSpawnAction	
PerformAction	method	Scripts/Game/Systems/Components/VehicleDepot/CRF_DepotSpawnAction.c	80	80	1	CRF_DepotSpawnAction	
GetActionNameScript	method	Scripts/Game/Systems/Components/VehicleDepot/CRF_DepotSpawnAction.c	155	155	1	CRF_DepotSpawnAction	
CanBeShownScript	method	Scripts/Game/Systems/Components/VehicleDepot/CRF_DepotSpawnAction.c	209	209	1	CRF_DepotSpawnAction	
CanBePerformedScript	method	Scripts/Game/Systems/Components/VehicleDepot/CRF_DepotSpawnAction.c	218	218	1	CRF_DepotSpawnAction	
HasLocalEffectOnlyScript	method	Scripts/Game/Systems/Components/VehicleDepot/CRF_DepotSpawnAction.c	229	229	1	CRF_DepotSpawnAction	
CanBroadcastScript	method	Scripts/Game/Systems/Components/VehicleDepot/CRF_DepotSpawnAction.c	235	235	1	CRF_DepotSpawnAction	
CRF_VehicleDepotClass	class	Scripts/Game/Systems/Components/VehicleDepot/CRF_VehicleDepot.c	8	10	3		ScriptComponentClass
CRF_EVehicleDepotCostType	enum	Scripts/Game/Systems/Components/VehicleDepot/CRF_VehicleDepot.c	13	18	6		
CRF_EVehicleDepotSpawnPattern	enum	Scripts/Game/Systems/Components/VehicleDepot/CRF_VehicleDepot.c	21	26	6		
CRF_VehicleDepotVehicle	class	Scripts/Game/Systems/Components/VehicleDepot/CRF_VehicleDepot.c	30	43	14		
CRF_VehicleDepot	class	Scripts/Game/Systems/Components/VehicleDepot/CRF_VehicleDepot.c	46	1404	1359		ScriptComponent
OnPostInit	method	Scripts/Game/Systems/Components/VehicleDepot/CRF_VehicleDepot.c	134	134	1	CRF_VehicleDepot	
EOnInit	method	Scripts/Game/Systems/Components/VehicleDepot/CRF_VehicleDepot.c	177	177	1	CRF_VehicleDepot	
InitializeSpawnPositions	method	Scripts/Game/Systems/Components/VehicleDepot/CRF_VehicleDepot.c	186	186	1	CRF_VehicleDepot	
InitializeVehicleUses	method	Scripts/Game/Systems/Components/VehicleDepot/CRF_VehicleDepot.c	199	199	1	CRF_VehicleDepot	
GetUsesArrayIndex	method	Scripts/Game/Systems/Components/VehicleDepot/CRF_VehicleDepot.c	238	238	1	CRF_VehicleDepot	
UpdateAggregatedSupplies	method	Scripts/Game/Systems/Components/VehicleDepot/CRF_VehicleDepot.c	261	261	1	CRF_VehicleDepot	
NotifyPlayerViewing	method	Scripts/Game/Systems/Components/VehicleDepot/CRF_VehicleDepot.c	282	282	1	CRF_VehicleDepot	
HasSupplyDependentVehicles	method	Scripts/Game/Systems/Components/VehicleDepot/CRF_VehicleDepot.c	316	316	1	CRF_VehicleDepot	
GetVehicles	method	Scripts/Game/Systems/Components/VehicleDepot/CRF_VehicleDepot.c	332	332	1	CRF_VehicleDepot	
GetDepotName	method	Scripts/Game/Systems/Components/VehicleDepot/CRF_VehicleDepot.c	339	339	1	CRF_VehicleDepot	
CanAffordVehicle	method	Scripts/Game/Systems/Components/VehicleDepot/CRF_VehicleDepot.c	347	347	1	CRF_VehicleDepot	
HasRequiredLeadershipRole	method	Scripts/Game/Systems/Components/VehicleDepot/CRF_VehicleDepot.c	377	377	1	CRF_VehicleDepot	
CanAffordTickets	method	Scripts/Game/Systems/Components/VehicleDepot/CRF_VehicleDepot.c	410	410	1	CRF_VehicleDepot	
CanAffordSupplies	method	Scripts/Game/Systems/Components/VehicleDepot/CRF_VehicleDepot.c	435	435	1	CRF_VehicleDepot	
GetLiveAggregatedSupplies	method	Scripts/Game/Systems/Components/VehicleDepot/CRF_VehicleDepot.c	450	450	1	CRF_VehicleDepot	
CanAffordUses	method	Scripts/Game/Systems/Components/VehicleDepot/CRF_VehicleDepot.c	505	505	1	CRF_VehicleDepot	
GetVehicleUsesRemaining	method	Scripts/Game/Systems/Components/VehicleDepot/CRF_VehicleDepot.c	532	532	1	CRF_VehicleDepot	
GetRemainingTickets	method	Scripts/Game/Systems/Components/VehicleDepot/CRF_VehicleDepot.c	546	546	1	CRF_VehicleDepot	
GetAggregatedSupplies	method	Scripts/Game/Systems/Components/VehicleDepot/CRF_VehicleDepot.c	570	570	1	CRF_VehicleDepot	
QueryEntitiesCallback	method	Scripts/Game/Systems/Components/VehicleDepot/CRF_VehicleDepot.c	578	578	1	CRF_VehicleDepot	
DeductCost	method	Scripts/Game/Systems/Components/VehicleDepot/CRF_VehicleDepot.c	594	594	1	CRF_VehicleDepot	
DeductTickets	method	Scripts/Game/Systems/Components/VehicleDepot/CRF_VehicleDepot.c	619	619	1	CRF_VehicleDepot	
DeductSupplies	method	Scripts/Game/Systems/Components/VehicleDepot/CRF_VehicleDepot.c	639	639	1	CRF_VehicleDepot	
DeductUses	method	Scripts/Game/Systems/Components/VehicleDepot/CRF_VehicleDepot.c	701	701	1	CRF_VehicleDepot	
SpawnVehicle	method	Scripts/Game/Systems/Components/VehicleDepot/CRF_VehicleDepot.c	741	741	1	CRF_VehicleDepot	
FindSpawnPosition	method	Scripts/Game/Systems/Components/VehicleDepot/CRF_VehicleDepot.c	871	871	1	CRF_VehicleDepot	
CacheSpawnPositions	method	Scripts/Game/Systems/Components/VehicleDepot/CRF_VehicleDepot.c	926	926	1	CRF_VehicleDepot	
CalculateSpawnPosition	method	Scripts/Game/Systems/Components/VehicleDepot/CRF_VehicleDepot.c	969	969	1	CRF_VehicleDepot	
InvalidateSpawnCache	method	Scripts/Game/Systems/Components/VehicleDepot/CRF_VehicleDepot.c	1028	1028	1	CRF_VehicleDepot	
RecalculateSpawnPositions	method	Scripts/Game/Systems/Components/VehicleDepot/CRF_VehicleDepot.c	1040	1040	1	CRF_VehicleDepot	
IsPositionClear	method	Scripts/Game/Systems/Components/VehicleDepot/CRF_VehicleDepot.c	1050	1050	1	CRF_VehicleDepot	
CheckEntityCallback	method	Scripts/Game/Systems/Components/VehicleDepot/CRF_VehicleDepot.c	1069	1069	1	CRF_VehicleDepot	
RPC_ShowNotification	method	Scripts/Game/Systems/Components/VehicleDepot/CRF_VehicleDepot.c	1125	1125	1	CRF_VehicleDepot	
GetActionText	method	Scripts/Game/Systems/Components/VehicleDepot/CRF_VehicleDepot.c	1146	1146	1	CRF_VehicleDepot	
GetCostInfoText	method	Scripts/Game/Systems/Components/VehicleDepot/CRF_VehicleDepot.c	1159	1159	1	CRF_VehicleDepot	
GenerateActionText	method	Scripts/Game/Systems/Components/VehicleDepot/CRF_VehicleDepot.c	1183	1183	1	CRF_VehicleDepot	
player	method	Scripts/Game/Systems/Components/VehicleDepot/CRF_VehicleDepot.c	1254	1254	1	CRF_VehicleDepot	
ShowNotificationToPlayer	method	Scripts/Game/Systems/Components/VehicleDepot/CRF_VehicleDepot.c	1256	1256	1	CRF_VehicleDepot	
DebugPrint	method	Scripts/Game/Systems/Components/VehicleDepot/CRF_VehicleDepot.c	1286	1286	1	CRF_VehicleDepot	
_WB_AfterWorldUpdate	method	Scripts/Game/Systems/Components/VehicleDepot/CRF_VehicleDepot.c	1297	1297	1	CRF_VehicleDepot	
CreateDebugShapes	method	Scripts/Game/Systems/Components/VehicleDepot/CRF_VehicleDepot.c	1312	1312	1	CRF_VehicleDepot	
ClearDebugShapes	method	Scripts/Game/Systems/Components/VehicleDepot/CRF_VehicleDepot.c	1383	1383	1	CRF_VehicleDepot	
RefreshDebugShapes	method	Scripts/Game/Systems/Components/VehicleDepot/CRF_VehicleDepot.c	1395	1395	1	CRF_VehicleDepot	
CRF_CacheCreateAction	class	Scripts/Game/Systems/Components/VehicleSpawning/CRF_CacheCreateAction.c	1	54	54		ScriptedUserAction
Init	method	Scripts/Game/Systems/Components/VehicleSpawning/CRF_CacheCreateAction.c	6	6	1	CRF_CacheCreateAction	
PerformAction	method	Scripts/Game/Systems/Components/VehicleSpawning/CRF_CacheCreateAction.c	12	12	1	CRF_CacheCreateAction	
GetActionNameScript	method	Scripts/Game/Systems/Components/VehicleSpawning/CRF_CacheCreateAction.c	39	39	1	CRF_CacheCreateAction	
CanBeShownScript	method	Scripts/Game/Systems/Components/VehicleSpawning/CRF_CacheCreateAction.c	45	45	1	CRF_CacheCreateAction	
HasLocalEffectOnlyScript	method	Scripts/Game/Systems/Components/VehicleSpawning/CRF_CacheCreateAction.c	50	50	1	CRF_CacheCreateAction	
CRF_VehicleSpawnerClass	class	Scripts/Game/Systems/Components/VehicleSpawning/CRF_VehicleSpawner.c	1	4	4		BaseGameTriggerEntityClass
CRF_VehicleSpawner	class	Scripts/Game/Systems/Components/VehicleSpawning/CRF_VehicleSpawner.c	6	124	119		BaseGameTriggerEntity
EOnInit	method	Scripts/Game/Systems/Components/VehicleSpawning/CRF_VehicleSpawner.c	41	41	1	CRF_VehicleSpawner	
EOnFrame	method	Scripts/Game/Systems/Components/VehicleSpawning/CRF_VehicleSpawner.c	68	68	1	CRF_VehicleSpawner	
StartRespawnTimer	method	Scripts/Game/Systems/Components/VehicleSpawning/CRF_VehicleSpawner.c	85	85	1	CRF_VehicleSpawner	
_WB_OnKeyChanged	method	Scripts/Game/Systems/Components/VehicleSpawning/CRF_VehicleSpawner.c	92	92	1	CRF_VehicleSpawner	
_WB_SetTransform	method	Scripts/Game/Systems/Components/VehicleSpawning/CRF_VehicleSpawner.c	99	99	1	CRF_VehicleSpawner	
UpdateVehiclePos	method	Scripts/Game/Systems/Components/VehicleSpawning/CRF_VehicleSpawner.c	109	109	1	CRF_VehicleSpawner	
CRF_VehicleSpawner	method	Scripts/Game/Systems/Components/VehicleSpawning/CRF_VehicleSpawner.c	118	118	1	CRF_VehicleSpawner	
CRF_EGearRole	enum	Scripts/Game/Systems/Core/Containers & Configs/CRF_Enums.c	19	72	54		
CRF_ESlotUpdateField	enum	Scripts/Game/Systems/Core/Containers & Configs/CRF_Enums.c	77	85	9		
CRF_EGearscriptClothing	enum	Scripts/Game/Systems/Core/Containers & Configs/CRF_Enums.c	91	112	22		
CRF_EGearscriptWeapons	enum	Scripts/Game/Systems/Core/Containers & Configs/CRF_Enums.c	118	132	15		
CRF_EGearscriptMagazines	enum	Scripts/Game/Systems/Core/Containers & Configs/CRF_Enums.c	139	153	15		
CRF_EGearscriptItems	enum	Scripts/Game/Systems/Core/Containers & Configs/CRF_Enums.c	160	168	9		
CRF_EFactions	enum	Scripts/Game/Systems/Core/Containers & Configs/CRF_Enums.c	201	207	7		
CRF_EGamemodeState	enum	Scripts/Game/Systems/Core/Containers & Configs/CRF_Enums.c	213	219	7		
CRF_ESlottingState	enum	Scripts/Game/Systems/Core/Containers & Configs/CRF_Enums.c	221	226	6		
CRF_EFlagType	enum	Scripts/Game/Systems/Core/Containers & Configs/CRF_Enums.c	232	258	27		
CRF_ESlotType	enum	Scripts/Game/Systems/Core/Containers & Configs/CRF_Enums.c	264	273	10		
CRF_EPolyZoneEffectHUDType	enum	Scripts/Game/Systems/Core/Containers & Configs/CRF_Enums.c	279	286	8		
CRF_EVehicleGearScriptType	enum	Scripts/Game/Systems/Core/Containers & Configs/CRF_Enums.c	291	309	19		
CRF_GearScriptContainer	class	Scripts/Game/Systems/Core/Containers & Configs/Configs/CRF_GearscriptConfig.c	6	76	71		
CRF_SimplifiedGearScriptContainer	class	Scripts/Game/Systems/Core/Containers & Configs/Configs/CRF_GearscriptConfig.c	81	100	20		
CRF_GearScriptConfig	class	Scripts/Game/Systems/Core/Containers & Configs/Configs/CRF_GearscriptConfig.c	107	174	68		
CRF_Base_Weapon_Class	class	Scripts/Game/Systems/Core/Containers & Configs/Configs/CRF_GearscriptConfig.c	180	187	8		
CRF_Weapon_Class	class	Scripts/Game/Systems/Core/Containers & Configs/Configs/CRF_GearscriptConfig.c	191	195	5		CRF_Base_Weapon_Class
CRF_Spec_Weapon_Class	class	Scripts/Game/Systems/Core/Containers & Configs/Configs/CRF_GearscriptConfig.c	199	203	5		CRF_Base_Weapon_Class
CRF_Magazine_Class	class	Scripts/Game/Systems/Core/Containers & Configs/Configs/CRF_GearscriptConfig.c	207	214	8		
CRF_Spec_Magazine_Class	class	Scripts/Game/Systems/Core/Containers & Configs/Configs/CRF_GearscriptConfig.c	218	222	5		CRF_Magazine_Class
CRF_Inventory_Item	class	Scripts/Game/Systems/Core/Containers & Configs/Configs/CRF_GearscriptConfig.c	229	236	8		
CRF_Clothing	class	Scripts/Game/Systems/Core/Containers & Configs/Configs/CRF_GearscriptConfig.c	243	250	8		
CRF_Role_Custom_Gear	class	Scripts/Game/Systems/Core/Containers & Configs/Configs/CRF_GearscriptConfig.c	258	280	23		
CRF_CharacterIdentity	class	Scripts/Game/Systems/Core/Containers & Configs/Configs/CRF_GearscriptConfig.c	287	294	8		
CRF_Character_Visual_Identity	class	Scripts/Game/Systems/Core/Containers & Configs/Configs/CRF_GearscriptConfig.c	298	305	8		
CRF_Character_Sound_Identity	class	Scripts/Game/Systems/Core/Containers & Configs/Configs/CRF_GearscriptConfig.c	309	316	8		
CRF_SightArsenalConfig	class	Scripts/Game/Systems/Core/Containers & Configs/Configs/CRF_GearscriptConfig.c	320	324	5		
CRF_MissionDescriptor	class	Scripts/Game/Systems/Core/Containers & Configs/Configs/CRF_MissionDescriptor.c	5	18	14		
CRF_RolesConfig	class	Scripts/Game/Systems/Core/Containers & Configs/Configs/CRF_RoleConfig.c	2	29	28		
GetRoleConfigArray	method	Scripts/Game/Systems/Core/Containers & Configs/Configs/CRF_RoleConfig.c	9	9	1	CRF_RolesConfig	
GetRoleConfigMap	method	Scripts/Game/Systems/Core/Containers & Configs/Configs/CRF_RoleConfig.c	14	14	1	CRF_RolesConfig	
FindRoleConfig	method	Scripts/Game/Systems/Core/Containers & Configs/Configs/CRF_RoleConfig.c	19	19	1	CRF_RolesConfig	
CRF_RolesConfig	method	Scripts/Game/Systems/Core/Containers & Configs/Configs/CRF_RoleConfig.c	24	24	1	CRF_RolesConfig	
CRF_RoleConfig	class	Scripts/Game/Systems/Core/Containers & Configs/Configs/CRF_RoleConfig.c	33	61	29		
CRF_SlottingGroup	class	Scripts/Game/Systems/Core/Containers & Configs/Configs/CRF_SlottingConfig.c	3	13	11		
CRF_VehicleGearscriptConfig	class	Scripts/Game/Systems/Core/Containers & Configs/Configs/CRF_VehicleGearscriptConfig.c	2	24	23		
CRF_VehicleGearscriptOverride	class	Scripts/Game/Systems/Core/Containers & Configs/Configs/CRF_VehicleGearscriptConfig.c	27	34	8		
CRF_VehicleGearScriptAdditionalItem	class	Scripts/Game/Systems/Core/Containers & Configs/Configs/CRF_VehicleGearscriptConfig.c	37	47	11		
CRF_VehicleGearScriptLoadout	class	Scripts/Game/Systems/Core/Containers & Configs/Configs/CRF_VehicleGearscriptConfig.c	50	54	5		
CRF_BugReportConfig	class	Scripts/Game/Systems/Core/Containers & Configs/JSON/CRF_BugReportConfig.c	1	63	63		
LoadConfig	method	Scripts/Game/Systems/Core/Containers & Configs/JSON/CRF_BugReportConfig.c	7	7	1	CRF_BugReportConfig	
SaveConfig	method	Scripts/Game/Systems/Core/Containers & Configs/JSON/CRF_BugReportConfig.c	35	35	1	CRF_BugReportConfig	
GetToken	method	Scripts/Game/Systems/Core/Containers & Configs/JSON/CRF_BugReportConfig.c	47	47	1	CRF_BugReportConfig	
GetRepo	method	Scripts/Game/Systems/Core/Containers & Configs/JSON/CRF_BugReportConfig.c	56	56	1	CRF_BugReportConfig	
CRF_BugReportConfigStruct	class	Scripts/Game/Systems/Core/Containers & Configs/JSON/CRF_BugReportConfig.c	65	76	12		
SetDefaultValue	method	Scripts/Game/Systems/Core/Containers & Configs/JSON/CRF_BugReportConfig.c	70	70	1	CRF_BugReportConfigStruct	
CRF_DonatorConfig	class	Scripts/Game/Systems/Core/Containers & Configs/JSON/CRF_DonatorConfig.c	1	58	58		
LoadConfig	method	Scripts/Game/Systems/Core/Containers & Configs/JSON/CRF_DonatorConfig.c	7	7	1	CRF_DonatorConfig	
SaveConfig	method	Scripts/Game/Systems/Core/Containers & Configs/JSON/CRF_DonatorConfig.c	35	35	1	CRF_DonatorConfig	
IsDonator	method	Scripts/Game/Systems/Core/Containers & Configs/JSON/CRF_DonatorConfig.c	47	47	1	CRF_DonatorConfig	
CRF_DonatorConfigStruct	class	Scripts/Game/Systems/Core/Containers & Configs/JSON/CRF_DonatorConfig.c	60	70	11		
SetDefaultValue	method	Scripts/Game/Systems/Core/Containers & Configs/JSON/CRF_DonatorConfig.c	65	65	1	CRF_DonatorConfigStruct	
CRF_ModeratorConfig	class	Scripts/Game/Systems/Core/Containers & Configs/JSON/CRF_ModeratorConfig.c	1	58	58		
LoadConfig	method	Scripts/Game/Systems/Core/Containers & Configs/JSON/CRF_ModeratorConfig.c	7	7	1	CRF_ModeratorConfig	
SaveConfig	method	Scripts/Game/Systems/Core/Containers & Configs/JSON/CRF_ModeratorConfig.c	35	35	1	CRF_ModeratorConfig	
IsModerator	method	Scripts/Game/Systems/Core/Containers & Configs/JSON/CRF_ModeratorConfig.c	47	47	1	CRF_ModeratorConfig	
CRF_ModeratorConfigStruct	class	Scripts/Game/Systems/Core/Containers & Configs/JSON/CRF_ModeratorConfig.c	60	70	11		
SetDefaultValue	method	Scripts/Game/Systems/Core/Containers & Configs/JSON/CRF_ModeratorConfig.c	65	65	1	CRF_ModeratorConfigStruct	
CRF_SlotData	class	Scripts/Game/Systems/Core/Containers & Configs/Replicable Containers/CRF_SlotData.c	1	401	401		
DataUpdate	method	Scripts/Game/Systems/Core/Containers & Configs/Replicable Containers/CRF_SlotData.c	27	27	1	CRF_SlotData	
GetOnDataUpdate	method	Scripts/Game/Systems/Core/Containers & Configs/Replicable Containers/CRF_SlotData.c	49	49	1	CRF_SlotData	
SetSlotId	method	Scripts/Game/Systems/Core/Containers & Configs/Replicable Containers/CRF_SlotData.c	62	62	1	CRF_SlotData	
SetSlotCurrentPlayerId	method	Scripts/Game/Systems/Core/Containers & Configs/Replicable Containers/CRF_SlotData.c	68	68	1	CRF_SlotData	
SetSlotCurrentGroup	method	Scripts/Game/Systems/Core/Containers & Configs/Replicable Containers/CRF_SlotData.c	81	81	1	CRF_SlotData	
SetSlotCurrentCharacter	method	Scripts/Game/Systems/Core/Containers & Configs/Replicable Containers/CRF_SlotData.c	91	91	1	CRF_SlotData	
SetSlotFactionKey	method	Scripts/Game/Systems/Core/Containers & Configs/Replicable Containers/CRF_SlotData.c	101	101	1	CRF_SlotData	
SetSlotFactionEnum	method	Scripts/Game/Systems/Core/Containers & Configs/Replicable Containers/CRF_SlotData.c	120	120	1	CRF_SlotData	
SetIsLockedSlot	method	Scripts/Game/Systems/Core/Containers & Configs/Replicable Containers/CRF_SlotData.c	130	130	1	CRF_SlotData	
SetIsDeadSlot	method	Scripts/Game/Systems/Core/Containers & Configs/Replicable Containers/CRF_SlotData.c	140	140	1	CRF_SlotData	
SetSlotRole	method	Scripts/Game/Systems/Core/Containers & Configs/Replicable Containers/CRF_SlotData.c	150	150	1	CRF_SlotData	
GetSlotId	method	Scripts/Game/Systems/Core/Containers & Configs/Replicable Containers/CRF_SlotData.c	164	164	1	CRF_SlotData	
GetSlotCurrentPlayerId	method	Scripts/Game/Systems/Core/Containers & Configs/Replicable Containers/CRF_SlotData.c	170	170	1	CRF_SlotData	
GetSlotCurrentGroup	method	Scripts/Game/Systems/Core/Containers & Configs/Replicable Containers/CRF_SlotData.c	176	176	1	CRF_SlotData	
GetSlotCurrentCharacter	method	Scripts/Game/Systems/Core/Containers & Configs/Replicable Containers/CRF_SlotData.c	185	185	1	CRF_SlotData	
GetSlotFactionKey	method	Scripts/Game/Systems/Core/Containers & Configs/Replicable Containers/CRF_SlotData.c	194	194	1	CRF_SlotData	
GetSlotFactionEnum	method	Scripts/Game/Systems/Core/Containers & Configs/Replicable Containers/CRF_SlotData.c	209	209	1	CRF_SlotData	
GetIsLockedSlot	method	Scripts/Game/Systems/Core/Containers & Configs/Replicable Containers/CRF_SlotData.c	215	215	1	CRF_SlotData	
GetIsDeadSlot	method	Scripts/Game/Systems/Core/Containers & Configs/Replicable Containers/CRF_SlotData.c	221	221	1	CRF_SlotData	
GetSlotRole	method	Scripts/Game/Systems/Core/Containers & Configs/Replicable Containers/CRF_SlotData.c	227	227	1	CRF_SlotData	
GetSlotName	method	Scripts/Game/Systems/Core/Containers & Configs/Replicable Containers/CRF_SlotData.c	233	233	1	CRF_SlotData	
GetSlotType	method	Scripts/Game/Systems/Core/Containers & Configs/Replicable Containers/CRF_SlotData.c	244	244	1	CRF_SlotData	
GetSlotIconResource	method	Scripts/Game/Systems/Core/Containers & Configs/Replicable Containers/CRF_SlotData.c	250	250	1	CRF_SlotData	
GetSlotResource	method	Scripts/Game/Systems/Core/Containers & Configs/Replicable Containers/CRF_SlotData.c	256	256	1	CRF_SlotData	
GetCustomRoleName	method	Scripts/Game/Systems/Core/Containers & Configs/Replicable Containers/CRF_SlotData.c	266	266	1	CRF_SlotData	
Save	method	Scripts/Game/Systems/Core/Containers & Configs/Replicable Containers/CRF_SlotData.c	296	296	1	CRF_SlotData	
Load	method	Scripts/Game/Systems/Core/Containers & Configs/Replicable Containers/CRF_SlotData.c	309	309	1	CRF_SlotData	
Extract	method	Scripts/Game/Systems/Core/Containers & Configs/Replicable Containers/CRF_SlotData.c	322	322	1	CRF_SlotData	
Inject	method	Scripts/Game/Systems/Core/Containers & Configs/Replicable Containers/CRF_SlotData.c	336	336	1	CRF_SlotData	
Encode	method	Scripts/Game/Systems/Core/Containers & Configs/Replicable Containers/CRF_SlotData.c	350	350	1	CRF_SlotData	
Decode	method	Scripts/Game/Systems/Core/Containers & Configs/Replicable Containers/CRF_SlotData.c	363	363	1	CRF_SlotData	
SnapCompare	method	Scripts/Game/Systems/Core/Containers & Configs/Replicable Containers/CRF_SlotData.c	377	377	1	CRF_SlotData	
PropCompare	method	Scripts/Game/Systems/Core/Containers & Configs/Replicable Containers/CRF_SlotData.c	390	390	1	CRF_SlotData	
CRF_SpawnPointData	class	Scripts/Game/Systems/Core/Containers & Configs/Replicable Containers/CRF_SpawnPointData.c	3	265	263		
DataUpdate	method	Scripts/Game/Systems/Core/Containers & Configs/Replicable Containers/CRF_SpawnPointData.c	46	46	1	CRF_SpawnPointData	
SetSpawnPointActive	method	Scripts/Game/Systems/Core/Containers & Configs/Replicable Containers/CRF_SpawnPointData.c	64	64	1	CRF_SpawnPointData	
SetSpawnPointName	method	Scripts/Game/Systems/Core/Containers & Configs/Replicable Containers/CRF_SpawnPointData.c	70	70	1	CRF_SpawnPointData	
SetSpawnPointFaction	method	Scripts/Game/Systems/Core/Containers & Configs/Replicable Containers/CRF_SpawnPointData.c	76	76	1	CRF_SpawnPointData	
SetSpawnPointId	method	Scripts/Game/Systems/Core/Containers & Configs/Replicable Containers/CRF_SpawnPointData.c	82	82	1	CRF_SpawnPointData	
SetSpawnPointEntity	method	Scripts/Game/Systems/Core/Containers & Configs/Replicable Containers/CRF_SpawnPointData.c	88	88	1	CRF_SpawnPointData	
SetSpawnPointToTemp	method	Scripts/Game/Systems/Core/Containers & Configs/Replicable Containers/CRF_SpawnPointData.c	94	94	1	CRF_SpawnPointData	
SetRestrictedToGroup	method	Scripts/Game/Systems/Core/Containers & Configs/Replicable Containers/CRF_SpawnPointData.c	100	100	1	CRF_SpawnPointData	
GetIsActiveSpawnPoint	method	Scripts/Game/Systems/Core/Containers & Configs/Replicable Containers/CRF_SpawnPointData.c	111	111	1	CRF_SpawnPointData	
GetSpawnPointName	method	Scripts/Game/Systems/Core/Containers & Configs/Replicable Containers/CRF_SpawnPointData.c	117	117	1	CRF_SpawnPointData	
GetSpawnPointFaction	method	Scripts/Game/Systems/Core/Containers & Configs/Replicable Containers/CRF_SpawnPointData.c	123	123	1	CRF_SpawnPointData	
GetSpawnPointRadius	method	Scripts/Game/Systems/Core/Containers & Configs/Replicable Containers/CRF_SpawnPointData.c	129	129	1	CRF_SpawnPointData	
GetIfSpawnPointSafetyCheck	method	Scripts/Game/Systems/Core/Containers & Configs/Replicable Containers/CRF_SpawnPointData.c	135	135	1	CRF_SpawnPointData	
GetIfSpawnPointConformsToTerrain	method	Scripts/Game/Systems/Core/Containers & Configs/Replicable Containers/CRF_SpawnPointData.c	141	141	1	CRF_SpawnPointData	
GetSpawnPointId	method	Scripts/Game/Systems/Core/Containers & Configs/Replicable Containers/CRF_SpawnPointData.c	147	147	1	CRF_SpawnPointData	
GetSpawnPointEntity	method	Scripts/Game/Systems/Core/Containers & Configs/Replicable Containers/CRF_SpawnPointData.c	153	153	1	CRF_SpawnPointData	
GetIsTempSpawnPoint	method	Scripts/Game/Systems/Core/Containers & Configs/Replicable Containers/CRF_SpawnPointData.c	159	159	1	CRF_SpawnPointData	
GetRestrictedToGroup	method	Scripts/Game/Systems/Core/Containers & Configs/Replicable Containers/CRF_SpawnPointData.c	165	165	1	CRF_SpawnPointData	
Save	method	Scripts/Game/Systems/Core/Containers & Configs/Replicable Containers/CRF_SpawnPointData.c	176	176	1	CRF_SpawnPointData	
Load	method	Scripts/Game/Systems/Core/Containers & Configs/Replicable Containers/CRF_SpawnPointData.c	187	187	1	CRF_SpawnPointData	
Extract	method	Scripts/Game/Systems/Core/Containers & Configs/Replicable Containers/CRF_SpawnPointData.c	198	198	1	CRF_SpawnPointData	
Inject	method	Scripts/Game/Systems/Core/Containers & Configs/Replicable Containers/CRF_SpawnPointData.c	210	210	1	CRF_SpawnPointData	
Encode	method	Scripts/Game/Systems/Core/Containers & Configs/Replicable Containers/CRF_SpawnPointData.c	222	222	1	CRF_SpawnPointData	
Decode	method	Scripts/Game/Systems/Core/Containers & Configs/Replicable Containers/CRF_SpawnPointData.c	233	233	1	CRF_SpawnPointData	
SnapCompare	method	Scripts/Game/Systems/Core/Containers & Configs/Replicable Containers/CRF_SpawnPointData.c	245	245	1	CRF_SpawnPointData	
PropCompare	method	Scripts/Game/Systems/Core/Containers & Configs/Replicable Containers/CRF_SpawnPointData.c	256	256	1	CRF_SpawnPointData	
CRF_ResourceCache	class	Scripts/Game/Systems/Core/Containers & Configs/Resources/CRF_ResourceCache.c	1	49	49		
PreLoadCharacterResources	method	Scripts/Game/Systems/Core/Containers & Configs/Resources/CRF_ResourceCache.c	7	7	1	CRF_ResourceCache	
GetCachedResource	method	Scripts/Game/Systems/Core/Containers & Configs/Resources/CRF_ResourceCache.c	21	21	1	CRF_ResourceCache	
ClearResourceCache	method	Scripts/Game/Systems/Core/Containers & Configs/Resources/CRF_ResourceCache.c	35	35	1	CRF_ResourceCache	
LoadResource	method	Scripts/Game/Systems/Core/Containers & Configs/Resources/CRF_ResourceCache.c	41	41	1	CRF_ResourceCache	
CRF_ESightType	enum	Scripts/Game/Systems/Core/Containers & Configs/Resources/CRF_SightArsenalRegistry.c	4	8	5		
CRF_SightArsenalRegistry	class	Scripts/Game/Systems/Core/Containers & Configs/Resources/CRF_SightArsenalRegistry.c	10	184	175		
InitializeRegistry	method	Scripts/Game/Systems/Core/Containers & Configs/Resources/CRF_SightArsenalRegistry.c	18	18	1	CRF_SightArsenalRegistry	
LoadSightConfig	method	Scripts/Game/Systems/Core/Containers & Configs/Resources/CRF_SightArsenalRegistry.c	80	80	1	CRF_SightArsenalRegistry	
RegisterSight	method	Scripts/Game/Systems/Core/Containers & Configs/Resources/CRF_SightArsenalRegistry.c	110	110	1	CRF_SightArsenalRegistry	
GetSightResource	method	Scripts/Game/Systems/Core/Containers & Configs/Resources/CRF_SightArsenalRegistry.c	118	118	1	CRF_SightArsenalRegistry	
GetSightIndex	method	Scripts/Game/Systems/Core/Containers & Configs/Resources/CRF_SightArsenalRegistry.c	133	133	1	CRF_SightArsenalRegistry	
GetSightTypeFromIndex	method	Scripts/Game/Systems/Core/Containers & Configs/Resources/CRF_SightArsenalRegistry.c	149	149	1	CRF_SightArsenalRegistry	
GetSightTypeFromString	method	Scripts/Game/Systems/Core/Containers & Configs/Resources/CRF_SightArsenalRegistry.c	161	161	1	CRF_SightArsenalRegistry	
GetTypeStringFromSightType	method	Scripts/Game/Systems/Core/Containers & Configs/Resources/CRF_SightArsenalRegistry.c	171	171	1	CRF_SightArsenalRegistry	
SCR_BaseGameMode	modded_class	Scripts/Game/Systems/Core/Entities/CRF_Gamemode.c	1	16	16		
SetGameState	method	Scripts/Game/Systems/Core/Entities/CRF_Gamemode.c	3	3	1	SCR_BaseGameMode	
CRF_GamemodeClass	class	Scripts/Game/Systems/Core/Entities/CRF_Gamemode.c	21	21	1		SCR_BaseGameModeClass
CRF_Gamemode	class	Scripts/Game/Systems/Core/Entities/CRF_Gamemode.c	27	777	751		SCR_BaseGameMode
EOnInit	method	Scripts/Game/Systems/Core/Entities/CRF_Gamemode.c	199	199	1	CRF_Gamemode	
OnGameEnd	method	Scripts/Game/Systems/Core/Entities/CRF_Gamemode.c	228	228	1	CRF_Gamemode	
EOnFrame	method	Scripts/Game/Systems/Core/Entities/CRF_Gamemode.c	240	240	1	CRF_Gamemode	
AdvanceSlottingState	method	Scripts/Game/Systems/Core/Entities/CRF_Gamemode.c	264	264	1	CRF_Gamemode	
AdvanceGamemodeState	method	Scripts/Game/Systems/Core/Entities/CRF_Gamemode.c	278	278	1	CRF_Gamemode	
OnGamemodeStateChanged	method	Scripts/Game/Systems/Core/Entities/CRF_Gamemode.c	292	292	1	CRF_Gamemode	
ProcessStats	method	Scripts/Game/Systems/Core/Entities/CRF_Gamemode.c	366	366	1	CRF_Gamemode	
OnDataReceived	method	Scripts/Game/Systems/Core/Entities/CRF_Gamemode.c	403	403	1	CRF_Gamemode	
OnPlayerAuditSuccess	method	Scripts/Game/Systems/Core/Entities/CRF_Gamemode.c	411	411	1	CRF_Gamemode	
OnPlayerDisconnected	method	Scripts/Game/Systems/Core/Entities/CRF_Gamemode.c	465	465	1	CRF_Gamemode	
StopMovement	method	Scripts/Game/Systems/Core/Entities/CRF_Gamemode.c	505	505	1	CRF_Gamemode	
OnPlayerKilled	method	Scripts/Game/Systems/Core/Entities/CRF_Gamemode.c	520	520	1	CRF_Gamemode	
OnControllableDestroyed	method	Scripts/Game/Systems/Core/Entities/CRF_Gamemode.c	565	565	1	CRF_Gamemode	
QueuePlayerInitialization	method	Scripts/Game/Systems/Core/Entities/CRF_Gamemode.c	585	585	1	CRF_Gamemode	
ProcessPlayerBatch	method	Scripts/Game/Systems/Core/Entities/CRF_Gamemode.c	605	605	1	CRF_Gamemode	
ClearPlayerInitializationQueue	method	Scripts/Game/Systems/Core/Entities/CRF_Gamemode.c	631	631	1	CRF_Gamemode	
IsPlayerQueuedForInitialization	method	Scripts/Game/Systems/Core/Entities/CRF_Gamemode.c	641	641	1	CRF_Gamemode	
GetAutoReloadDelay	method	Scripts/Game/Systems/Core/Entities/CRF_Gamemode.c	654	654	1	CRF_Gamemode	
GetGenericSpawn	method	Scripts/Game/Systems/Core/Entities/CRF_Gamemode.c	660	660	1	CRF_Gamemode	
GetOnStateChanged	method	Scripts/Game/Systems/Core/Entities/CRF_Gamemode.c	666	666	1	CRF_Gamemode	
UpdateGenericSpawn	method	Scripts/Game/Systems/Core/Entities/CRF_Gamemode.c	672	672	1	CRF_Gamemode	
UpdateGearscriptResource	method	Scripts/Game/Systems/Core/Entities/CRF_Gamemode.c	679	679	1	CRF_Gamemode	
DoesFactionShareMarker	method	Scripts/Game/Systems/Core/Entities/CRF_Gamemode.c	692	692	1	CRF_Gamemode	
GetGearScriptResource	method	Scripts/Game/Systems/Core/Entities/CRF_Gamemode.c	709	709	1	CRF_Gamemode	
GetGearScriptSettings	method	Scripts/Game/Systems/Core/Entities/CRF_Gamemode.c	733	733	1	CRF_Gamemode	
IsSideBFTEnabled	method	Scripts/Game/Systems/Core/Entities/CRF_Gamemode.c	748	748	1	CRF_Gamemode	
CRF_Gamemode	method	Scripts/Game/Systems/Core/Entities/CRF_Gamemode.c	767	767	1	CRF_Gamemode	
GetInstance	method	Scripts/Game/Systems/Core/Entities/CRF_Gamemode.c	773	773	1	CRF_Gamemode	
CRF_PlayerControllerClass	class	Scripts/Game/Systems/Core/Entities/CRF_PlayerController.c	1	3	3		SCR_PlayerControllerClass
CRF_PlayerController	class	Scripts/Game/Systems/Core/Entities/CRF_PlayerController.c	5	165	161		SCR_PlayerController
IsGracePeriodOver	method	Scripts/Game/Systems/Core/Entities/CRF_PlayerController.c	20	20	1	CRF_PlayerController	
OnControlledEntityChanged	method	Scripts/Game/Systems/Core/Entities/CRF_PlayerController.c	34	34	1	CRF_PlayerController	
UpdateLocalPlayerController	method	Scripts/Game/Systems/Core/Entities/CRF_PlayerController.c	88	88	1	CRF_PlayerController	
DisconnectFromGame	method	Scripts/Game/Systems/Core/Entities/CRF_PlayerController.c	101	101	1	CRF_PlayerController	
UpdateSettings	method	Scripts/Game/Systems/Core/Entities/CRF_PlayerController.c	127	127	1	CRF_PlayerController	
CRF_SpectatorCameraClass	class	Scripts/Game/Systems/Core/Entities/CRF_SpectatorCamera.c	1	3	3		SCR_ManualCameraClass
CRF_SpectatorCamera	class	Scripts/Game/Systems/Core/Entities/CRF_SpectatorCamera.c	5	62	58		SCR_ManualCamera
AttatchSpectatorToCamera	method	Scripts/Game/Systems/Core/Entities/CRF_SpectatorCamera.c	14	14	1	CRF_SpectatorCamera	
IsDisabledByMenu	method	Scripts/Game/Systems/Core/Entities/CRF_SpectatorCamera.c	47	47	1	CRF_SpectatorCamera	
CRF_GearscriptCharacterClass	class	Scripts/Game/Systems/Core/Entities/Characters/CRF_GearscriptCharacter.c	1	3	3		CRF_PlayerCharacterClass
CRF_GearscriptCharacter	class	Scripts/Game/Systems/Core/Entities/Characters/CRF_GearscriptCharacter.c	5	59	55		CRF_PlayerCharacter
EOnInit	method	Scripts/Game/Systems/Core/Entities/Characters/CRF_GearscriptCharacter.c	12	12	1	CRF_GearscriptCharacter	
SelectPrimaryWeapon	method	Scripts/Game/Systems/Core/Entities/Characters/CRF_GearscriptCharacter.c	43	43	1	CRF_GearscriptCharacter	
RpcDo_SelectPrimaryWeapon	method	Scripts/Game/Systems/Core/Entities/Characters/CRF_GearscriptCharacter.c	50	50	1	CRF_GearscriptCharacter	
CRF_PlayerCharacterClass	class	Scripts/Game/Systems/Core/Entities/Characters/CRF_PlayerCharacter.c	1	3	3		SCR_ChimeraCharacterClass
CRF_PlayerCharacter	class	Scripts/Game/Systems/Core/Entities/Characters/CRF_PlayerCharacter.c	5	38	34		SCR_ChimeraCharacter
DisableAI	method	Scripts/Game/Systems/Core/Entities/Characters/CRF_PlayerCharacter.c	12	12	1	CRF_PlayerCharacter	
DisableAIWrap	method	Scripts/Game/Systems/Core/Entities/Characters/CRF_PlayerCharacter.c	29	29	1	CRF_PlayerCharacter	
CRF_SpectatorCharacterClass	class	Scripts/Game/Systems/Core/Entities/Characters/CRF_SpectatorCharacter.c	1	3	3		CRF_PlayerCharacterClass
CRF_SpectatorCharacter	class	Scripts/Game/Systems/Core/Entities/Characters/CRF_SpectatorCharacter.c	5	62	58		CRF_PlayerCharacter
EOnInit	method	Scripts/Game/Systems/Core/Entities/Characters/CRF_SpectatorCharacter.c	12	12	1	CRF_SpectatorCharacter	
DisablePhysicsAndDamage	method	Scripts/Game/Systems/Core/Entities/Characters/CRF_SpectatorCharacter.c	28	28	1	CRF_SpectatorCharacter	
OnControlledByPlayer	method	Scripts/Game/Systems/Core/Entities/Characters/CRF_SpectatorCharacter.c	57	57	1	CRF_SpectatorCharacter	
CRF_GroupSpawnPointClass	class	Scripts/Game/Systems/Core/Entities/SpawnPoints/CRF_GroupSpawnPoint.c	1	3	3		GenericEntityClass
CRF_GroupSpawnPoint	class	Scripts/Game/Systems/Core/Entities/SpawnPoints/CRF_GroupSpawnPoint.c	5	27	23		GenericEntity
EOnInit	method	Scripts/Game/Systems/Core/Entities/SpawnPoints/CRF_GroupSpawnPoint.c	14	14	1	CRF_GroupSpawnPoint	
CRF_RallyPointClass	class	Scripts/Game/Systems/Core/Entities/SpawnPoints/CRF_RallyPoint.c	1	3	3		GenericEntityClass
CRF_RallyPoint	class	Scripts/Game/Systems/Core/Entities/SpawnPoints/CRF_RallyPoint.c	5	95	91		GenericEntity
SetupRallyPoint	method	Scripts/Game/Systems/Core/Entities/SpawnPoints/CRF_RallyPoint.c	15	15	1	CRF_RallyPoint	
GetLocalSpawnPointId	method	Scripts/Game/Systems/Core/Entities/SpawnPoints/CRF_RallyPoint.c	54	54	1	CRF_RallyPoint	
SetLocalSpawnPointId	method	Scripts/Game/Systems/Core/Entities/SpawnPoints/CRF_RallyPoint.c	60	60	1	CRF_RallyPoint	
RemovePreviousRallyPoint	method	Scripts/Game/Systems/Core/Entities/SpawnPoints/CRF_RallyPoint.c	66	66	1	CRF_RallyPoint	
CRF_RallyPoint	method	Scripts/Game/Systems/Core/Entities/SpawnPoints/CRF_RallyPoint.c	86	86	1	CRF_RallyPoint	
CRF_StaticSpawnPointClass	class	Scripts/Game/Systems/Core/Entities/SpawnPoints/CRF_StaticSpawnPoint.c	1	3	3		GenericEntityClass
CRF_StaticSpawnPoint	class	Scripts/Game/Systems/Core/Entities/SpawnPoints/CRF_StaticSpawnPoint.c	5	50	46		GenericEntity
EOnInit	method	Scripts/Game/Systems/Core/Entities/SpawnPoints/CRF_StaticSpawnPoint.c	16	16	1	CRF_StaticSpawnPoint	
GetLocalSpawnPointId	method	Scripts/Game/Systems/Core/Entities/SpawnPoints/CRF_StaticSpawnPoint.c	29	29	1	CRF_StaticSpawnPoint	
SetLocalSpawnPointId	method	Scripts/Game/Systems/Core/Entities/SpawnPoints/CRF_StaticSpawnPoint.c	35	35	1	CRF_StaticSpawnPoint	
CRF_StaticSpawnPoint	method	Scripts/Game/Systems/Core/Entities/SpawnPoints/CRF_StaticSpawnPoint.c	41	41	1	CRF_StaticSpawnPoint	
CRF_VehicleSpawnPointClass	class	Scripts/Game/Systems/Core/Entities/SpawnPoints/CRF_VehicleSpawnPoint.c	1	3	3		VehicleClass
CRF_VehicleSpawnPoint	class	Scripts/Game/Systems/Core/Entities/SpawnPoints/CRF_VehicleSpawnPoint.c	5	50	46		Vehicle
EOnInit	method	Scripts/Game/Systems/Core/Entities/SpawnPoints/CRF_VehicleSpawnPoint.c	16	16	1	CRF_VehicleSpawnPoint	
GetLocalSpawnPointId	method	Scripts/Game/Systems/Core/Entities/SpawnPoints/CRF_VehicleSpawnPoint.c	29	29	1	CRF_VehicleSpawnPoint	
SetLocalSpawnPointId	method	Scripts/Game/Systems/Core/Entities/SpawnPoints/CRF_VehicleSpawnPoint.c	35	35	1	CRF_VehicleSpawnPoint	
CRF_VehicleSpawnPoint	method	Scripts/Game/Systems/Core/Entities/SpawnPoints/CRF_VehicleSpawnPoint.c	41	41	1	CRF_VehicleSpawnPoint	
CRF_ClothingHelper	class	Scripts/Game/Systems/Core/Helpers/CRF_ClothingHelper.c	1	133	133		
UpdateClothingSlot	method	Scripts/Game/Systems/Core/Helpers/CRF_ClothingHelper.c	12	12	1	CRF_ClothingHelper	
ProcessPreviousClothing	method	Scripts/Game/Systems/Core/Helpers/CRF_ClothingHelper.c	58	58	1	CRF_ClothingHelper	
IsGearscriptClothingPiece	method	Scripts/Game/Systems/Core/Helpers/CRF_ClothingHelper.c	95	95	1	CRF_ClothingHelper	
CRF_DamageHelper	class	Scripts/Game/Systems/Core/Helpers/CRF_DamageHelper.c	1	161	161		
GetDamageTypeString	method	Scripts/Game/Systems/Core/Helpers/CRF_DamageHelper.c	7	7	1	CRF_DamageHelper	
GetCauseOfDeathString	method	Scripts/Game/Systems/Core/Helpers/CRF_DamageHelper.c	41	41	1	CRF_DamageHelper	
CheckIfEntityAlive	method	Scripts/Game/Systems/Core/Helpers/CRF_DamageHelper.c	64	64	1	CRF_DamageHelper	
GetWeaponName	method	Scripts/Game/Systems/Core/Helpers/CRF_DamageHelper.c	85	85	1	CRF_DamageHelper	
CRF_EntityHelper	class	Scripts/Game/Systems/Core/Helpers/CRF_EntityHelper.c	1	137	137		
GetSpectatorResource	method	Scripts/Game/Systems/Core/Helpers/CRF_EntityHelper.c	14	14	1	CRF_EntityHelper	
GetSpectatorCameraResource	method	Scripts/Game/Systems/Core/Helpers/CRF_EntityHelper.c	22	22	1	CRF_EntityHelper	
IsSpectator	method	Scripts/Game/Systems/Core/Helpers/CRF_EntityHelper.c	31	31	1	CRF_EntityHelper	
IsSpectator	method	Scripts/Game/Systems/Core/Helpers/CRF_EntityHelper.c	42	42	1	CRF_EntityHelper	
IsValidSpawnVector	method	Scripts/Game/Systems/Core/Helpers/CRF_EntityHelper.c	59	59	1	CRF_EntityHelper	
CreateSpawnParams	method	Scripts/Game/Systems/Core/Helpers/CRF_EntityHelper.c	76	76	1	CRF_EntityHelper	
CreateSpawnParams	method	Scripts/Game/Systems/Core/Helpers/CRF_EntityHelper.c	88	88	1	CRF_EntityHelper	
DetermineFactionKey	method	Scripts/Game/Systems/Core/Helpers/CRF_EntityHelper.c	100	100	1	CRF_EntityHelper	
GetEntityFromRplId	method	Scripts/Game/Systems/Core/Helpers/CRF_EntityHelper.c	112	112	1	CRF_EntityHelper	
GetGroupFromRplId	method	Scripts/Game/Systems/Core/Helpers/CRF_EntityHelper.c	126	126	1	CRF_EntityHelper	
GetCharacterFromRplId	method	Scripts/Game/Systems/Core/Helpers/CRF_EntityHelper.c	133	133	1	CRF_EntityHelper	
CRF_InitializationHelper	class	Scripts/Game/Systems/Core/Helpers/CRF_InitializationHelper.c	1	61	61		
SetupRadioFrequency	method	Scripts/Game/Systems/Core/Helpers/CRF_InitializationHelper.c	6	6	1	CRF_InitializationHelper	
CRF_InventoryHelper	class	Scripts/Game/Systems/Core/Helpers/CRF_InventoryHelper.c	1	126	126		
IsThrowableFromSource	method	Scripts/Game/Systems/Core/Helpers/CRF_InventoryHelper.c	9	9	1	CRF_InventoryHelper	
FilterItemToClothing	method	Scripts/Game/Systems/Core/Helpers/CRF_InventoryHelper.c	32	32	1	CRF_InventoryHelper	
CRF_LoggingHelper	class	Scripts/Game/Systems/Core/Helpers/CRF_LoggingHelper.c	1	39	39		
LogItemError	method	Scripts/Game/Systems/Core/Helpers/CRF_LoggingHelper.c	8	8	1	CRF_LoggingHelper	
LogItemError	method	Scripts/Game/Systems/Core/Helpers/CRF_LoggingHelper.c	20	20	1	CRF_LoggingHelper	
SanitizeResourceName	method	Scripts/Game/Systems/Core/Helpers/CRF_LoggingHelper.c	31	31	1	CRF_LoggingHelper	
CRF_MissionHelper	class	Scripts/Game/Systems/Core/Helpers/CRF_MissionHelper.c	1	104	104		
GetAOCenter	method	Scripts/Game/Systems/Core/Helpers/CRF_MissionHelper.c	4	4	1	CRF_MissionHelper	
ComputeAOCenter	method	Scripts/Game/Systems/Core/Helpers/CRF_MissionHelper.c	34	34	1	CRF_MissionHelper	
ComputeAORadius	method	Scripts/Game/Systems/Core/Helpers/CRF_MissionHelper.c	62	62	1	CRF_MissionHelper	
SanitizeMissionName	method	Scripts/Game/Systems/Core/Helpers/CRF_MissionHelper.c	81	81	1	CRF_MissionHelper	
CRF_PlayerHelper	class	Scripts/Game/Systems/Core/Helpers/CRF_PlayerHelper.c	1	44	44		
RemovePlayerFromCurrentGroup	method	Scripts/Game/Systems/Core/Helpers/CRF_PlayerHelper.c	6	6	1	CRF_PlayerHelper	
AssignFactionToPlayer	method	Scripts/Game/Systems/Core/Helpers/CRF_PlayerHelper.c	17	17	1	CRF_PlayerHelper	
AssignCharacterToPlayer	method	Scripts/Game/Systems/Core/Helpers/CRF_PlayerHelper.c	40	40	1	CRF_PlayerHelper	
CRF_ReplicationHelper	class	Scripts/Game/Systems/Core/Helpers/CRF_ReplicationHelper.c	5	168	164		
GetRplId	method	Scripts/Game/Systems/Core/Helpers/CRF_ReplicationHelper.c	12	12	1	CRF_ReplicationHelper	
GetEntityFromRplId	method	Scripts/Game/Systems/Core/Helpers/CRF_ReplicationHelper.c	29	29	1	CRF_ReplicationHelper	
GetRplComponent	method	Scripts/Game/Systems/Core/Helpers/CRF_ReplicationHelper.c	45	45	1	CRF_ReplicationHelper	
IsAuthority	method	Scripts/Game/Systems/Core/Helpers/CRF_ReplicationHelper.c	57	57	1	CRF_ReplicationHelper	
IsProxy	method	Scripts/Game/Systems/Core/Helpers/CRF_ReplicationHelper.c	70	70	1	CRF_ReplicationHelper	
SafeBumpMe	method	Scripts/Game/Systems/Core/Helpers/CRF_ReplicationHelper.c	83	83	1	CRF_ReplicationHelper	
GetEntitiesFromRplIds	method	Scripts/Game/Systems/Core/Helpers/CRF_ReplicationHelper.c	98	98	1	CRF_ReplicationHelper	
GetRplIdsFromEntities	method	Scripts/Game/Systems/Core/Helpers/CRF_ReplicationHelper.c	118	118	1	CRF_ReplicationHelper	
ValidateReplicationSetup	method	Scripts/Game/Systems/Core/Helpers/CRF_ReplicationHelper.c	138	138	1	CRF_ReplicationHelper	
CRF_RoleHelper	class	Scripts/Game/Systems/Core/Helpers/CRF_RoleHelper.c	1	53	53		
ResourceToRole	method	Scripts/Game/Systems/Core/Helpers/CRF_RoleHelper.c	4	4	1	CRF_RoleHelper	
RoleToResource	method	Scripts/Game/Systems/Core/Helpers/CRF_RoleHelper.c	14	14	1	CRF_RoleHelper	
IsValidGearscriptResource	method	Scripts/Game/Systems/Core/Helpers/CRF_RoleHelper.c	22	22	1	CRF_RoleHelper	
IsSquadLeaderRole	method	Scripts/Game/Systems/Core/Helpers/CRF_RoleHelper.c	29	29	1	CRF_RoleHelper	
IsTeamLeaderRole	method	Scripts/Game/Systems/Core/Helpers/CRF_RoleHelper.c	43	43	1	CRF_RoleHelper	
CRF_WeaponHelper	class	Scripts/Game/Systems/Core/Helpers/CRF_WeaponHelper.c	1	263	263		
SelectRandomWeapon	method	Scripts/Game/Systems/Core/Helpers/CRF_WeaponHelper.c	7	7	1	CRF_WeaponHelper	
FindWeaponByResource	method	Scripts/Game/Systems/Core/Helpers/CRF_WeaponHelper.c	20	20	1	CRF_WeaponHelper	
SpawnWeapon	method	Scripts/Game/Systems/Core/Helpers/CRF_WeaponHelper.c	41	41	1	CRF_WeaponHelper	
SelectWeapon	method	Scripts/Game/Systems/Core/Helpers/CRF_WeaponHelper.c	63	63	1	CRF_WeaponHelper	
SelectPrimaryWeaponForEntity	method	Scripts/Game/Systems/Core/Helpers/CRF_WeaponHelper.c	82	82	1	CRF_WeaponHelper	
AddAttachments	method	Scripts/Game/Systems/Core/Helpers/CRF_WeaponHelper.c	151	151	1	CRF_WeaponHelper	
AddAttachmentToWeapon	method	Scripts/Game/Systems/Core/Helpers/CRF_WeaponHelper.c	185	185	1	CRF_WeaponHelper	
FindMagArrayForWeaponsSelected	method	Scripts/Game/Systems/Core/Helpers/CRF_WeaponHelper.c	214	214	1	CRF_WeaponHelper	
ConvertSpecMagArrayIntoMagArray	method	Scripts/Game/Systems/Core/Helpers/CRF_WeaponHelper.c	237	237	1	CRF_WeaponHelper	
CRF_CommunityTagManagerClass	class	Scripts/Game/Systems/Core/Managers/Gamemode/CRF_CommunityTagManager.c	1	1	1		ScriptComponentClass
CRF_CommunityTagManager	class	Scripts/Game/Systems/Core/Managers/Gamemode/CRF_CommunityTagManager.c	6	414	409		ScriptComponent
CRF_CommunityTagManager	method	Scripts/Game/Systems/Core/Managers/Gamemode/CRF_CommunityTagManager.c	87	87	1	CRF_CommunityTagManager	
GetInstance	method	Scripts/Game/Systems/Core/Managers/Gamemode/CRF_CommunityTagManager.c	93	93	1	CRF_CommunityTagManager	
GetOnPlayerInfoUpdated	method	Scripts/Game/Systems/Core/Managers/Gamemode/CRF_CommunityTagManager.c	104	104	1	CRF_CommunityTagManager	
GetOnTagsUpdated	method	Scripts/Game/Systems/Core/Managers/Gamemode/CRF_CommunityTagManager.c	110	110	1	CRF_CommunityTagManager	
GetOnRanksUpdated	method	Scripts/Game/Systems/Core/Managers/Gamemode/CRF_CommunityTagManager.c	116	116	1	CRF_CommunityTagManager	
GetPlayerDisplayName	method	Scripts/Game/Systems/Core/Managers/Gamemode/CRF_CommunityTagManager.c	123	123	1	CRF_CommunityTagManager	
GetPlayerTag	method	Scripts/Game/Systems/Core/Managers/Gamemode/CRF_CommunityTagManager.c	130	130	1	CRF_CommunityTagManager	
GetPlayerXp	method	Scripts/Game/Systems/Core/Managers/Gamemode/CRF_CommunityTagManager.c	145	145	1	CRF_CommunityTagManager	
GetPlayerRankTrack	method	Scripts/Game/Systems/Core/Managers/Gamemode/CRF_CommunityTagManager.c	161	161	1	CRF_CommunityTagManager	
FetchPlayerInfo	method	Scripts/Game/Systems/Core/Managers/Gamemode/CRF_CommunityTagManager.c	178	178	1	CRF_CommunityTagManager	
FetchPlayerInfoDelayed	method	Scripts/Game/Systems/Core/Managers/Gamemode/CRF_CommunityTagManager.c	229	229	1	CRF_CommunityTagManager	
FetchTagsForCurrentPlayers	method	Scripts/Game/Systems/Core/Managers/Gamemode/CRF_CommunityTagManager.c	235	235	1	CRF_CommunityTagManager	
FetchRanksForCurrentPlayers	method	Scripts/Game/Systems/Core/Managers/Gamemode/CRF_CommunityTagManager.c	236	236	1	CRF_CommunityTagManager	
ClearCache	method	Scripts/Game/Systems/Core/Managers/Gamemode/CRF_CommunityTagManager.c	240	240	1	CRF_CommunityTagManager	
OnPlayerInfoFetched	method	Scripts/Game/Systems/Core/Managers/Gamemode/CRF_CommunityTagManager.c	254	254	1	CRF_CommunityTagManager	
Invoke	method	Scripts/Game/Systems/Core/Managers/Gamemode/CRF_CommunityTagManager.c	410	410	1	CRF_CommunityTagManager	
FetchPlayerInfo	method	Scripts/Game/Systems/Core/Managers/Gamemode/CRF_CommunityTagManager.c	413	413	1	CRF_CommunityTagManager	
CRF_GamemodeManagerClass	class	Scripts/Game/Systems/Core/Managers/Gamemode/CRF_GamemodeManager.c	1	1	1		SCR_BaseGameModeComponentClass
CRF_GamemodeManager	class	Scripts/Game/Systems/Core/Managers/Gamemode/CRF_GamemodeManager.c	3	298	296		SCR_BaseGameModeComponent
OnPostInit	method	Scripts/Game/Systems/Core/Managers/Gamemode/CRF_GamemodeManager.c	19	19	1	CRF_GamemodeManager	
InitializeManagers	method	Scripts/Game/Systems/Core/Managers/Gamemode/CRF_GamemodeManager.c	35	35	1	CRF_GamemodeManager	
InitilizePlayer	method	Scripts/Game/Systems/Core/Managers/Gamemode/CRF_GamemodeManager.c	54	54	1	CRF_GamemodeManager	
GetOrCreatePlayableCharacter	method	Scripts/Game/Systems/Core/Managers/Gamemode/CRF_GamemodeManager.c	125	125	1	CRF_GamemodeManager	
SpawnPlayableCharacter	method	Scripts/Game/Systems/Core/Managers/Gamemode/CRF_GamemodeManager.c	149	149	1	CRF_GamemodeManager	
GetOrCreateSpectatorEntity	method	Scripts/Game/Systems/Core/Managers/Gamemode/CRF_GamemodeManager.c	203	203	1	CRF_GamemodeManager	
GetSafeSpawnTransform	method	Scripts/Game/Systems/Core/Managers/Gamemode/CRF_GamemodeManager.c	234	234	1	CRF_GamemodeManager	
AssignPlayerToGroup	method	Scripts/Game/Systems/Core/Managers/Gamemode/CRF_GamemodeManager.c	265	265	1	CRF_GamemodeManager	
CRF_GamemodeManager	method	Scripts/Game/Systems/Core/Managers/Gamemode/CRF_GamemodeManager.c	288	288	1	CRF_GamemodeManager	
GetInstance	method	Scripts/Game/Systems/Core/Managers/Gamemode/CRF_GamemodeManager.c	294	294	1	CRF_GamemodeManager	
CRF_RespawnManagerClass	class	Scripts/Game/Systems/Core/Managers/Gamemode/CRF_RespawnManager.c	1	1	1		ScriptComponentClass
CRF_RespawnManager	class	Scripts/Game/Systems/Core/Managers/Gamemode/CRF_RespawnManager.c	3	1032	1030		ScriptComponent
OnPostInit	method	Scripts/Game/Systems/Core/Managers/Gamemode/CRF_RespawnManager.c	62	62	1	CRF_RespawnManager	
InitializeManagers	method	Scripts/Game/Systems/Core/Managers/Gamemode/CRF_RespawnManager.c	74	74	1	CRF_RespawnManager	
InitializeRespawnTimers	method	Scripts/Game/Systems/Core/Managers/Gamemode/CRF_RespawnManager.c	84	84	1	CRF_RespawnManager	
InitializeTicketsFromGamemode	method	Scripts/Game/Systems/Core/Managers/Gamemode/CRF_RespawnManager.c	92	92	1	CRF_RespawnManager	
ForceSpawnPointsUpdated	method	Scripts/Game/Systems/Core/Managers/Gamemode/CRF_RespawnManager.c	112	112	1	CRF_RespawnManager	
GetOnSpawnPointsUpdated	method	Scripts/Game/Systems/Core/Managers/Gamemode/CRF_RespawnManager.c	119	119	1	CRF_RespawnManager	
TicketsRemaining	method	Scripts/Game/Systems/Core/Managers/Gamemode/CRF_RespawnManager.c	132	132	1	CRF_RespawnManager	
IsRespawnTimeAllowed	method	Scripts/Game/Systems/Core/Managers/Gamemode/CRF_RespawnManager.c	141	141	1	CRF_RespawnManager	
GetFactionTickets	method	Scripts/Game/Systems/Core/Managers/Gamemode/CRF_RespawnManager.c	157	157	1	CRF_RespawnManager	
ClearGroupSpawnPoints	method	Scripts/Game/Systems/Core/Managers/Gamemode/CRF_RespawnManager.c	174	174	1	CRF_RespawnManager	
CanPlayerResawn	method	Scripts/Game/Systems/Core/Managers/Gamemode/CRF_RespawnManager.c	190	190	1	CRF_RespawnManager	
SubtractTicket	method	Scripts/Game/Systems/Core/Managers/Gamemode/CRF_RespawnManager.c	205	205	1	CRF_RespawnManager	
SubtractTicketSilent	method	Scripts/Game/Systems/Core/Managers/Gamemode/CRF_RespawnManager.c	218	218	1	CRF_RespawnManager	
AddTicket	method	Scripts/Game/Systems/Core/Managers/Gamemode/CRF_RespawnManager.c	266	266	1	CRF_RespawnManager	
AddTicketSilent	method	Scripts/Game/Systems/Core/Managers/Gamemode/CRF_RespawnManager.c	279	279	1	CRF_RespawnManager	
BatchSubtractTickets	method	Scripts/Game/Systems/Core/Managers/Gamemode/CRF_RespawnManager.c	302	302	1	CRF_RespawnManager	
BatchAddTickets	method	Scripts/Game/Systems/Core/Managers/Gamemode/CRF_RespawnManager.c	328	328	1	CRF_RespawnManager	
EOnFixedFrame	method	Scripts/Game/Systems/Core/Managers/Gamemode/CRF_RespawnManager.c	357	357	1	CRF_RespawnManager	
WaveRespawnTimer	method	Scripts/Game/Systems/Core/Managers/Gamemode/CRF_RespawnManager.c	390	390	1	CRF_RespawnManager	
RespawnTimer	method	Scripts/Game/Systems/Core/Managers/Gamemode/CRF_RespawnManager.c	422	422	1	CRF_RespawnManager	
ShowRespawnMenuIfNeeded	method	Scripts/Game/Systems/Core/Managers/Gamemode/CRF_RespawnManager.c	504	504	1	CRF_RespawnManager	
CloseSlottingMenu	method	Scripts/Game/Systems/Core/Managers/Gamemode/CRF_RespawnManager.c	519	519	1	CRF_RespawnManager	
GetSpawnPoint	method	Scripts/Game/Systems/Core/Managers/Gamemode/CRF_RespawnManager.c	533	533	1	CRF_RespawnManager	
RegisterRespawnPoint	method	Scripts/Game/Systems/Core/Managers/Gamemode/CRF_RespawnManager.c	539	539	1	CRF_RespawnManager	
UnRegisterRespawnPoint	method	Scripts/Game/Systems/Core/Managers/Gamemode/CRF_RespawnManager.c	568	568	1	CRF_RespawnManager	
GetFactionSpawnpoints	method	Scripts/Game/Systems/Core/Managers/Gamemode/CRF_RespawnManager.c	583	583	1	CRF_RespawnManager	
FindInitalFactionSpawnpoint	method	Scripts/Game/Systems/Core/Managers/Gamemode/CRF_RespawnManager.c	610	610	1	CRF_RespawnManager	
IsDefaultSpawn	method	Scripts/Game/Systems/Core/Managers/Gamemode/CRF_RespawnManager.c	640	640	1	CRF_RespawnManager	
SetSpawnId	method	Scripts/Game/Systems/Core/Managers/Gamemode/CRF_RespawnManager.c	656	656	1	CRF_RespawnManager	
RespawnAllSides	method	Scripts/Game/Systems/Core/Managers/Gamemode/CRF_RespawnManager.c	676	676	1	CRF_RespawnManager	
RespawnSide	method	Scripts/Game/Systems/Core/Managers/Gamemode/CRF_RespawnManager.c	686	686	1	CRF_RespawnManager	
RespawnAllVehicles	method	Scripts/Game/Systems/Core/Managers/Gamemode/CRF_RespawnManager.c	775	775	1	CRF_RespawnManager	
RespawnSideVehicles	method	Scripts/Game/Systems/Core/Managers/Gamemode/CRF_RespawnManager.c	814	814	1	CRF_RespawnManager	
RespawnPlayer	method	Scripts/Game/Systems/Core/Managers/Gamemode/CRF_RespawnManager.c	848	848	1	CRF_RespawnManager	
GetCurrentWaveTimer	method	Scripts/Game/Systems/Core/Managers/Gamemode/CRF_RespawnManager.c	891	891	1	CRF_RespawnManager	
InsertVehicle	method	Scripts/Game/Systems/Core/Managers/Gamemode/CRF_RespawnManager.c	897	897	1	CRF_RespawnManager	
GetVehicleSpawners	method	Scripts/Game/Systems/Core/Managers/Gamemode/CRF_RespawnManager.c	903	903	1	CRF_RespawnManager	
ToggleRespawnWave	method	Scripts/Game/Systems/Core/Managers/Gamemode/CRF_RespawnManager.c	909	909	1	CRF_RespawnManager	
SetRespawnTime	method	Scripts/Game/Systems/Core/Managers/Gamemode/CRF_RespawnManager.c	917	917	1	CRF_RespawnManager	
ToggleRespawn	method	Scripts/Game/Systems/Core/Managers/Gamemode/CRF_RespawnManager.c	925	925	1	CRF_RespawnManager	
SetRespawnEnabled	method	Scripts/Game/Systems/Core/Managers/Gamemode/CRF_RespawnManager.c	936	936	1	CRF_RespawnManager	
UpdateSpawnPointDataClient	method	Scripts/Game/Systems/Core/Managers/Gamemode/CRF_RespawnManager.c	951	951	1	CRF_RespawnManager	
RemoveSpawnPointClient	method	Scripts/Game/Systems/Core/Managers/Gamemode/CRF_RespawnManager.c	969	969	1	CRF_RespawnManager	
RplSave	method	Scripts/Game/Systems/Core/Managers/Gamemode/CRF_RespawnManager.c	987	987	1	CRF_RespawnManager	
RplLoad	method	Scripts/Game/Systems/Core/Managers/Gamemode/CRF_RespawnManager.c	1001	1001	1	CRF_RespawnManager	
CRF_RespawnManager	method	Scripts/Game/Systems/Core/Managers/Gamemode/CRF_RespawnManager.c	1022	1022	1	CRF_RespawnManager	
GetInstance	method	Scripts/Game/Systems/Core/Managers/Gamemode/CRF_RespawnManager.c	1028	1028	1	CRF_RespawnManager	
CRF_SafestartManagerClass	class	Scripts/Game/Systems/Core/Managers/Gamemode/CRF_SafestartManager.c	1	1	1		ScriptComponentClass
CRF_SafestartManager	class	Scripts/Game/Systems/Core/Managers/Gamemode/CRF_SafestartManager.c	3	839	837		ScriptComponent
OnPostInit	method	Scripts/Game/Systems/Core/Managers/Gamemode/CRF_SafestartManager.c	60	60	1	CRF_SafestartManager	
GetSafestartStatus	method	Scripts/Game/Systems/Core/Managers/Gamemode/CRF_SafestartManager.c	87	87	1	CRF_SafestartManager	
GetCountdownMode	method	Scripts/Game/Systems/Core/Managers/Gamemode/CRF_SafestartManager.c	93	93	1	CRF_SafestartManager	
GetSafeStartTimeRemaining	method	Scripts/Game/Systems/Core/Managers/Gamemode/CRF_SafestartManager.c	99	99	1	CRF_SafestartManager	
GetFormattedSafeStartTimeRemaining	method	Scripts/Game/Systems/Core/Managers/Gamemode/CRF_SafestartManager.c	105	105	1	CRF_SafestartManager	
OnSafeStartChange	method	Scripts/Game/Systems/Core/Managers/Gamemode/CRF_SafestartManager.c	117	117	1	CRF_SafestartManager	
GetWhosReady	method	Scripts/Game/Systems/Core/Managers/Gamemode/CRF_SafestartManager.c	123	123	1	CRF_SafestartManager	
AddSafestartZone	method	Scripts/Game/Systems/Core/Managers/Gamemode/CRF_SafestartManager.c	128	128	1	CRF_SafestartManager	
DeleteAllSafestartZones	method	Scripts/Game/Systems/Core/Managers/Gamemode/CRF_SafestartManager.c	134	134	1	CRF_SafestartManager	
EOnFixedFrame	method	Scripts/Game/Systems/Core/Managers/Gamemode/CRF_SafestartManager.c	153	153	1	CRF_SafestartManager	
UpdatePlayedFactions	method	Scripts/Game/Systems/Core/Managers/Gamemode/CRF_SafestartManager.c	214	214	1	CRF_SafestartManager	
CheckStartCountDown	method	Scripts/Game/Systems/Core/Managers/Gamemode/CRF_SafestartManager.c	305	305	1	CRF_SafestartManager	
CheckCountdownMode	method	Scripts/Game/Systems/Core/Managers/Gamemode/CRF_SafestartManager.c	356	356	1	CRF_SafestartManager	
FactionsReadyCount	method	Scripts/Game/Systems/Core/Managers/Gamemode/CRF_SafestartManager.c	500	500	1	CRF_SafestartManager	
ToggleSideReady	method	Scripts/Game/Systems/Core/Managers/Gamemode/CRF_SafestartManager.c	517	517	1	CRF_SafestartManager	
ToggleSafeStartServer	method	Scripts/Game/Systems/Core/Managers/Gamemode/CRF_SafestartManager.c	612	612	1	CRF_SafestartManager	
DelayChangeSafeStartDisabled	method	Scripts/Game/Systems/Core/Managers/Gamemode/CRF_SafestartManager.c	706	706	1	CRF_SafestartManager	
ActivateSafeStartEHs	method	Scripts/Game/Systems/Core/Managers/Gamemode/CRF_SafestartManager.c	718	718	1	CRF_SafestartManager	
DeactivateSafeStartEHs	method	Scripts/Game/Systems/Core/Managers/Gamemode/CRF_SafestartManager.c	749	749	1	CRF_SafestartManager	
SetSafeStartEHs	method	Scripts/Game/Systems/Core/Managers/Gamemode/CRF_SafestartManager.c	787	787	1	CRF_SafestartManager	
OnWeaponFired	method	Scripts/Game/Systems/Core/Managers/Gamemode/CRF_SafestartManager.c	807	807	1	CRF_SafestartManager	
OnGrenadeThrown	method	Scripts/Game/Systems/Core/Managers/Gamemode/CRF_SafestartManager.c	814	814	1	CRF_SafestartManager	
CRF_SafestartManager	method	Scripts/Game/Systems/Core/Managers/Gamemode/CRF_SafestartManager.c	829	829	1	CRF_SafestartManager	
GetInstance	method	Scripts/Game/Systems/Core/Managers/Gamemode/CRF_SafestartManager.c	835	835	1	CRF_SafestartManager	
CRF_SlottingManagerClass	class	Scripts/Game/Systems/Core/Managers/Gamemode/CRF_SlottingManager.c	1	1	1		ScriptComponentClass
CRF_SlottingManager	class	Scripts/Game/Systems/Core/Managers/Gamemode/CRF_SlottingManager.c	3	725	723		ScriptComponent
OnPostInit	method	Scripts/Game/Systems/Core/Managers/Gamemode/CRF_SlottingManager.c	30	30	1	CRF_SlottingManager	
InitilizeSlots	method	Scripts/Game/Systems/Core/Managers/Gamemode/CRF_SlottingManager.c	41	41	1	CRF_SlottingManager	
UpdateSlotCharacter	method	Scripts/Game/Systems/Core/Managers/Gamemode/CRF_SlottingManager.c	56	56	1	CRF_SlottingManager	
UpdateSlotRole	method	Scripts/Game/Systems/Core/Managers/Gamemode/CRF_SlottingManager.c	68	68	1	CRF_SlottingManager	
UpdateSlotGroup	method	Scripts/Game/Systems/Core/Managers/Gamemode/CRF_SlottingManager.c	80	80	1	CRF_SlottingManager	
UpdateSlotPlayerID	method	Scripts/Game/Systems/Core/Managers/Gamemode/CRF_SlottingManager.c	92	92	1	CRF_SlottingManager	
ForceUpdateSlotPlayerID	method	Scripts/Game/Systems/Core/Managers/Gamemode/CRF_SlottingManager.c	118	118	1	CRF_SlottingManager	
UpdateSlotLockedState	method	Scripts/Game/Systems/Core/Managers/Gamemode/CRF_SlottingManager.c	134	134	1	CRF_SlottingManager	
UpdateSlotDeathState	method	Scripts/Game/Systems/Core/Managers/Gamemode/CRF_SlottingManager.c	149	149	1	CRF_SlottingManager	
GetOnSlottingUpdate	method	Scripts/Game/Systems/Core/Managers/Gamemode/CRF_SlottingManager.c	165	165	1	CRF_SlottingManager	
GetOnSlotChanged	method	Scripts/Game/Systems/Core/Managers/Gamemode/CRF_SlottingManager.c	172	172	1	CRF_SlottingManager	
GetLastChangedSlotId	method	Scripts/Game/Systems/Core/Managers/Gamemode/CRF_SlottingManager.c	179	179	1	CRF_SlottingManager	
NotifySlotPlayerIdChanged	method	Scripts/Game/Systems/Core/Managers/Gamemode/CRF_SlottingManager.c	187	187	1	CRF_SlottingManager	
GetSlotData	method	Scripts/Game/Systems/Core/Managers/Gamemode/CRF_SlottingManager.c	195	195	1	CRF_SlottingManager	
GetSlotMap	method	Scripts/Game/Systems/Core/Managers/Gamemode/CRF_SlottingManager.c	201	201	1	CRF_SlottingManager	
GetAllSlotIds	method	Scripts/Game/Systems/Core/Managers/Gamemode/CRF_SlottingManager.c	207	207	1	CRF_SlottingManager	
GetAllGroups	method	Scripts/Game/Systems/Core/Managers/Gamemode/CRF_SlottingManager.c	224	224	1	CRF_SlottingManager	
IsValidGroupInSlot	method	Scripts/Game/Systems/Core/Managers/Gamemode/CRF_SlottingManager.c	268	268	1	CRF_SlottingManager	
GetAllSlotIDsForGroup	method	Scripts/Game/Systems/Core/Managers/Gamemode/CRF_SlottingManager.c	284	284	1	CRF_SlottingManager	
GetSlotDataFromCharacter	method	Scripts/Game/Systems/Core/Managers/Gamemode/CRF_SlottingManager.c	304	304	1	CRF_SlottingManager	
GetCharacterSlotID	method	Scripts/Game/Systems/Core/Managers/Gamemode/CRF_SlottingManager.c	316	316	1	CRF_SlottingManager	
GetPlayerSlotID	method	Scripts/Game/Systems/Core/Managers/Gamemode/CRF_SlottingManager.c	341	341	1	CRF_SlottingManager	
GetPlayerSlotData	method	Scripts/Game/Systems/Core/Managers/Gamemode/CRF_SlottingManager.c	353	353	1	CRF_SlottingManager	
GetPlayerSlotGroup	method	Scripts/Game/Systems/Core/Managers/Gamemode/CRF_SlottingManager.c	365	365	1	CRF_SlottingManager	
GetPlayerSlotCharacter	method	Scripts/Game/Systems/Core/Managers/Gamemode/CRF_SlottingManager.c	376	376	1	CRF_SlottingManager	
GetPlayerSlotFaction	method	Scripts/Game/Systems/Core/Managers/Gamemode/CRF_SlottingManager.c	387	387	1	CRF_SlottingManager	
GetPlayerSlotResource	method	Scripts/Game/Systems/Core/Managers/Gamemode/CRF_SlottingManager.c	409	409	1	CRF_SlottingManager	
GetSlottedPlayerCountByFaction	method	Scripts/Game/Systems/Core/Managers/Gamemode/CRF_SlottingManager.c	427	427	1	CRF_SlottingManager	
IsFactionValid	method	Scripts/Game/Systems/Core/Managers/Gamemode/CRF_SlottingManager.c	443	443	1	CRF_SlottingManager	
IsPlayerInASlot	method	Scripts/Game/Systems/Core/Managers/Gamemode/CRF_SlottingManager.c	455	455	1	CRF_SlottingManager	
IsPlayerConsideredDead	method	Scripts/Game/Systems/Core/Managers/Gamemode/CRF_SlottingManager.c	467	467	1	CRF_SlottingManager	
IsEmptyGroup	method	Scripts/Game/Systems/Core/Managers/Gamemode/CRF_SlottingManager.c	478	478	1	CRF_SlottingManager	
InitilizeSlotsForFaction	method	Scripts/Game/Systems/Core/Managers/Gamemode/CRF_SlottingManager.c	506	506	1	CRF_SlottingManager	
InitilizeGroupCallsignsForFaction	method	Scripts/Game/Systems/Core/Managers/Gamemode/CRF_SlottingManager.c	569	569	1	CRF_SlottingManager	
LockAllOpenSlots	method	Scripts/Game/Systems/Core/Managers/Gamemode/CRF_SlottingManager.c	590	590	1	CRF_SlottingManager	
CleanupCharacterFromSlot	method	Scripts/Game/Systems/Core/Managers/Gamemode/CRF_SlottingManager.c	613	613	1	CRF_SlottingManager	
UpdateSlotDataClient	method	Scripts/Game/Systems/Core/Managers/Gamemode/CRF_SlottingManager.c	640	640	1	CRF_SlottingManager	
RemoveSlotClient	method	Scripts/Game/Systems/Core/Managers/Gamemode/CRF_SlottingManager.c	662	662	1	CRF_SlottingManager	
RplSave	method	Scripts/Game/Systems/Core/Managers/Gamemode/CRF_SlottingManager.c	680	680	1	CRF_SlottingManager	
RplLoad	method	Scripts/Game/Systems/Core/Managers/Gamemode/CRF_SlottingManager.c	694	694	1	CRF_SlottingManager	
CRF_SlottingManager	method	Scripts/Game/Systems/Core/Managers/Gamemode/CRF_SlottingManager.c	715	715	1	CRF_SlottingManager	
GetInstance	method	Scripts/Game/Systems/Core/Managers/Gamemode/CRF_SlottingManager.c	721	721	1	CRF_SlottingManager	
CRF_GearscriptManagerClass	class	Scripts/Game/Systems/Core/Managers/Gamemode/Gearscript/CRF_GearscriptManager.c	1	1	1		ScriptComponentClass
CRF_GearscriptManager	class	Scripts/Game/Systems/Core/Managers/Gamemode/Gearscript/CRF_GearscriptManager.c	3	825	823		ScriptComponent
OnPostInit	method	Scripts/Game/Systems/Core/Managers/Gamemode/Gearscript/CRF_GearscriptManager.c	15	15	1	CRF_GearscriptManager	
GetRolesConfig	method	Scripts/Game/Systems/Core/Managers/Gamemode/Gearscript/CRF_GearscriptManager.c	34	34	1	CRF_GearscriptManager	
LoadRoleConfig	method	Scripts/Game/Systems/Core/Managers/Gamemode/Gearscript/CRF_GearscriptManager.c	41	41	1	CRF_GearscriptManager	
LoadGearScriptConfig	method	Scripts/Game/Systems/Core/Managers/Gamemode/Gearscript/CRF_GearscriptManager.c	57	57	1	CRF_GearscriptManager	
LoadIdentityConfig	method	Scripts/Game/Systems/Core/Managers/Gamemode/Gearscript/CRF_GearscriptManager.c	67	67	1	CRF_GearscriptManager	
SetEntityGear	method	Scripts/Game/Systems/Core/Managers/Gamemode/Gearscript/CRF_GearscriptManager.c	81	81	1	CRF_GearscriptManager	
SetEntityIdentity	method	Scripts/Game/Systems/Core/Managers/Gamemode/Gearscript/CRF_GearscriptManager.c	166	166	1	CRF_GearscriptManager	
ApplyClothing	method	Scripts/Game/Systems/Core/Managers/Gamemode/Gearscript/CRF_GearscriptManager.c	235	235	1	CRF_GearscriptManager	
ApplyWeapons	method	Scripts/Game/Systems/Core/Managers/Gamemode/Gearscript/CRF_GearscriptManager.c	271	271	1	CRF_GearscriptManager	
ApplyCustomWeapons	method	Scripts/Game/Systems/Core/Managers/Gamemode/Gearscript/CRF_GearscriptManager.c	294	294	1	CRF_GearscriptManager	
ApplyDefaultWeapons	method	Scripts/Game/Systems/Core/Managers/Gamemode/Gearscript/CRF_GearscriptManager.c	354	354	1	CRF_GearscriptManager	
ApplyDefaultMagazines	method	Scripts/Game/Systems/Core/Managers/Gamemode/Gearscript/CRF_GearscriptManager.c	460	460	1	CRF_GearscriptManager	
AddMagazines	method	Scripts/Game/Systems/Core/Managers/Gamemode/Gearscript/CRF_GearscriptManager.c	551	551	1	CRF_GearscriptManager	
ApplyInventoryItems	method	Scripts/Game/Systems/Core/Managers/Gamemode/Gearscript/CRF_GearscriptManager.c	575	575	1	CRF_GearscriptManager	
AddInventoryItem	method	Scripts/Game/Systems/Core/Managers/Gamemode/Gearscript/CRF_GearscriptManager.c	650	650	1	CRF_GearscriptManager	
ClearEntityGear	method	Scripts/Game/Systems/Core/Managers/Gamemode/Gearscript/CRF_GearscriptManager.c	704	704	1	CRF_GearscriptManager	
DeleteRemainingItems	method	Scripts/Game/Systems/Core/Managers/Gamemode/Gearscript/CRF_GearscriptManager.c	746	746	1	CRF_GearscriptManager	
DEBUG_SpawnAllRoleCharacters	method	Scripts/Game/Systems/Core/Managers/Gamemode/Gearscript/CRF_GearscriptManager.c	761	761	1	CRF_GearscriptManager	
DEBUG_SpawnThenDeleteCharacter	method	Scripts/Game/Systems/Core/Managers/Gamemode/Gearscript/CRF_GearscriptManager.c	792	792	1	CRF_GearscriptManager	
CRF_GearscriptManager	method	Scripts/Game/Systems/Core/Managers/Gamemode/Gearscript/CRF_GearscriptManager.c	815	815	1	CRF_GearscriptManager	
GetInstance	method	Scripts/Game/Systems/Core/Managers/Gamemode/Gearscript/CRF_GearscriptManager.c	821	821	1	CRF_GearscriptManager	
CRF_VehicleGearscriptManagerClass	class	Scripts/Game/Systems/Core/Managers/Gamemode/Gearscript/CRF_VehicleGearscriptManager.c	1	3	3		ScriptComponentClass
CRF_VehicleGearscriptManager	class	Scripts/Game/Systems/Core/Managers/Gamemode/Gearscript/CRF_VehicleGearscriptManager.c	5	1312	1308		ScriptComponent
OnPostInit	method	Scripts/Game/Systems/Core/Managers/Gamemode/Gearscript/CRF_VehicleGearscriptManager.c	16	16	1	CRF_VehicleGearscriptManager	
GetSpawnedVehicleArray	method	Scripts/Game/Systems/Core/Managers/Gamemode/Gearscript/CRF_VehicleGearscriptManager.c	34	34	1	CRF_VehicleGearscriptManager	
AddVehicleToSpawnedArray	method	Scripts/Game/Systems/Core/Managers/Gamemode/Gearscript/CRF_VehicleGearscriptManager.c	40	40	1	CRF_VehicleGearscriptManager	
RemoveVehicleFromSpawnedArray	method	Scripts/Game/Systems/Core/Managers/Gamemode/Gearscript/CRF_VehicleGearscriptManager.c	49	49	1	CRF_VehicleGearscriptManager	
LoadVehicleGearScriptConfig	method	Scripts/Game/Systems/Core/Managers/Gamemode/Gearscript/CRF_VehicleGearscriptManager.c	60	60	1	CRF_VehicleGearscriptManager	
GetCachedResource	method	Scripts/Game/Systems/Core/Managers/Gamemode/Gearscript/CRF_VehicleGearscriptManager.c	70	70	1	CRF_VehicleGearscriptManager	
GetSupplyValuesForItems	method	Scripts/Game/Systems/Core/Managers/Gamemode/Gearscript/CRF_VehicleGearscriptManager.c	86	86	1	CRF_VehicleGearscriptManager	
EOnFrame	method	Scripts/Game/Systems/Core/Managers/Gamemode/Gearscript/CRF_VehicleGearscriptManager.c	140	140	1	CRF_VehicleGearscriptManager	
FindFactionByClosestPlayer	method	Scripts/Game/Systems/Core/Managers/Gamemode/Gearscript/CRF_VehicleGearscriptManager.c	174	174	1	CRF_VehicleGearscriptManager	
GetSuppliesInTruck	method	Scripts/Game/Systems/Core/Managers/Gamemode/Gearscript/CRF_VehicleGearscriptManager.c	241	241	1	CRF_VehicleGearscriptManager	
GetTruckResupplyCost	method	Scripts/Game/Systems/Core/Managers/Gamemode/Gearscript/CRF_VehicleGearscriptManager.c	320	320	1	CRF_VehicleGearscriptManager	
SetVehicleGear	method	Scripts/Game/Systems/Core/Managers/Gamemode/Gearscript/CRF_VehicleGearscriptManager.c	334	334	1	CRF_VehicleGearscriptManager	
IsSupplyTruck	method	Scripts/Game/Systems/Core/Managers/Gamemode/Gearscript/CRF_VehicleGearscriptManager.c	418	418	1	CRF_VehicleGearscriptManager	
SetTruckGear	method	Scripts/Game/Systems/Core/Managers/Gamemode/Gearscript/CRF_VehicleGearscriptManager.c	435	435	1	CRF_VehicleGearscriptManager	
AddVehicleCostClient	method	Scripts/Game/Systems/Core/Managers/Gamemode/Gearscript/CRF_VehicleGearscriptManager.c	623	623	1	CRF_VehicleGearscriptManager	
ClearTruckGear	method	Scripts/Game/Systems/Core/Managers/Gamemode/Gearscript/CRF_VehicleGearscriptManager.c	635	635	1	CRF_VehicleGearscriptManager	
ApplyTruckLoadout	method	Scripts/Game/Systems/Core/Managers/Gamemode/Gearscript/CRF_VehicleGearscriptManager.c	657	657	1	CRF_VehicleGearscriptManager	
SpawnMagazinesToVehicle	method	Scripts/Game/Systems/Core/Managers/Gamemode/Gearscript/CRF_VehicleGearscriptManager.c	765	765	1	CRF_VehicleGearscriptManager	
SpawnItemsToVehicle	method	Scripts/Game/Systems/Core/Managers/Gamemode/Gearscript/CRF_VehicleGearscriptManager.c	809	809	1	CRF_VehicleGearscriptManager	
HasSupplyBeenCalculated	method	Scripts/Game/Systems/Core/Managers/Gamemode/Gearscript/CRF_VehicleGearscriptManager.c	846	846	1	CRF_VehicleGearscriptManager	
GetBulletCountForWeapon	method	Scripts/Game/Systems/Core/Managers/Gamemode/Gearscript/CRF_VehicleGearscriptManager.c	862	862	1	CRF_VehicleGearscriptManager	
IsItemGrenade	method	Scripts/Game/Systems/Core/Managers/Gamemode/Gearscript/CRF_VehicleGearscriptManager.c	907	907	1	CRF_VehicleGearscriptManager	
IsWeaponDisposable	method	Scripts/Game/Systems/Core/Managers/Gamemode/Gearscript/CRF_VehicleGearscriptManager.c	941	941	1	CRF_VehicleGearscriptManager	
GetMagazineCount	method	Scripts/Game/Systems/Core/Managers/Gamemode/Gearscript/CRF_VehicleGearscriptManager.c	979	979	1	CRF_VehicleGearscriptManager	
GetWeaponsByIndex	method	Scripts/Game/Systems/Core/Managers/Gamemode/Gearscript/CRF_VehicleGearscriptManager.c	1010	1010	1	CRF_VehicleGearscriptManager	
GetSpecWeaponByIndex	method	Scripts/Game/Systems/Core/Managers/Gamemode/Gearscript/CRF_VehicleGearscriptManager.c	1052	1052	1	CRF_VehicleGearscriptManager	
IsGLHE	method	Scripts/Game/Systems/Core/Managers/Gamemode/Gearscript/CRF_VehicleGearscriptManager.c	1097	1097	1	CRF_VehicleGearscriptManager	
IsSpecRegularMagazine	method	Scripts/Game/Systems/Core/Managers/Gamemode/Gearscript/CRF_VehicleGearscriptManager.c	1129	1129	1	CRF_VehicleGearscriptManager	
IsRegularMagazine	method	Scripts/Game/Systems/Core/Managers/Gamemode/Gearscript/CRF_VehicleGearscriptManager.c	1190	1190	1	CRF_VehicleGearscriptManager	
SpawnVehicle	method	Scripts/Game/Systems/Core/Managers/Gamemode/Gearscript/CRF_VehicleGearscriptManager.c	1252	1252	1	CRF_VehicleGearscriptManager	
SetVehicle	method	Scripts/Game/Systems/Core/Managers/Gamemode/Gearscript/CRF_VehicleGearscriptManager.c	1281	1281	1	CRF_VehicleGearscriptManager	
CRF_VehicleGearscriptManager	method	Scripts/Game/Systems/Core/Managers/Gamemode/Gearscript/CRF_VehicleGearscriptManager.c	1302	1302	1	CRF_VehicleGearscriptManager	
GetInstance	method	Scripts/Game/Systems/Core/Managers/Gamemode/Gearscript/CRF_VehicleGearscriptManager.c	1308	1308	1	CRF_VehicleGearscriptManager	
CRF_ForwardDeployRequest	class	Scripts/Game/Systems/Core/Managers/Gamemode/Misc/CRF_ForwardDeployManager.c	1	5	5		
CRF_ForwardDeployManagerClass	class	Scripts/Game/Systems/Core/Managers/Gamemode/Misc/CRF_ForwardDeployManager.c	7	7	1		ScriptComponentClass
CRF_ForwardDeployManager	class	Scripts/Game/Systems/Core/Managers/Gamemode/Misc/CRF_ForwardDeployManager.c	9	142	134		ScriptComponent
EOnFrame	method	Scripts/Game/Systems/Core/Managers/Gamemode/Misc/CRF_ForwardDeployManager.c	21	21	1	CRF_ForwardDeployManager	
AddForwardDeployZone	method	Scripts/Game/Systems/Core/Managers/Gamemode/Misc/CRF_ForwardDeployManager.c	47	47	1	CRF_ForwardDeployManager	
GetForwardDeployZones	method	Scripts/Game/Systems/Core/Managers/Gamemode/Misc/CRF_ForwardDeployManager.c	53	53	1	CRF_ForwardDeployManager	
DeleteAllForwardDeployZones	method	Scripts/Game/Systems/Core/Managers/Gamemode/Misc/CRF_ForwardDeployManager.c	59	59	1	CRF_ForwardDeployManager	
CreateForwardDeployRequest	method	Scripts/Game/Systems/Core/Managers/Gamemode/Misc/CRF_ForwardDeployManager.c	75	75	1	CRF_ForwardDeployManager	
PerformForwardDeploy	method	Scripts/Game/Systems/Core/Managers/Gamemode/Misc/CRF_ForwardDeployManager.c	85	85	1	CRF_ForwardDeployManager	
IsForwardDeployActive	method	Scripts/Game/Systems/Core/Managers/Gamemode/Misc/CRF_ForwardDeployManager.c	104	104	1	CRF_ForwardDeployManager	
CRF_ForwardDeployManager	method	Scripts/Game/Systems/Core/Managers/Gamemode/Misc/CRF_ForwardDeployManager.c	132	132	1	CRF_ForwardDeployManager	
GetInstance	method	Scripts/Game/Systems/Core/Managers/Gamemode/Misc/CRF_ForwardDeployManager.c	138	138	1	CRF_ForwardDeployManager	
CRF_GarbageManagerClass	class	Scripts/Game/Systems/Core/Managers/Gamemode/Misc/CRF_GarbageManager.c	1	1	1		ScriptComponentClass
CRF_GarbageManager	class	Scripts/Game/Systems/Core/Managers/Gamemode/Misc/CRF_GarbageManager.c	3	73	71		ScriptComponent
CleanUpBodies	method	Scripts/Game/Systems/Core/Managers/Gamemode/Misc/CRF_GarbageManager.c	12	12	1	CRF_GarbageManager	
CleanUpBodyCallback	method	Scripts/Game/Systems/Core/Managers/Gamemode/Misc/CRF_GarbageManager.c	39	39	1	CRF_GarbageManager	
CRF_GarbageManager	method	Scripts/Game/Systems/Core/Managers/Gamemode/Misc/CRF_GarbageManager.c	63	63	1	CRF_GarbageManager	
GetInstance	method	Scripts/Game/Systems/Core/Managers/Gamemode/Misc/CRF_GarbageManager.c	69	69	1	CRF_GarbageManager	
CRF_LoggingManagerClass	class	Scripts/Game/Systems/Core/Managers/Gamemode/Misc/CRF_LoggingManager.c	13	16	4		SCR_BaseGameModeComponentClass
CRF_LoggingManager	class	Scripts/Game/Systems/Core/Managers/Gamemode/Misc/CRF_LoggingManager.c	18	888	871		SCR_BaseGameModeComponent
CRF_LoggingManager	method	Scripts/Game/Systems/Core/Managers/Gamemode/Misc/CRF_LoggingManager.c	71	71	1	CRF_LoggingManager	
GetInstance	method	Scripts/Game/Systems/Core/Managers/Gamemode/Misc/CRF_LoggingManager.c	91	91	1	CRF_LoggingManager	
GetLogFileHandle	method	Scripts/Game/Systems/Core/Managers/Gamemode/Misc/CRF_LoggingManager.c	98	98	1	CRF_LoggingManager	
OnPostInit	method	Scripts/Game/Systems/Core/Managers/Gamemode/Misc/CRF_LoggingManager.c	105	105	1	CRF_LoggingManager	
InitializeLogging	method	Scripts/Game/Systems/Core/Managers/Gamemode/Misc/CRF_LoggingManager.c	138	138	1	CRF_LoggingManager	
OnPlayerConnected	method	Scripts/Game/Systems/Core/Managers/Gamemode/Misc/CRF_LoggingManager.c	178	178	1	CRF_LoggingManager	
OnPlayerDisconnected	method	Scripts/Game/Systems/Core/Managers/Gamemode/Misc/CRF_LoggingManager.c	212	212	1	CRF_LoggingManager	
OnGamemodeStateChanged	method	Scripts/Game/Systems/Core/Managers/Gamemode/Misc/CRF_LoggingManager.c	233	233	1	CRF_LoggingManager	
OnGameModeEnd	method	Scripts/Game/Systems/Core/Managers/Gamemode/Misc/CRF_LoggingManager.c	278	278	1	CRF_LoggingManager	
OnDelete	method	Scripts/Game/Systems/Core/Managers/Gamemode/Misc/CRF_LoggingManager.c	294	294	1	CRF_LoggingManager	
GameStarted	method	Scripts/Game/Systems/Core/Managers/Gamemode/Misc/CRF_LoggingManager.c	310	310	1	CRF_LoggingManager	
UpdatePlayerCount	method	Scripts/Game/Systems/Core/Managers/Gamemode/Misc/CRF_LoggingManager.c	332	332	1	CRF_LoggingManager	
LogMissionEvent	method	Scripts/Game/Systems/Core/Managers/Gamemode/Misc/CRF_LoggingManager.c	411	411	1	CRF_LoggingManager	
Attendance	method	Scripts/Game/Systems/Core/Managers/Gamemode/Misc/CRF_LoggingManager.c	426	426	1	CRF_LoggingManager	
LogORBAT	method	Scripts/Game/Systems/Core/Managers/Gamemode/Misc/CRF_LoggingManager.c	450	450	1	CRF_LoggingManager	
TrackWeaponUsed	method	Scripts/Game/Systems/Core/Managers/Gamemode/Misc/CRF_LoggingManager.c	572	572	1	CRF_LoggingManager	
LogPlayerKill	method	Scripts/Game/Systems/Core/Managers/Gamemode/Misc/CRF_LoggingManager.c	590	590	1	CRF_LoggingManager	
LogGrenadeThrown	method	Scripts/Game/Systems/Core/Managers/Gamemode/Misc/CRF_LoggingManager.c	727	727	1	CRF_LoggingManager	
PlayerTookDamage	method	Scripts/Game/Systems/Core/Managers/Gamemode/Misc/CRF_LoggingManager.c	739	739	1	CRF_LoggingManager	
LogCurrentORBAT	method	Scripts/Game/Systems/Core/Managers/Gamemode/Misc/CRF_LoggingManager.c	800	800	1	CRF_LoggingManager	
SetWinningFaction	method	Scripts/Game/Systems/Core/Managers/Gamemode/Misc/CRF_LoggingManager.c	819	819	1	CRF_LoggingManager	
GetWinningFaction	method	Scripts/Game/Systems/Core/Managers/Gamemode/Misc/CRF_LoggingManager.c	854	854	1	CRF_LoggingManager	
IsWinnerDetermined	method	Scripts/Game/Systems/Core/Managers/Gamemode/Misc/CRF_LoggingManager.c	862	862	1	CRF_LoggingManager	
GetWinnerMethod	method	Scripts/Game/Systems/Core/Managers/Gamemode/Misc/CRF_LoggingManager.c	870	870	1	CRF_LoggingManager	
LogWinner	method	Scripts/Game/Systems/Core/Managers/Gamemode/Misc/CRF_LoggingManager.c	877	877	1	CRF_LoggingManager	
CRF_MissionValidatorManagerClass	class	Scripts/Game/Systems/Core/Managers/Gamemode/Misc/CRF_MissionValidatorManager.c	7	7	1		ScriptComponentClass
CRF_MissionValidatorManager	class	Scripts/Game/Systems/Core/Managers/Gamemode/Misc/CRF_MissionValidatorManager.c	9	672	664		ScriptComponent
OnPostInit	method	Scripts/Game/Systems/Core/Managers/Gamemode/Misc/CRF_MissionValidatorManager.c	50	50	1	CRF_MissionValidatorManager	
EOnInit	method	Scripts/Game/Systems/Core/Managers/Gamemode/Misc/CRF_MissionValidatorManager.c	64	64	1	CRF_MissionValidatorManager	
ValidateMission	method	Scripts/Game/Systems/Core/Managers/Gamemode/Misc/CRF_MissionValidatorManager.c	83	83	1	CRF_MissionValidatorManager	
ValidateGamemodeEntity	method	Scripts/Game/Systems/Core/Managers/Gamemode/Misc/CRF_MissionValidatorManager.c	125	125	1	CRF_MissionValidatorManager	
ValidateFactions	method	Scripts/Game/Systems/Core/Managers/Gamemode/Misc/CRF_MissionValidatorManager.c	209	209	1	CRF_MissionValidatorManager	
ValidateSpawnMarkers	method	Scripts/Game/Systems/Core/Managers/Gamemode/Misc/CRF_MissionValidatorManager.c	234	234	1	CRF_MissionValidatorManager	
ValidateSafezones	method	Scripts/Game/Systems/Core/Managers/Gamemode/Misc/CRF_MissionValidatorManager.c	266	266	1	CRF_MissionValidatorManager	
ValidateCVONSetup	method	Scripts/Game/Systems/Core/Managers/Gamemode/Misc/CRF_MissionValidatorManager.c	298	298	1	CRF_MissionValidatorManager	
ValidateSlottingSetup	method	Scripts/Game/Systems/Core/Managers/Gamemode/Misc/CRF_MissionValidatorManager.c	327	327	1	CRF_MissionValidatorManager	
ValidateSpecialGamemodeRequirements	method	Scripts/Game/Systems/Core/Managers/Gamemode/Misc/CRF_MissionValidatorManager.c	379	379	1	CRF_MissionValidatorManager	
CountEntitiesWithName	method	Scripts/Game/Systems/Core/Managers/Gamemode/Misc/CRF_MissionValidatorManager.c	470	470	1	CRF_MissionValidatorManager	
AddCriticalError	method	Scripts/Game/Systems/Core/Managers/Gamemode/Misc/CRF_MissionValidatorManager.c	488	488	1	CRF_MissionValidatorManager	
AddWarning	method	Scripts/Game/Systems/Core/Managers/Gamemode/Misc/CRF_MissionValidatorManager.c	495	495	1	CRF_MissionValidatorManager	
AddInfo	method	Scripts/Game/Systems/Core/Managers/Gamemode/Misc/CRF_MissionValidatorManager.c	502	502	1	CRF_MissionValidatorManager	
GetInstance	method	Scripts/Game/Systems/Core/Managers/Gamemode/Misc/CRF_MissionValidatorManager.c	509	509	1	CRF_MissionValidatorManager	
DisplayValidationResults	method	Scripts/Game/Systems/Core/Managers/Gamemode/Misc/CRF_MissionValidatorManager.c	516	516	1	CRF_MissionValidatorManager	
TriggerValidation	method	Scripts/Game/Systems/Core/Managers/Gamemode/Misc/CRF_MissionValidatorManager.c	543	543	1	CRF_MissionValidatorManager	
IsValid	method	Scripts/Game/Systems/Core/Managers/Gamemode/Misc/CRF_MissionValidatorManager.c	551	551	1	CRF_MissionValidatorManager	
GetCriticalErrors	method	Scripts/Game/Systems/Core/Managers/Gamemode/Misc/CRF_MissionValidatorManager.c	558	558	1	CRF_MissionValidatorManager	
GetWarnings	method	Scripts/Game/Systems/Core/Managers/Gamemode/Misc/CRF_MissionValidatorManager.c	565	565	1	CRF_MissionValidatorManager	
GetInfoMessages	method	Scripts/Game/Systems/Core/Managers/Gamemode/Misc/CRF_MissionValidatorManager.c	572	572	1	CRF_MissionValidatorManager	
ShowWorkbenchOutput	method	Scripts/Game/Systems/Core/Managers/Gamemode/Misc/CRF_MissionValidatorManager.c	583	583	1	CRF_MissionValidatorManager	
CRF_PermissionManagerClass	class	Scripts/Game/Systems/Core/Managers/Gamemode/Misc/CRF_PermissionManager.c	1	1	1		ScriptComponentClass
CRF_PermissionManager	class	Scripts/Game/Systems/Core/Managers/Gamemode/Misc/CRF_PermissionManager.c	3	98	96		ScriptComponent
IsModerator	method	Scripts/Game/Systems/Core/Managers/Gamemode/Misc/CRF_PermissionManager.c	19	19	1	CRF_PermissionManager	
IsModerator	method	Scripts/Game/Systems/Core/Managers/Gamemode/Misc/CRF_PermissionManager.c	27	27	1	CRF_PermissionManager	
IsDonator	method	Scripts/Game/Systems/Core/Managers/Gamemode/Misc/CRF_PermissionManager.c	36	36	1	CRF_PermissionManager	
IsDonator	method	Scripts/Game/Systems/Core/Managers/Gamemode/Misc/CRF_PermissionManager.c	44	44	1	CRF_PermissionManager	
SetPlayerStatus	method	Scripts/Game/Systems/Core/Managers/Gamemode/Misc/CRF_PermissionManager.c	56	56	1	CRF_PermissionManager	
CRF_PermissionManager	method	Scripts/Game/Systems/Core/Managers/Gamemode/Misc/CRF_PermissionManager.c	88	88	1	CRF_PermissionManager	
GetInstance	method	Scripts/Game/Systems/Core/Managers/Gamemode/Misc/CRF_PermissionManager.c	94	94	1	CRF_PermissionManager	
CRF_PersistenceManagerClass	class	Scripts/Game/Systems/Core/Managers/Gamemode/Misc/CRF_PersistenceManager.c	7	9	3		ScriptComponentClass
CRF_PersistenceManager	class	Scripts/Game/Systems/Core/Managers/Gamemode/Misc/CRF_PersistenceManager.c	11	524	514		ScriptComponent
OnPostInit	method	Scripts/Game/Systems/Core/Managers/Gamemode/Misc/CRF_PersistenceManager.c	46	46	1	CRF_PersistenceManager	
EOnFrame	method	Scripts/Game/Systems/Core/Managers/Gamemode/Misc/CRF_PersistenceManager.c	99	99	1	CRF_PersistenceManager	
OnGameStart	method	Scripts/Game/Systems/Core/Managers/Gamemode/Misc/CRF_PersistenceManager.c	125	125	1	CRF_PersistenceManager	
OnGameEnd	method	Scripts/Game/Systems/Core/Managers/Gamemode/Misc/CRF_PersistenceManager.c	138	138	1	CRF_PersistenceManager	
TriggerAutoSave	method	Scripts/Game/Systems/Core/Managers/Gamemode/Misc/CRF_PersistenceManager.c	164	164	1	CRF_PersistenceManager	
TriggerManualSave	method	Scripts/Game/Systems/Core/Managers/Gamemode/Misc/CRF_PersistenceManager.c	207	207	1	CRF_PersistenceManager	
LoadLatestSave	method	Scripts/Game/Systems/Core/Managers/Gamemode/Misc/CRF_PersistenceManager.c	243	243	1	CRF_PersistenceManager	
LoadSaveById	method	Scripts/Game/Systems/Core/Managers/Gamemode/Misc/CRF_PersistenceManager.c	276	276	1	CRF_PersistenceManager	
LoadSaveByNumber	method	Scripts/Game/Systems/Core/Managers/Gamemode/Misc/CRF_PersistenceManager.c	310	310	1	CRF_PersistenceManager	
ListSaves	method	Scripts/Game/Systems/Core/Managers/Gamemode/Misc/CRF_PersistenceManager.c	339	339	1	CRF_PersistenceManager	
CleanupOldAutoSaves	method	Scripts/Game/Systems/Core/Managers/Gamemode/Misc/CRF_PersistenceManager.c	366	366	1	CRF_PersistenceManager	
AutoSaveCallback	method	Scripts/Game/Systems/Core/Managers/Gamemode/Misc/CRF_PersistenceManager.c	403	403	1	CRF_PersistenceManager	
ManualSaveCallback	method	Scripts/Game/Systems/Core/Managers/Gamemode/Misc/CRF_PersistenceManager.c	416	416	1	CRF_PersistenceManager	
ShutdownSaveCallback	method	Scripts/Game/Systems/Core/Managers/Gamemode/Misc/CRF_PersistenceManager.c	431	431	1	CRF_PersistenceManager	
NotifyAdmins	method	Scripts/Game/Systems/Core/Managers/Gamemode/Misc/CRF_PersistenceManager.c	448	448	1	CRF_PersistenceManager	
IsPlayerAdmin	method	Scripts/Game/Systems/Core/Managers/Gamemode/Misc/CRF_PersistenceManager.c	469	469	1	CRF_PersistenceManager	
GetSaveTimeString	method	Scripts/Game/Systems/Core/Managers/Gamemode/Misc/CRF_PersistenceManager.c	477	477	1	CRF_PersistenceManager	
OnDelete	method	Scripts/Game/Systems/Core/Managers/Gamemode/Misc/CRF_PersistenceManager.c	492	492	1	CRF_PersistenceManager	
CRF_PersistenceManager	method	Scripts/Game/Systems/Core/Managers/Gamemode/Misc/CRF_PersistenceManager.c	514	514	1	CRF_PersistenceManager	
GetInstance	method	Scripts/Game/Systems/Core/Managers/Gamemode/Misc/CRF_PersistenceManager.c	520	520	1	CRF_PersistenceManager	
CRF_BandwidthTelemetryManagerClass	class	Scripts/Game/Systems/Core/Managers/Gamemode/Replication/CRF_BandwidthTelemetryManager.c	8	10	3		SCR_BaseGameModeComponentClass
CRF_RPCTelemetryData	class	Scripts/Game/Systems/Core/Managers/Gamemode/Replication/CRF_BandwidthTelemetryManager.c	14	57	44		
CRF_RPCTelemetryData	method	Scripts/Game/Systems/Core/Managers/Gamemode/Replication/CRF_BandwidthTelemetryManager.c	25	25	1	CRF_RPCTelemetryData	
AddCall	method	Scripts/Game/Systems/Core/Managers/Gamemode/Replication/CRF_BandwidthTelemetryManager.c	37	37	1	CRF_RPCTelemetryData	
GetAverageBytes	method	Scripts/Game/Systems/Core/Managers/Gamemode/Replication/CRF_BandwidthTelemetryManager.c	51	51	1	CRF_RPCTelemetryData	
CRF_BandwidthTelemetryManager	class	Scripts/Game/Systems/Core/Managers/Gamemode/Replication/CRF_BandwidthTelemetryManager.c	60	345	286		SCR_BaseGameModeComponent
OnPostInit	method	Scripts/Game/Systems/Core/Managers/Gamemode/Replication/CRF_BandwidthTelemetryManager.c	89	89	1	CRF_BandwidthTelemetryManager	
EOnFrame	method	Scripts/Game/Systems/Core/Managers/Gamemode/Replication/CRF_BandwidthTelemetryManager.c	112	112	1	CRF_BandwidthTelemetryManager	
PrintTelemetrySummary	method	Scripts/Game/Systems/Core/Managers/Gamemode/Replication/CRF_BandwidthTelemetryManager.c	127	127	1	CRF_BandwidthTelemetryManager	
LogRPC	method	Scripts/Game/Systems/Core/Managers/Gamemode/Replication/CRF_BandwidthTelemetryManager.c	200	200	1	CRF_BandwidthTelemetryManager	
ResetTelemetry	method	Scripts/Game/Systems/Core/Managers/Gamemode/Replication/CRF_BandwidthTelemetryManager.c	230	230	1	CRF_BandwidthTelemetryManager	
GetTotalBytesTransmitted	method	Scripts/Game/Systems/Core/Managers/Gamemode/Replication/CRF_BandwidthTelemetryManager.c	245	245	1	CRF_BandwidthTelemetryManager	
GetTotalRPCCalls	method	Scripts/Game/Systems/Core/Managers/Gamemode/Replication/CRF_BandwidthTelemetryManager.c	252	252	1	CRF_BandwidthTelemetryManager	
EstimateSize_Int	method	Scripts/Game/Systems/Core/Managers/Gamemode/Replication/CRF_BandwidthTelemetryManager.c	262	262	1	CRF_BandwidthTelemetryManager	
EstimateSize_Float	method	Scripts/Game/Systems/Core/Managers/Gamemode/Replication/CRF_BandwidthTelemetryManager.c	268	268	1	CRF_BandwidthTelemetryManager	
EstimateSize_Bool	method	Scripts/Game/Systems/Core/Managers/Gamemode/Replication/CRF_BandwidthTelemetryManager.c	274	274	1	CRF_BandwidthTelemetryManager	
EstimateSize_String	method	Scripts/Game/Systems/Core/Managers/Gamemode/Replication/CRF_BandwidthTelemetryManager.c	280	280	1	CRF_BandwidthTelemetryManager	
EstimateSize_Vector	method	Scripts/Game/Systems/Core/Managers/Gamemode/Replication/CRF_BandwidthTelemetryManager.c	288	288	1	CRF_BandwidthTelemetryManager	
EstimateSize_RplId	method	Scripts/Game/Systems/Core/Managers/Gamemode/Replication/CRF_BandwidthTelemetryManager.c	294	294	1	CRF_BandwidthTelemetryManager	
EstimateSize_ResourceName	method	Scripts/Game/Systems/Core/Managers/Gamemode/Replication/CRF_BandwidthTelemetryManager.c	300	300	1	CRF_BandwidthTelemetryManager	
EstimateSize_StringArray	method	Scripts/Game/Systems/Core/Managers/Gamemode/Replication/CRF_BandwidthTelemetryManager.c	306	306	1	CRF_BandwidthTelemetryManager	
EstimateSize_IntArray	method	Scripts/Game/Systems/Core/Managers/Gamemode/Replication/CRF_BandwidthTelemetryManager.c	320	320	1	CRF_BandwidthTelemetryManager	
CRF_BandwidthTelemetryManager	method	Scripts/Game/Systems/Core/Managers/Gamemode/Replication/CRF_BandwidthTelemetryManager.c	334	334	1	CRF_BandwidthTelemetryManager	
GetInstance	method	Scripts/Game/Systems/Core/Managers/Gamemode/Replication/CRF_BandwidthTelemetryManager.c	341	341	1	CRF_BandwidthTelemetryManager	
CRF_RplBroadcastManagerClass	class	Scripts/Game/Systems/Core/Managers/Gamemode/Replication/CRF_RplBroadcastManager.c	1	1	1		ScriptComponentClass
CRF_SlotUpdateBatch	class	Scripts/Game/Systems/Core/Managers/Gamemode/Replication/CRF_RplBroadcastManager.c	6	20	15		
CRF_SlotUpdateBatch	method	Scripts/Game/Systems/Core/Managers/Gamemode/Replication/CRF_RplBroadcastManager.c	15	15	1	CRF_SlotUpdateBatch	
CRF_RplBroadcastManager	class	Scripts/Game/Systems/Core/Managers/Gamemode/Replication/CRF_RplBroadcastManager.c	25	2192	2168		ScriptComponent
OnPostInit	method	Scripts/Game/Systems/Core/Managers/Gamemode/Replication/CRF_RplBroadcastManager.c	54	54	1	CRF_RplBroadcastManager	
InitializeManagerReferences	method	Scripts/Game/Systems/Core/Managers/Gamemode/Replication/CRF_RplBroadcastManager.c	62	62	1	CRF_RplBroadcastManager	
LogTelemetry	method	Scripts/Game/Systems/Core/Managers/Gamemode/Replication/CRF_RplBroadcastManager.c	78	78	1	CRF_RplBroadcastManager	
QueueSlotUpdate	method	Scripts/Game/Systems/Core/Managers/Gamemode/Replication/CRF_RplBroadcastManager.c	97	97	1	CRF_RplBroadcastManager	
FlushSlotUpdates	method	Scripts/Game/Systems/Core/Managers/Gamemode/Replication/CRF_RplBroadcastManager.c	126	126	1	CRF_RplBroadcastManager	
SendSlotPlayerIdUpdate	method	Scripts/Game/Systems/Core/Managers/Gamemode/Replication/CRF_RplBroadcastManager.c	172	172	1	CRF_RplBroadcastManager	
SendSlotCharacterUpdate	method	Scripts/Game/Systems/Core/Managers/Gamemode/Replication/CRF_RplBroadcastManager.c	183	183	1	CRF_RplBroadcastManager	
SendSlotGroupUpdate	method	Scripts/Game/Systems/Core/Managers/Gamemode/Replication/CRF_RplBroadcastManager.c	194	194	1	CRF_RplBroadcastManager	
SendSlotLockedUpdate	method	Scripts/Game/Systems/Core/Managers/Gamemode/Replication/CRF_RplBroadcastManager.c	205	205	1	CRF_RplBroadcastManager	
SendSlotDeathUpdate	method	Scripts/Game/Systems/Core/Managers/Gamemode/Replication/CRF_RplBroadcastManager.c	216	216	1	CRF_RplBroadcastManager	
SendSlotRoleUpdate	method	Scripts/Game/Systems/Core/Managers/Gamemode/Replication/CRF_RplBroadcastManager.c	227	227	1	CRF_RplBroadcastManager	
SetBatchingEnabled	method	Scripts/Game/Systems/Core/Managers/Gamemode/Replication/CRF_RplBroadcastManager.c	239	239	1	CRF_RplBroadcastManager	
IsBatchingEnabled	method	Scripts/Game/Systems/Core/Managers/Gamemode/Replication/CRF_RplBroadcastManager.c	249	249	1	CRF_RplBroadcastManager	
PopUpNotification	method	Scripts/Game/Systems/Core/Managers/Gamemode/Replication/CRF_RplBroadcastManager.c	259	259	1	CRF_RplBroadcastManager	
SendAdminMessage	method	Scripts/Game/Systems/Core/Managers/Gamemode/Replication/CRF_RplBroadcastManager.c	278	278	1	CRF_RplBroadcastManager	
GetOpenTickets	method	Scripts/Game/Systems/Core/Managers/Gamemode/Replication/CRF_RplBroadcastManager.c	292	292	1	CRF_RplBroadcastManager	
GetTicketMessages	method	Scripts/Game/Systems/Core/Managers/Gamemode/Replication/CRF_RplBroadcastManager.c	301	301	1	CRF_RplBroadcastManager	
ReplyAdminMessage	method	Scripts/Game/Systems/Core/Managers/Gamemode/Replication/CRF_RplBroadcastManager.c	310	310	1	CRF_RplBroadcastManager	
CloseAdminTicket	method	Scripts/Game/Systems/Core/Managers/Gamemode/Replication/CRF_RplBroadcastManager.c	326	326	1	CRF_RplBroadcastManager	
NotifiyTicketAssigned	method	Scripts/Game/Systems/Core/Managers/Gamemode/Replication/CRF_RplBroadcastManager.c	341	341	1	CRF_RplBroadcastManager	
RefreshAdminMenuLists	method	Scripts/Game/Systems/Core/Managers/Gamemode/Replication/CRF_RplBroadcastManager.c	355	355	1	CRF_RplBroadcastManager	
TeleportPlayers	method	Scripts/Game/Systems/Core/Managers/Gamemode/Replication/CRF_RplBroadcastManager.c	365	365	1	CRF_RplBroadcastManager	
BroadcastMessage	method	Scripts/Game/Systems/Core/Managers/Gamemode/Replication/CRF_RplBroadcastManager.c	388	388	1	CRF_RplBroadcastManager	
Closemap	method	Scripts/Game/Systems/Core/Managers/Gamemode/Replication/CRF_RplBroadcastManager.c	402	402	1	CRF_RplBroadcastManager	
HolsterGun	method	Scripts/Game/Systems/Core/Managers/Gamemode/Replication/CRF_RplBroadcastManager.c	415	415	1	CRF_RplBroadcastManager	
SendHint	method	Scripts/Game/Systems/Core/Managers/Gamemode/Replication/CRF_RplBroadcastManager.c	428	428	1	CRF_RplBroadcastManager	
LogAdminAction	method	Scripts/Game/Systems/Core/Managers/Gamemode/Replication/CRF_RplBroadcastManager.c	444	444	1	CRF_RplBroadcastManager	
BroadcastAdminChatMessage	method	Scripts/Game/Systems/Core/Managers/Gamemode/Replication/CRF_RplBroadcastManager.c	460	460	1	CRF_RplBroadcastManager	
SendRespawnScreen	method	Scripts/Game/Systems/Core/Managers/Gamemode/Replication/CRF_RplBroadcastManager.c	474	474	1	CRF_RplBroadcastManager	
SendCharacterLoadingScreen	method	Scripts/Game/Systems/Core/Managers/Gamemode/Replication/CRF_RplBroadcastManager.c	487	487	1	CRF_RplBroadcastManager	
InitilizePlayerBroadcast	method	Scripts/Game/Systems/Core/Managers/Gamemode/Replication/CRF_RplBroadcastManager.c	500	500	1	CRF_RplBroadcastManager	
SendRequest	method	Scripts/Game/Systems/Core/Managers/Gamemode/Replication/CRF_RplBroadcastManager.c	515	515	1	CRF_RplBroadcastManager	
NotifyChannelJoinRequest	method	Scripts/Game/Systems/Core/Managers/Gamemode/Replication/CRF_RplBroadcastManager.c	535	535	1	CRF_RplBroadcastManager	
TestTargetedBroadcast	method	Scripts/Game/Systems/Core/Managers/Gamemode/Replication/CRF_RplBroadcastManager.c	550	550	1	CRF_RplBroadcastManager	
TestChannelCreatorRPC	method	Scripts/Game/Systems/Core/Managers/Gamemode/Replication/CRF_RplBroadcastManager.c	563	563	1	CRF_RplBroadcastManager	
TestBroadcastConnectivity	method	Scripts/Game/Systems/Core/Managers/Gamemode/Replication/CRF_RplBroadcastManager.c	576	576	1	CRF_RplBroadcastManager	
ConfirmRequestReceived	method	Scripts/Game/Systems/Core/Managers/Gamemode/Replication/CRF_RplBroadcastManager.c	589	589	1	CRF_RplBroadcastManager	
Deny	method	Scripts/Game/Systems/Core/Managers/Gamemode/Replication/CRF_RplBroadcastManager.c	602	602	1	CRF_RplBroadcastManager	
NotifyRequestAccepted	method	Scripts/Game/Systems/Core/Managers/Gamemode/Replication/CRF_RplBroadcastManager.c	615	615	1	CRF_RplBroadcastManager	
NotifyRequestDenied	method	Scripts/Game/Systems/Core/Managers/Gamemode/Replication/CRF_RplBroadcastManager.c	628	628	1	CRF_RplBroadcastManager	
PlayRushMCOMSound	method	Scripts/Game/Systems/Core/Managers/Gamemode/Replication/CRF_RplBroadcastManager.c	641	641	1	CRF_RplBroadcastManager	
StopRushMCOMSound	method	Scripts/Game/Systems/Core/Managers/Gamemode/Replication/CRF_RplBroadcastManager.c	657	657	1	CRF_RplBroadcastManager	
CreateGroupLeaderMarker	method	Scripts/Game/Systems/Core/Managers/Gamemode/Replication/CRF_RplBroadcastManager.c	672	672	1	CRF_RplBroadcastManager	
RemoveGroupLeaderMarker	method	Scripts/Game/Systems/Core/Managers/Gamemode/Replication/CRF_RplBroadcastManager.c	687	687	1	CRF_RplBroadcastManager	
ClearAllGroupLeaderMarkers	method	Scripts/Game/Systems/Core/Managers/Gamemode/Replication/CRF_RplBroadcastManager.c	700	700	1	CRF_RplBroadcastManager	
RequestGroupLeaderMarkerState	method	Scripts/Game/Systems/Core/Managers/Gamemode/Replication/CRF_RplBroadcastManager.c	713	713	1	CRF_RplBroadcastManager	
CreateGroupLeaderMarkerForPlayer	method	Scripts/Game/Systems/Core/Managers/Gamemode/Replication/CRF_RplBroadcastManager.c	726	726	1	CRF_RplBroadcastManager	
DeleteRushMCOMEntity	method	Scripts/Game/Systems/Core/Managers/Gamemode/Replication/CRF_RplBroadcastManager.c	741	741	1	CRF_RplBroadcastManager	
MoveSpecCamToSlot	method	Scripts/Game/Systems/Core/Managers/Gamemode/Replication/CRF_RplBroadcastManager.c	758	758	1	CRF_RplBroadcastManager	
UpdateGunGamePlayerStats	method	Scripts/Game/Systems/Core/Managers/Gamemode/Replication/CRF_RplBroadcastManager.c	774	774	1	CRF_RplBroadcastManager	
UpdateFactionChannelsSR	method	Scripts/Game/Systems/Core/Managers/Gamemode/Replication/CRF_RplBroadcastManager.c	788	788	1	CRF_RplBroadcastManager	
UpdateFactionChannelsLR	method	Scripts/Game/Systems/Core/Managers/Gamemode/Replication/CRF_RplBroadcastManager.c	804	804	1	CRF_RplBroadcastManager	
AddVehicleSupplyCost	method	Scripts/Game/Systems/Core/Managers/Gamemode/Replication/CRF_RplBroadcastManager.c	820	820	1	CRF_RplBroadcastManager	
UpdateSlotPlayerIdDelta	method	Scripts/Game/Systems/Core/Managers/Gamemode/Replication/CRF_RplBroadcastManager.c	843	843	1	CRF_RplBroadcastManager	
UpdateSlotCharacterDelta	method	Scripts/Game/Systems/Core/Managers/Gamemode/Replication/CRF_RplBroadcastManager.c	862	862	1	CRF_RplBroadcastManager	
UpdateSlotGroupDelta	method	Scripts/Game/Systems/Core/Managers/Gamemode/Replication/CRF_RplBroadcastManager.c	881	881	1	CRF_RplBroadcastManager	
UpdateSlotLockedDelta	method	Scripts/Game/Systems/Core/Managers/Gamemode/Replication/CRF_RplBroadcastManager.c	900	900	1	CRF_RplBroadcastManager	
UpdateSlotDeathDelta	method	Scripts/Game/Systems/Core/Managers/Gamemode/Replication/CRF_RplBroadcastManager.c	919	919	1	CRF_RplBroadcastManager	
UpdateSlotRoleDelta	method	Scripts/Game/Systems/Core/Managers/Gamemode/Replication/CRF_RplBroadcastManager.c	939	939	1	CRF_RplBroadcastManager	
GetLocalChatComponent	method	Scripts/Game/Systems/Core/Managers/Gamemode/Replication/CRF_RplBroadcastManager.c	963	963	1	CRF_RplBroadcastManager	
IsLocalPlayer	method	Scripts/Game/Systems/Core/Managers/Gamemode/Replication/CRF_RplBroadcastManager.c	974	974	1	CRF_RplBroadcastManager	
FindMCOMEntityAtPosition	method	Scripts/Game/Systems/Core/Managers/Gamemode/Replication/CRF_RplBroadcastManager.c	981	981	1	CRF_RplBroadcastManager	
UpdateSlotData	method	Scripts/Game/Systems/Core/Managers/Gamemode/Replication/CRF_RplBroadcastManager.c	1057	1057	1	CRF_RplBroadcastManager	
RemoveSlot	method	Scripts/Game/Systems/Core/Managers/Gamemode/Replication/CRF_RplBroadcastManager.c	1071	1071	1	CRF_RplBroadcastManager	
UpdateSpawnPointData	method	Scripts/Game/Systems/Core/Managers/Gamemode/Replication/CRF_RplBroadcastManager.c	1084	1084	1	CRF_RplBroadcastManager	
RemoveSpawnPoint	method	Scripts/Game/Systems/Core/Managers/Gamemode/Replication/CRF_RplBroadcastManager.c	1097	1097	1	CRF_RplBroadcastManager	
NotifySlottingPhaseChanged	method	Scripts/Game/Systems/Core/Managers/Gamemode/Replication/CRF_RplBroadcastManager.c	1111	1111	1	CRF_RplBroadcastManager	
BroadcastOutro	method	Scripts/Game/Systems/Core/Managers/Gamemode/Replication/CRF_RplBroadcastManager.c	1127	1127	1	CRF_RplBroadcastManager	
BroadcastVehiclePosUpdate	method	Scripts/Game/Systems/Core/Managers/Gamemode/Replication/CRF_RplBroadcastManager.c	1137	1137	1	CRF_RplBroadcastManager	
RpcDo_PopUpNotification	method	Scripts/Game/Systems/Core/Managers/Gamemode/Replication/CRF_RplBroadcastManager.c	1148	1148	1	CRF_RplBroadcastManager	
RpcDo_SendAdminMessage	method	Scripts/Game/Systems/Core/Managers/Gamemode/Replication/CRF_RplBroadcastManager.c	1158	1158	1	CRF_RplBroadcastManager	
RpcDo_GetOpenTickets	method	Scripts/Game/Systems/Core/Managers/Gamemode/Replication/CRF_RplBroadcastManager.c	1188	1188	1	CRF_RplBroadcastManager	
RpcDo_GetTicketMessages	method	Scripts/Game/Systems/Core/Managers/Gamemode/Replication/CRF_RplBroadcastManager.c	1212	1212	1	CRF_RplBroadcastManager	
RpcDo_ReplyAdminMessage	method	Scripts/Game/Systems/Core/Managers/Gamemode/Replication/CRF_RplBroadcastManager.c	1235	1235	1	CRF_RplBroadcastManager	
RpcDo_CloseAdminTicket	method	Scripts/Game/Systems/Core/Managers/Gamemode/Replication/CRF_RplBroadcastManager.c	1255	1255	1	CRF_RplBroadcastManager	
RpcDo_NotifiyTicketAssigned	method	Scripts/Game/Systems/Core/Managers/Gamemode/Replication/CRF_RplBroadcastManager.c	1276	1276	1	CRF_RplBroadcastManager	
RpcDo_RefreshAdminMenuLists	method	Scripts/Game/Systems/Core/Managers/Gamemode/Replication/CRF_RplBroadcastManager.c	1296	1296	1	CRF_RplBroadcastManager	
RpcDo_TeleportPlayers	method	Scripts/Game/Systems/Core/Managers/Gamemode/Replication/CRF_RplBroadcastManager.c	1306	1306	1	CRF_RplBroadcastManager	
RpcDo_SendHint	method	Scripts/Game/Systems/Core/Managers/Gamemode/Replication/CRF_RplBroadcastManager.c	1328	1328	1	CRF_RplBroadcastManager	
RpcDo_Closemap	method	Scripts/Game/Systems/Core/Managers/Gamemode/Replication/CRF_RplBroadcastManager.c	1363	1363	1	CRF_RplBroadcastManager	
RpcDo_HolsterGun	method	Scripts/Game/Systems/Core/Managers/Gamemode/Replication/CRF_RplBroadcastManager.c	1378	1378	1	CRF_RplBroadcastManager	
RpcDo_LogAdminAction	method	Scripts/Game/Systems/Core/Managers/Gamemode/Replication/CRF_RplBroadcastManager.c	1398	1398	1	CRF_RplBroadcastManager	
RpcDo_BroadcastAdminChatMessage	method	Scripts/Game/Systems/Core/Managers/Gamemode/Replication/CRF_RplBroadcastManager.c	1423	1423	1	CRF_RplBroadcastManager	
RpcDo_SendRespawnScreen	method	Scripts/Game/Systems/Core/Managers/Gamemode/Replication/CRF_RplBroadcastManager.c	1439	1439	1	CRF_RplBroadcastManager	
RpcDo_SendCharacterLoadingScreen	method	Scripts/Game/Systems/Core/Managers/Gamemode/Replication/CRF_RplBroadcastManager.c	1464	1464	1	CRF_RplBroadcastManager	
RpcDo_InitilizePlayerBroadcast	method	Scripts/Game/Systems/Core/Managers/Gamemode/Replication/CRF_RplBroadcastManager.c	1474	1474	1	CRF_RplBroadcastManager	
RpcDo_SendRequest	method	Scripts/Game/Systems/Core/Managers/Gamemode/Replication/CRF_RplBroadcastManager.c	1484	1484	1	CRF_RplBroadcastManager	
RpcDo_Deny	method	Scripts/Game/Systems/Core/Managers/Gamemode/Replication/CRF_RplBroadcastManager.c	1547	1547	1	CRF_RplBroadcastManager	
RpcDo_NotifyRequestAccepted	method	Scripts/Game/Systems/Core/Managers/Gamemode/Replication/CRF_RplBroadcastManager.c	1575	1575	1	CRF_RplBroadcastManager	
RpcDo_NotifyRequestDenied	method	Scripts/Game/Systems/Core/Managers/Gamemode/Replication/CRF_RplBroadcastManager.c	1591	1591	1	CRF_RplBroadcastManager	
RpcDo_TestTargetedBroadcast	method	Scripts/Game/Systems/Core/Managers/Gamemode/Replication/CRF_RplBroadcastManager.c	1607	1607	1	CRF_RplBroadcastManager	
RpcDo_TestChannelCreatorRPC	method	Scripts/Game/Systems/Core/Managers/Gamemode/Replication/CRF_RplBroadcastManager.c	1619	1619	1	CRF_RplBroadcastManager	
RpcDo_TestBroadcastConnectivity	method	Scripts/Game/Systems/Core/Managers/Gamemode/Replication/CRF_RplBroadcastManager.c	1638	1638	1	CRF_RplBroadcastManager	
RpcDo_ConfirmRequestReceived	method	Scripts/Game/Systems/Core/Managers/Gamemode/Replication/CRF_RplBroadcastManager.c	1654	1654	1	CRF_RplBroadcastManager	
RpcDo_PlayRushMCOMSound	method	Scripts/Game/Systems/Core/Managers/Gamemode/Replication/CRF_RplBroadcastManager.c	1662	1662	1	CRF_RplBroadcastManager	
RpcDo_StopRushMCOMSound	method	Scripts/Game/Systems/Core/Managers/Gamemode/Replication/CRF_RplBroadcastManager.c	1679	1679	1	CRF_RplBroadcastManager	
RpcDo_CreateGroupLeaderMarker	method	Scripts/Game/Systems/Core/Managers/Gamemode/Replication/CRF_RplBroadcastManager.c	1690	1690	1	CRF_RplBroadcastManager	
RpcDo_RemoveGroupLeaderMarker	method	Scripts/Game/Systems/Core/Managers/Gamemode/Replication/CRF_RplBroadcastManager.c	1701	1701	1	CRF_RplBroadcastManager	
RpcDo_ClearAllGroupLeaderMarkers	method	Scripts/Game/Systems/Core/Managers/Gamemode/Replication/CRF_RplBroadcastManager.c	1712	1712	1	CRF_RplBroadcastManager	
RpcDo_RequestGroupLeaderMarkerState	method	Scripts/Game/Systems/Core/Managers/Gamemode/Replication/CRF_RplBroadcastManager.c	1723	1723	1	CRF_RplBroadcastManager	
RpcDo_CreateGroupLeaderMarkerForPlayer	method	Scripts/Game/Systems/Core/Managers/Gamemode/Replication/CRF_RplBroadcastManager.c	1734	1734	1	CRF_RplBroadcastManager	
RpcDo_DeleteRushMCOMEntity	method	Scripts/Game/Systems/Core/Managers/Gamemode/Replication/CRF_RplBroadcastManager.c	1749	1749	1	CRF_RplBroadcastManager	
RpcDo_NotifyChannelJoinRequest	method	Scripts/Game/Systems/Core/Managers/Gamemode/Replication/CRF_RplBroadcastManager.c	1818	1818	1	CRF_RplBroadcastManager	
RpcDo_BroadcastMessage	method	Scripts/Game/Systems/Core/Managers/Gamemode/Replication/CRF_RplBroadcastManager.c	1892	1892	1	CRF_RplBroadcastManager	
RpcDo_MoveSpecCamToSlot	method	Scripts/Game/Systems/Core/Managers/Gamemode/Replication/CRF_RplBroadcastManager.c	1899	1899	1	CRF_RplBroadcastManager	
RpcDo_UpdateGunGamePlayerStats	method	Scripts/Game/Systems/Core/Managers/Gamemode/Replication/CRF_RplBroadcastManager.c	1934	1934	1	CRF_RplBroadcastManager	
RpcDo_UpdateFactionChannelsSR	method	Scripts/Game/Systems/Core/Managers/Gamemode/Replication/CRF_RplBroadcastManager.c	1944	1944	1	CRF_RplBroadcastManager	
RpcDo_UpdateFactionChannelsLR	method	Scripts/Game/Systems/Core/Managers/Gamemode/Replication/CRF_RplBroadcastManager.c	1954	1954	1	CRF_RplBroadcastManager	
RpcDo_AddVehicleSupplyCost	method	Scripts/Game/Systems/Core/Managers/Gamemode/Replication/CRF_RplBroadcastManager.c	1964	1964	1	CRF_RplBroadcastManager	
RpcDo_UpdateSlotData	method	Scripts/Game/Systems/Core/Managers/Gamemode/Replication/CRF_RplBroadcastManager.c	1973	1973	1	CRF_RplBroadcastManager	
RpcDo_UpdateSlotPlayerIdDelta	method	Scripts/Game/Systems/Core/Managers/Gamemode/Replication/CRF_RplBroadcastManager.c	1987	1987	1	CRF_RplBroadcastManager	
RpcDo_UpdateSlotCharacterDelta	method	Scripts/Game/Systems/Core/Managers/Gamemode/Replication/CRF_RplBroadcastManager.c	2008	2008	1	CRF_RplBroadcastManager	
RpcDo_UpdateSlotGroupDelta	method	Scripts/Game/Systems/Core/Managers/Gamemode/Replication/CRF_RplBroadcastManager.c	2029	2029	1	CRF_RplBroadcastManager	
RpcDo_UpdateSlotRoleDelta	method	Scripts/Game/Systems/Core/Managers/Gamemode/Replication/CRF_RplBroadcastManager.c	2050	2050	1	CRF_RplBroadcastManager	
RpcDo_UpdateSlotLockedDelta	method	Scripts/Game/Systems/Core/Managers/Gamemode/Replication/CRF_RplBroadcastManager.c	2071	2071	1	CRF_RplBroadcastManager	
RpcDo_UpdateSlotDeathDelta	method	Scripts/Game/Systems/Core/Managers/Gamemode/Replication/CRF_RplBroadcastManager.c	2092	2092	1	CRF_RplBroadcastManager	
RpcDo_RemoveSlot	method	Scripts/Game/Systems/Core/Managers/Gamemode/Replication/CRF_RplBroadcastManager.c	2113	2113	1	CRF_RplBroadcastManager	
RpcDo_UpdateSpawnPointData	method	Scripts/Game/Systems/Core/Managers/Gamemode/Replication/CRF_RplBroadcastManager.c	2122	2122	1	CRF_RplBroadcastManager	
RpcDo_RemoveSpawnPoint	method	Scripts/Game/Systems/Core/Managers/Gamemode/Replication/CRF_RplBroadcastManager.c	2131	2131	1	CRF_RplBroadcastManager	
RpcDo_NotifySlottingPhaseChanged	method	Scripts/Game/Systems/Core/Managers/Gamemode/Replication/CRF_RplBroadcastManager.c	2140	2140	1	CRF_RplBroadcastManager	
RpcDo_BroadcastOutro	method	Scripts/Game/Systems/Core/Managers/Gamemode/Replication/CRF_RplBroadcastManager.c	2156	2156	1	CRF_RplBroadcastManager	
OpenOutro	method	Scripts/Game/Systems/Core/Managers/Gamemode/Replication/CRF_RplBroadcastManager.c	2164	2164	1	CRF_RplBroadcastManager	
RpcDo_BroadcastVehiclePosUpdate	method	Scripts/Game/Systems/Core/Managers/Gamemode/Replication/CRF_RplBroadcastManager.c	2171	2171	1	CRF_RplBroadcastManager	
CRF_RplBroadcastManager	method	Scripts/Game/Systems/Core/Managers/Gamemode/Replication/CRF_RplBroadcastManager.c	2182	2182	1	CRF_RplBroadcastManager	
GetInstance	method	Scripts/Game/Systems/Core/Managers/Gamemode/Replication/CRF_RplBroadcastManager.c	2188	2188	1	CRF_RplBroadcastManager	
CRF_AdminMenuManagerClass	class	Scripts/Game/Systems/Core/Managers/Gamemode/UI/CRF_AdminMenuManager.c	1	1	1		ScriptComponentClass
CRF_TicketMessageData	class	Scripts/Game/Systems/Core/Managers/Gamemode/UI/CRF_AdminMenuManager.c	3	67	65		
Extract	method	Scripts/Game/Systems/Core/Managers/Gamemode/UI/CRF_AdminMenuManager.c	14	14	1	CRF_TicketMessageData	
Inject	method	Scripts/Game/Systems/Core/Managers/Gamemode/UI/CRF_AdminMenuManager.c	24	24	1	CRF_TicketMessageData	
Encode	method	Scripts/Game/Systems/Core/Managers/Gamemode/UI/CRF_AdminMenuManager.c	34	34	1	CRF_TicketMessageData	
Decode	method	Scripts/Game/Systems/Core/Managers/Gamemode/UI/CRF_AdminMenuManager.c	42	42	1	CRF_TicketMessageData	
SnapCompare	method	Scripts/Game/Systems/Core/Managers/Gamemode/UI/CRF_AdminMenuManager.c	52	52	1	CRF_TicketMessageData	
PropCompare	method	Scripts/Game/Systems/Core/Managers/Gamemode/UI/CRF_AdminMenuManager.c	61	61	1	CRF_TicketMessageData	
CRF_AdminActionLog	class	Scripts/Game/Systems/Core/Managers/Gamemode/UI/CRF_AdminMenuManager.c	69	73	5		
CRF_Ticket	class	Scripts/Game/Systems/Core/Managers/Gamemode/UI/CRF_AdminMenuManager.c	75	90	16		
AddMessage	method	Scripts/Game/Systems/Core/Managers/Gamemode/UI/CRF_AdminMenuManager.c	82	82	1	CRF_Ticket	
CRF_AdminMenuManager	class	Scripts/Game/Systems/Core/Managers/Gamemode/UI/CRF_AdminMenuManager.c	92	287	196		ScriptComponent
GetFormattedTimestamp	method	Scripts/Game/Systems/Core/Managers/Gamemode/UI/CRF_AdminMenuManager.c	103	103	1	CRF_AdminMenuManager	
StoreAdminLogs	method	Scripts/Game/Systems/Core/Managers/Gamemode/UI/CRF_AdminMenuManager.c	119	119	1	CRF_AdminMenuManager	
GetAdminActionLogs	method	Scripts/Game/Systems/Core/Managers/Gamemode/UI/CRF_AdminMenuManager.c	134	134	1	CRF_AdminMenuManager	
NewTicketMessage	method	Scripts/Game/Systems/Core/Managers/Gamemode/UI/CRF_AdminMenuManager.c	144	144	1	CRF_AdminMenuManager	
AssignAdminTicket	method	Scripts/Game/Systems/Core/Managers/Gamemode/UI/CRF_AdminMenuManager.c	179	179	1	CRF_AdminMenuManager	
GetOpenTickets	method	Scripts/Game/Systems/Core/Managers/Gamemode/UI/CRF_AdminMenuManager.c	203	203	1	CRF_AdminMenuManager	
GetTicketMessages	method	Scripts/Game/Systems/Core/Managers/Gamemode/UI/CRF_AdminMenuManager.c	220	220	1	CRF_AdminMenuManager	
CloseTicket	method	Scripts/Game/Systems/Core/Managers/Gamemode/UI/CRF_AdminMenuManager.c	234	234	1	CRF_AdminMenuManager	
RefreshLists	method	Scripts/Game/Systems/Core/Managers/Gamemode/UI/CRF_AdminMenuManager.c	245	245	1	CRF_AdminMenuManager	
TicketExists	method	Scripts/Game/Systems/Core/Managers/Gamemode/UI/CRF_AdminMenuManager.c	270	270	1	CRF_AdminMenuManager	
CRF_AdminMenuManager	method	Scripts/Game/Systems/Core/Managers/Gamemode/UI/CRF_AdminMenuManager.c	277	277	1	CRF_AdminMenuManager	
GetInstance	method	Scripts/Game/Systems/Core/Managers/Gamemode/UI/CRF_AdminMenuManager.c	283	283	1	CRF_AdminMenuManager	
CRF_GameTimerManagerClass	class	Scripts/Game/Systems/Core/Managers/Gamemode/UI/CRF_GameTimerManager.c	1	1	1		ScriptComponentClass
CRF_GameTimerManager	class	Scripts/Game/Systems/Core/Managers/Gamemode/UI/CRF_GameTimerManager.c	3	79	77		ScriptComponent
GetServerWorldTime	method	Scripts/Game/Systems/Core/Managers/Gamemode/UI/CRF_GameTimerManager.c	19	19	1	CRF_GameTimerManager	
SetServerWorldTime	method	Scripts/Game/Systems/Core/Managers/Gamemode/UI/CRF_GameTimerManager.c	27	27	1	CRF_GameTimerManager	
UpdateServerWorldTime	method	Scripts/Game/Systems/Core/Managers/Gamemode/UI/CRF_GameTimerManager.c	35	35	1	CRF_GameTimerManager	
UpdateMissionEndTimer	method	Scripts/Game/Systems/Core/Managers/Gamemode/UI/CRF_GameTimerManager.c	48	48	1	CRF_GameTimerManager	
CRF_GameTimerManager	method	Scripts/Game/Systems/Core/Managers/Gamemode/UI/CRF_GameTimerManager.c	69	69	1	CRF_GameTimerManager	
GetInstance	method	Scripts/Game/Systems/Core/Managers/Gamemode/UI/CRF_GameTimerManager.c	75	75	1	CRF_GameTimerManager	
CRF_GroupLeaderMarkerData	class	Scripts/Game/Systems/Core/Managers/Gamemode/UI/CRF_GroupLeaderMarkerManager.c	12	40	29		
CRF_GroupLeaderMarkerData	method	Scripts/Game/Systems/Core/Managers/Gamemode/UI/CRF_GroupLeaderMarkerManager.c	22	22	1	CRF_GroupLeaderMarkerData	
Cleanup	method	Scripts/Game/Systems/Core/Managers/Gamemode/UI/CRF_GroupLeaderMarkerManager.c	30	30	1	CRF_GroupLeaderMarkerData	
CRF_GroupLeaderMarkerManagerClass	class	Scripts/Game/Systems/Core/Managers/Gamemode/UI/CRF_GroupLeaderMarkerManager.c	43	45	3		SCR_BaseGameModeComponentClass
CRF_GroupLeaderMarkerManager	class	Scripts/Game/Systems/Core/Managers/Gamemode/UI/CRF_GroupLeaderMarkerManager.c	47	985	939		SCR_BaseGameModeComponent
OnPostInit	method	Scripts/Game/Systems/Core/Managers/Gamemode/UI/CRF_GroupLeaderMarkerManager.c	96	96	1	CRF_GroupLeaderMarkerManager	
InitializeClientUI	method	Scripts/Game/Systems/Core/Managers/Gamemode/UI/CRF_GroupLeaderMarkerManager.c	136	136	1	CRF_GroupLeaderMarkerManager	
EOnFrame	method	Scripts/Game/Systems/Core/Managers/Gamemode/UI/CRF_GroupLeaderMarkerManager.c	157	157	1	CRF_GroupLeaderMarkerManager	
OnSafestartChangedServer	method	Scripts/Game/Systems/Core/Managers/Gamemode/UI/CRF_GroupLeaderMarkerManager.c	196	196	1	CRF_GroupLeaderMarkerManager	
UpdateServerGroupLeaderTracking	method	Scripts/Game/Systems/Core/Managers/Gamemode/UI/CRF_GroupLeaderMarkerManager.c	215	215	1	CRF_GroupLeaderMarkerManager	
IsPlayerGroupLeader	method	Scripts/Game/Systems/Core/Managers/Gamemode/UI/CRF_GroupLeaderMarkerManager.c	273	273	1	CRF_GroupLeaderMarkerManager	
GetPlayerGroupName	method	Scripts/Game/Systems/Core/Managers/Gamemode/UI/CRF_GroupLeaderMarkerManager.c	292	292	1	CRF_GroupLeaderMarkerManager	
BroadcastCreateMarker	method	Scripts/Game/Systems/Core/Managers/Gamemode/UI/CRF_GroupLeaderMarkerManager.c	314	314	1	CRF_GroupLeaderMarkerManager	
BroadcastRemoveMarker	method	Scripts/Game/Systems/Core/Managers/Gamemode/UI/CRF_GroupLeaderMarkerManager.c	325	325	1	CRF_GroupLeaderMarkerManager	
BroadcastClearAllMarkers	method	Scripts/Game/Systems/Core/Managers/Gamemode/UI/CRF_GroupLeaderMarkerManager.c	335	335	1	CRF_GroupLeaderMarkerManager	
SendCurrentStateToClient	method	Scripts/Game/Systems/Core/Managers/Gamemode/UI/CRF_GroupLeaderMarkerManager.c	346	346	1	CRF_GroupLeaderMarkerManager	
OnSafestartChangedClient	method	Scripts/Game/Systems/Core/Managers/Gamemode/UI/CRF_GroupLeaderMarkerManager.c	368	368	1	CRF_GroupLeaderMarkerManager	
CreateMarkerForPlayerRPC	method	Scripts/Game/Systems/Core/Managers/Gamemode/UI/CRF_GroupLeaderMarkerManager.c	389	389	1	CRF_GroupLeaderMarkerManager	
RemoveMarkerForPlayerRPC	method	Scripts/Game/Systems/Core/Managers/Gamemode/UI/CRF_GroupLeaderMarkerManager.c	435	435	1	CRF_GroupLeaderMarkerManager	
ClearAllMarkersRPC	method	Scripts/Game/Systems/Core/Managers/Gamemode/UI/CRF_GroupLeaderMarkerManager.c	445	445	1	CRF_GroupLeaderMarkerManager	
UpdateMarkerPositions	method	Scripts/Game/Systems/Core/Managers/Gamemode/UI/CRF_GroupLeaderMarkerManager.c	459	459	1	CRF_GroupLeaderMarkerManager	
UpdateGroupLeaderMarkers	method	Scripts/Game/Systems/Core/Managers/Gamemode/UI/CRF_GroupLeaderMarkerManager.c	475	475	1	CRF_GroupLeaderMarkerManager	
ShouldPlayerHaveMarker	method	Scripts/Game/Systems/Core/Managers/Gamemode/UI/CRF_GroupLeaderMarkerManager.c	555	555	1	CRF_GroupLeaderMarkerManager	
IsPlayerFriendly	method	Scripts/Game/Systems/Core/Managers/Gamemode/UI/CRF_GroupLeaderMarkerManager.c	589	589	1	CRF_GroupLeaderMarkerManager	
CreateMarkerForPlayer	method	Scripts/Game/Systems/Core/Managers/Gamemode/UI/CRF_GroupLeaderMarkerManager.c	627	627	1	CRF_GroupLeaderMarkerManager	
UpdateMarkerForPlayer	method	Scripts/Game/Systems/Core/Managers/Gamemode/UI/CRF_GroupLeaderMarkerManager.c	668	668	1	CRF_GroupLeaderMarkerManager	
GetGroupColor	method	Scripts/Game/Systems/Core/Managers/Gamemode/UI/CRF_GroupLeaderMarkerManager.c	702	702	1	CRF_GroupLeaderMarkerManager	
CreateMarkerWidget	method	Scripts/Game/Systems/Core/Managers/Gamemode/UI/CRF_GroupLeaderMarkerManager.c	733	733	1	CRF_GroupLeaderMarkerManager	
UpdateMarkerBackgroundSize	method	Scripts/Game/Systems/Core/Managers/Gamemode/UI/CRF_GroupLeaderMarkerManager.c	785	785	1	CRF_GroupLeaderMarkerManager	
UpdateMarkerDisplay	method	Scripts/Game/Systems/Core/Managers/Gamemode/UI/CRF_GroupLeaderMarkerManager.c	802	802	1	CRF_GroupLeaderMarkerManager	
UpdateWorldPosition	method	Scripts/Game/Systems/Core/Managers/Gamemode/UI/CRF_GroupLeaderMarkerManager.c	880	880	1	CRF_GroupLeaderMarkerManager	
RemoveMarkerForPlayer	method	Scripts/Game/Systems/Core/Managers/Gamemode/UI/CRF_GroupLeaderMarkerManager.c	910	910	1	CRF_GroupLeaderMarkerManager	
RemoveAllMarkers	method	Scripts/Game/Systems/Core/Managers/Gamemode/UI/CRF_GroupLeaderMarkerManager.c	927	927	1	CRF_GroupLeaderMarkerManager	
OnDelete	method	Scripts/Game/Systems/Core/Managers/Gamemode/UI/CRF_GroupLeaderMarkerManager.c	946	946	1	CRF_GroupLeaderMarkerManager	
CRF_GroupLeaderMarkerManager	method	Scripts/Game/Systems/Core/Managers/Gamemode/UI/CRF_GroupLeaderMarkerManager.c	975	975	1	CRF_GroupLeaderMarkerManager	
GetInstance	method	Scripts/Game/Systems/Core/Managers/Gamemode/UI/CRF_GroupLeaderMarkerManager.c	981	981	1	CRF_GroupLeaderMarkerManager	
CRF_MenuManagerClass	class	Scripts/Game/Systems/Core/Managers/Gamemode/UI/CRF_MenuManager.c	1	1	1		ScriptComponentClass
CRF_MenuManager	class	Scripts/Game/Systems/Core/Managers/Gamemode/UI/CRF_MenuManager.c	3	325	323		ScriptComponent
SetChannel	method	Scripts/Game/Systems/Core/Managers/Gamemode/UI/CRF_MenuManager.c	28	28	1	CRF_MenuManager	
CleanupEmptyChannels	method	Scripts/Game/Systems/Core/Managers/Gamemode/UI/CRF_MenuManager.c	47	47	1	CRF_MenuManager	
IsPlayerInAnyChannel	method	Scripts/Game/Systems/Core/Managers/Gamemode/UI/CRF_MenuManager.c	63	63	1	CRF_MenuManager	
AddPlayerToChannel	method	Scripts/Game/Systems/Core/Managers/Gamemode/UI/CRF_MenuManager.c	89	89	1	CRF_MenuManager	
RemovePlayerFromAnyChannel	method	Scripts/Game/Systems/Core/Managers/Gamemode/UI/CRF_MenuManager.c	118	118	1	CRF_MenuManager	
IsPlayerInChannel	method	Scripts/Game/Systems/Core/Managers/Gamemode/UI/CRF_MenuManager.c	146	146	1	CRF_MenuManager	
CreateChannel	method	Scripts/Game/Systems/Core/Managers/Gamemode/UI/CRF_MenuManager.c	166	166	1	CRF_MenuManager	
GetChannel	method	Scripts/Game/Systems/Core/Managers/Gamemode/UI/CRF_MenuManager.c	177	177	1	CRF_MenuManager	
RequestToJoinChannel	method	Scripts/Game/Systems/Core/Managers/Gamemode/UI/CRF_MenuManager.c	194	194	1	CRF_MenuManager	
Accept	method	Scripts/Game/Systems/Core/Managers/Gamemode/UI/CRF_MenuManager.c	203	203	1	CRF_MenuManager	
Deny	method	Scripts/Game/Systems/Core/Managers/Gamemode/UI/CRF_MenuManager.c	217	217	1	CRF_MenuManager	
SplitChannel	method	Scripts/Game/Systems/Core/Managers/Gamemode/UI/CRF_MenuManager.c	244	244	1	CRF_MenuManager	
GetPlayersFromChannel	method	Scripts/Game/Systems/Core/Managers/Gamemode/UI/CRF_MenuManager.c	252	252	1	CRF_MenuManager	
UpdateChannelWithPlayers	method	Scripts/Game/Systems/Core/Managers/Gamemode/UI/CRF_MenuManager.c	272	272	1	CRF_MenuManager	
GetComponentFromWidgetHierarchy	method	Scripts/Game/Systems/Core/Managers/Gamemode/UI/CRF_MenuManager.c	289	289	1	CRF_MenuManager	
CRF_MenuManager	method	Scripts/Game/Systems/Core/Managers/Gamemode/UI/CRF_MenuManager.c	315	315	1	CRF_MenuManager	
GetInstance	method	Scripts/Game/Systems/Core/Managers/Gamemode/UI/CRF_MenuManager.c	321	321	1	CRF_MenuManager	
CRF_PlayerCameraManagerClass	class	Scripts/Game/Systems/Core/Managers/PlayerController/CRF_PlayerCameraManager.c	1	3	3		ScriptComponentClass
CRF_PlayerCameraManager	class	Scripts/Game/Systems/Core/Managers/PlayerController/CRF_PlayerCameraManager.c	5	377	373		ScriptComponent
InitilizeSpecCamera	method	Scripts/Game/Systems/Core/Managers/PlayerController/CRF_PlayerCameraManager.c	39	39	1	CRF_PlayerCameraManager	
UpdateStoredCameraPos	method	Scripts/Game/Systems/Core/Managers/PlayerController/CRF_PlayerCameraManager.c	73	73	1	CRF_PlayerCameraManager	
SetCameraOnRailsEntity	method	Scripts/Game/Systems/Core/Managers/PlayerController/CRF_PlayerCameraManager.c	88	88	1	CRF_PlayerCameraManager	
SetCameraOnRailsOrbit	method	Scripts/Game/Systems/Core/Managers/PlayerController/CRF_PlayerCameraManager.c	112	112	1	CRF_PlayerCameraManager	
SetCameraOnRailsOrbitEntity	method	Scripts/Game/Systems/Core/Managers/PlayerController/CRF_PlayerCameraManager.c	131	131	1	CRF_PlayerCameraManager	
SetCameraOnRailsPolyline	method	Scripts/Game/Systems/Core/Managers/PlayerController/CRF_PlayerCameraManager.c	146	146	1	CRF_PlayerCameraManager	
DisableCameraOnRails	method	Scripts/Game/Systems/Core/Managers/PlayerController/CRF_PlayerCameraManager.c	156	156	1	CRF_PlayerCameraManager	
InitalizeCameraOnRails	method	Scripts/Game/Systems/Core/Managers/PlayerController/CRF_PlayerCameraManager.c	162	162	1	CRF_PlayerCameraManager	
ClearCameraOnRailsVariables	method	Scripts/Game/Systems/Core/Managers/PlayerController/CRF_PlayerCameraManager.c	169	169	1	CRF_PlayerCameraManager	
EOnFrame	method	Scripts/Game/Systems/Core/Managers/PlayerController/CRF_PlayerCameraManager.c	190	190	1	CRF_PlayerCameraManager	
FrameUpdateEntity	method	Scripts/Game/Systems/Core/Managers/PlayerController/CRF_PlayerCameraManager.c	219	219	1	CRF_PlayerCameraManager	
FrameUpdateEntityTPP	method	Scripts/Game/Systems/Core/Managers/PlayerController/CRF_PlayerCameraManager.c	250	250	1	CRF_PlayerCameraManager	
FrameUpdateOrbit	method	Scripts/Game/Systems/Core/Managers/PlayerController/CRF_PlayerCameraManager.c	314	314	1	CRF_PlayerCameraManager	
FrameUpdatePolyline	method	Scripts/Game/Systems/Core/Managers/PlayerController/CRF_PlayerCameraManager.c	356	356	1	CRF_PlayerCameraManager	
CRF_PlayerCameraManager	method	Scripts/Game/Systems/Core/Managers/PlayerController/CRF_PlayerCameraManager.c	367	367	1	CRF_PlayerCameraManager	
GetInstance	method	Scripts/Game/Systems/Core/Managers/PlayerController/CRF_PlayerCameraManager.c	373	373	1	CRF_PlayerCameraManager	
CRF_PlayerControllerManagerClass	class	Scripts/Game/Systems/Core/Managers/PlayerController/CRF_PlayerControllerManager.c	1	3	3		ScriptComponentClass
CRF_PlayerControllerManager	class	Scripts/Game/Systems/Core/Managers/PlayerController/CRF_PlayerControllerManager.c	5	154	150		ScriptComponent
InitilizePlayerControllerComp	method	Scripts/Game/Systems/Core/Managers/PlayerController/CRF_PlayerControllerManager.c	31	31	1	CRF_PlayerControllerManager	
InitilizePlayerClient	method	Scripts/Game/Systems/Core/Managers/PlayerController/CRF_PlayerControllerManager.c	61	61	1	CRF_PlayerControllerManager	
InitilizeLocalSpectator	method	Scripts/Game/Systems/Core/Managers/PlayerController/CRF_PlayerControllerManager.c	97	97	1	CRF_PlayerControllerManager	
InitilizeLocalCharacter	method	Scripts/Game/Systems/Core/Managers/PlayerController/CRF_PlayerControllerManager.c	118	118	1	CRF_PlayerControllerManager	
CRF_PlayerControllerManager	method	Scripts/Game/Systems/Core/Managers/PlayerController/CRF_PlayerControllerManager.c	144	144	1	CRF_PlayerControllerManager	
GetInstance	method	Scripts/Game/Systems/Core/Managers/PlayerController/CRF_PlayerControllerManager.c	150	150	1	CRF_PlayerControllerManager	
CRF_PlayerChatCommandManagerClass	class	Scripts/Game/Systems/Core/Managers/PlayerController/Misc/CRF_PlayerChatCommandManager.c	1	1	1		ScriptComponentClass
CRF_PlayerChatCommandManager	class	Scripts/Game/Systems/Core/Managers/PlayerController/Misc/CRF_PlayerChatCommandManager.c	3	373	371		ScriptComponent
OnPostInit	method	Scripts/Game/Systems/Core/Managers/PlayerController/Misc/CRF_PlayerChatCommandManager.c	12	12	1	CRF_PlayerChatCommandManager	
AddMsgAction	method	Scripts/Game/Systems/Core/Managers/PlayerController/Misc/CRF_PlayerChatCommandManager.c	22	22	1	CRF_PlayerChatCommandManager	
OpenAdminMenu	method	Scripts/Game/Systems/Core/Managers/PlayerController/Misc/CRF_PlayerChatCommandManager.c	58	58	1	CRF_PlayerChatCommandManager	
ReportBug	method	Scripts/Game/Systems/Core/Managers/PlayerController/Misc/CRF_PlayerChatCommandManager.c	81	81	1	CRF_PlayerChatCommandManager	
SendAdminMessage	method	Scripts/Game/Systems/Core/Managers/PlayerController/Misc/CRF_PlayerChatCommandManager.c	111	111	1	CRF_PlayerChatCommandManager	
ReplyAdminMessage	method	Scripts/Game/Systems/Core/Managers/PlayerController/Misc/CRF_PlayerChatCommandManager.c	137	137	1	CRF_PlayerChatCommandManager	
Advance_Callback	method	Scripts/Game/Systems/Core/Managers/PlayerController/Misc/CRF_PlayerChatCommandManager.c	214	214	1	CRF_PlayerChatCommandManager	
SaveMission_Callback	method	Scripts/Game/Systems/Core/Managers/PlayerController/Misc/CRF_PlayerChatCommandManager.c	322	322	1	CRF_PlayerChatCommandManager	
CRF_PlayerChatCommandManager	method	Scripts/Game/Systems/Core/Managers/PlayerController/Misc/CRF_PlayerChatCommandManager.c	363	363	1	CRF_PlayerChatCommandManager	
GetInstance	method	Scripts/Game/Systems/Core/Managers/PlayerController/Misc/CRF_PlayerChatCommandManager.c	369	369	1	CRF_PlayerChatCommandManager	
CRF_PlayerKeybindManagerClass	class	Scripts/Game/Systems/Core/Managers/PlayerController/Misc/CRF_PlayerKeybindManager.c	1	1	1		ScriptComponentClass
CRF_PlayerKeybindManager	class	Scripts/Game/Systems/Core/Managers/PlayerController/Misc/CRF_PlayerKeybindManager.c	3	108	106		ScriptComponent
OnPostInit	method	Scripts/Game/Systems/Core/Managers/PlayerController/Misc/CRF_PlayerKeybindManager.c	11	11	1	CRF_PlayerKeybindManager	
UpdateHUDVisible	method	Scripts/Game/Systems/Core/Managers/PlayerController/Misc/CRF_PlayerKeybindManager.c	27	27	1	CRF_PlayerKeybindManager	
OpenSlottingMenu	method	Scripts/Game/Systems/Core/Managers/PlayerController/Misc/CRF_PlayerKeybindManager.c	38	38	1	CRF_PlayerKeybindManager	
ToggleSideReady	method	Scripts/Game/Systems/Core/Managers/PlayerController/Misc/CRF_PlayerKeybindManager.c	53	53	1	CRF_PlayerKeybindManager	
AdminForceReady	method	Scripts/Game/Systems/Core/Managers/PlayerController/Misc/CRF_PlayerKeybindManager.c	82	82	1	CRF_PlayerKeybindManager	
CRF_PlayerKeybindManager	method	Scripts/Game/Systems/Core/Managers/PlayerController/Misc/CRF_PlayerKeybindManager.c	98	98	1	CRF_PlayerKeybindManager	
GetInstance	method	Scripts/Game/Systems/Core/Managers/PlayerController/Misc/CRF_PlayerKeybindManager.c	104	104	1	CRF_PlayerKeybindManager	
CRF_PlayerSettingsManagerClass	class	Scripts/Game/Systems/Core/Managers/PlayerController/Misc/CRF_PlayerSettingsManager.c	1	1	1		ScriptComponentClass
CRF_PlayerSettingsManager	class	Scripts/Game/Systems/Core/Managers/PlayerController/Misc/CRF_PlayerSettingsManager.c	3	82	80		ScriptComponent
InitAudioLock	method	Scripts/Game/Systems/Core/Managers/PlayerController/Misc/CRF_PlayerSettingsManager.c	15	15	1	CRF_PlayerSettingsManager	
SetFPS	method	Scripts/Game/Systems/Core/Managers/PlayerController/Misc/CRF_PlayerSettingsManager.c	25	25	1	CRF_PlayerSettingsManager	
GetInitialUserFPSValue	method	Scripts/Game/Systems/Core/Managers/PlayerController/Misc/CRF_PlayerSettingsManager.c	34	34	1	CRF_PlayerSettingsManager	
InitFPSLock	method	Scripts/Game/Systems/Core/Managers/PlayerController/Misc/CRF_PlayerSettingsManager.c	41	41	1	CRF_PlayerSettingsManager	
SetSFXVolume	method	Scripts/Game/Systems/Core/Managers/PlayerController/Misc/CRF_PlayerSettingsManager.c	51	51	1	CRF_PlayerSettingsManager	
ResetSettingsToStoredValues	method	Scripts/Game/Systems/Core/Managers/PlayerController/Misc/CRF_PlayerSettingsManager.c	59	59	1	CRF_PlayerSettingsManager	
CRF_PlayerSettingsManager	method	Scripts/Game/Systems/Core/Managers/PlayerController/Misc/CRF_PlayerSettingsManager.c	72	72	1	CRF_PlayerSettingsManager	
GetInstance	method	Scripts/Game/Systems/Core/Managers/PlayerController/Misc/CRF_PlayerSettingsManager.c	78	78	1	CRF_PlayerSettingsManager	
CRF_PlayerRplToAuthorityManagerClass	class	Scripts/Game/Systems/Core/Managers/PlayerController/Replication/CRF_PlayerRplToAuthorityManager.c	6	6	1		ScriptComponentClass
CRF_PlayerRplToAuthorityManager	class	Scripts/Game/Systems/Core/Managers/PlayerController/Replication/CRF_PlayerRplToAuthorityManager.c	8	2479	2472		ScriptComponent
OnPostInit	method	Scripts/Game/Systems/Core/Managers/PlayerController/Replication/CRF_PlayerRplToAuthorityManager.c	33	33	1	CRF_PlayerRplToAuthorityManager	
InitializeManagerReferences	method	Scripts/Game/Systems/Core/Managers/PlayerController/Replication/CRF_PlayerRplToAuthorityManager.c	45	45	1	CRF_PlayerRplToAuthorityManager	
LogTelemetry	method	Scripts/Game/Systems/Core/Managers/PlayerController/Replication/CRF_PlayerRplToAuthorityManager.c	67	67	1	CRF_PlayerRplToAuthorityManager	
RequestInitilizePlayer	method	Scripts/Game/Systems/Core/Managers/PlayerController/Replication/CRF_PlayerRplToAuthorityManager.c	84	84	1	CRF_PlayerRplToAuthorityManager	
ToggleSideReady	method	Scripts/Game/Systems/Core/Managers/PlayerController/Replication/CRF_PlayerRplToAuthorityManager.c	90	90	1	CRF_PlayerRplToAuthorityManager	
ToggleBombPlanted	method	Scripts/Game/Systems/Core/Managers/PlayerController/Replication/CRF_PlayerRplToAuthorityManager.c	96	96	1	CRF_PlayerRplToAuthorityManager	
ToggleRushMCOMPlanted	method	Scripts/Game/Systems/Core/Managers/PlayerController/Replication/CRF_PlayerRplToAuthorityManager.c	102	102	1	CRF_PlayerRplToAuthorityManager	
StartRushPlantingSound	method	Scripts/Game/Systems/Core/Managers/PlayerController/Replication/CRF_PlayerRplToAuthorityManager.c	109	109	1	CRF_PlayerRplToAuthorityManager	
StopRushPlantingSound	method	Scripts/Game/Systems/Core/Managers/PlayerController/Replication/CRF_PlayerRplToAuthorityManager.c	116	116	1	CRF_PlayerRplToAuthorityManager	
StartRushDefuseSound	method	Scripts/Game/Systems/Core/Managers/PlayerController/Replication/CRF_PlayerRplToAuthorityManager.c	122	122	1	CRF_PlayerRplToAuthorityManager	
StopRushDefuseSound	method	Scripts/Game/Systems/Core/Managers/PlayerController/Replication/CRF_PlayerRplToAuthorityManager.c	128	128	1	CRF_PlayerRplToAuthorityManager	
StopRushBombTickingSound	method	Scripts/Game/Systems/Core/Managers/PlayerController/Replication/CRF_PlayerRplToAuthorityManager.c	134	134	1	CRF_PlayerRplToAuthorityManager	
RequestAdvanceGamemodeState	method	Scripts/Game/Systems/Core/Managers/PlayerController/Replication/CRF_PlayerRplToAuthorityManager.c	141	141	1	CRF_PlayerRplToAuthorityManager	
RequestMissionSave	method	Scripts/Game/Systems/Core/Managers/PlayerController/Replication/CRF_PlayerRplToAuthorityManager.c	150	150	1	CRF_PlayerRplToAuthorityManager	
RequestAdvanceSlottingPhase	method	Scripts/Game/Systems/Core/Managers/PlayerController/Replication/CRF_PlayerRplToAuthorityManager.c	158	158	1	CRF_PlayerRplToAuthorityManager	
UpdateSlotPlayerID	method	Scripts/Game/Systems/Core/Managers/PlayerController/Replication/CRF_PlayerRplToAuthorityManager.c	165	165	1	CRF_PlayerRplToAuthorityManager	
UpdateSlotLockedState	method	Scripts/Game/Systems/Core/Managers/PlayerController/Replication/CRF_PlayerRplToAuthorityManager.c	171	171	1	CRF_PlayerRplToAuthorityManager	
UpdateGroupLockedState	method	Scripts/Game/Systems/Core/Managers/PlayerController/Replication/CRF_PlayerRplToAuthorityManager.c	178	178	1	CRF_PlayerRplToAuthorityManager	
UpdateSlotDeathState	method	Scripts/Game/Systems/Core/Managers/PlayerController/Replication/CRF_PlayerRplToAuthorityManager.c	185	185	1	CRF_PlayerRplToAuthorityManager	
UpdateSlotRole	method	Scripts/Game/Systems/Core/Managers/PlayerController/Replication/CRF_PlayerRplToAuthorityManager.c	192	192	1	CRF_PlayerRplToAuthorityManager	
UpdateSlotGroup	method	Scripts/Game/Systems/Core/Managers/PlayerController/Replication/CRF_PlayerRplToAuthorityManager.c	199	199	1	CRF_PlayerRplToAuthorityManager	
UpdateSlotCharacter	method	Scripts/Game/Systems/Core/Managers/PlayerController/Replication/CRF_PlayerRplToAuthorityManager.c	206	206	1	CRF_PlayerRplToAuthorityManager	
ReportBug	method	Scripts/Game/Systems/Core/Managers/PlayerController/Replication/CRF_PlayerRplToAuthorityManager.c	213	213	1	CRF_PlayerRplToAuthorityManager	
SendAdminMessage	method	Scripts/Game/Systems/Core/Managers/PlayerController/Replication/CRF_PlayerRplToAuthorityManager.c	219	219	1	CRF_PlayerRplToAuthorityManager	
ReportSettingsViolation	method	Scripts/Game/Systems/Core/Managers/PlayerController/Replication/CRF_PlayerRplToAuthorityManager.c	225	225	1	CRF_PlayerRplToAuthorityManager	
ReplyAdminMessage	method	Scripts/Game/Systems/Core/Managers/PlayerController/Replication/CRF_PlayerRplToAuthorityManager.c	231	231	1	CRF_PlayerRplToAuthorityManager	
CloseAdminTicket	method	Scripts/Game/Systems/Core/Managers/PlayerController/Replication/CRF_PlayerRplToAuthorityManager.c	238	238	1	CRF_PlayerRplToAuthorityManager	
AssignAdminTicket	method	Scripts/Game/Systems/Core/Managers/PlayerController/Replication/CRF_PlayerRplToAuthorityManager.c	244	244	1	CRF_PlayerRplToAuthorityManager	
GetOpenTickets	method	Scripts/Game/Systems/Core/Managers/PlayerController/Replication/CRF_PlayerRplToAuthorityManager.c	250	250	1	CRF_PlayerRplToAuthorityManager	
GetTicketMessages	method	Scripts/Game/Systems/Core/Managers/PlayerController/Replication/CRF_PlayerRplToAuthorityManager.c	256	256	1	CRF_PlayerRplToAuthorityManager	
RespawnPlayer	method	Scripts/Game/Systems/Core/Managers/PlayerController/Replication/CRF_PlayerRplToAuthorityManager.c	262	262	1	CRF_PlayerRplToAuthorityManager	
RequestToJoinChannel	method	Scripts/Game/Systems/Core/Managers/PlayerController/Replication/CRF_PlayerRplToAuthorityManager.c	268	268	1	CRF_PlayerRplToAuthorityManager	
CheckVONRegister	method	Scripts/Game/Systems/Core/Managers/PlayerController/Replication/CRF_PlayerRplToAuthorityManager.c	274	274	1	CRF_PlayerRplToAuthorityManager	
CreateChannel	method	Scripts/Game/Systems/Core/Managers/PlayerController/Replication/CRF_PlayerRplToAuthorityManager.c	280	280	1	CRF_PlayerRplToAuthorityManager	
JoinChannel	method	Scripts/Game/Systems/Core/Managers/PlayerController/Replication/CRF_PlayerRplToAuthorityManager.c	286	286	1	CRF_PlayerRplToAuthorityManager	
SpawnOnGroup	method	Scripts/Game/Systems/Core/Managers/PlayerController/Replication/CRF_PlayerRplToAuthorityManager.c	292	292	1	CRF_PlayerRplToAuthorityManager	
RequestVehicleDepotInteraction	method	Scripts/Game/Systems/Core/Managers/PlayerController/Replication/CRF_PlayerRplToAuthorityManager.c	298	298	1	CRF_PlayerRplToAuthorityManager	
RespawnFaction	method	Scripts/Game/Systems/Core/Managers/PlayerController/Replication/CRF_PlayerRplToAuthorityManager.c	304	304	1	CRF_PlayerRplToAuthorityManager	
ResetGear	method	Scripts/Game/Systems/Core/Managers/PlayerController/Replication/CRF_PlayerRplToAuthorityManager.c	310	310	1	CRF_PlayerRplToAuthorityManager	
UpdateGearSet	method	Scripts/Game/Systems/Core/Managers/PlayerController/Replication/CRF_PlayerRplToAuthorityManager.c	316	316	1	CRF_PlayerRplToAuthorityManager	
AddItem	method	Scripts/Game/Systems/Core/Managers/PlayerController/Replication/CRF_PlayerRplToAuthorityManager.c	322	322	1	CRF_PlayerRplToAuthorityManager	
RemoveItem	method	Scripts/Game/Systems/Core/Managers/PlayerController/Replication/CRF_PlayerRplToAuthorityManager.c	328	328	1	CRF_PlayerRplToAuthorityManager	
TeleportPlayers	method	Scripts/Game/Systems/Core/Managers/PlayerController/Replication/CRF_PlayerRplToAuthorityManager.c	334	334	1	CRF_PlayerRplToAuthorityManager	
SendHint	method	Scripts/Game/Systems/Core/Managers/PlayerController/Replication/CRF_PlayerRplToAuthorityManager.c	340	340	1	CRF_PlayerRplToAuthorityManager	
Heal	method	Scripts/Game/Systems/Core/Managers/PlayerController/Replication/CRF_PlayerRplToAuthorityManager.c	346	346	1	CRF_PlayerRplToAuthorityManager	
LogAdminAction	method	Scripts/Game/Systems/Core/Managers/PlayerController/Replication/CRF_PlayerRplToAuthorityManager.c	352	352	1	CRF_PlayerRplToAuthorityManager	
UpdateTimer	method	Scripts/Game/Systems/Core/Managers/PlayerController/Replication/CRF_PlayerRplToAuthorityManager.c	358	358	1	CRF_PlayerRplToAuthorityManager	
UpdateTicket	method	Scripts/Game/Systems/Core/Managers/PlayerController/Replication/CRF_PlayerRplToAuthorityManager.c	364	364	1	CRF_PlayerRplToAuthorityManager	
MiniArsenalRequestNewItem	method	Scripts/Game/Systems/Core/Managers/PlayerController/Replication/CRF_PlayerRplToAuthorityManager.c	370	370	1	CRF_PlayerRplToAuthorityManager	
MiniArsenalRequestNewWeapon	method	Scripts/Game/Systems/Core/Managers/PlayerController/Replication/CRF_PlayerRplToAuthorityManager.c	376	376	1	CRF_PlayerRplToAuthorityManager	
SightArsenalRequestNewSight	method	Scripts/Game/Systems/Core/Managers/PlayerController/Replication/CRF_PlayerRplToAuthorityManager.c	382	382	1	CRF_PlayerRplToAuthorityManager	
TogglePlayerListening	method	Scripts/Game/Systems/Core/Managers/PlayerController/Replication/CRF_PlayerRplToAuthorityManager.c	400	400	1	CRF_PlayerRplToAuthorityManager	
ToggleWaveRespawn	method	Scripts/Game/Systems/Core/Managers/PlayerController/Replication/CRF_PlayerRplToAuthorityManager.c	406	406	1	CRF_PlayerRplToAuthorityManager	
ToggleRespawn	method	Scripts/Game/Systems/Core/Managers/PlayerController/Replication/CRF_PlayerRplToAuthorityManager.c	412	412	1	CRF_PlayerRplToAuthorityManager	
ToggleVAARRecording	method	Scripts/Game/Systems/Core/Managers/PlayerController/Replication/CRF_PlayerRplToAuthorityManager.c	418	418	1	CRF_PlayerRplToAuthorityManager	
SetRespawnTime	method	Scripts/Game/Systems/Core/Managers/PlayerController/Replication/CRF_PlayerRplToAuthorityManager.c	424	424	1	CRF_PlayerRplToAuthorityManager	
CleanUpBodies	method	Scripts/Game/Systems/Core/Managers/PlayerController/Replication/CRF_PlayerRplToAuthorityManager.c	430	430	1	CRF_PlayerRplToAuthorityManager	
AddItemToTruck	method	Scripts/Game/Systems/Core/Managers/PlayerController/Replication/CRF_PlayerRplToAuthorityManager.c	436	436	1	CRF_PlayerRplToAuthorityManager	
UpdateSupplyArsneal	method	Scripts/Game/Systems/Core/Managers/PlayerController/Replication/CRF_PlayerRplToAuthorityManager.c	442	442	1	CRF_PlayerRplToAuthorityManager	
CreateCache	method	Scripts/Game/Systems/Core/Managers/PlayerController/Replication/CRF_PlayerRplToAuthorityManager.c	448	448	1	CRF_PlayerRplToAuthorityManager	
RequestVehicleSupplies	method	Scripts/Game/Systems/Core/Managers/PlayerController/Replication/CRF_PlayerRplToAuthorityManager.c	454	454	1	CRF_PlayerRplToAuthorityManager	
RearmVehicle	method	Scripts/Game/Systems/Core/Managers/PlayerController/Replication/CRF_PlayerRplToAuthorityManager.c	460	460	1	CRF_PlayerRplToAuthorityManager	
MoveSpecCamToSlot	method	Scripts/Game/Systems/Core/Managers/PlayerController/Replication/CRF_PlayerRplToAuthorityManager.c	466	466	1	CRF_PlayerRplToAuthorityManager	
RequestForwardDeploy	method	Scripts/Game/Systems/Core/Managers/PlayerController/Replication/CRF_PlayerRplToAuthorityManager.c	472	472	1	CRF_PlayerRplToAuthorityManager	
SharerMapMarkerGlobal	method	Scripts/Game/Systems/Core/Managers/PlayerController/Replication/CRF_PlayerRplToAuthorityManager.c	478	478	1	CRF_PlayerRplToAuthorityManager	
ShareMapMarkers	method	Scripts/Game/Systems/Core/Managers/PlayerController/Replication/CRF_PlayerRplToAuthorityManager.c	488	488	1	CRF_PlayerRplToAuthorityManager	
RequestGlobalMarkerRefresh	method	Scripts/Game/Systems/Core/Managers/PlayerController/Replication/CRF_PlayerRplToAuthorityManager.c	507	507	1	CRF_PlayerRplToAuthorityManager	
RequestSupplyUpdate	method	Scripts/Game/Systems/Core/Managers/PlayerController/Replication/CRF_PlayerRplToAuthorityManager.c	513	513	1	CRF_PlayerRplToAuthorityManager	
RegisterPlayerForLottery	method	Scripts/Game/Systems/Core/Managers/PlayerController/Replication/CRF_PlayerRplToAuthorityManager.c	519	519	1	CRF_PlayerRplToAuthorityManager	
RunSlotLottery	method	Scripts/Game/Systems/Core/Managers/PlayerController/Replication/CRF_PlayerRplToAuthorityManager.c	526	526	1	CRF_PlayerRplToAuthorityManager	
ClearSlotLottery	method	Scripts/Game/Systems/Core/Managers/PlayerController/Replication/CRF_PlayerRplToAuthorityManager.c	532	532	1	CRF_PlayerRplToAuthorityManager	
RpcAsk_RequestInitilizePlayer	method	Scripts/Game/Systems/Core/Managers/PlayerController/Replication/CRF_PlayerRplToAuthorityManager.c	543	543	1	CRF_PlayerRplToAuthorityManager	
RpcAsk_ToggleSideReady	method	Scripts/Game/Systems/Core/Managers/PlayerController/Replication/CRF_PlayerRplToAuthorityManager.c	554	554	1	CRF_PlayerRplToAuthorityManager	
RpcAsk_ToggleBombPlanted	method	Scripts/Game/Systems/Core/Managers/PlayerController/Replication/CRF_PlayerRplToAuthorityManager.c	567	567	1	CRF_PlayerRplToAuthorityManager	
RpcAsk_ToggleRushMCOMPlanted	method	Scripts/Game/Systems/Core/Managers/PlayerController/Replication/CRF_PlayerRplToAuthorityManager.c	579	579	1	CRF_PlayerRplToAuthorityManager	
RpcAsk_StartRushPlantingSound	method	Scripts/Game/Systems/Core/Managers/PlayerController/Replication/CRF_PlayerRplToAuthorityManager.c	594	594	1	CRF_PlayerRplToAuthorityManager	
RpcAsk_StopRushPlantingSound	method	Scripts/Game/Systems/Core/Managers/PlayerController/Replication/CRF_PlayerRplToAuthorityManager.c	607	607	1	CRF_PlayerRplToAuthorityManager	
RpcAsk_StartRushDefuseSound	method	Scripts/Game/Systems/Core/Managers/PlayerController/Replication/CRF_PlayerRplToAuthorityManager.c	621	621	1	CRF_PlayerRplToAuthorityManager	
RpcAsk_StopRushDefuseSound	method	Scripts/Game/Systems/Core/Managers/PlayerController/Replication/CRF_PlayerRplToAuthorityManager.c	635	635	1	CRF_PlayerRplToAuthorityManager	
RpcAsk_StopRushBombTickingSound	method	Scripts/Game/Systems/Core/Managers/PlayerController/Replication/CRF_PlayerRplToAuthorityManager.c	649	649	1	CRF_PlayerRplToAuthorityManager	
RpcAsk_RequestAdvanceGamemodeState	method	Scripts/Game/Systems/Core/Managers/PlayerController/Replication/CRF_PlayerRplToAuthorityManager.c	669	669	1	CRF_PlayerRplToAuthorityManager	
RpcAsk_RequestAdvanceSlottingPhase	method	Scripts/Game/Systems/Core/Managers/PlayerController/Replication/CRF_PlayerRplToAuthorityManager.c	687	687	1	CRF_PlayerRplToAuthorityManager	
RpcAsk_RequestMissionSave	method	Scripts/Game/Systems/Core/Managers/PlayerController/Replication/CRF_PlayerRplToAuthorityManager.c	699	699	1	CRF_PlayerRplToAuthorityManager	
RpcAsk_UpdateSlotPlayerID	method	Scripts/Game/Systems/Core/Managers/PlayerController/Replication/CRF_PlayerRplToAuthorityManager.c	719	719	1	CRF_PlayerRplToAuthorityManager	
RpcAsk_UpdateSlotLockedState	method	Scripts/Game/Systems/Core/Managers/PlayerController/Replication/CRF_PlayerRplToAuthorityManager.c	729	729	1	CRF_PlayerRplToAuthorityManager	
RpcAsk_UpdateGroupLockedState	method	Scripts/Game/Systems/Core/Managers/PlayerController/Replication/CRF_PlayerRplToAuthorityManager.c	741	741	1	CRF_PlayerRplToAuthorityManager	
RpcAsk_UpdateSlotDeathState	method	Scripts/Game/Systems/Core/Managers/PlayerController/Replication/CRF_PlayerRplToAuthorityManager.c	759	759	1	CRF_PlayerRplToAuthorityManager	
RpcAsk_UpdateSlotRole	method	Scripts/Game/Systems/Core/Managers/PlayerController/Replication/CRF_PlayerRplToAuthorityManager.c	771	771	1	CRF_PlayerRplToAuthorityManager	
RpcAsk_UpdateSlotGroup	method	Scripts/Game/Systems/Core/Managers/PlayerController/Replication/CRF_PlayerRplToAuthorityManager.c	783	783	1	CRF_PlayerRplToAuthorityManager	
RpcAsk_UpdateSlotCharacter	method	Scripts/Game/Systems/Core/Managers/PlayerController/Replication/CRF_PlayerRplToAuthorityManager.c	795	795	1	CRF_PlayerRplToAuthorityManager	
RpcAsk_SendAdminMessage	method	Scripts/Game/Systems/Core/Managers/PlayerController/Replication/CRF_PlayerRplToAuthorityManager.c	807	807	1	CRF_PlayerRplToAuthorityManager	
RpcAsk_ReportBug	method	Scripts/Game/Systems/Core/Managers/PlayerController/Replication/CRF_PlayerRplToAuthorityManager.c	825	825	1	CRF_PlayerRplToAuthorityManager	
RpcAsk_ReplyAdminMessage	method	Scripts/Game/Systems/Core/Managers/PlayerController/Replication/CRF_PlayerRplToAuthorityManager.c	880	880	1	CRF_PlayerRplToAuthorityManager	
RpcAsk_CloseAdminTicket	method	Scripts/Game/Systems/Core/Managers/PlayerController/Replication/CRF_PlayerRplToAuthorityManager.c	897	897	1	CRF_PlayerRplToAuthorityManager	
RpcAsk_AssignAdminTicket	method	Scripts/Game/Systems/Core/Managers/PlayerController/Replication/CRF_PlayerRplToAuthorityManager.c	912	912	1	CRF_PlayerRplToAuthorityManager	
RpcAsk_GetOpenTickets	method	Scripts/Game/Systems/Core/Managers/PlayerController/Replication/CRF_PlayerRplToAuthorityManager.c	924	924	1	CRF_PlayerRplToAuthorityManager	
RpcAsk_GetTicketMessages	method	Scripts/Game/Systems/Core/Managers/PlayerController/Replication/CRF_PlayerRplToAuthorityManager.c	931	931	1	CRF_PlayerRplToAuthorityManager	
RpcAsk_RespawnPlayer	method	Scripts/Game/Systems/Core/Managers/PlayerController/Replication/CRF_PlayerRplToAuthorityManager.c	938	938	1	CRF_PlayerRplToAuthorityManager	
RpcAsk_RequestToJoinChannel	method	Scripts/Game/Systems/Core/Managers/PlayerController/Replication/CRF_PlayerRplToAuthorityManager.c	950	950	1	CRF_PlayerRplToAuthorityManager	
RpcAsk_CheckVONRegister	method	Scripts/Game/Systems/Core/Managers/PlayerController/Replication/CRF_PlayerRplToAuthorityManager.c	999	999	1	CRF_PlayerRplToAuthorityManager	
RpcAsk_CreateChannel	method	Scripts/Game/Systems/Core/Managers/PlayerController/Replication/CRF_PlayerRplToAuthorityManager.c	1013	1013	1	CRF_PlayerRplToAuthorityManager	
RpcAsk_JoinChannel	method	Scripts/Game/Systems/Core/Managers/PlayerController/Replication/CRF_PlayerRplToAuthorityManager.c	1026	1026	1	CRF_PlayerRplToAuthorityManager	
RpcAsk_SpawnOnGroup	method	Scripts/Game/Systems/Core/Managers/PlayerController/Replication/CRF_PlayerRplToAuthorityManager.c	1036	1036	1	CRF_PlayerRplToAuthorityManager	
RpcAsk_RequestVehicleDepotInteraction	method	Scripts/Game/Systems/Core/Managers/PlayerController/Replication/CRF_PlayerRplToAuthorityManager.c	1090	1090	1	CRF_PlayerRplToAuthorityManager	
RpcAsk_RespawnFaction	method	Scripts/Game/Systems/Core/Managers/PlayerController/Replication/CRF_PlayerRplToAuthorityManager.c	1123	1123	1	CRF_PlayerRplToAuthorityManager	
RpcAsk_ResetGear	method	Scripts/Game/Systems/Core/Managers/PlayerController/Replication/CRF_PlayerRplToAuthorityManager.c	1141	1141	1	CRF_PlayerRplToAuthorityManager	
RpcAsk_UpdateGearSet	method	Scripts/Game/Systems/Core/Managers/PlayerController/Replication/CRF_PlayerRplToAuthorityManager.c	1190	1190	1	CRF_PlayerRplToAuthorityManager	
UpdateGearSetQueue	method	Scripts/Game/Systems/Core/Managers/PlayerController/Replication/CRF_PlayerRplToAuthorityManager.c	1235	1235	1	CRF_PlayerRplToAuthorityManager	
RpcAsk_AddItem	method	Scripts/Game/Systems/Core/Managers/PlayerController/Replication/CRF_PlayerRplToAuthorityManager.c	1264	1264	1	CRF_PlayerRplToAuthorityManager	
RpcAsk_RemoveItem	method	Scripts/Game/Systems/Core/Managers/PlayerController/Replication/CRF_PlayerRplToAuthorityManager.c	1315	1315	1	CRF_PlayerRplToAuthorityManager	
RpcAsk_TeleportPlayers	method	Scripts/Game/Systems/Core/Managers/PlayerController/Replication/CRF_PlayerRplToAuthorityManager.c	1349	1349	1	CRF_PlayerRplToAuthorityManager	
RpcAsk_SendHint	method	Scripts/Game/Systems/Core/Managers/PlayerController/Replication/CRF_PlayerRplToAuthorityManager.c	1361	1361	1	CRF_PlayerRplToAuthorityManager	
RpcAsk_Heal	method	Scripts/Game/Systems/Core/Managers/PlayerController/Replication/CRF_PlayerRplToAuthorityManager.c	1374	1374	1	CRF_PlayerRplToAuthorityManager	
RpcAsk_LogAdminAction	method	Scripts/Game/Systems/Core/Managers/PlayerController/Replication/CRF_PlayerRplToAuthorityManager.c	1409	1409	1	CRF_PlayerRplToAuthorityManager	
RpcAsk_ReportSettingsViolation	method	Scripts/Game/Systems/Core/Managers/PlayerController/Replication/CRF_PlayerRplToAuthorityManager.c	1422	1422	1	CRF_PlayerRplToAuthorityManager	
RpcAsk_UpdateTimer	method	Scripts/Game/Systems/Core/Managers/PlayerController/Replication/CRF_PlayerRplToAuthorityManager.c	1450	1450	1	CRF_PlayerRplToAuthorityManager	
RpcAsk_UpdateTicket	method	Scripts/Game/Systems/Core/Managers/PlayerController/Replication/CRF_PlayerRplToAuthorityManager.c	1469	1469	1	CRF_PlayerRplToAuthorityManager	
RpcAsk_MiniArsenalRequestNewItem	method	Scripts/Game/Systems/Core/Managers/PlayerController/Replication/CRF_PlayerRplToAuthorityManager.c	1488	1488	1	CRF_PlayerRplToAuthorityManager	
AddVestDelay	method	Scripts/Game/Systems/Core/Managers/PlayerController/Replication/CRF_PlayerRplToAuthorityManager.c	1554	1554	1	CRF_PlayerRplToAuthorityManager	
AddItemDelay	method	Scripts/Game/Systems/Core/Managers/PlayerController/Replication/CRF_PlayerRplToAuthorityManager.c	1561	1561	1	CRF_PlayerRplToAuthorityManager	
RpcAsk_MiniArsenalRequestNewWeapon	method	Scripts/Game/Systems/Core/Managers/PlayerController/Replication/CRF_PlayerRplToAuthorityManager.c	1596	1596	1	CRF_PlayerRplToAuthorityManager	
MiniArsenalRequestNewWeaponDelay	method	Scripts/Game/Systems/Core/Managers/PlayerController/Replication/CRF_PlayerRplToAuthorityManager.c	1684	1684	1	CRF_PlayerRplToAuthorityManager	
RpcAsk_SightArsenalRequestNewSight_Optimized	method	Scripts/Game/Systems/Core/Managers/PlayerController/Replication/CRF_PlayerRplToAuthorityManager.c	1725	1725	1	CRF_PlayerRplToAuthorityManager	
RpcAsk_SightArsenalRequestNewSight_Fallback	method	Scripts/Game/Systems/Core/Managers/PlayerController/Replication/CRF_PlayerRplToAuthorityManager.c	1747	1747	1	CRF_PlayerRplToAuthorityManager	
RpcAsk_SightArsenalRequestNewSight	method	Scripts/Game/Systems/Core/Managers/PlayerController/Replication/CRF_PlayerRplToAuthorityManager.c	1762	1762	1	CRF_PlayerRplToAuthorityManager	
GetSightAttachmentType	method	Scripts/Game/Systems/Core/Managers/PlayerController/Replication/CRF_PlayerRplToAuthorityManager.c	1776	1776	1	CRF_PlayerRplToAuthorityManager	
ProcessSightChange	method	Scripts/Game/Systems/Core/Managers/PlayerController/Replication/CRF_PlayerRplToAuthorityManager.c	1818	1818	1	CRF_PlayerRplToAuthorityManager	
RpcAsk_TogglePlayerLisntening	method	Scripts/Game/Systems/Core/Managers/PlayerController/Replication/CRF_PlayerRplToAuthorityManager.c	1911	1911	1	CRF_PlayerRplToAuthorityManager	
RpcAsk_ToggleWaveRespawn	method	Scripts/Game/Systems/Core/Managers/PlayerController/Replication/CRF_PlayerRplToAuthorityManager.c	1925	1925	1	CRF_PlayerRplToAuthorityManager	
RpcAsk_ToggleRespawn	method	Scripts/Game/Systems/Core/Managers/PlayerController/Replication/CRF_PlayerRplToAuthorityManager.c	1935	1935	1	CRF_PlayerRplToAuthorityManager	
RpcAsk_ToggleVAARRecording	method	Scripts/Game/Systems/Core/Managers/PlayerController/Replication/CRF_PlayerRplToAuthorityManager.c	1945	1945	1	CRF_PlayerRplToAuthorityManager	
RpcAsk_SetRespawnTime	method	Scripts/Game/Systems/Core/Managers/PlayerController/Replication/CRF_PlayerRplToAuthorityManager.c	1955	1955	1	CRF_PlayerRplToAuthorityManager	
RpcAsk_CleanUpBodies	method	Scripts/Game/Systems/Core/Managers/PlayerController/Replication/CRF_PlayerRplToAuthorityManager.c	1965	1965	1	CRF_PlayerRplToAuthorityManager	
RpcAsk_AddItemToTruck	method	Scripts/Game/Systems/Core/Managers/PlayerController/Replication/CRF_PlayerRplToAuthorityManager.c	1975	1975	1	CRF_PlayerRplToAuthorityManager	
RpcAsk_UpdateSupplyArsneal	method	Scripts/Game/Systems/Core/Managers/PlayerController/Replication/CRF_PlayerRplToAuthorityManager.c	2021	2021	1	CRF_PlayerRplToAuthorityManager	
RpcAsk_MoveSpecCamToSlot	method	Scripts/Game/Systems/Core/Managers/PlayerController/Replication/CRF_PlayerRplToAuthorityManager.c	2034	2034	1	CRF_PlayerRplToAuthorityManager	
RpcAsk_CreateCache	method	Scripts/Game/Systems/Core/Managers/PlayerController/Replication/CRF_PlayerRplToAuthorityManager.c	2055	2055	1	CRF_PlayerRplToAuthorityManager	
GetSpawn	method	Scripts/Game/Systems/Core/Managers/PlayerController/Replication/CRF_PlayerRplToAuthorityManager.c	2088	2088	1	CRF_PlayerRplToAuthorityManager	
CreateCacheDelay	method	Scripts/Game/Systems/Core/Managers/PlayerController/Replication/CRF_PlayerRplToAuthorityManager.c	2106	2106	1	CRF_PlayerRplToAuthorityManager	
RpcAsk_RequestVehicleSupplies	method	Scripts/Game/Systems/Core/Managers/PlayerController/Replication/CRF_PlayerRplToAuthorityManager.c	2122	2122	1	CRF_PlayerRplToAuthorityManager	
RpcAsk_RearmVehicle	method	Scripts/Game/Systems/Core/Managers/PlayerController/Replication/CRF_PlayerRplToAuthorityManager.c	2137	2137	1	CRF_PlayerRplToAuthorityManager	
RpcAsk_RequestForwardDeploy	method	Scripts/Game/Systems/Core/Managers/PlayerController/Replication/CRF_PlayerRplToAuthorityManager.c	2178	2178	1	CRF_PlayerRplToAuthorityManager	
RpcAsk_ShareMapMarkerGlobal	method	Scripts/Game/Systems/Core/Managers/PlayerController/Replication/CRF_PlayerRplToAuthorityManager.c	2275	2275	1	CRF_PlayerRplToAuthorityManager	
RpcAsk_ShareMapMarkers	method	Scripts/Game/Systems/Core/Managers/PlayerController/Replication/CRF_PlayerRplToAuthorityManager.c	2323	2323	1	CRF_PlayerRplToAuthorityManager	
RpcAsk_RequestGlobalMarkerRefresh	method	Scripts/Game/Systems/Core/Managers/PlayerController/Replication/CRF_PlayerRplToAuthorityManager.c	2379	2379	1	CRF_PlayerRplToAuthorityManager	
RpcDo_RequestSupplyUpdate	method	Scripts/Game/Systems/Core/Managers/PlayerController/Replication/CRF_PlayerRplToAuthorityManager.c	2425	2425	1	CRF_PlayerRplToAuthorityManager	
RpcAsk_RegisterPlayerForLottery	method	Scripts/Game/Systems/Core/Managers/PlayerController/Replication/CRF_PlayerRplToAuthorityManager.c	2437	2437	1	CRF_PlayerRplToAuthorityManager	
RpcAsk_RunSlotLottery	method	Scripts/Game/Systems/Core/Managers/PlayerController/Replication/CRF_PlayerRplToAuthorityManager.c	2447	2447	1	CRF_PlayerRplToAuthorityManager	
RpcAsk_ClearSlotLottery	method	Scripts/Game/Systems/Core/Managers/PlayerController/Replication/CRF_PlayerRplToAuthorityManager.c	2456	2456	1	CRF_PlayerRplToAuthorityManager	
CRF_PlayerRplToAuthorityManager	method	Scripts/Game/Systems/Core/Managers/PlayerController/Replication/CRF_PlayerRplToAuthorityManager.c	2469	2469	1	CRF_PlayerRplToAuthorityManager	
GetInstance	method	Scripts/Game/Systems/Core/Managers/PlayerController/Replication/CRF_PlayerRplToAuthorityManager.c	2475	2475	1	CRF_PlayerRplToAuthorityManager	
CRF_PlayerRplToOwnerManagerClass	class	Scripts/Game/Systems/Core/Managers/PlayerController/Replication/CRF_PlayerRplToOwnerManager.c	1	1	1		ScriptComponentClass
CRF_PlayerRplToOwnerManager	class	Scripts/Game/Systems/Core/Managers/PlayerController/Replication/CRF_PlayerRplToOwnerManager.c	3	264	262		ScriptComponent
InitializeRadioFromServer	method	Scripts/Game/Systems/Core/Managers/PlayerController/Replication/CRF_PlayerRplToOwnerManager.c	11	11	1	CRF_PlayerRplToOwnerManager	
ForwardDeployRequestRejected	method	Scripts/Game/Systems/Core/Managers/PlayerController/Replication/CRF_PlayerRplToOwnerManager.c	17	17	1	CRF_PlayerRplToOwnerManager	
TeleportLocalPlayer	method	Scripts/Game/Systems/Core/Managers/PlayerController/Replication/CRF_PlayerRplToOwnerManager.c	23	23	1	CRF_PlayerRplToOwnerManager	
SharerMarkerGlobal	method	Scripts/Game/Systems/Core/Managers/PlayerController/Replication/CRF_PlayerRplToOwnerManager.c	29	29	1	CRF_PlayerRplToOwnerManager	
ShareMarker	method	Scripts/Game/Systems/Core/Managers/PlayerController/Replication/CRF_PlayerRplToOwnerManager.c	35	35	1	CRF_PlayerRplToOwnerManager	
RefreshGlobalMarkers	method	Scripts/Game/Systems/Core/Managers/PlayerController/Replication/CRF_PlayerRplToOwnerManager.c	41	41	1	CRF_PlayerRplToOwnerManager	
RpcDo_InitializeRadioFromServer	method	Scripts/Game/Systems/Core/Managers/PlayerController/Replication/CRF_PlayerRplToOwnerManager.c	52	52	1	CRF_PlayerRplToOwnerManager	
RpcDo_ForwardDeployRequestRejected	method	Scripts/Game/Systems/Core/Managers/PlayerController/Replication/CRF_PlayerRplToOwnerManager.c	62	62	1	CRF_PlayerRplToOwnerManager	
RpcDo_TeleportLocalPlayer	method	Scripts/Game/Systems/Core/Managers/PlayerController/Replication/CRF_PlayerRplToOwnerManager.c	69	69	1	CRF_PlayerRplToOwnerManager	
RpcDo_SharerMarkerGlobal	method	Scripts/Game/Systems/Core/Managers/PlayerController/Replication/CRF_PlayerRplToOwnerManager.c	76	76	1	CRF_PlayerRplToOwnerManager	
RpcDo_ShareMarker	method	Scripts/Game/Systems/Core/Managers/PlayerController/Replication/CRF_PlayerRplToOwnerManager.c	99	99	1	CRF_PlayerRplToOwnerManager	
RpcDo_RefreshGlobalMarkers	method	Scripts/Game/Systems/Core/Managers/PlayerController/Replication/CRF_PlayerRplToOwnerManager.c	122	122	1	CRF_PlayerRplToOwnerManager	
RequestAdminCommand	method	Scripts/Game/Systems/Core/Managers/PlayerController/Replication/CRF_PlayerRplToOwnerManager.c	147	147	1	CRF_PlayerRplToOwnerManager	
RpcDo_AdminPropHuntCommand	method	Scripts/Game/Systems/Core/Managers/PlayerController/Replication/CRF_PlayerRplToOwnerManager.c	154	154	1	CRF_PlayerRplToOwnerManager	
RpcDo_RequestPropTransform	method	Scripts/Game/Systems/Core/Managers/PlayerController/Replication/CRF_PlayerRplToOwnerManager.c	179	179	1	CRF_PlayerRplToOwnerManager	
RpcDo_RequestPropNoise	method	Scripts/Game/Systems/Core/Managers/PlayerController/Replication/CRF_PlayerRplToOwnerManager.c	200	200	1	CRF_PlayerRplToOwnerManager	
RpcDo_RequestPropNextNoise	method	Scripts/Game/Systems/Core/Managers/PlayerController/Replication/CRF_PlayerRplToOwnerManager.c	220	220	1	CRF_PlayerRplToOwnerManager	
SendAARKillStats	method	Scripts/Game/Systems/Core/Managers/PlayerController/Replication/CRF_PlayerRplToOwnerManager.c	236	236	1	CRF_PlayerRplToOwnerManager	
RpcDo_SendAARKillStats	method	Scripts/Game/Systems/Core/Managers/PlayerController/Replication/CRF_PlayerRplToOwnerManager.c	243	243	1	CRF_PlayerRplToOwnerManager	
CRF_PlayerRplToOwnerManager	method	Scripts/Game/Systems/Core/Managers/PlayerController/Replication/CRF_PlayerRplToOwnerManager.c	254	254	1	CRF_PlayerRplToOwnerManager	
GetInstance	method	Scripts/Game/Systems/Core/Managers/PlayerController/Replication/CRF_PlayerRplToOwnerManager.c	260	260	1	CRF_PlayerRplToOwnerManager	
CRF_PlayerMenuManagerClass	class	Scripts/Game/Systems/Core/Managers/PlayerController/UI/CRF_PlayerMenuManager.c	1	1	1		ScriptComponentClass
CRF_PlayerMenuManager	class	Scripts/Game/Systems/Core/Managers/PlayerController/UI/CRF_PlayerMenuManager.c	3	106	104		ScriptComponent
OpenCurrentStateMenu	method	Scripts/Game/Systems/Core/Managers/PlayerController/UI/CRF_PlayerMenuManager.c	11	11	1	CRF_PlayerMenuManager	
OpenSlottingMenu	method	Scripts/Game/Systems/Core/Managers/PlayerController/UI/CRF_PlayerMenuManager.c	55	55	1	CRF_PlayerMenuManager	
DisplayTitleCard	method	Scripts/Game/Systems/Core/Managers/PlayerController/UI/CRF_PlayerMenuManager.c	75	75	1	CRF_PlayerMenuManager	
RemoveTitleCardWidget	method	Scripts/Game/Systems/Core/Managers/PlayerController/UI/CRF_PlayerMenuManager.c	84	84	1	CRF_PlayerMenuManager	
CRF_PlayerMenuManager	method	Scripts/Game/Systems/Core/Managers/PlayerController/UI/CRF_PlayerMenuManager.c	96	96	1	CRF_PlayerMenuManager	
GetInstance	method	Scripts/Game/Systems/Core/Managers/PlayerController/UI/CRF_PlayerMenuManager.c	102	102	1	CRF_PlayerMenuManager	
CRF_PlayerPolyZoneManagerClass	class	Scripts/Game/Systems/Core/Managers/PlayerController/UI/CRF_PlayerPolyZoneManager.c	1	3	3		ScriptComponentClass
CRF_PlayerPolyZoneManager	class	Scripts/Game/Systems/Core/Managers/PlayerController/UI/CRF_PlayerPolyZoneManager.c	5	113	109		ScriptComponent
EffectsChanged	method	Scripts/Game/Systems/Core/Managers/PlayerController/UI/CRF_PlayerPolyZoneManager.c	12	12	1	CRF_PlayerPolyZoneManager	
CacheLastSentEffects	method	Scripts/Game/Systems/Core/Managers/PlayerController/UI/CRF_PlayerPolyZoneManager.c	26	26	1	CRF_PlayerPolyZoneManager	
UpdatePlayerHUD	method	Scripts/Game/Systems/Core/Managers/PlayerController/UI/CRF_PlayerPolyZoneManager.c	37	37	1	CRF_PlayerPolyZoneManager	
ShowEffects	method	Scripts/Game/Systems/Core/Managers/PlayerController/UI/CRF_PlayerPolyZoneManager.c	67	67	1	CRF_PlayerPolyZoneManager	
OnPostInit	method	Scripts/Game/Systems/Core/Managers/PlayerController/UI/CRF_PlayerPolyZoneManager.c	79	79	1	CRF_PlayerPolyZoneManager	
EOnFixedFrame	method	Scripts/Game/Systems/Core/Managers/PlayerController/UI/CRF_PlayerPolyZoneManager.c	103	103	1	CRF_PlayerPolyZoneManager	
CRF_EffectsContainer	class	Scripts/Game/Systems/Core/Managers/PlayerController/UI/CRF_PlayerPolyZoneManager.c	114	256	143		
Encode	method	Scripts/Game/Systems/Core/Managers/PlayerController/UI/CRF_PlayerPolyZoneManager.c	118	118	1	CRF_EffectsContainer	
Decode	method	Scripts/Game/Systems/Core/Managers/PlayerController/UI/CRF_PlayerPolyZoneManager.c	140	140	1	CRF_EffectsContainer	
SnapCompare	method	Scripts/Game/Systems/Core/Managers/PlayerController/UI/CRF_PlayerPolyZoneManager.c	163	163	1	CRF_EffectsContainer	
PropCompare	method	Scripts/Game/Systems/Core/Managers/PlayerController/UI/CRF_PlayerPolyZoneManager.c	199	199	1	CRF_EffectsContainer	
Extract	method	Scripts/Game/Systems/Core/Managers/PlayerController/UI/CRF_PlayerPolyZoneManager.c	228	228	1	CRF_EffectsContainer	
Inject	method	Scripts/Game/Systems/Core/Managers/PlayerController/UI/CRF_PlayerPolyZoneManager.c	241	241	1	CRF_EffectsContainer	
CRF_PlayerScriptedMarkerManagerClass	class	Scripts/Game/Systems/Core/Managers/PlayerController/UI/CRF_PlayerScriptedMarkerManager.c	1	1	1		ScriptComponentClass
CRF_PlayerScriptedMarkerManager	class	Scripts/Game/Systems/Core/Managers/PlayerController/UI/CRF_PlayerScriptedMarkerManager.c	3	109	107		ScriptComponent
GetScriptedMarkersArray	method	Scripts/Game/Systems/Core/Managers/PlayerController/UI/CRF_PlayerScriptedMarkerManager.c	18	18	1	CRF_PlayerScriptedMarkerManager	
GetOnMarkerUpdate	method	Scripts/Game/Systems/Core/Managers/PlayerController/UI/CRF_PlayerScriptedMarkerManager.c	24	24	1	CRF_PlayerScriptedMarkerManager	
ForceMarkerUpdate	method	Scripts/Game/Systems/Core/Managers/PlayerController/UI/CRF_PlayerScriptedMarkerManager.c	33	33	1	CRF_PlayerScriptedMarkerManager	
AddScriptedMarker	method	Scripts/Game/Systems/Core/Managers/PlayerController/UI/CRF_PlayerScriptedMarkerManager.c	48	48	1	CRF_PlayerScriptedMarkerManager	
RemoveScriptedMarker	method	Scripts/Game/Systems/Core/Managers/PlayerController/UI/CRF_PlayerScriptedMarkerManager.c	71	71	1	CRF_PlayerScriptedMarkerManager	
RemoveALLScriptedMarkers	method	Scripts/Game/Systems/Core/Managers/PlayerController/UI/CRF_PlayerScriptedMarkerManager.c	87	87	1	CRF_PlayerScriptedMarkerManager	
CRF_PlayerScriptedMarkerManager	method	Scripts/Game/Systems/Core/Managers/PlayerController/UI/CRF_PlayerScriptedMarkerManager.c	99	99	1	CRF_PlayerScriptedMarkerManager	
GetInstance	method	Scripts/Game/Systems/Core/Managers/PlayerController/UI/CRF_PlayerScriptedMarkerManager.c	105	105	1	CRF_PlayerScriptedMarkerManager	
ACE_Carrying_BaseUserAction	modded_class	Scripts/Game/Systems/ModdedOverrides/ACE/CRF_ACE_Carrying_BaseUserAction.c	1	25	25		
CanBeShownScript	method	Scripts/Game/Systems/ModdedOverrides/ACE/CRF_ACE_Carrying_BaseUserAction.c	8	8	1	ACE_Carrying_BaseUserAction	
SCR_CharacterControllerComponent	modded_class	Scripts/Game/Systems/ModdedOverrides/ACE/CRF_ACE_Carrying_SCR_CharacterControllerComponent.c	1	40	40		
ACE_Carrying_IsCharacterInWater	method	Scripts/Game/Systems/ModdedOverrides/ACE/CRF_ACE_Carrying_SCR_CharacterControllerComponent.c	5	5	1	SCR_CharacterControllerComponent	
ACE_Carrying_CanCarryOrDragCasualty	method	Scripts/Game/Systems/ModdedOverrides/ACE/CRF_ACE_Carrying_SCR_CharacterControllerComponent.c	21	21	1	SCR_CharacterControllerComponent	
Bacon_PlaySoundComponent	modded_class	Scripts/Game/Systems/ModdedOverrides/Bacon/CRF_Bacon_PlaySoundComponent.c	1	28	28		
OnPostInit	method	Scripts/Game/Systems/ModdedOverrides/Bacon/CRF_Bacon_PlaySoundComponent.c	4	4	1	Bacon_PlaySoundComponent	
EOnInit	method	Scripts/Game/Systems/ModdedOverrides/Bacon/CRF_Bacon_PlaySoundComponent.c	9	9	1	Bacon_PlaySoundComponent	
EOnFrame	method	Scripts/Game/Systems/ModdedOverrides/Bacon/CRF_Bacon_PlaySoundComponent.c	20	20	1	Bacon_PlaySoundComponent	
CVON_VONGameModeComponent	modded_class	Scripts/Game/Systems/ModdedOverrides/CRF_CVON_GamemodeOverride.c	7	25	19		
OnPostInit	method	Scripts/Game/Systems/ModdedOverrides/CRF_CVON_GamemodeOverride.c	14	14	1	CVON_VONGameModeComponent	
SCR_NoiseFilterEffect	modded_class	Scripts/Game/Systems/ModdedOverrides/CRF_SCR_NoiseFilterEffect.c	1	22	22		
DisplayControlledEntityChanged	method	Scripts/Game/Systems/ModdedOverrides/CRF_SCR_NoiseFilterEffect.c	8	8	1	SCR_NoiseFilterEffect	
CSI_HUD	modded_class	Scripts/Game/Systems/ModdedOverrides/CSI/CRF_CSI_HUD.c	1	28	28		
UpdateValues	method	Scripts/Game/Systems/ModdedOverrides/CSI/CRF_CSI_HUD.c	7	7	1	CSI_HUD	
SCR_GroupsManagerComponent	modded_class	Scripts/Game/Systems/ModdedOverrides/CVON/CRF_CVON_GroupsManagerComponent.c	1	204	204		
AnyPlayerFrequencies	method	Scripts/Game/Systems/ModdedOverrides/CVON/CRF_CVON_GroupsManagerComponent.c	5	5	1	SCR_GroupsManagerComponent	
TuneFreqDelayWithPresets	method	Scripts/Game/Systems/ModdedOverrides/CVON/CRF_CVON_GroupsManagerComponent.c	14	14	1	SCR_GroupsManagerComponent	
CVON_RadioComponent	modded_class	Scripts/Game/Systems/ModdedOverrides/CVON/CRF_CVON_RadioComponent.c	1	71	71		
InitializeRadios	method	Scripts/Game/Systems/ModdedOverrides/CVON/CRF_CVON_RadioComponent.c	5	5	1	CVON_RadioComponent	
SCR_VONController	modded_class	Scripts/Game/Systems/ModdedOverrides/CVON/CRF_CVON_VONController.c	1	501	501		
EOnInit	method	Scripts/Game/Systems/ModdedOverrides/CVON/CRF_CVON_VONController.c	14	14	1	SCR_VONController	
UpdateSpectatorChecksIfNeeded	method	Scripts/Game/Systems/ModdedOverrides/CVON/CRF_CVON_VONController.c	28	28	1	SCR_VONController	
SpectatorCheck	method	Scripts/Game/Systems/ModdedOverrides/CVON/CRF_CVON_VONController.c	43	43	1	SCR_VONController	
CalculateSpectatorStatus	method	Scripts/Game/Systems/ModdedOverrides/CVON/CRF_CVON_VONController.c	56	56	1	SCR_VONController	
UpdateSpectatorChecks	method	Scripts/Game/Systems/ModdedOverrides/CVON/CRF_CVON_VONController.c	64	64	1	SCR_VONController	
IsOtherPlayerSpectator	method	Scripts/Game/Systems/ModdedOverrides/CVON/CRF_CVON_VONController.c	82	82	1	SCR_VONController	
InSameChannel	method	Scripts/Game/Systems/ModdedOverrides/CVON/CRF_CVON_VONController.c	97	97	1	SCR_VONController	
IsSameLanguage	method	Scripts/Game/Systems/ModdedOverrides/CVON/CRF_CVON_VONController.c	117	117	1	SCR_VONController	
ActivateCVON	method	Scripts/Game/Systems/ModdedOverrides/CVON/CRF_CVON_VONController.c	141	141	1	SCR_VONController	
ShouldMuffleAudio	method	Scripts/Game/Systems/ModdedOverrides/CVON/CRF_CVON_VONController.c	152	152	1	SCR_VONController	
ComputeSpectatorLR	method	Scripts/Game/Systems/ModdedOverrides/CVON/CRF_CVON_VONController.c	202	202	1	SCR_VONController	
EOnFixedFrame	method	Scripts/Game/Systems/ModdedOverrides/CVON/CRF_CVON_VONController.c	247	247	1	SCR_VONController	
ComputeStereoLR	method	Scripts/Game/Systems/ModdedOverrides/CVON/CRF_CVON_VONController.c	469	469	1	SCR_VONController	
CVON_VONGameModeComponent	modded_class	Scripts/Game/Systems/ModdedOverrides/CVON/CRF_CVON_VONGameModeComponent.c	1	64	64		
TogglePlayerListening	method	Scripts/Game/Systems/ModdedOverrides/CVON/CRF_CVON_VONGameModeComponent.c	11	11	1	CVON_VONGameModeComponent	
RpcDo_PlayerListeningChanged	method	Scripts/Game/Systems/ModdedOverrides/CVON/CRF_CVON_VONGameModeComponent.c	32	32	1	CVON_VONGameModeComponent	
IsPlayerListening	method	Scripts/Game/Systems/ModdedOverrides/CVON/CRF_CVON_VONGameModeComponent.c	46	46	1	CVON_VONGameModeComponent	
GetListeningPlayers	method	Scripts/Game/Systems/ModdedOverrides/CVON/CRF_CVON_VONGameModeComponent.c	56	56	1	CVON_VONGameModeComponent	
GC_SuppressionSystem	modded_class	Scripts/Game/Systems/ModdedOverrides/GC/CRF_GC_SuppressionSystem.c	1	53	53		
RegisterProjectile	method	Scripts/Game/Systems/ModdedOverrides/GC/CRF_GC_SuppressionSystem.c	5	5	1	GC_SuppressionSystem	
AddSuppression	method	Scripts/Game/Systems/ModdedOverrides/GC/CRF_GC_SuppressionSystem.c	16	16	1	GC_SuppressionSystem	
OnControlledEntityChanged	method	Scripts/Game/Systems/ModdedOverrides/GC/CRF_GC_SuppressionSystem.c	27	27	1	GC_SuppressionSystem	
OnUpdate	method	Scripts/Game/Systems/ModdedOverrides/GC/CRF_GC_SuppressionSystem.c	34	34	1	GC_SuppressionSystem	
LM_SuppressionScreenEffect	modded_class	Scripts/Game/Systems/ModdedOverrides/LM/CRF_LM_SuppressionScreenEffect.c	2	47	46		
IsValidLocalPlayer	method	Scripts/Game/Systems/ModdedOverrides/LM/CRF_LM_SuppressionScreenEffect.c	7	7	1	LM_SuppressionScreenEffect	
GetSuppressionAmount	method	Scripts/Game/Systems/ModdedOverrides/LM/CRF_LM_SuppressionScreenEffect.c	28	28	1	LM_SuppressionScreenEffect	
OnSuppressionFlinch	method	Scripts/Game/Systems/ModdedOverrides/LM/CRF_LM_SuppressionScreenEffect.c	40	40	1	LM_SuppressionScreenEffect	
ParachuteComponent	modded_class	Scripts/Game/Systems/ModdedOverrides/Parachute/CRF_ParachuteComponent.c	2	67	66		
EnableComponentControls	method	Scripts/Game/Systems/ModdedOverrides/Parachute/CRF_ParachuteComponent.c	4	4	1	ParachuteComponent	
OnJumpPressed	method	Scripts/Game/Systems/ModdedOverrides/Parachute/CRF_ParachuteComponent.c	21	21	1	ParachuteComponent	
MayDeployParachute_Internal	method	Scripts/Game/Systems/ModdedOverrides/Parachute/CRF_ParachuteComponent.c	40	40	1	ParachuteComponent	
CRF_VehicleSpawnerSerializer	class	Scripts/Game/Systems/Persistence/Serializers/Entities/CRF_VehicleSpawnerSerializer.c	6	80	75		ScriptedEntitySerializer
GetTargetType	method	Scripts/Game/Systems/Persistence/Serializers/Entities/CRF_VehicleSpawnerSerializer.c	9	9	1	CRF_VehicleSpawnerSerializer	
Serialize	method	Scripts/Game/Systems/Persistence/Serializers/Entities/CRF_VehicleSpawnerSerializer.c	15	15	1	CRF_VehicleSpawnerSerializer	
Deserialize	method	Scripts/Game/Systems/Persistence/Serializers/Entities/CRF_VehicleSpawnerSerializer.c	44	44	1	CRF_VehicleSpawnerSerializer	
CRF_GamemodeStateData	class	Scripts/Game/Systems/Persistence/Serializers/States/CRF_GamemodeSerializer.c	5	7	3		PersistentState
CRF_GamemodeSerializer	class	Scripts/Game/Systems/Persistence/Serializers/States/CRF_GamemodeSerializer.c	11	60	50		ScriptedStateSerializer
GetTargetType	method	Scripts/Game/Systems/Persistence/Serializers/States/CRF_GamemodeSerializer.c	14	14	1	CRF_GamemodeSerializer	
Serialize	method	Scripts/Game/Systems/Persistence/Serializers/States/CRF_GamemodeSerializer.c	20	20	1	CRF_GamemodeSerializer	
Deserialize	method	Scripts/Game/Systems/Persistence/Serializers/States/CRF_GamemodeSerializer.c	40	40	1	CRF_GamemodeSerializer	
CRF_RespawnManagerStateData	class	Scripts/Game/Systems/Persistence/Serializers/States/CRF_RespawnManagerSerializer.c	3	5	3		PersistentState
CRF_RespawnManagerSerializer	class	Scripts/Game/Systems/Persistence/Serializers/States/CRF_RespawnManagerSerializer.c	9	79	71		ScriptedStateSerializer
GetTargetType	method	Scripts/Game/Systems/Persistence/Serializers/States/CRF_RespawnManagerSerializer.c	12	12	1	CRF_RespawnManagerSerializer	
Serialize	method	Scripts/Game/Systems/Persistence/Serializers/States/CRF_RespawnManagerSerializer.c	18	18	1	CRF_RespawnManagerSerializer	
Deserialize	method	Scripts/Game/Systems/Persistence/Serializers/States/CRF_RespawnManagerSerializer.c	42	42	1	CRF_RespawnManagerSerializer	
CRF_SlottingManagerStateData	class	Scripts/Game/Systems/Persistence/Serializers/States/CRF_SlottingManagerSerializer.c	3	5	3		PersistentState
CRF_SlottingManagerSerializer	class	Scripts/Game/Systems/Persistence/Serializers/States/CRF_SlottingManagerSerializer.c	9	145	137		ScriptedStateSerializer
GetTargetType	method	Scripts/Game/Systems/Persistence/Serializers/States/CRF_SlottingManagerSerializer.c	12	12	1	CRF_SlottingManagerSerializer	
Serialize	method	Scripts/Game/Systems/Persistence/Serializers/States/CRF_SlottingManagerSerializer.c	18	18	1	CRF_SlottingManagerSerializer	
Deserialize	method	Scripts/Game/Systems/Persistence/Serializers/States/CRF_SlottingManagerSerializer.c	71	71	1	CRF_SlottingManagerSerializer	
CRF_TeleportPlayerAction	class	Scripts/Game/Systems/UI/Actions/CRF_TeleportPlayerAction.c	2	87	86		ScriptedUserAction
PerformAction	method	Scripts/Game/Systems/UI/Actions/CRF_TeleportPlayerAction.c	16	16	1	CRF_TeleportPlayerAction	
HasLocalEffectOnlyScript	method	Scripts/Game/Systems/UI/Actions/CRF_TeleportPlayerAction.c	75	75	1	CRF_TeleportPlayerAction	
CanBroadcastScript	method	Scripts/Game/Systems/UI/Actions/CRF_TeleportPlayerAction.c	83	83	1	CRF_TeleportPlayerAction	
CRF_TeleportPlayerActionPostSafestart	class	Scripts/Game/Systems/UI/Actions/CRF_TeleportPlayerActionPostSafestart.c	2	98	97		ScriptedUserAction
PerformAction	method	Scripts/Game/Systems/UI/Actions/CRF_TeleportPlayerActionPostSafestart.c	17	17	1	CRF_TeleportPlayerActionPostSafestart	
HasLocalEffectOnlyScript	method	Scripts/Game/Systems/UI/Actions/CRF_TeleportPlayerActionPostSafestart.c	76	76	1	CRF_TeleportPlayerActionPostSafestart	
CanBroadcastScript	method	Scripts/Game/Systems/UI/Actions/CRF_TeleportPlayerActionPostSafestart.c	84	84	1	CRF_TeleportPlayerActionPostSafestart	
CanBeShownScript	method	Scripts/Game/Systems/UI/Actions/CRF_TeleportPlayerActionPostSafestart.c	90	90	1	CRF_TeleportPlayerActionPostSafestart	
CRF_ToggleSatchelType	class	Scripts/Game/Systems/UI/Actions/CRF_ToggleSatchelType.c	2	88	87		ScriptedUserAction
Init	method	Scripts/Game/Systems/UI/Actions/CRF_ToggleSatchelType.c	15	15	1	CRF_ToggleSatchelType	
PerformAction	method	Scripts/Game/Systems/UI/Actions/CRF_ToggleSatchelType.c	25	25	1	CRF_ToggleSatchelType	
GetActionNameScript	method	Scripts/Game/Systems/UI/Actions/CRF_ToggleSatchelType.c	55	55	1	CRF_ToggleSatchelType	
HasLocalEffectOnlyScript	method	Scripts/Game/Systems/UI/Actions/CRF_ToggleSatchelType.c	77	77	1	CRF_ToggleSatchelType	
CanBroadcastScript	method	Scripts/Game/Systems/UI/Actions/CRF_ToggleSatchelType.c	84	84	1	CRF_ToggleSatchelType	
CRF_ListboxComponent	class	Scripts/Game/Systems/UI/CustomListbox/CRF_ListBoxComponent.c	1	370	370		SCR_ListBoxComponent
AddItemSpecSlot	method	Scripts/Game/Systems/UI/CustomListbox/CRF_ListBoxComponent.c	14	14	1	CRF_ListboxComponent	
_AddItemSpecSlot	method	Scripts/Game/Systems/UI/CustomListbox/CRF_ListBoxComponent.c	28	28	1	CRF_ListboxComponent	
AddItemSlot	method	Scripts/Game/Systems/UI/CustomListbox/CRF_ListBoxComponent.c	75	75	1	CRF_ListboxComponent	
_AddItemSlot	method	Scripts/Game/Systems/UI/CustomListbox/CRF_ListBoxComponent.c	90	90	1	CRF_ListboxComponent	
AddItemSpecGroup	method	Scripts/Game/Systems/UI/CustomListbox/CRF_ListBoxComponent.c	183	183	1	CRF_ListboxComponent	
_AddItemSpecGroup	method	Scripts/Game/Systems/UI/CustomListbox/CRF_ListBoxComponent.c	198	198	1	CRF_ListboxComponent	
AddItemChannel	method	Scripts/Game/Systems/UI/CustomListbox/CRF_ListBoxComponent.c	232	232	1	CRF_ListboxComponent	
_AddItemChannel	method	Scripts/Game/Systems/UI/CustomListbox/CRF_ListBoxComponent.c	246	246	1	CRF_ListboxComponent	
AddItemGroup	method	Scripts/Game/Systems/UI/CustomListbox/CRF_ListBoxComponent.c	276	276	1	CRF_ListboxComponent	
_AddItemGroup	method	Scripts/Game/Systems/UI/CustomListbox/CRF_ListBoxComponent.c	292	292	1	CRF_ListboxComponent	
SetupWidgetNavigation	method	Scripts/Game/Systems/UI/CustomListbox/CRF_ListBoxComponent.c	342	342	1	CRF_ListboxComponent	
GetCRFElementComponent	method	Scripts/Game/Systems/UI/CustomListbox/CRF_ListBoxComponent.c	363	363	1	CRF_ListboxComponent	
CRF_ListBoxElementComponent	class	Scripts/Game/Systems/UI/CustomListbox/CRF_ListboxElementComponent.c	1	471	471		SCR_ListBoxElementComponent
GetAccept	method	Scripts/Game/Systems/UI/CustomListbox/CRF_ListboxElementComponent.c	20	20	1	CRF_ListBoxElementComponent	
GetDeny	method	Scripts/Game/Systems/UI/CustomListbox/CRF_ListboxElementComponent.c	33	33	1	CRF_ListBoxElementComponent	
GetProgress	method	Scripts/Game/Systems/UI/CustomListbox/CRF_ListboxElementComponent.c	46	46	1	CRF_ListBoxElementComponent	
GetDisconnectWidget	method	Scripts/Game/Systems/UI/CustomListbox/CRF_ListboxElementComponent.c	55	55	1	CRF_ListBoxElementComponent	
GetSlottedWidget	method	Scripts/Game/Systems/UI/CustomListbox/CRF_ListboxElementComponent.c	67	67	1	CRF_ListBoxElementComponent	
GetDeathWidget	method	Scripts/Game/Systems/UI/CustomListbox/CRF_ListboxElementComponent.c	79	79	1	CRF_ListBoxElementComponent	
SetRoleText	method	Scripts/Game/Systems/UI/CustomListbox/CRF_ListboxElementComponent.c	95	95	1	CRF_ListBoxElementComponent	
SetPlayerText	method	Scripts/Game/Systems/UI/CustomListbox/CRF_ListboxElementComponent.c	106	106	1	CRF_ListBoxElementComponent	
text	method	Scripts/Game/Systems/UI/CustomListbox/CRF_ListboxElementComponent.c	114	114	1	CRF_ListBoxElementComponent	
SetTagText	method	Scripts/Game/Systems/UI/CustomListbox/CRF_ListboxElementComponent.c	118	118	1	CRF_ListBoxElementComponent	
SetRankChevron	method	Scripts/Game/Systems/UI/CustomListbox/CRF_ListboxElementComponent.c	143	143	1	CRF_ListBoxElementComponent	
1	method	Scripts/Game/Systems/UI/CustomListbox/CRF_ListboxElementComponent.c	164	164	1	CRF_ListBoxElementComponent	
1	method	Scripts/Game/Systems/UI/CustomListbox/CRF_ListboxElementComponent.c	166	166	1	CRF_ListBoxElementComponent	
GetRankTexture	method	Scripts/Game/Systems/UI/CustomListbox/CRF_ListboxElementComponent.c	168	168	1	CRF_ListBoxElementComponent	
E1	method	Scripts/Game/Systems/UI/CustomListbox/CRF_ListboxElementComponent.c	183	183	1	CRF_ListBoxElementComponent	
GetEnlistedRankTexture	method	Scripts/Game/Systems/UI/CustomListbox/CRF_ListboxElementComponent.c	186	186	1	CRF_ListBoxElementComponent	
W5	method	Scripts/Game/Systems/UI/CustomListbox/CRF_ListboxElementComponent.c	206	206	1	CRF_ListBoxElementComponent	
GetWarrantRankTexture	method	Scripts/Game/Systems/UI/CustomListbox/CRF_ListboxElementComponent.c	208	208	1	CRF_ListBoxElementComponent	
O11	method	Scripts/Game/Systems/UI/CustomListbox/CRF_ListboxElementComponent.c	219	219	1	CRF_ListBoxElementComponent	
GetOfficerRankTexture	method	Scripts/Game/Systems/UI/CustomListbox/CRF_ListboxElementComponent.c	221	221	1	CRF_ListBoxElementComponent	
SetGroupName	method	Scripts/Game/Systems/UI/CustomListbox/CRF_ListboxElementComponent.c	240	240	1	CRF_ListBoxElementComponent	
GetChannelButton	method	Scripts/Game/Systems/UI/CustomListbox/CRF_ListboxElementComponent.c	251	251	1	CRF_ListBoxElementComponent	
GetPlayerText	method	Scripts/Game/Systems/UI/CustomListbox/CRF_ListboxElementComponent.c	263	263	1	CRF_ListBoxElementComponent	
GetRoleText	method	Scripts/Game/Systems/UI/CustomListbox/CRF_ListboxElementComponent.c	275	275	1	CRF_ListBoxElementComponent	
imageset	method	Scripts/Game/Systems/UI/CustomListbox/CRF_ListboxElementComponent.c	291	291	1	CRF_ListBoxElementComponent	
SetRoleImage	method	Scripts/Game/Systems/UI/CustomListbox/CRF_ListboxElementComponent.c	293	293	1	CRF_ListBoxElementComponent	
imageset	method	Scripts/Game/Systems/UI/CustomListbox/CRF_ListboxElementComponent.c	318	318	1	CRF_ListBoxElementComponent	
SetLockImage	method	Scripts/Game/Systems/UI/CustomListbox/CRF_ListboxElementComponent.c	320	320	1	CRF_ListBoxElementComponent	
SetRoleColor	method	Scripts/Game/Systems/UI/CustomListbox/CRF_ListboxElementComponent.c	346	346	1	CRF_ListBoxElementComponent	
GetGroupIcon	method	Scripts/Game/Systems/UI/CustomListbox/CRF_ListboxElementComponent.c	369	369	1	CRF_ListBoxElementComponent	
GetGroupText	method	Scripts/Game/Systems/UI/CustomListbox/CRF_ListboxElementComponent.c	382	382	1	CRF_ListBoxElementComponent	
SetGroupIconColor	method	Scripts/Game/Systems/UI/CustomListbox/CRF_ListboxElementComponent.c	395	395	1	CRF_ListBoxElementComponent	
GetGroupUnderline	method	Scripts/Game/Systems/UI/CustomListbox/CRF_ListboxElementComponent.c	406	406	1	CRF_ListBoxElementComponent	
GetSlotButton	method	Scripts/Game/Systems/UI/CustomListbox/CRF_ListboxElementComponent.c	423	423	1	CRF_ListBoxElementComponent	
GetLockButton	method	Scripts/Game/Systems/UI/CustomListbox/CRF_ListboxElementComponent.c	436	436	1	CRF_ListBoxElementComponent	
GetKickButton	method	Scripts/Game/Systems/UI/CustomListbox/CRF_ListboxElementComponent.c	449	449	1	CRF_ListBoxElementComponent	
DisableKickButton	method	Scripts/Game/Systems/UI/CustomListbox/CRF_ListboxElementComponent.c	461	461	1	CRF_ListBoxElementComponent	
SCR_ListBoxComponent	modded_class	Scripts/Game/Systems/UI/CustomListbox/CRF_SCR_ListBoxComponent.c	1	57	57		
item	method	Scripts/Game/Systems/UI/CustomListbox/CRF_SCR_ListBoxComponent.c	9	9	1	SCR_ListBoxComponent	
item	method	Scripts/Game/Systems/UI/CustomListbox/CRF_SCR_ListBoxComponent.c	10	10	1	SCR_ListBoxComponent	
AddItemAndIconPlayer	method	Scripts/Game/Systems/UI/CustomListbox/CRF_SCR_ListBoxComponent.c	14	14	1	SCR_ListBoxComponent	
item	method	Scripts/Game/Systems/UI/CustomListbox/CRF_SCR_ListBoxComponent.c	37	37	1	SCR_ListBoxComponent	
item	method	Scripts/Game/Systems/UI/CustomListbox/CRF_SCR_ListBoxComponent.c	38	38	1	SCR_ListBoxComponent	
AddItemWithColor	method	Scripts/Game/Systems/UI/CustomListbox/CRF_SCR_ListBoxComponent.c	41	41	1	SCR_ListBoxComponent	
SCR_ListBoxElementComponent	modded_class	Scripts/Game/Systems/UI/CustomListbox/CRF_SCR_ListBoxElementComponent.c	1	71	71		
SetColor	method	Scripts/Game/Systems/UI/CustomListbox/CRF_SCR_ListBoxElementComponent.c	21	21	1	SCR_ListBoxElementComponent	
SetTalking	method	Scripts/Game/Systems/UI/CustomListbox/CRF_SCR_ListBoxElementComponent.c	33	33	1	SCR_ListBoxElementComponent	
SetDescriptionIndex	method	Scripts/Game/Systems/UI/CustomListbox/CRF_SCR_ListBoxElementComponent.c	45	45	1	SCR_ListBoxElementComponent	
GetSelectButton	method	Scripts/Game/Systems/UI/CustomListbox/CRF_SCR_ListBoxElementComponent.c	54	54	1	SCR_ListBoxElementComponent	
CRF_AARSessionStats	class	Scripts/Game/Systems/UI/HUDs/CRF_AARStatsHUD.c	6	19	14		
SetData	method	Scripts/Game/Systems/UI/HUDs/CRF_AARStatsHUD.c	12	12	1	CRF_AARSessionStats	
CRF_AARStatsHUD	class	Scripts/Game/Systems/UI/HUDs/CRF_AARStatsHUD.c	31	170	140		
CRF_AARStatsHUD	method	Scripts/Game/Systems/UI/HUDs/CRF_AARStatsHUD.c	47	47	1	CRF_AARStatsHUD	
Cleanup	method	Scripts/Game/Systems/UI/HUDs/CRF_AARStatsHUD.c	65	65	1	CRF_AARStatsHUD	
TryPopulate	method	Scripts/Game/Systems/UI/HUDs/CRF_AARStatsHUD.c	75	75	1	CRF_AARStatsHUD	
OnDataReceived	method	Scripts/Game/Systems/UI/HUDs/CRF_AARStatsHUD.c	99	99	1	CRF_AARStatsHUD	
PopulateStats	method	Scripts/Game/Systems/UI/HUDs/CRF_AARStatsHUD.c	111	111	1	CRF_AARStatsHUD	
CRF_GameTimerDisplay	class	Scripts/Game/Systems/UI/HUDs/CRF_GameTimerDisplay.c	2	444	443		SCR_InfoDisplayExtended
DisplayInit	method	Scripts/Game/Systems/UI/HUDs/CRF_GameTimerDisplay.c	47	47	1	CRF_GameTimerDisplay	
DisplayUpdate	method	Scripts/Game/Systems/UI/HUDs/CRF_GameTimerDisplay.c	70	70	1	CRF_GameTimerDisplay	
UpdateTimer	method	Scripts/Game/Systems/UI/HUDs/CRF_GameTimerDisplay.c	130	130	1	CRF_GameTimerDisplay	
SetTimerVisibility	method	Scripts/Game/Systems/UI/HUDs/CRF_GameTimerDisplay.c	196	196	1	CRF_GameTimerDisplay	
UpdateTicketDisplay	method	Scripts/Game/Systems/UI/HUDs/CRF_GameTimerDisplay.c	212	212	1	CRF_GameTimerDisplay	
key	method	Scripts/Game/Systems/UI/HUDs/CRF_GameTimerDisplay.c	266	266	1	CRF_GameTimerDisplay	
UpdateFactionTickets	method	Scripts/Game/Systems/UI/HUDs/CRF_GameTimerDisplay.c	269	269	1	CRF_GameTimerDisplay	
HandleTimeWarnings	method	Scripts/Game/Systems/UI/HUDs/CRF_GameTimerDisplay.c	288	288	1	CRF_GameTimerDisplay	
UpdateTimeDisplay	method	Scripts/Game/Systems/UI/HUDs/CRF_GameTimerDisplay.c	320	320	1	CRF_GameTimerDisplay	
value	method	Scripts/Game/Systems/UI/HUDs/CRF_GameTimerDisplay.c	412	412	1	CRF_GameTimerDisplay	
SetWidgetOpacity	method	Scripts/Game/Systems/UI/HUDs/CRF_GameTimerDisplay.c	414	414	1	CRF_GameTimerDisplay	
CRF_Hint	class	Scripts/Game/Systems/UI/HUDs/CRF_Hint.c	1	119	119		SCR_ScriptedWidgetComponent
HandlerAttached	method	Scripts/Game/Systems/UI/HUDs/CRF_Hint.c	14	14	1	CRF_Hint	
ShowHint	method	Scripts/Game/Systems/UI/HUDs/CRF_Hint.c	34	34	1	CRF_Hint	
HintLoop	method	Scripts/Game/Systems/UI/HUDs/CRF_Hint.c	67	67	1	CRF_Hint	
FadeAndDeleteHintLoop	method	Scripts/Game/Systems/UI/HUDs/CRF_Hint.c	89	89	1	CRF_Hint	
CRF_Hint	method	Scripts/Game/Systems/UI/HUDs/CRF_Hint.c	114	114	1	CRF_Hint	
CRF_Outro	class	Scripts/Game/Systems/UI/HUDs/CRF_Outro.c	6	133	128		ChimeraMenuBase
SanitizeMissionName	method	Scripts/Game/Systems/UI/HUDs/CRF_Outro.c	14	14	1	CRF_Outro	
OnMenuOpen	method	Scripts/Game/Systems/UI/HUDs/CRF_Outro.c	38	38	1	CRF_Outro	
OnMenuClose	method	Scripts/Game/Systems/UI/HUDs/CRF_Outro.c	48	48	1	CRF_Outro	
SubTitle	method	Scripts/Game/Systems/UI/HUDs/CRF_Outro.c	66	66	1	CRF_Outro	
GetOutcomeText	method	Scripts/Game/Systems/UI/HUDs/CRF_Outro.c	84	84	1	CRF_Outro	
OnMenuUpdate	method	Scripts/Game/Systems/UI/HUDs/CRF_Outro.c	93	93	1	CRF_Outro	
CreateStatsPanel	method	Scripts/Game/Systems/UI/HUDs/CRF_Outro.c	106	106	1	CRF_Outro	
Action_Exit	method	Scripts/Game/Systems/UI/HUDs/CRF_Outro.c	122	122	1	CRF_Outro	
OpenPauseMenuWrap	method	Scripts/Game/Systems/UI/HUDs/CRF_Outro.c	129	129	1	CRF_Outro	
SCR_PopUpNotification	modded_class	Scripts/Game/Systems/UI/HUDs/CRF_PopUpNotification.c	3	107	105		GenericEntity
ProcessInit	method	Scripts/Game/Systems/UI/HUDs/CRF_PopUpNotification.c	8	8	1	SCR_PopUpNotification	
CRF_SafeStartDisplay	class	Scripts/Game/Systems/UI/HUDs/CRF_SafeStartDisplay.c	1	350	350		SCR_InfoDisplayExtended
DisplayUpdate	method	Scripts/Game/Systems/UI/HUDs/CRF_SafeStartDisplay.c	46	46	1	CRF_SafeStartDisplay	
AreReferencesValid	method	Scripts/Game/Systems/UI/HUDs/CRF_SafeStartDisplay.c	104	104	1	CRF_SafeStartDisplay	
InitializeReferences	method	Scripts/Game/Systems/UI/HUDs/CRF_SafeStartDisplay.c	122	122	1	CRF_SafeStartDisplay	
HideAllUIElements	method	Scripts/Game/Systems/UI/HUDs/CRF_SafeStartDisplay.c	147	147	1	CRF_SafeStartDisplay	
ShowMainUIElements	method	Scripts/Game/Systems/UI/HUDs/CRF_SafeStartDisplay.c	170	170	1	CRF_SafeStartDisplay	
UpdatePlayedFactions	method	Scripts/Game/Systems/UI/HUDs/CRF_SafeStartDisplay.c	189	189	1	CRF_SafeStartDisplay	
UpdateTimer	method	Scripts/Game/Systems/UI/HUDs/CRF_SafeStartDisplay.c	291	291	1	CRF_SafeStartDisplay	
mode	method	Scripts/Game/Systems/UI/HUDs/CRF_SafeStartDisplay.c	305	305	1	CRF_SafeStartDisplay	
StopMission	method	Scripts/Game/Systems/UI/HUDs/CRF_SafeStartDisplay.c	307	307	1	CRF_SafeStartDisplay	
StartMission	method	Scripts/Game/Systems/UI/HUDs/CRF_SafeStartDisplay.c	328	328	1	CRF_SafeStartDisplay	
CRF_SafeStartInfoDisplay	class	Scripts/Game/Systems/UI/HUDs/CRF_SafeStartInfoDisplay.c	1	521	521		SCR_InfoDisplayExtended
DisplayUpdate	method	Scripts/Game/Systems/UI/HUDs/CRF_SafeStartInfoDisplay.c	48	48	1	CRF_SafeStartInfoDisplay	
InitializeReferences	method	Scripts/Game/Systems/UI/HUDs/CRF_SafeStartInfoDisplay.c	98	98	1	CRF_SafeStartInfoDisplay	
AreWidgetsValid	method	Scripts/Game/Systems/UI/HUDs/CRF_SafeStartInfoDisplay.c	138	138	1	CRF_SafeStartInfoDisplay	
LoadMissionData	method	Scripts/Game/Systems/UI/HUDs/CRF_SafeStartInfoDisplay.c	151	151	1	CRF_SafeStartInfoDisplay	
LoadMissionInfo	method	Scripts/Game/Systems/UI/HUDs/CRF_SafeStartInfoDisplay.c	167	167	1	CRF_SafeStartInfoDisplay	
LoadEquipmentInfo	method	Scripts/Game/Systems/UI/HUDs/CRF_SafeStartInfoDisplay.c	328	328	1	CRF_SafeStartInfoDisplay	
SCR_MapMarkersUI	modded_class	Scripts/Game/Systems/UI/MapMarkers/CRF_MapMarker.c	1	257	257		
OnMapOpen	method	Scripts/Game/Systems/UI/MapMarkers/CRF_MapMarker.c	18	18	1	SCR_MapMarkersUI	
LoadStoredMarkers	method	Scripts/Game/Systems/UI/MapMarkers/CRF_MapMarker.c	38	38	1	SCR_MapMarkersUI	
CleanupExistingMarkers	method	Scripts/Game/Systems/UI/MapMarkers/CRF_MapMarker.c	63	63	1	SCR_MapMarkersUI	
CreateMarkerFromData	method	Scripts/Game/Systems/UI/MapMarkers/CRF_MapMarker.c	75	75	1	SCR_MapMarkersUI	
OnMapClose	method	Scripts/Game/Systems/UI/MapMarkers/CRF_MapMarker.c	113	113	1	SCR_MapMarkersUI	
Update	method	Scripts/Game/Systems/UI/MapMarkers/CRF_MapMarker.c	132	132	1	SCR_MapMarkersUI	
GetMarkerPosition	method	Scripts/Game/Systems/UI/MapMarkers/CRF_MapMarker.c	179	179	1	SCR_MapMarkersUI	
UpdateMarkerScreenPosition	method	Scripts/Game/Systems/UI/MapMarkers/CRF_MapMarker.c	242	242	1	SCR_MapMarkersUI	
CRF_EditableMarkerComponentClass	class	Scripts/Game/Systems/UI/MapMarkers/ManualMarkers/CRF_EditableMarkerComponent.c	2	5	4		SCR_EditableDescriptorComponentClass
CRF_EditableMarkerComponent	class	Scripts/Game/Systems/UI/MapMarkers/ManualMarkers/CRF_EditableMarkerComponent.c	7	94	88		SCR_EditableSystemComponent
OnPostInit	method	Scripts/Game/Systems/UI/MapMarkers/ManualMarkers/CRF_EditableMarkerComponent.c	11	11	1	CRF_EditableMarkerComponent	
GetMarkerDescription	method	Scripts/Game/Systems/UI/MapMarkers/ManualMarkers/CRF_EditableMarkerComponent.c	17	17	1	CRF_EditableMarkerComponent	
SetMarkerDescription	method	Scripts/Game/Systems/UI/MapMarkers/ManualMarkers/CRF_EditableMarkerComponent.c	21	21	1	CRF_EditableMarkerComponent	
GetMarkerColor	method	Scripts/Game/Systems/UI/MapMarkers/ManualMarkers/CRF_EditableMarkerComponent.c	26	26	1	CRF_EditableMarkerComponent	
SetMarkerColor	method	Scripts/Game/Systems/UI/MapMarkers/ManualMarkers/CRF_EditableMarkerComponent.c	31	31	1	CRF_EditableMarkerComponent	
GetMarkerImage	method	Scripts/Game/Systems/UI/MapMarkers/ManualMarkers/CRF_EditableMarkerComponent.c	46	46	1	CRF_EditableMarkerComponent	
SetMarkerImage	method	Scripts/Game/Systems/UI/MapMarkers/ManualMarkers/CRF_EditableMarkerComponent.c	50	50	1	CRF_EditableMarkerComponent	
GetMarkerSize	method	Scripts/Game/Systems/UI/MapMarkers/ManualMarkers/CRF_EditableMarkerComponent.c	59	59	1	CRF_EditableMarkerComponent	
SetMarkerSize	method	Scripts/Game/Systems/UI/MapMarkers/ManualMarkers/CRF_EditableMarkerComponent.c	63	63	1	CRF_EditableMarkerComponent	
GetMarkerUseWorldScale	method	Scripts/Game/Systems/UI/MapMarkers/ManualMarkers/CRF_EditableMarkerComponent.c	68	68	1	CRF_EditableMarkerComponent	
SetMarkerUseWorldScale	method	Scripts/Game/Systems/UI/MapMarkers/ManualMarkers/CRF_EditableMarkerComponent.c	72	72	1	CRF_EditableMarkerComponent	
GetMarkerVisibleForFaction	method	Scripts/Game/Systems/UI/MapMarkers/ManualMarkers/CRF_EditableMarkerComponent.c	77	77	1	CRF_EditableMarkerComponent	
SetMarkerVisibleForFaction	method	Scripts/Game/Systems/UI/MapMarkers/ManualMarkers/CRF_EditableMarkerComponent.c	81	81	1	CRF_EditableMarkerComponent	
GetVisibleForEmptyFaction	method	Scripts/Game/Systems/UI/MapMarkers/ManualMarkers/CRF_EditableMarkerComponent.c	86	86	1	CRF_EditableMarkerComponent	
SetVisibleForEmptyFaction	method	Scripts/Game/Systems/UI/MapMarkers/ManualMarkers/CRF_EditableMarkerComponent.c	90	90	1	CRF_EditableMarkerComponent	
CRF_ManualMarkerClass	class	Scripts/Game/Systems/UI/MapMarkers/ManualMarkers/CRF_ManuaMarker.c	1	4	4		GenericEntityClass
CRF_ManualMarker	class	Scripts/Game/Systems/UI/MapMarkers/ManualMarkers/CRF_ManuaMarker.c	19	430	412		GenericEntity
GetImageSet	method	Scripts/Game/Systems/UI/MapMarkers/ManualMarkers/CRF_ManuaMarker.c	62	62	1	CRF_ManualMarker	
SetImageSet	method	Scripts/Game/Systems/UI/MapMarkers/ManualMarkers/CRF_ManuaMarker.c	66	66	1	CRF_ManualMarker	
RPC_SetImageSet	method	Scripts/Game/Systems/UI/MapMarkers/ManualMarkers/CRF_ManuaMarker.c	72	72	1	CRF_ManualMarker	
GetImageSetGlow	method	Scripts/Game/Systems/UI/MapMarkers/ManualMarkers/CRF_ManuaMarker.c	80	80	1	CRF_ManualMarker	
SetImageSetGlow	method	Scripts/Game/Systems/UI/MapMarkers/ManualMarkers/CRF_ManuaMarker.c	84	84	1	CRF_ManualMarker	
RPC_SetImageSetGlow	method	Scripts/Game/Systems/UI/MapMarkers/ManualMarkers/CRF_ManuaMarker.c	90	90	1	CRF_ManualMarker	
GetQuadName	method	Scripts/Game/Systems/UI/MapMarkers/ManualMarkers/CRF_ManuaMarker.c	98	98	1	CRF_ManualMarker	
SetQuadName	method	Scripts/Game/Systems/UI/MapMarkers/ManualMarkers/CRF_ManuaMarker.c	102	102	1	CRF_ManualMarker	
RPC_SetQuadName	method	Scripts/Game/Systems/UI/MapMarkers/ManualMarkers/CRF_ManuaMarker.c	108	108	1	CRF_ManualMarker	
GetColor	method	Scripts/Game/Systems/UI/MapMarkers/ManualMarkers/CRF_ManuaMarker.c	120	120	1	CRF_ManualMarker	
SetColor	method	Scripts/Game/Systems/UI/MapMarkers/ManualMarkers/CRF_ManuaMarker.c	124	124	1	CRF_ManualMarker	
RPC_SetColor_ByInt	method	Scripts/Game/Systems/UI/MapMarkers/ManualMarkers/CRF_ManuaMarker.c	130	130	1	CRF_ManualMarker	
GetSize	method	Scripts/Game/Systems/UI/MapMarkers/ManualMarkers/CRF_ManuaMarker.c	139	139	1	CRF_ManualMarker	
SetSize	method	Scripts/Game/Systems/UI/MapMarkers/ManualMarkers/CRF_ManuaMarker.c	143	143	1	CRF_ManualMarker	
RPC_SetSize	method	Scripts/Game/Systems/UI/MapMarkers/ManualMarkers/CRF_ManuaMarker.c	149	149	1	CRF_ManualMarker	
GetDescription	method	Scripts/Game/Systems/UI/MapMarkers/ManualMarkers/CRF_ManuaMarker.c	156	156	1	CRF_ManualMarker	
SetDescription	method	Scripts/Game/Systems/UI/MapMarkers/ManualMarkers/CRF_ManuaMarker.c	160	160	1	CRF_ManualMarker	
RPC_SetDescription	method	Scripts/Game/Systems/UI/MapMarkers/ManualMarkers/CRF_ManuaMarker.c	166	166	1	CRF_ManualMarker	
GetUseWorldScale	method	Scripts/Game/Systems/UI/MapMarkers/ManualMarkers/CRF_ManuaMarker.c	174	174	1	CRF_ManualMarker	
SetUseWorldScale	method	Scripts/Game/Systems/UI/MapMarkers/ManualMarkers/CRF_ManuaMarker.c	178	178	1	CRF_ManualMarker	
RPC_SetUseWorldScale	method	Scripts/Game/Systems/UI/MapMarkers/ManualMarkers/CRF_ManuaMarker.c	184	184	1	CRF_ManualMarker	
GetVisibleForEmptyFaction	method	Scripts/Game/Systems/UI/MapMarkers/ManualMarkers/CRF_ManuaMarker.c	191	191	1	CRF_ManualMarker	
SetVisibleForEmptyFaction	method	Scripts/Game/Systems/UI/MapMarkers/ManualMarkers/CRF_ManuaMarker.c	195	195	1	CRF_ManualMarker	
RPC_SetVisibleForEmptyFaction	method	Scripts/Game/Systems/UI/MapMarkers/ManualMarkers/CRF_ManuaMarker.c	201	201	1	CRF_ManualMarker	
GetVisibleForFaction	method	Scripts/Game/Systems/UI/MapMarkers/ManualMarkers/CRF_ManuaMarker.c	216	216	1	CRF_ManualMarker	
SetVisibleForFaction	method	Scripts/Game/Systems/UI/MapMarkers/ManualMarkers/CRF_ManuaMarker.c	221	221	1	CRF_ManualMarker	
RPC_SetVisibleForFaction_ByKey	method	Scripts/Game/Systems/UI/MapMarkers/ManualMarkers/CRF_ManuaMarker.c	227	227	1	CRF_ManualMarker	
EOnPostFrame	method	Scripts/Game/Systems/UI/MapMarkers/ManualMarkers/CRF_ManuaMarker.c	247	247	1	CRF_ManualMarker	
EOnInit	method	Scripts/Game/Systems/UI/MapMarkers/ManualMarkers/CRF_ManuaMarker.c	277	277	1	CRF_ManualMarker	
IsCurrentFactionVisibility	method	Scripts/Game/Systems/UI/MapMarkers/ManualMarkers/CRF_ManuaMarker.c	291	291	1	CRF_ManualMarker	
CreateMapWidget	method	Scripts/Game/Systems/UI/MapMarkers/ManualMarkers/CRF_ManuaMarker.c	323	323	1	CRF_ManualMarker	
DeleteMapWidget	method	Scripts/Game/Systems/UI/MapMarkers/ManualMarkers/CRF_ManuaMarker.c	354	354	1	CRF_ManualMarker	
CRF_ManualMarker	method	Scripts/Game/Systems/UI/MapMarkers/ManualMarkers/CRF_ManuaMarker.c	368	368	1	CRF_ManualMarker	
RplSave	method	Scripts/Game/Systems/UI/MapMarkers/ManualMarkers/CRF_ManuaMarker.c	375	375	1	CRF_ManualMarker	
RplLoad	method	Scripts/Game/Systems/UI/MapMarkers/ManualMarkers/CRF_ManuaMarker.c	397	397	1	CRF_ManualMarker	
FactionsInit	method	Scripts/Game/Systems/UI/MapMarkers/ManualMarkers/CRF_ManuaMarker.c	418	418	1	CRF_ManualMarker	
CRF_ManuaMarkerRenderClass	class	Scripts/Game/Systems/UI/MapMarkers/ManualMarkers/CRF_ManuaMarkerRender.c	1	4	4		CRF_ManualMarkerClass
CRF_ManuaMarkerRender	class	Scripts/Game/Systems/UI/MapMarkers/ManualMarkers/CRF_ManuaMarkerRender.c	6	24	19		CRF_ManualMarker
EOnInit	method	Scripts/Game/Systems/UI/MapMarkers/ManualMarkers/CRF_ManuaMarkerRender.c	10	10	1	CRF_ManuaMarkerRender	
CreateMapWidget	method	Scripts/Game/Systems/UI/MapMarkers/ManualMarkers/CRF_ManuaMarkerRender.c	16	16	1	CRF_ManuaMarkerRender	
CRF_ManualMarkerComponent	class	Scripts/Game/Systems/UI/MapMarkers/ManualMarkers/CRF_ManualMarkerComponent.c	2	188	187		SCR_ScriptedWidgetComponent
HandlerAttached	method	Scripts/Game/Systems/UI/MapMarkers/ManualMarkers/CRF_ManualMarkerComponent.c	24	24	1	CRF_ManualMarkerComponent	
SetManualMarker	method	Scripts/Game/Systems/UI/MapMarkers/ManualMarkers/CRF_ManualMarkerComponent.c	38	38	1	CRF_ManualMarkerComponent	
GetYScale	method	Scripts/Game/Systems/UI/MapMarkers/ManualMarkers/CRF_ManualMarkerComponent.c	43	43	1	CRF_ManualMarkerComponent	
SetImage	method	Scripts/Game/Systems/UI/MapMarkers/ManualMarkers/CRF_ManualMarkerComponent.c	54	54	1	CRF_ManualMarkerComponent	
SetImageGlow	method	Scripts/Game/Systems/UI/MapMarkers/ManualMarkers/CRF_ManualMarkerComponent.c	62	62	1	CRF_ManualMarkerComponent	
SetDescription	method	Scripts/Game/Systems/UI/MapMarkers/ManualMarkers/CRF_ManualMarkerComponent.c	71	71	1	CRF_ManualMarkerComponent	
SetColor	method	Scripts/Game/Systems/UI/MapMarkers/ManualMarkers/CRF_ManualMarkerComponent.c	80	80	1	CRF_ManualMarkerComponent	
SetOpacity	method	Scripts/Game/Systems/UI/MapMarkers/ManualMarkers/CRF_ManualMarkerComponent.c	86	86	1	CRF_ManualMarkerComponent	
SetSlotWorld	method	Scripts/Game/Systems/UI/MapMarkers/ManualMarkers/CRF_ManualMarkerComponent.c	91	91	1	CRF_ManualMarkerComponent	
SetSlot	method	Scripts/Game/Systems/UI/MapMarkers/ManualMarkers/CRF_ManualMarkerComponent.c	121	121	1	CRF_ManualMarkerComponent	
OnMouseEnter	method	Scripts/Game/Systems/UI/MapMarkers/ManualMarkers/CRF_ManualMarkerComponent.c	168	168	1	CRF_ManualMarkerComponent	
OnMouseLeave	method	Scripts/Game/Systems/UI/MapMarkers/ManualMarkers/CRF_ManualMarkerComponent.c	178	178	1	CRF_ManualMarkerComponent	
CRF_ManualMarkerRenderComponent	class	Scripts/Game/Systems/UI/MapMarkers/ManualMarkers/CRF_ManualMarkerRenderComponent.c	1	93	93		CRF_ManualMarkerComponent
HandlerAttached	method	Scripts/Game/Systems/UI/MapMarkers/ManualMarkers/CRF_ManualMarkerRenderComponent.c	8	8	1	CRF_ManualMarkerRenderComponent	
EnablePIP	method	Scripts/Game/Systems/UI/MapMarkers/ManualMarkers/CRF_ManualMarkerRenderComponent.c	14	14	1	CRF_ManualMarkerRenderComponent	
DisablePIP	method	Scripts/Game/Systems/UI/MapMarkers/ManualMarkers/CRF_ManualMarkerRenderComponent.c	24	24	1	CRF_ManualMarkerRenderComponent	
DestroyCamera	method	Scripts/Game/Systems/UI/MapMarkers/ManualMarkers/CRF_ManualMarkerRenderComponent.c	30	30	1	CRF_ManualMarkerRenderComponent	
CreateCamera	method	Scripts/Game/Systems/UI/MapMarkers/ManualMarkers/CRF_ManualMarkerRenderComponent.c	46	46	1	CRF_ManualMarkerRenderComponent	
UpdatePosition	method	Scripts/Game/Systems/UI/MapMarkers/ManualMarkers/CRF_ManualMarkerRenderComponent.c	65	65	1	CRF_ManualMarkerRenderComponent	
SetCameraEntity	method	Scripts/Game/Systems/UI/MapMarkers/ManualMarkers/CRF_ManualMarkerRenderComponent.c	70	70	1	CRF_ManualMarkerRenderComponent	
OnMouseEnter	method	Scripts/Game/Systems/UI/MapMarkers/ManualMarkers/CRF_ManualMarkerRenderComponent.c	77	77	1	CRF_ManualMarkerRenderComponent	
OnMouseLeave	method	Scripts/Game/Systems/UI/MapMarkers/ManualMarkers/CRF_ManualMarkerRenderComponent.c	85	85	1	CRF_ManualMarkerRenderComponent	
CRF_MarkerMakerConfig	class	Scripts/Game/Systems/UI/MapMarkers/ManualMarkers/CRF_MarkerMakerConfig.c	2	15	14		
CRF_FactionManualMarkerConfig	class	Scripts/Game/Systems/UI/MapMarkers/ManualMarkers/CRF_MarkerMakerConfig.c	18	25	8		
CRF_VehicleManualMarkerConfig	class	Scripts/Game/Systems/UI/MapMarkers/ManualMarkers/CRF_MarkerMakerConfig.c	28	35	8		
CRF_ManualMarkerConfig	class	Scripts/Game/Systems/UI/MapMarkers/ManualMarkers/CRF_MarkerMakerConfig.c	38	64	27		
CRF_MissionMarkerClass	class	Scripts/Game/Systems/UI/MapMarkers/ManualMarkers/CRF_MissionMarker.c	1	3	3		CRF_ManualMarkerClass
CRF_MissionMarker	class	Scripts/Game/Systems/UI/MapMarkers/ManualMarkers/CRF_MissionMarker.c	5	12	8		CRF_ManualMarker
CRF_MissionMarkerComponent	class	Scripts/Game/Systems/UI/MapMarkers/ManualMarkers/CRF_MissionMarkerComponent.c	1	141	141		CRF_ManualMarkerComponent
HandlerAttached	method	Scripts/Game/Systems/UI/MapMarkers/ManualMarkers/CRF_MissionMarkerComponent.c	7	7	1	CRF_MissionMarkerComponent	
Init	method	Scripts/Game/Systems/UI/MapMarkers/ManualMarkers/CRF_MissionMarkerComponent.c	14	14	1	CRF_MissionMarkerComponent	
OnMouseEnter	method	Scripts/Game/Systems/UI/MapMarkers/ManualMarkers/CRF_MissionMarkerComponent.c	39	39	1	CRF_MissionMarkerComponent	
OnMouseLeave	method	Scripts/Game/Systems/UI/MapMarkers/ManualMarkers/CRF_MissionMarkerComponent.c	46	46	1	CRF_MissionMarkerComponent	
SetSlot	method	Scripts/Game/Systems/UI/MapMarkers/ManualMarkers/CRF_MissionMarkerComponent.c	53	53	1	CRF_MissionMarkerComponent	
SetMissionMarkerImages	method	Scripts/Game/Systems/UI/MapMarkers/ManualMarkers/CRF_MissionMarkerComponent.c	96	96	1	CRF_MissionMarkerComponent	
SetMissionMarkerDescription	method	Scripts/Game/Systems/UI/MapMarkers/ManualMarkers/CRF_MissionMarkerComponent.c	108	108	1	CRF_MissionMarkerComponent	
CRF_InsurgencyPolyZoneClass	class	Scripts/Game/Systems/UI/MapMarkers/PolyZone/CRF_InsurgencyPolyZone.c	3	5	3		CRF_PolyZoneClass
CRF_InsurgencyPolyZone	class	Scripts/Game/Systems/UI/MapMarkers/PolyZone/CRF_InsurgencyPolyZone.c	8	187	180		CRF_PolyZone
OnPostInit	method	Scripts/Game/Systems/UI/MapMarkers/PolyZone/CRF_InsurgencyPolyZone.c	28	28	1	CRF_InsurgencyPolyZone	
IsCurrentVisibility	method	Scripts/Game/Systems/UI/MapMarkers/PolyZone/CRF_InsurgencyPolyZone.c	46	46	1	CRF_InsurgencyPolyZone	
IsCurrentPlayerAttacker	method	Scripts/Game/Systems/UI/MapMarkers/PolyZone/CRF_InsurgencyPolyZone.c	78	78	1	CRF_InsurgencyPolyZone	
IsCurrentPlayerDefender	method	Scripts/Game/Systems/UI/MapMarkers/PolyZone/CRF_InsurgencyPolyZone.c	91	91	1	CRF_InsurgencyPolyZone	
GetGame	method	Scripts/Game/Systems/UI/MapMarkers/PolyZone/CRF_InsurgencyPolyZone.c	106	106	1	CRF_InsurgencyPolyZone	
GetLocalPlayerFaction	method	Scripts/Game/Systems/UI/MapMarkers/PolyZone/CRF_InsurgencyPolyZone.c	107	107	1	CRF_InsurgencyPolyZone	
GetLocalPlayerFactionKey	method	Scripts/Game/Systems/UI/MapMarkers/PolyZone/CRF_InsurgencyPolyZone.c	109	109	1	CRF_InsurgencyPolyZone	
UpdateZoneMarker	method	Scripts/Game/Systems/UI/MapMarkers/PolyZone/CRF_InsurgencyPolyZone.c	124	124	1	CRF_InsurgencyPolyZone	
OnDelete	method	Scripts/Game/Systems/UI/MapMarkers/PolyZone/CRF_InsurgencyPolyZone.c	154	154	1	CRF_InsurgencyPolyZone	
GetVisiblePhase	method	Scripts/Game/Systems/UI/MapMarkers/PolyZone/CRF_InsurgencyPolyZone.c	171	171	1	CRF_InsurgencyPolyZone	
IsVisibleDuringPhase	method	Scripts/Game/Systems/UI/MapMarkers/PolyZone/CRF_InsurgencyPolyZone.c	177	177	1	CRF_InsurgencyPolyZone	
CRF_PolyZoneClass	class	Scripts/Game/Systems/UI/MapMarkers/PolyZone/CRF_PolyZone.c	2	4	3		ScriptComponentClass
CRF_PolyZone	class	Scripts/Game/Systems/UI/MapMarkers/PolyZone/CRF_PolyZone.c	7	325	319		ScriptComponent
OnPostInit	method	Scripts/Game/Systems/UI/MapMarkers/PolyZone/CRF_PolyZone.c	78	78	1	CRF_PolyZone	
EOnPostFrame	method	Scripts/Game/Systems/UI/MapMarkers/PolyZone/CRF_PolyZone.c	108	108	1	CRF_PolyZone	
RegisterMeshComp	method	Scripts/Game/Systems/UI/MapMarkers/PolyZone/CRF_PolyZone.c	143	143	1	CRF_PolyZone	
OnFactionChanged	method	Scripts/Game/Systems/UI/MapMarkers/PolyZone/CRF_PolyZone.c	159	159	1	CRF_PolyZone	
UpdateAreaMesh	method	Scripts/Game/Systems/UI/MapMarkers/PolyZone/CRF_PolyZone.c	165	165	1	CRF_PolyZone	
UpdatePolygon	method	Scripts/Game/Systems/UI/MapMarkers/PolyZone/CRF_PolyZone.c	178	178	1	CRF_PolyZone	
CreateMapWidget	method	Scripts/Game/Systems/UI/MapMarkers/PolyZone/CRF_PolyZone.c	233	233	1	CRF_PolyZone	
DeleteMapWidget	method	Scripts/Game/Systems/UI/MapMarkers/PolyZone/CRF_PolyZone.c	279	279	1	CRF_PolyZone	
IsCurrentVisibility	method	Scripts/Game/Systems/UI/MapMarkers/PolyZone/CRF_PolyZone.c	290	290	1	CRF_PolyZone	
IsInsidePolygon	method	Scripts/Game/Systems/UI/MapMarkers/PolyZone/CRF_PolyZone.c	321	321	1	CRF_PolyZone	
CRF_PolyZoneEffectHandlerClass	class	Scripts/Game/Systems/UI/MapMarkers/PolyZone/CRF_PolyZoneEffectHandler.c	2	5	4		ScriptComponentClass
CRF_PolyZoneEffectHandler	class	Scripts/Game/Systems/UI/MapMarkers/PolyZone/CRF_PolyZoneEffectHandler.c	8	70	63		ScriptComponent
OnPostInit	method	Scripts/Game/Systems/UI/MapMarkers/PolyZone/CRF_PolyZoneEffectHandler.c	12	12	1	CRF_PolyZoneEffectHandler	
EOnFrame	method	Scripts/Game/Systems/UI/MapMarkers/PolyZone/CRF_PolyZoneEffectHandler.c	22	22	1	CRF_PolyZoneEffectHandler	
AddEffect	method	Scripts/Game/Systems/UI/MapMarkers/PolyZone/CRF_PolyZoneEffectHandler.c	36	36	1	CRF_PolyZoneEffectHandler	
RemoveEffect	method	Scripts/Game/Systems/UI/MapMarkers/PolyZone/CRF_PolyZoneEffectHandler.c	44	44	1	CRF_PolyZoneEffectHandler	
RemoveByEffect	method	Scripts/Game/Systems/UI/MapMarkers/PolyZone/CRF_PolyZoneEffectHandler.c	53	53	1	CRF_PolyZoneEffectHandler	
ClearAllEffects	method	Scripts/Game/Systems/UI/MapMarkers/PolyZone/CRF_PolyZoneEffectHandler.c	65	65	1	CRF_PolyZoneEffectHandler	
CRF_PolyZoneFactionCheckTriggerClass	class	Scripts/Game/Systems/UI/MapMarkers/PolyZone/CRF_PolyZoneFactionCheck.c	2	5	4		CRF_PolyZoneTriggerClass
CRF_PolyZoneFactionCheckTrigger	class	Scripts/Game/Systems/UI/MapMarkers/PolyZone/CRF_PolyZoneFactionCheck.c	7	29	23		CRF_PolyZoneTrigger
ScriptedEntityFilterForQuery	method	Scripts/Game/Systems/UI/MapMarkers/PolyZone/CRF_PolyZoneFactionCheck.c	12	12	1	CRF_PolyZoneFactionCheckTrigger	
CRF_PolyZoneHUD	class	Scripts/Game/Systems/UI/MapMarkers/PolyZone/CRF_PolyZoneHUD.c	1	85	85		SCR_InfoDisplay
OnStartDraw	method	Scripts/Game/Systems/UI/MapMarkers/PolyZone/CRF_PolyZoneHUD.c	13	13	1	CRF_PolyZoneHUD	
UpdateValues	method	Scripts/Game/Systems/UI/MapMarkers/PolyZone/CRF_PolyZoneHUD.c	28	28	1	CRF_PolyZoneHUD	
HideAll	method	Scripts/Game/Systems/UI/MapMarkers/PolyZone/CRF_PolyZoneHUD.c	42	42	1	CRF_PolyZoneHUD	
ShowEffect	method	Scripts/Game/Systems/UI/MapMarkers/PolyZone/CRF_PolyZoneHUD.c	50	50	1	CRF_PolyZoneHUD	
HideEffect	method	Scripts/Game/Systems/UI/MapMarkers/PolyZone/CRF_PolyZoneHUD.c	65	65	1	CRF_PolyZoneHUD	
CRF_PolyZoneMeshComponentClass	class	Scripts/Game/Systems/UI/MapMarkers/PolyZone/CRF_PolyZoneMeshComponent.c	1	2	2		ScriptComponentClass
CRF_PolyZoneMeshComponent	class	Scripts/Game/Systems/UI/MapMarkers/PolyZone/CRF_PolyZoneMeshComponent.c	4	77	74		ScriptComponent
OnPostInit	method	Scripts/Game/Systems/UI/MapMarkers/PolyZone/CRF_PolyZoneMeshComponent.c	24	24	1	CRF_PolyZoneMeshComponent	
GenerateAreaMesh	method	Scripts/Game/Systems/UI/MapMarkers/PolyZone/CRF_PolyZoneMeshComponent.c	38	38	1	CRF_PolyZoneMeshComponent	
_WB_SetTransform	method	Scripts/Game/Systems/UI/MapMarkers/PolyZone/CRF_PolyZoneMeshComponent.c	72	72	1	CRF_PolyZoneMeshComponent	
CRF_PolyZoneTriggerClass	class	Scripts/Game/Systems/UI/MapMarkers/PolyZone/CRF_PolyZoneTrigger.c	1	4	4		SCR_BaseTriggerEntityClass
CRF_PolyZoneTrigger	class	Scripts/Game/Systems/UI/MapMarkers/PolyZone/CRF_PolyZoneTrigger.c	6	189	184		SCR_BaseTriggerEntity
OnInit	method	Scripts/Game/Systems/UI/MapMarkers/PolyZone/CRF_PolyZoneTrigger.c	28	28	1	CRF_PolyZoneTrigger	
CheckPlayersOutside	method	Scripts/Game/Systems/UI/MapMarkers/PolyZone/CRF_PolyZoneTrigger.c	39	39	1	CRF_PolyZoneTrigger	
ScriptedEntityFilterForQuery	method	Scripts/Game/Systems/UI/MapMarkers/PolyZone/CRF_PolyZoneTrigger.c	75	75	1	CRF_PolyZoneTrigger	
OnActivate	method	Scripts/Game/Systems/UI/MapMarkers/PolyZone/CRF_PolyZoneTrigger.c	140	140	1	CRF_PolyZoneTrigger	
OnDeactivate	method	Scripts/Game/Systems/UI/MapMarkers/PolyZone/CRF_PolyZoneTrigger.c	155	155	1	CRF_PolyZoneTrigger	
CRF_PolyZoneEffectHUD	class	Scripts/Game/Systems/UI/MapMarkers/PolyZone/EffectHUD/CRF_PolyZoneEffectHUD.c	1	43	43		SCR_ScriptedWidgetComponent
HandlerAttached	method	Scripts/Game/Systems/UI/MapMarkers/PolyZone/EffectHUD/CRF_PolyZoneEffectHUD.c	7	7	1	CRF_PolyZoneEffectHUD	
SetTime	method	Scripts/Game/Systems/UI/MapMarkers/PolyZone/EffectHUD/CRF_PolyZoneEffectHUD.c	13	13	1	CRF_PolyZoneEffectHUD	
SetString	method	Scripts/Game/Systems/UI/MapMarkers/PolyZone/EffectHUD/CRF_PolyZoneEffectHUD.c	19	19	1	CRF_PolyZoneEffectHUD	
ShowVignette	method	Scripts/Game/Systems/UI/MapMarkers/PolyZone/EffectHUD/CRF_PolyZoneEffectHUD.c	24	24	1	CRF_PolyZoneEffectHUD	
ShowScreenBlure	method	Scripts/Game/Systems/UI/MapMarkers/PolyZone/EffectHUD/CRF_PolyZoneEffectHUD.c	29	29	1	CRF_PolyZoneEffectHUD	
Update	method	Scripts/Game/Systems/UI/MapMarkers/PolyZone/EffectHUD/CRF_PolyZoneEffectHUD.c	34	34	1	CRF_PolyZoneEffectHUD	
CRF_PolyZoneEffectHUDRestrictedZone	class	Scripts/Game/Systems/UI/MapMarkers/PolyZone/EffectHUD/CRF_PolyZoneEffectHUDRestrictedZone.c	1	7	7		CRF_PolyZoneEffectHUD
ShowVignette	method	Scripts/Game/Systems/UI/MapMarkers/PolyZone/EffectHUD/CRF_PolyZoneEffectHUDRestrictedZone.c	3	3	1	CRF_PolyZoneEffectHUDRestrictedZone	
CRF_PolyZoneEffectHUDScreenBlure	class	Scripts/Game/Systems/UI/MapMarkers/PolyZone/EffectHUD/CRF_PolyZoneEffectScreenBlure.c	1	7	7		CRF_PolyZoneEffectHUD
ShowScreenBlure	method	Scripts/Game/Systems/UI/MapMarkers/PolyZone/EffectHUD/CRF_PolyZoneEffectScreenBlure.c	3	3	1	CRF_PolyZoneEffectHUDScreenBlure	
CRF_PolyZoneEffect	class	Scripts/Game/Systems/UI/MapMarkers/PolyZone/Effects/CRF_PolyZoneEffect.c	2	50	49		
OnFrame	method	Scripts/Game/Systems/UI/MapMarkers/PolyZone/Effects/CRF_PolyZoneEffect.c	7	7	1	CRF_PolyZoneEffect	
OnActivate	method	Scripts/Game/Systems/UI/MapMarkers/PolyZone/Effects/CRF_PolyZoneEffect.c	12	12	1	CRF_PolyZoneEffect	
OnDeactivate	method	Scripts/Game/Systems/UI/MapMarkers/PolyZone/Effects/CRF_PolyZoneEffect.c	17	17	1	CRF_PolyZoneEffect	
CreateCopyObject	method	Scripts/Game/Systems/UI/MapMarkers/PolyZone/Effects/CRF_PolyZoneEffect.c	22	22	1	CRF_PolyZoneEffect	
CopyFields	method	Scripts/Game/Systems/UI/MapMarkers/PolyZone/Effects/CRF_PolyZoneEffect.c	27	27	1	CRF_PolyZoneEffect	
GetEffectContainer	method	Scripts/Game/Systems/UI/MapMarkers/PolyZone/Effects/CRF_PolyZoneEffect.c	32	32	1	CRF_PolyZoneEffect	
Copy	method	Scripts/Game/Systems/UI/MapMarkers/PolyZone/Effects/CRF_PolyZoneEffect.c	38	38	1	CRF_PolyZoneEffect	
CRF_PolyZoneEffect	method	Scripts/Game/Systems/UI/MapMarkers/PolyZone/Effects/CRF_PolyZoneEffect.c	45	45	1	CRF_PolyZoneEffect	
CRF_EffectContainer	class	Scripts/Game/Systems/UI/MapMarkers/PolyZone/Effects/CRF_PolyZoneEffect.c	51	57	7		
CRF_PolyZoneEffectRestricted	class	Scripts/Game/Systems/UI/MapMarkers/PolyZone/Effects/CRF_PolyZoneEffectFactionRestricted.c	2	50	49		CRF_PolyZoneEffect
OnFrame	method	Scripts/Game/Systems/UI/MapMarkers/PolyZone/Effects/CRF_PolyZoneEffectFactionRestricted.c	9	9	1	CRF_PolyZoneEffectRestricted	
OnActivate	method	Scripts/Game/Systems/UI/MapMarkers/PolyZone/Effects/CRF_PolyZoneEffectFactionRestricted.c	21	21	1	CRF_PolyZoneEffectRestricted	
OnDeactivate	method	Scripts/Game/Systems/UI/MapMarkers/PolyZone/Effects/CRF_PolyZoneEffectFactionRestricted.c	26	26	1	CRF_PolyZoneEffectRestricted	
GetEffectContainer	method	Scripts/Game/Systems/UI/MapMarkers/PolyZone/Effects/CRF_PolyZoneEffectFactionRestricted.c	31	31	1	CRF_PolyZoneEffectRestricted	
CreateCopyObject	method	Scripts/Game/Systems/UI/MapMarkers/PolyZone/Effects/CRF_PolyZoneEffectFactionRestricted.c	40	40	1	CRF_PolyZoneEffectRestricted	
CopyFields	method	Scripts/Game/Systems/UI/MapMarkers/PolyZone/Effects/CRF_PolyZoneEffectFactionRestricted.c	45	45	1	CRF_PolyZoneEffectRestricted	
CRF_PolyZoneEffectScreenBlure	class	Scripts/Game/Systems/UI/MapMarkers/PolyZone/Effects/CRF_PolyZoneEffectScreenBlure.c	2	32	31		CRF_PolyZoneEffect
OnActivate	method	Scripts/Game/Systems/UI/MapMarkers/PolyZone/Effects/CRF_PolyZoneEffectScreenBlure.c	4	4	1	CRF_PolyZoneEffectScreenBlure	
OnDeactivate	method	Scripts/Game/Systems/UI/MapMarkers/PolyZone/Effects/CRF_PolyZoneEffectScreenBlure.c	9	9	1	CRF_PolyZoneEffectScreenBlure	
GetEffectContainer	method	Scripts/Game/Systems/UI/MapMarkers/PolyZone/Effects/CRF_PolyZoneEffectScreenBlure.c	14	14	1	CRF_PolyZoneEffectScreenBlure	
CreateCopyObject	method	Scripts/Game/Systems/UI/MapMarkers/PolyZone/Effects/CRF_PolyZoneEffectScreenBlure.c	23	23	1	CRF_PolyZoneEffectScreenBlure	
CopyFields	method	Scripts/Game/Systems/UI/MapMarkers/PolyZone/Effects/CRF_PolyZoneEffectScreenBlure.c	28	28	1	CRF_PolyZoneEffectScreenBlure	
CRF_AARMenu	class	Scripts/Game/Systems/UI/Menus/CRF_AARMenu.c	5	922	918		ChimeraMenuBase
OnMenuInit	method	Scripts/Game/Systems/UI/Menus/CRF_AARMenu.c	54	54	1	CRF_AARMenu	
OnMenuOpen	method	Scripts/Game/Systems/UI/Menus/CRF_AARMenu.c	66	66	1	CRF_AARMenu	
InitializeUIComponents	method	Scripts/Game/Systems/UI/Menus/CRF_AARMenu.c	126	126	1	CRF_AARMenu	
SetupInputHandlers	method	Scripts/Game/Systems/UI/Menus/CRF_AARMenu.c	152	152	1	CRF_AARMenu	
SetupMissionInfo	method	Scripts/Game/Systems/UI/Menus/CRF_AARMenu.c	167	167	1	CRF_AARMenu	
SetupFactionFlags	method	Scripts/Game/Systems/UI/Menus/CRF_AARMenu.c	192	192	1	CRF_AARMenu	
SetFactionFlag	method	Scripts/Game/Systems/UI/Menus/CRF_AARMenu.c	204	204	1	CRF_AARMenu	
SetupFactionColors	method	Scripts/Game/Systems/UI/Menus/CRF_AARMenu.c	214	214	1	CRF_AARMenu	
SelectInitialFaction	method	Scripts/Game/Systems/UI/Menus/CRF_AARMenu.c	225	225	1	CRF_AARMenu	
OnMenuClose	method	Scripts/Game/Systems/UI/Menus/CRF_AARMenu.c	242	242	1	CRF_AARMenu	
OnMenuUpdate	method	Scripts/Game/Systems/UI/Menus/CRF_AARMenu.c	263	263	1	CRF_AARMenu	
UpdateTimeDisplay	method	Scripts/Game/Systems/UI/Menus/CRF_AARMenu.c	290	290	1	CRF_AARMenu	
UpdatePlayerCount	method	Scripts/Game/Systems/UI/Menus/CRF_AARMenu.c	315	315	1	CRF_AARMenu	
UpdatePlayerList	method	Scripts/Game/Systems/UI/Menus/CRF_AARMenu.c	323	323	1	CRF_AARMenu	
UpdateFactionAvailability	method	Scripts/Game/Systems/UI/Menus/CRF_AARMenu.c	366	366	1	CRF_AARMenu	
UpdateFactionStatus	method	Scripts/Game/Systems/UI/Menus/CRF_AARMenu.c	390	390	1	CRF_AARMenu	
AnimateSidebar	method	Scripts/Game/Systems/UI/Menus/CRF_AARMenu.c	405	405	1	CRF_AARMenu	
DescriptionInit	method	Scripts/Game/Systems/UI/Menus/CRF_AARMenu.c	450	450	1	CRF_AARMenu	
DescriptionSelected	method	Scripts/Game/Systems/UI/Menus/CRF_AARMenu.c	484	484	1	CRF_AARMenu	
InitSlots	method	Scripts/Game/Systems/UI/Menus/CRF_AARMenu.c	516	516	1	CRF_AARMenu	
UpdateSlots	method	Scripts/Game/Systems/UI/Menus/CRF_AARMenu.c	569	569	1	CRF_AARMenu	
IsSlotInGroupAndFaction	method	Scripts/Game/Systems/UI/Menus/CRF_AARMenu.c	638	638	1	CRF_AARMenu	
SetGroupVisuals	method	Scripts/Game/Systems/UI/Menus/CRF_AARMenu.c	652	652	1	CRF_AARMenu	
SetSlotVisuals	method	Scripts/Game/Systems/UI/Menus/CRF_AARMenu.c	668	668	1	CRF_AARMenu	
SelectFactionBlufor	method	Scripts/Game/Systems/UI/Menus/CRF_AARMenu.c	691	691	1	CRF_AARMenu	
SelectFactionOpfor	method	Scripts/Game/Systems/UI/Menus/CRF_AARMenu.c	711	711	1	CRF_AARMenu	
SelectFactionIndfor	method	Scripts/Game/Systems/UI/Menus/CRF_AARMenu.c	731	731	1	CRF_AARMenu	
SelectFactionCiv	method	Scripts/Game/Systems/UI/Menus/CRF_AARMenu.c	751	751	1	CRF_AARMenu	
OpenMap	method	Scripts/Game/Systems/UI/Menus/CRF_AARMenu.c	776	776	1	CRF_AARMenu	
OpenMapWrap	method	Scripts/Game/Systems/UI/Menus/CRF_AARMenu.c	784	784	1	CRF_AARMenu	
OpenMapWrapZoomChange	method	Scripts/Game/Systems/UI/Menus/CRF_AARMenu.c	802	802	1	CRF_AARMenu	
OpenMapWrapZoomChangeWrap	method	Scripts/Game/Systems/UI/Menus/CRF_AARMenu.c	812	812	1	CRF_AARMenu	
Action_VONon	method	Scripts/Game/Systems/UI/Menus/CRF_AARMenu.c	830	830	1	CRF_AARMenu	
GetVoNTransiver	method	Scripts/Game/Systems/UI/Menus/CRF_AARMenu.c	842	842	1	CRF_AARMenu	
Action_VONOff	method	Scripts/Game/Systems/UI/Menus/CRF_AARMenu.c	869	869	1	CRF_AARMenu	
LobbyVoNDisableDelayed	method	Scripts/Game/Systems/UI/Menus/CRF_AARMenu.c	877	877	1	CRF_AARMenu	
Action_OnChatToggleAction	method	Scripts/Game/Systems/UI/Menus/CRF_AARMenu.c	886	886	1	CRF_AARMenu	
OpenChatWrap	method	Scripts/Game/Systems/UI/Menus/CRF_AARMenu.c	898	898	1	CRF_AARMenu	
Action_Exit	method	Scripts/Game/Systems/UI/Menus/CRF_AARMenu.c	909	909	1	CRF_AARMenu	
OpenPauseMenuWrap	method	Scripts/Game/Systems/UI/Menus/CRF_AARMenu.c	918	918	1	CRF_AARMenu	
CRF_AdminMenu	class	Scripts/Game/Systems/UI/Menus/CRF_AdminMenuUI.c	5	2301	2297		ChimeraMenuBase
OnMenuOpen	method	Scripts/Game/Systems/UI/Menus/CRF_AdminMenuUI.c	90	90	1	CRF_AdminMenu	
DelayedMenuInitialization	method	Scripts/Game/Systems/UI/Menus/CRF_AdminMenuUI.c	118	118	1	CRF_AdminMenu	
GetListBox	method	Scripts/Game/Systems/UI/Menus/CRF_AdminMenuUI.c	128	128	1	CRF_AdminMenu	
GetMenuButton	method	Scripts/Game/Systems/UI/Menus/CRF_AdminMenuUI.c	141	141	1	CRF_AdminMenu	
GetMultilineEditBox	method	Scripts/Game/Systems/UI/Menus/CRF_AdminMenuUI.c	153	153	1	CRF_AdminMenu	
GetEditBox	method	Scripts/Game/Systems/UI/Menus/CRF_AdminMenuUI.c	165	165	1	CRF_AdminMenu	
InitializeMenuButtons	method	Scripts/Game/Systems/UI/Menus/CRF_AdminMenuUI.c	176	176	1	CRF_AdminMenu	
InitializeChat	method	Scripts/Game/Systems/UI/Menus/CRF_AdminMenuUI.c	210	210	1	CRF_AdminMenu	
OnMenuClose	method	Scripts/Game/Systems/UI/Menus/CRF_AdminMenuUI.c	226	226	1	CRF_AdminMenu	
TicketButton	method	Scripts/Game/Systems/UI/Menus/CRF_AdminMenuUI.c	245	245	1	CRF_AdminMenu	
RespawnButton	method	Scripts/Game/Systems/UI/Menus/CRF_AdminMenuUI.c	255	255	1	CRF_AdminMenu	
ResetGearButton	method	Scripts/Game/Systems/UI/Menus/CRF_AdminMenuUI.c	265	265	1	CRF_AdminMenu	
TeleportButton	method	Scripts/Game/Systems/UI/Menus/CRF_AdminMenuUI.c	275	275	1	CRF_AdminMenu	
HintButton	method	Scripts/Game/Systems/UI/Menus/CRF_AdminMenuUI.c	285	285	1	CRF_AdminMenu	
HealButton	method	Scripts/Game/Systems/UI/Menus/CRF_AdminMenuUI.c	295	295	1	CRF_AdminMenu	
GamemodeButton	method	Scripts/Game/Systems/UI/Menus/CRF_AdminMenuUI.c	305	305	1	CRF_AdminMenu	
UpdateMenuButtonColors	method	Scripts/Game/Systems/UI/Menus/CRF_AdminMenuUI.c	316	316	1	CRF_AdminMenu	
UpdateMenuTitle	method	Scripts/Game/Systems/UI/Menus/CRF_AdminMenuUI.c	334	334	1	CRF_AdminMenu	
ClearMenu	method	Scripts/Game/Systems/UI/Menus/CRF_AdminMenuUI.c	343	343	1	CRF_AdminMenu	
AddRoles	method	Scripts/Game/Systems/UI/Menus/CRF_AdminMenuUI.c	363	363	1	CRF_AdminMenu	
GetplayerIdFromName	method	Scripts/Game/Systems/UI/Menus/CRF_AdminMenuUI.c	379	379	1	CRF_AdminMenu	
GetPrefab	method	Scripts/Game/Systems/UI/Menus/CRF_AdminMenuUI.c	399	399	1	CRF_AdminMenu	
OnMenuFocusLost	method	Scripts/Game/Systems/UI/Menus/CRF_AdminMenuUI.c	408	408	1	CRF_AdminMenu	
OnMenuUpdate	method	Scripts/Game/Systems/UI/Menus/CRF_AdminMenuUI.c	425	425	1	CRF_AdminMenu	
OnMenuFocusGained	method	Scripts/Game/Systems/UI/Menus/CRF_AdminMenuUI.c	444	444	1	CRF_AdminMenu	
InitializeGearMenu	method	Scripts/Game/Systems/UI/Menus/CRF_AdminMenuUI.c	465	465	1	CRF_AdminMenu	
PopulatePlayerList	method	Scripts/Game/Systems/UI/Menus/CRF_AdminMenuUI.c	520	520	1	CRF_AdminMenu	
UpdateDefaultGear	method	Scripts/Game/Systems/UI/Menus/CRF_AdminMenuUI.c	551	551	1	CRF_AdminMenu	
AddLeaderRadio	method	Scripts/Game/Systems/UI/Menus/CRF_AdminMenuUI.c	583	583	1	CRF_AdminMenu	
AddGIRadio	method	Scripts/Game/Systems/UI/Menus/CRF_AdminMenuUI.c	613	613	1	CRF_AdminMenu	
AddBinos	method	Scripts/Game/Systems/UI/Menus/CRF_AdminMenuUI.c	643	643	1	CRF_AdminMenu	
AddMap	method	Scripts/Game/Systems/UI/Menus/CRF_AdminMenuUI.c	667	667	1	CRF_AdminMenu	
AddWrench	method	Scripts/Game/Systems/UI/Menus/CRF_AdminMenuUI.c	691	691	1	CRF_AdminMenu	
AddMedicKit	method	Scripts/Game/Systems/UI/Menus/CRF_AdminMenuUI.c	715	715	1	CRF_AdminMenu	
AddPrimaryAmmo	method	Scripts/Game/Systems/UI/Menus/CRF_AdminMenuUI.c	756	756	1	CRF_AdminMenu	
GetBinos	method	Scripts/Game/Systems/UI/Menus/CRF_AdminMenuUI.c	884	884	1	CRF_AdminMenu	
ResetGear	method	Scripts/Game/Systems/UI/Menus/CRF_AdminMenuUI.c	904	904	1	CRF_AdminMenu	
InitializeTicketMenu	method	Scripts/Game/Systems/UI/Menus/CRF_AdminMenuUI.c	941	941	1	CRF_AdminMenu	
AssignAdminToTicket	method	Scripts/Game/Systems/UI/Menus/CRF_AdminMenuUI.c	980	980	1	CRF_AdminMenu	
CloseAdminTicket	method	Scripts/Game/Systems/UI/Menus/CRF_AdminMenuUI.c	1001	1001	1	CRF_AdminMenu	
ReplyToTicket	method	Scripts/Game/Systems/UI/Menus/CRF_AdminMenuUI.c	1028	1028	1	CRF_AdminMenu	
GetTicketMessages	method	Scripts/Game/Systems/UI/Menus/CRF_AdminMenuUI.c	1064	1064	1	CRF_AdminMenu	
PopulateTicketMessages	method	Scripts/Game/Systems/UI/Menus/CRF_AdminMenuUI.c	1103	1103	1	CRF_AdminMenu	
GetOpenTickets	method	Scripts/Game/Systems/UI/Menus/CRF_AdminMenuUI.c	1126	1126	1	CRF_AdminMenu	
PopulateOpenTicketList	method	Scripts/Game/Systems/UI/Menus/CRF_AdminMenuUI.c	1134	1134	1	CRF_AdminMenu	
PopulateAdminActionsList	method	Scripts/Game/Systems/UI/Menus/CRF_AdminMenuUI.c	1155	1155	1	CRF_AdminMenu	
InitializeRespawnMenu	method	Scripts/Game/Systems/UI/Menus/CRF_AdminMenuUI.c	1192	1192	1	CRF_AdminMenu	
PopulateDeadPlayersList	method	Scripts/Game/Systems/UI/Menus/CRF_AdminMenuUI.c	1244	1244	1	CRF_AdminMenu	
PopulateGroupsList	method	Scripts/Game/Systems/UI/Menus/CRF_AdminMenuUI.c	1276	1276	1	CRF_AdminMenu	
UpdateSpawnGroupRequest	method	Scripts/Game/Systems/UI/Menus/CRF_AdminMenuUI.c	1305	1305	1	CRF_AdminMenu	
UpdateSpawnpoint	method	Scripts/Game/Systems/UI/Menus/CRF_AdminMenuUI.c	1345	1345	1	CRF_AdminMenu	
RespawnPlayer	method	Scripts/Game/Systems/UI/Menus/CRF_AdminMenuUI.c	1389	1389	1	CRF_AdminMenu	
RespawnSide	method	Scripts/Game/Systems/UI/Menus/CRF_AdminMenuUI.c	1428	1428	1	CRF_AdminMenu	
InitializeTeleportMenu	method	Scripts/Game/Systems/UI/Menus/CRF_AdminMenuUI.c	1446	1446	1	CRF_AdminMenu	
TeleportLocalToSelected	method	Scripts/Game/Systems/UI/Menus/CRF_AdminMenuUI.c	1486	1486	1	CRF_AdminMenu	
TeleportLocalPlayer	method	Scripts/Game/Systems/UI/Menus/CRF_AdminMenuUI.c	1512	1512	1	CRF_AdminMenu	
TeleportSelectedToLocal	method	Scripts/Game/Systems/UI/Menus/CRF_AdminMenuUI.c	1527	1527	1	CRF_AdminMenu	
TeleportPlayers	method	Scripts/Game/Systems/UI/Menus/CRF_AdminMenuUI.c	1550	1550	1	CRF_AdminMenu	
InitializeHintMenu	method	Scripts/Game/Systems/UI/Menus/CRF_AdminMenuUI.c	1585	1585	1	CRF_AdminMenu	
PopulateFactionList	method	Scripts/Game/Systems/UI/Menus/CRF_AdminMenuUI.c	1633	1633	1	CRF_AdminMenu	
SendHintAll	method	Scripts/Game/Systems/UI/Menus/CRF_AdminMenuUI.c	1657	1657	1	CRF_AdminMenu	
SendHintFaction	method	Scripts/Game/Systems/UI/Menus/CRF_AdminMenuUI.c	1672	1672	1	CRF_AdminMenu	
SendHintPlayer	method	Scripts/Game/Systems/UI/Menus/CRF_AdminMenuUI.c	1696	1696	1	CRF_AdminMenu	
InitializeHealMenu	method	Scripts/Game/Systems/UI/Menus/CRF_AdminMenuUI.c	1731	1731	1	CRF_AdminMenu	
HealPlayer	method	Scripts/Game/Systems/UI/Menus/CRF_AdminMenuUI.c	1766	1766	1	CRF_AdminMenu	
HealPlayerVehicle	method	Scripts/Game/Systems/UI/Menus/CRF_AdminMenuUI.c	1789	1789	1	CRF_AdminMenu	
InitializeGamemodeMenu	method	Scripts/Game/Systems/UI/Menus/CRF_AdminMenuUI.c	1817	1817	1	CRF_AdminMenu	
ToggleWaveRespawn	method	Scripts/Game/Systems/UI/Menus/CRF_AdminMenuUI.c	1931	1931	1	CRF_AdminMenu	
ToggleRespawn	method	Scripts/Game/Systems/UI/Menus/CRF_AdminMenuUI.c	1936	1936	1	CRF_AdminMenu	
SetRespawnTime	method	Scripts/Game/Systems/UI/Menus/CRF_AdminMenuUI.c	1941	1941	1	CRF_AdminMenu	
LoadGearConfigList	method	Scripts/Game/Systems/UI/Menus/CRF_AdminMenuUI.c	1947	1947	1	CRF_AdminMenu	
ToggleVAARRecording	method	Scripts/Game/Systems/UI/Menus/CRF_AdminMenuUI.c	1958	1958	1	CRF_AdminMenu	
UpdateTime	method	Scripts/Game/Systems/UI/Menus/CRF_AdminMenuUI.c	1967	1967	1	CRF_AdminMenu	
UpdateTicket	method	Scripts/Game/Systems/UI/Menus/CRF_AdminMenuUI.c	1980	1980	1	CRF_AdminMenu	
UpdateGearSets	method	Scripts/Game/Systems/UI/Menus/CRF_AdminMenuUI.c	1999	1999	1	CRF_AdminMenu	
ConfirmAction	method	Scripts/Game/Systems/UI/Menus/CRF_AdminMenuUI.c	2025	2025	1	CRF_AdminMenu	
CloseConfirmAction	method	Scripts/Game/Systems/UI/Menus/CRF_AdminMenuUI.c	2056	2056	1	CRF_AdminMenu	
EnterAAR	method	Scripts/Game/Systems/UI/Menus/CRF_AdminMenuUI.c	2065	2065	1	CRF_AdminMenu	
GamemodeMenuUpdate	method	Scripts/Game/Systems/UI/Menus/CRF_AdminMenuUI.c	2074	2074	1	CRF_AdminMenu	
SearchList0	method	Scripts/Game/Systems/UI/Menus/CRF_AdminMenuUI.c	2175	2175	1	CRF_AdminMenu	
SearchList1	method	Scripts/Game/Systems/UI/Menus/CRF_AdminMenuUI.c	2193	2193	1	CRF_AdminMenu	
SearchPlayerList	method	Scripts/Game/Systems/UI/Menus/CRF_AdminMenuUI.c	2213	2213	1	CRF_AdminMenu	
Action_OnChatToggleAction	method	Scripts/Game/Systems/UI/Menus/CRF_AdminMenuUI.c	2266	2266	1	CRF_AdminMenu	
OpenChatWrap	method	Scripts/Game/Systems/UI/Menus/CRF_AdminMenuUI.c	2277	2277	1	CRF_AdminMenu	
GetCurrentOpenTab	method	Scripts/Game/Systems/UI/Menus/CRF_AdminMenuUI.c	2292	2292	1	CRF_AdminMenu	
CRF_GearScriptConfigStruct	class	Scripts/Game/Systems/UI/Menus/CRF_AdminMenuUI.c	2302	2305	4		
CRF_PreviewMenu	class	Scripts/Game/Systems/UI/Menus/CRF_BriefingMenu.c	1	766	766		ChimeraMenuBase
OnMenuOpen	method	Scripts/Game/Systems/UI/Menus/CRF_BriefingMenu.c	29	29	1	CRF_PreviewMenu	
RegisterInputActions	method	Scripts/Game/Systems/UI/Menus/CRF_BriefingMenu.c	87	87	1	CRF_PreviewMenu	
InitializeChatPanel	method	Scripts/Game/Systems/UI/Menus/CRF_BriefingMenu.c	101	101	1	CRF_PreviewMenu	
InitializeUIElements	method	Scripts/Game/Systems/UI/Menus/CRF_BriefingMenu.c	111	111	1	CRF_PreviewMenu	
UpdateMissionText	method	Scripts/Game/Systems/UI/Menus/CRF_BriefingMenu.c	140	140	1	CRF_PreviewMenu	
UpdateWeatherText	method	Scripts/Game/Systems/UI/Menus/CRF_BriefingMenu.c	164	164	1	CRF_PreviewMenu	
SetupPhaseIndicators	method	Scripts/Game/Systems/UI/Menus/CRF_BriefingMenu.c	173	173	1	CRF_PreviewMenu	
SetupListComponents	method	Scripts/Game/Systems/UI/Menus/CRF_BriefingMenu.c	195	195	1	CRF_PreviewMenu	
ConfigureNavigationButtons	method	Scripts/Game/Systems/UI/Menus/CRF_BriefingMenu.c	209	209	1	CRF_PreviewMenu	
InitializePlayer	method	Scripts/Game/Systems/UI/Menus/CRF_BriefingMenu.c	242	242	1	CRF_PreviewMenu	
OpenSlottingMenu	method	Scripts/Game/Systems/UI/Menus/CRF_BriefingMenu.c	251	251	1	CRF_PreviewMenu	
AdvanceMenu	method	Scripts/Game/Systems/UI/Menus/CRF_BriefingMenu.c	260	260	1	CRF_PreviewMenu	
OnMenuUpdate	method	Scripts/Game/Systems/UI/Menus/CRF_BriefingMenu.c	269	269	1	CRF_PreviewMenu	
UpdateTimeDisplay	method	Scripts/Game/Systems/UI/Menus/CRF_BriefingMenu.c	294	294	1	CRF_PreviewMenu	
UpdatePlayerList	method	Scripts/Game/Systems/UI/Menus/CRF_BriefingMenu.c	321	321	1	CRF_PreviewMenu	
SetTalking	method	Scripts/Game/Systems/UI/Menus/CRF_BriefingMenu.c	377	377	1	CRF_PreviewMenu	
session	method	Scripts/Game/Systems/UI/Menus/CRF_BriefingMenu.c	385	385	1	CRF_PreviewMenu	
OnJIPPlayerConnected	method	Scripts/Game/Systems/UI/Menus/CRF_BriefingMenu.c	388	388	1	CRF_PreviewMenu	
SetPlayerStatusColor	method	Scripts/Game/Systems/UI/Menus/CRF_BriefingMenu.c	395	395	1	CRF_PreviewMenu	
CheckAdminPrivileges	method	Scripts/Game/Systems/UI/Menus/CRF_BriefingMenu.c	420	420	1	CRF_PreviewMenu	
OnMenuClose	method	Scripts/Game/Systems/UI/Menus/CRF_BriefingMenu.c	440	440	1	CRF_PreviewMenu	
DescriptionInit	method	Scripts/Game/Systems/UI/Menus/CRF_BriefingMenu.c	494	494	1	CRF_PreviewMenu	
DescriptionSelected	method	Scripts/Game/Systems/UI/Menus/CRF_BriefingMenu.c	556	556	1	CRF_PreviewMenu	
map	method	Scripts/Game/Systems/UI/Menus/CRF_BriefingMenu.c	586	586	1	CRF_PreviewMenu	
OpenMap	method	Scripts/Game/Systems/UI/Menus/CRF_BriefingMenu.c	588	588	1	CRF_PreviewMenu	
OpenMapWrap	method	Scripts/Game/Systems/UI/Menus/CRF_BriefingMenu.c	596	596	1	CRF_PreviewMenu	
map	method	Scripts/Game/Systems/UI/Menus/CRF_BriefingMenu.c	617	617	1	CRF_PreviewMenu	
OpenMapWrapZoomChange	method	Scripts/Game/Systems/UI/Menus/CRF_BriefingMenu.c	619	619	1	CRF_PreviewMenu	
map	method	Scripts/Game/Systems/UI/Menus/CRF_BriefingMenu.c	625	625	1	CRF_PreviewMenu	
OpenMapWrapZoomChangeWrap	method	Scripts/Game/Systems/UI/Menus/CRF_BriefingMenu.c	627	627	1	CRF_PreviewMenu	
OnMenuInit	method	Scripts/Game/Systems/UI/Menus/CRF_BriefingMenu.c	641	641	1	CRF_PreviewMenu	
Action_VONon	method	Scripts/Game/Systems/UI/Menus/CRF_BriefingMenu.c	654	654	1	CRF_PreviewMenu	
GetVoNTransiver	method	Scripts/Game/Systems/UI/Menus/CRF_BriefingMenu.c	671	671	1	CRF_PreviewMenu	
Action_VONOff	method	Scripts/Game/Systems/UI/Menus/CRF_BriefingMenu.c	708	708	1	CRF_PreviewMenu	
LobbyVoNDisableDelayed	method	Scripts/Game/Systems/UI/Menus/CRF_BriefingMenu.c	716	716	1	CRF_PreviewMenu	
Action_OnChatToggleAction	method	Scripts/Game/Systems/UI/Menus/CRF_BriefingMenu.c	731	731	1	CRF_PreviewMenu	
OpenChatWrap	method	Scripts/Game/Systems/UI/Menus/CRF_BriefingMenu.c	743	743	1	CRF_PreviewMenu	
Action_Exit	method	Scripts/Game/Systems/UI/Menus/CRF_BriefingMenu.c	754	754	1	CRF_PreviewMenu	
OpenPauseMenuWrap	method	Scripts/Game/Systems/UI/Menus/CRF_BriefingMenu.c	762	762	1	CRF_PreviewMenu	
CRF_CharacterLoading	class	Scripts/Game/Systems/UI/Menus/CRF_CharacterLoading.c	1	44	44		ChimeraMenuBase
OnMenuOpen	method	Scripts/Game/Systems/UI/Menus/CRF_CharacterLoading.c	8	8	1	CRF_CharacterLoading	
OnMenuClose	method	Scripts/Game/Systems/UI/Menus/CRF_CharacterLoading.c	18	18	1	CRF_CharacterLoading	
OnMenuUpdate	method	Scripts/Game/Systems/UI/Menus/CRF_CharacterLoading.c	29	29	1	CRF_CharacterLoading	
ActivateFailsafe	method	Scripts/Game/Systems/UI/Menus/CRF_CharacterLoading.c	40	40	1	CRF_CharacterLoading	
EditorMenuUI	modded_class	Scripts/Game/Systems/UI/Menus/CRF_EditorMenuUI.c	1	84	84		
OnMenuOpen	method	Scripts/Game/Systems/UI/Menus/CRF_EditorMenuUI.c	10	10	1	EditorMenuUI	
CleanUpBodies	method	Scripts/Game/Systems/UI/Menus/CRF_EditorMenuUI.c	25	25	1	EditorMenuUI	
ConfirmAction	method	Scripts/Game/Systems/UI/Menus/CRF_EditorMenuUI.c	31	31	1	EditorMenuUI	
CloseConfirmAction	method	Scripts/Game/Systems/UI/Menus/CRF_EditorMenuUI.c	45	45	1	EditorMenuUI	
OnMenuUpdate	method	Scripts/Game/Systems/UI/Menus/CRF_EditorMenuUI.c	51	51	1	EditorMenuUI	
OnMenuClose	method	Scripts/Game/Systems/UI/Menus/CRF_EditorMenuUI.c	60	60	1	EditorMenuUI	
ToggleListen	method	Scripts/Game/Systems/UI/Menus/CRF_EditorMenuUI.c	76	76	1	EditorMenuUI	
CRF_MiniArsenal	class	Scripts/Game/Systems/UI/Menus/CRF_MiniArsenal.c	6	475	470		ChimeraMenuBase
OnMenuOpen	method	Scripts/Game/Systems/UI/Menus/CRF_MiniArsenal.c	23	23	1	CRF_MiniArsenal	
OnMenuUpdate	method	Scripts/Game/Systems/UI/Menus/CRF_MiniArsenal.c	52	52	1	CRF_MiniArsenal	
PopulateCategories	method	Scripts/Game/Systems/UI/Menus/CRF_MiniArsenal.c	60	60	1	CRF_MiniArsenal	
PopulateWeaponCategories	method	Scripts/Game/Systems/UI/Menus/CRF_MiniArsenal.c	81	81	1	CRF_MiniArsenal	
SelectCategory	method	Scripts/Game/Systems/UI/Menus/CRF_MiniArsenal.c	165	165	1	CRF_MiniArsenal	
SelectItem	method	Scripts/Game/Systems/UI/Menus/CRF_MiniArsenal.c	350	350	1	CRF_MiniArsenal	
SelectWeapon	method	Scripts/Game/Systems/UI/Menus/CRF_MiniArsenal.c	363	363	1	CRF_MiniArsenal	
OnMenuClose	method	Scripts/Game/Systems/UI/Menus/CRF_MiniArsenal.c	377	377	1	CRF_MiniArsenal	
GetCategoryIcon	method	Scripts/Game/Systems/UI/Menus/CRF_MiniArsenal.c	387	387	1	CRF_MiniArsenal	
SpawnCameraFacingPlayer	method	Scripts/Game/Systems/UI/Menus/CRF_MiniArsenal.c	414	414	1	CRF_MiniArsenal	
OnMenuFocusLost	method	Scripts/Game/Systems/UI/Menus/CRF_MiniArsenal.c	457	457	1	CRF_MiniArsenal	
OnMenuFocusGained	method	Scripts/Game/Systems/UI/Menus/CRF_MiniArsenal.c	467	467	1	CRF_MiniArsenal	
CRF_MiniArsenalCategoryButton	class	Scripts/Game/Systems/UI/Menus/CRF_MiniArsenalCategoryButton.c	1	9	9		SCR_ButtonComponent
CRF_MiniArsenalItemButton	class	Scripts/Game/Systems/UI/Menus/CRF_MiniArsenalItemButton.c	1	12	12		SCR_ButtonComponent
CRF_PauseMenuUI	class	Scripts/Game/Systems/UI/Menus/CRF_PauseMenuUI.c	1	45	45		PauseMenuUI
OnMenuOpen	method	Scripts/Game/Systems/UI/Menus/CRF_PauseMenuUI.c	6	6	1	CRF_PauseMenuUI	
OpenAdminMenu	method	Scripts/Game/Systems/UI/Menus/CRF_PauseMenuUI.c	41	41	1	CRF_PauseMenuUI	
CRF_RespawnMenu	class	Scripts/Game/Systems/UI/Menus/CRF_RespawnMenu.c	5	473	469		ChimeraMenuBase
UpdateTimer	method	Scripts/Game/Systems/UI/Menus/CRF_RespawnMenu.c	22	22	1	CRF_RespawnMenu	
OnMenuOpen	method	Scripts/Game/Systems/UI/Menus/CRF_RespawnMenu.c	35	35	1	CRF_RespawnMenu	
InitializeMap	method	Scripts/Game/Systems/UI/Menus/CRF_RespawnMenu.c	58	58	1	CRF_RespawnMenu	
InitializeSpawnpointSelection	method	Scripts/Game/Systems/UI/Menus/CRF_RespawnMenu.c	66	66	1	CRF_RespawnMenu	
PopulateListBox	method	Scripts/Game/Systems/UI/Menus/CRF_RespawnMenu.c	81	81	1	CRF_RespawnMenu	
RegisterInputHandlers	method	Scripts/Game/Systems/UI/Menus/CRF_RespawnMenu.c	123	123	1	CRF_RespawnMenu	
OnSpawnpointStateChanged	method	Scripts/Game/Systems/UI/Menus/CRF_RespawnMenu.c	139	139	1	CRF_RespawnMenu	
InitializeChatPanel	method	Scripts/Game/Systems/UI/Menus/CRF_RespawnMenu.c	150	150	1	CRF_RespawnMenu	
OnMenuInit	method	Scripts/Game/Systems/UI/Menus/CRF_RespawnMenu.c	160	160	1	CRF_RespawnMenu	
OnMenuUpdate	method	Scripts/Game/Systems/UI/Menus/CRF_RespawnMenu.c	172	172	1	CRF_RespawnMenu	
OnMenuClose	method	Scripts/Game/Systems/UI/Menus/CRF_RespawnMenu.c	185	185	1	CRF_RespawnMenu	
UnregisterInputHandlers	method	Scripts/Game/Systems/UI/Menus/CRF_RespawnMenu.c	208	208	1	CRF_RespawnMenu	
OpenMapWithConfig	method	Scripts/Game/Systems/UI/Menus/CRF_RespawnMenu.c	223	223	1	CRF_RespawnMenu	
AdjustMapZoom	method	Scripts/Game/Systems/UI/Menus/CRF_RespawnMenu.c	243	243	1	CRF_RespawnMenu	
Action_VONon	method	Scripts/Game/Systems/UI/Menus/CRF_RespawnMenu.c	252	252	1	CRF_RespawnMenu	
GetVoNTransiver	method	Scripts/Game/Systems/UI/Menus/CRF_RespawnMenu.c	269	269	1	CRF_RespawnMenu	
Action_VONOff	method	Scripts/Game/Systems/UI/Menus/CRF_RespawnMenu.c	311	311	1	CRF_RespawnMenu	
LobbyVoNDisableDelayed	method	Scripts/Game/Systems/UI/Menus/CRF_RespawnMenu.c	320	320	1	CRF_RespawnMenu	
Action_OnChatToggleAction	method	Scripts/Game/Systems/UI/Menus/CRF_RespawnMenu.c	333	333	1	CRF_RespawnMenu	
OpenChatPanel	method	Scripts/Game/Systems/UI/Menus/CRF_RespawnMenu.c	345	345	1	CRF_RespawnMenu	
Action_Exit	method	Scripts/Game/Systems/UI/Menus/CRF_RespawnMenu.c	358	358	1	CRF_RespawnMenu	
OpenPauseMenu	method	Scripts/Game/Systems/UI/Menus/CRF_RespawnMenu.c	367	367	1	CRF_RespawnMenu	
UpdateSpawnSelection	method	Scripts/Game/Systems/UI/Menus/CRF_RespawnMenu.c	375	375	1	CRF_RespawnMenu	
PanMapToSpawnPoint	method	Scripts/Game/Systems/UI/Menus/CRF_RespawnMenu.c	396	396	1	CRF_RespawnMenu	
ToggleSpawnSelection	method	Scripts/Game/Systems/UI/Menus/CRF_RespawnMenu.c	410	410	1	CRF_RespawnMenu	
CreateSpawnPointMarker	method	Scripts/Game/Systems/UI/Menus/CRF_RespawnMenu.c	433	433	1	CRF_RespawnMenu	
refresh	method	Scripts/Game/Systems/UI/Menus/CRF_RespawnMenu.c	456	456	1	CRF_RespawnMenu	
RemoveAllSpawnPointMarker	method	Scripts/Game/Systems/UI/Menus/CRF_RespawnMenu.c	458	458	1	CRF_RespawnMenu	
SCR_MapLightUI	modded_class	Scripts/Game/Systems/UI/Menus/CRF_SCR_MapLightUI.c	2	23	22		
UpdateTime	method	Scripts/Game/Systems/UI/Menus/CRF_SCR_MapLightUI.c	5	5	1	SCR_MapLightUI	
CRF_SightArsenal	class	Scripts/Game/Systems/UI/Menus/CRF_SightArsenal.c	6	568	563		ChimeraMenuBase
OnMenuOpen	method	Scripts/Game/Systems/UI/Menus/CRF_SightArsenal.c	27	27	1	CRF_SightArsenal	
OnMenuUpdate	method	Scripts/Game/Systems/UI/Menus/CRF_SightArsenal.c	46	46	1	CRF_SightArsenal	
PopulateSights	method	Scripts/Game/Systems/UI/Menus/CRF_SightArsenal.c	89	89	1	CRF_SightArsenal	
IsSight	method	Scripts/Game/Systems/UI/Menus/CRF_SightArsenal.c	110	110	1	CRF_SightArsenal	
GetDefaultAttachments	method	Scripts/Game/Systems/UI/Menus/CRF_SightArsenal.c	128	128	1	CRF_SightArsenal	
GetPrefabsDefaultSight	method	Scripts/Game/Systems/UI/Menus/CRF_SightArsenal.c	410	410	1	CRF_SightArsenal	
PopulateSightItems	method	Scripts/Game/Systems/UI/Menus/CRF_SightArsenal.c	454	454	1	CRF_SightArsenal	
IsSightValid	method	Scripts/Game/Systems/UI/Menus/CRF_SightArsenal.c	523	523	1	CRF_SightArsenal	
SelectSight	method	Scripts/Game/Systems/UI/Menus/CRF_SightArsenal.c	544	544	1	CRF_SightArsenal	
OnMenuFocusLost	method	Scripts/Game/Systems/UI/Menus/CRF_SightArsenal.c	550	550	1	CRF_SightArsenal	
OnMenuFocusGained	method	Scripts/Game/Systems/UI/Menus/CRF_SightArsenal.c	560	560	1	CRF_SightArsenal	
CRF_SightArsenalItemButton	class	Scripts/Game/Systems/UI/Menus/CRF_SightArsenalItemButton.c	1	5	5		SCR_ButtonComponent
CRF_SlottingMenu	class	Scripts/Game/Systems/UI/Menus/CRF_SlottingMenu.c	1	2051	2051		ChimeraMenuBase
OnMenuOpen	method	Scripts/Game/Systems/UI/Menus/CRF_SlottingMenu.c	77	77	1	CRF_SlottingMenu	
SetupInputListeners	method	Scripts/Game/Systems/UI/Menus/CRF_SlottingMenu.c	131	131	1	CRF_SlottingMenu	
InitializeUIComponents	method	Scripts/Game/Systems/UI/Menus/CRF_SlottingMenu.c	145	145	1	CRF_SlottingMenu	
SetupMissionInfo	method	Scripts/Game/Systems/UI/Menus/CRF_SlottingMenu.c	185	185	1	CRF_SlottingMenu	
SetupWeatherInfo	method	Scripts/Game/Systems/UI/Menus/CRF_SlottingMenu.c	205	205	1	CRF_SlottingMenu	
SetupPhaseIndicators	method	Scripts/Game/Systems/UI/Menus/CRF_SlottingMenu.c	214	214	1	CRF_SlottingMenu	
SetupButtons	method	Scripts/Game/Systems/UI/Menus/CRF_SlottingMenu.c	236	236	1	CRF_SlottingMenu	
InitializeListComponents	method	Scripts/Game/Systems/UI/Menus/CRF_SlottingMenu.c	270	270	1	CRF_SlottingMenu	
InitializeFactionDisplay	method	Scripts/Game/Systems/UI/Menus/CRF_SlottingMenu.c	281	281	1	CRF_SlottingMenu	
SetupFactionUIDisplay	method	Scripts/Game/Systems/UI/Menus/CRF_SlottingMenu.c	299	299	1	CRF_SlottingMenu	
SetupRatioDisplay	method	Scripts/Game/Systems/UI/Menus/CRF_SlottingMenu.c	329	329	1	CRF_SlottingMenu	
key	method	Scripts/Game/Systems/UI/Menus/CRF_SlottingMenu.c	369	369	1	CRF_SlottingMenu	
GetFactionColor	method	Scripts/Game/Systems/UI/Menus/CRF_SlottingMenu.c	372	372	1	CRF_SlottingMenu	
HideRatioDisplay	method	Scripts/Game/Systems/UI/Menus/CRF_SlottingMenu.c	388	388	1	CRF_SlottingMenu	
SelectDefaultFaction	method	Scripts/Game/Systems/UI/Menus/CRF_SlottingMenu.c	405	405	1	CRF_SlottingMenu	
SetupFactionButtons	method	Scripts/Game/Systems/UI/Menus/CRF_SlottingMenu.c	422	422	1	CRF_SlottingMenu	
OnMenuClose	method	Scripts/Game/Systems/UI/Menus/CRF_SlottingMenu.c	434	434	1	CRF_SlottingMenu	
AdvanceSlottingPhase	method	Scripts/Game/Systems/UI/Menus/CRF_SlottingMenu.c	468	468	1	CRF_SlottingMenu	
InitilizePlayer	method	Scripts/Game/Systems/UI/Menus/CRF_SlottingMenu.c	482	482	1	CRF_SlottingMenu	
SelectPlayerDelay	method	Scripts/Game/Systems/UI/Menus/CRF_SlottingMenu.c	495	495	1	CRF_SlottingMenu	
SelectPlayer	method	Scripts/Game/Systems/UI/Menus/CRF_SlottingMenu.c	504	504	1	CRF_SlottingMenu	
ShowPlayersTab	method	Scripts/Game/Systems/UI/Menus/CRF_SlottingMenu.c	522	522	1	CRF_SlottingMenu	
ShowUnslottedTab	method	Scripts/Game/Systems/UI/Menus/CRF_SlottingMenu.c	534	534	1	CRF_SlottingMenu	
SelectFactionBlufor	method	Scripts/Game/Systems/UI/Menus/CRF_SlottingMenu.c	546	546	1	CRF_SlottingMenu	
SelectFactionOpfor	method	Scripts/Game/Systems/UI/Menus/CRF_SlottingMenu.c	556	556	1	CRF_SlottingMenu	
SelectFactionIndfor	method	Scripts/Game/Systems/UI/Menus/CRF_SlottingMenu.c	566	566	1	CRF_SlottingMenu	
SelectFactionCiv	method	Scripts/Game/Systems/UI/Menus/CRF_SlottingMenu.c	576	576	1	CRF_SlottingMenu	
SelectFaction	method	Scripts/Game/Systems/UI/Menus/CRF_SlottingMenu.c	592	592	1	CRF_SlottingMenu	
InitSlots	method	Scripts/Game/Systems/UI/Menus/CRF_SlottingMenu.c	630	630	1	CRF_SlottingMenu	
RefreshTagsAndRanks	method	Scripts/Game/Systems/UI/Menus/CRF_SlottingMenu.c	688	688	1	CRF_SlottingMenu	
session	method	Scripts/Game/Systems/UI/Menus/CRF_SlottingMenu.c	742	742	1	CRF_SlottingMenu	
OnJIPPlayerConnected	method	Scripts/Game/Systems/UI/Menus/CRF_SlottingMenu.c	745	745	1	CRF_SlottingMenu	
UpdateSlots	method	Scripts/Game/Systems/UI/Menus/CRF_SlottingMenu.c	754	754	1	CRF_SlottingMenu	
UpdateUIBorderColors	method	Scripts/Game/Systems/UI/Menus/CRF_SlottingMenu.c	788	788	1	CRF_SlottingMenu	
GetOnSlotChanged	method	Scripts/Game/Systems/UI/Menus/CRF_SlottingMenu.c	798	798	1	CRF_SlottingMenu	
UpdateSlots	method	Scripts/Game/Systems/UI/Menus/CRF_SlottingMenu.c	799	799	1	CRF_SlottingMenu	
UpdateSlotInPlace	method	Scripts/Game/Systems/UI/Menus/CRF_SlottingMenu.c	802	802	1	CRF_SlottingMenu	
RebuildOrbat	method	Scripts/Game/Systems/UI/Menus/CRF_SlottingMenu.c	921	921	1	CRF_SlottingMenu	
GetPlayableGroupsForSelectedFaction	method	Scripts/Game/Systems/UI/Menus/CRF_SlottingMenu.c	985	985	1	CRF_SlottingMenu	
PopulateGroupsAndSlots	method	Scripts/Game/Systems/UI/Menus/CRF_SlottingMenu.c	1000	1000	1	CRF_SlottingMenu	
SetupAdminGroupIcons	method	Scripts/Game/Systems/UI/Menus/CRF_SlottingMenu.c	1059	1059	1	CRF_SlottingMenu	
AddSlotsToGroup	method	Scripts/Game/Systems/UI/Menus/CRF_SlottingMenu.c	1077	1077	1	CRF_SlottingMenu	
AddLeaderToOrbat	method	Scripts/Game/Systems/UI/Menus/CRF_SlottingMenu.c	1195	1195	1	CRF_SlottingMenu	
SetupAdminSlotControls	method	Scripts/Game/Systems/UI/Menus/CRF_SlottingMenu.c	1238	1238	1	CRF_SlottingMenu	
RemoveEmptyGroups	method	Scripts/Game/Systems/UI/Menus/CRF_SlottingMenu.c	1261	1261	1	CRF_SlottingMenu	
UpdateUnslottedPlayersList	method	Scripts/Game/Systems/UI/Menus/CRF_SlottingMenu.c	1280	1280	1	CRF_SlottingMenu	
KickSlotDelay	method	Scripts/Game/Systems/UI/Menus/CRF_SlottingMenu.c	1344	1344	1	CRF_SlottingMenu	
0	method	Scripts/Game/Systems/UI/Menus/CRF_SlottingMenu.c	1351	1351	1	CRF_SlottingMenu	
KickSlot	method	Scripts/Game/Systems/UI/Menus/CRF_SlottingMenu.c	1353	1353	1	CRF_SlottingMenu	
LockGroupSlotsDelayed	method	Scripts/Game/Systems/UI/Menus/CRF_SlottingMenu.c	1364	1364	1	CRF_SlottingMenu	
LockGroupSlots	method	Scripts/Game/Systems/UI/Menus/CRF_SlottingMenu.c	1373	1373	1	CRF_SlottingMenu	
LockSlotDelay	method	Scripts/Game/Systems/UI/Menus/CRF_SlottingMenu.c	1419	1419	1	CRF_SlottingMenu	
LockSlot	method	Scripts/Game/Systems/UI/Menus/CRF_SlottingMenu.c	1428	1428	1	CRF_SlottingMenu	
OpenSlottingMenu	method	Scripts/Game/Systems/UI/Menus/CRF_SlottingMenu.c	1452	1452	1	CRF_SlottingMenu	
AdvanceMenu	method	Scripts/Game/Systems/UI/Menus/CRF_SlottingMenu.c	1462	1462	1	CRF_SlottingMenu	
OnMenuUpdate	method	Scripts/Game/Systems/UI/Menus/CRF_SlottingMenu.c	1471	1471	1	CRF_SlottingMenu	
UpdateTimeDisplay	method	Scripts/Game/Systems/UI/Menus/CRF_SlottingMenu.c	1505	1505	1	CRF_SlottingMenu	
UpdatePlayerLists	method	Scripts/Game/Systems/UI/Menus/CRF_SlottingMenu.c	1533	1533	1	CRF_SlottingMenu	
SetPlayerStatusColor	method	Scripts/Game/Systems/UI/Menus/CRF_SlottingMenu.c	1561	1561	1	CRF_SlottingMenu	
AddPlayerToList	method	Scripts/Game/Systems/UI/Menus/CRF_SlottingMenu.c	1593	1593	1	CRF_SlottingMenu	
GetFactionIcon	method	Scripts/Game/Systems/UI/Menus/CRF_SlottingMenu.c	1655	1655	1	CRF_SlottingMenu	
UpdateRatioCalculation	method	Scripts/Game/Systems/UI/Menus/CRF_SlottingMenu.c	1673	1673	1	CRF_SlottingMenu	
UpdateFactionSlotCounts	method	Scripts/Game/Systems/UI/Menus/CRF_SlottingMenu.c	1693	1693	1	CRF_SlottingMenu	
UpdateSlottingPhaseDisplay	method	Scripts/Game/Systems/UI/Menus/CRF_SlottingMenu.c	1737	1737	1	CRF_SlottingMenu	
UpdateAdminUI	method	Scripts/Game/Systems/UI/Menus/CRF_SlottingMenu.c	1763	1763	1	CRF_SlottingMenu	
SelectSlotDelay	method	Scripts/Game/Systems/UI/Menus/CRF_SlottingMenu.c	1787	1787	1	CRF_SlottingMenu	
SelectSlot	method	Scripts/Game/Systems/UI/Menus/CRF_SlottingMenu.c	1796	1796	1	CRF_SlottingMenu	
HandleAdminSlotSelection	method	Scripts/Game/Systems/UI/Menus/CRF_SlottingMenu.c	1862	1862	1	CRF_SlottingMenu	
HandlePlayerSlotSelection	method	Scripts/Game/Systems/UI/Menus/CRF_SlottingMenu.c	1908	1908	1	CRF_SlottingMenu	
Network	method	Scripts/Game/Systems/UI/Menus/CRF_SlottingMenu.c	1939	1939	1	CRF_SlottingMenu	
Action_VONon	method	Scripts/Game/Systems/UI/Menus/CRF_SlottingMenu.c	1941	1941	1	CRF_SlottingMenu	
GetVoNTransiver	method	Scripts/Game/Systems/UI/Menus/CRF_SlottingMenu.c	1958	1958	1	CRF_SlottingMenu	
LobbyVoNDisableDelayed	method	Scripts/Game/Systems/UI/Menus/CRF_SlottingMenu.c	1993	1993	1	CRF_SlottingMenu	
Action_VONOff	method	Scripts/Game/Systems/UI/Menus/CRF_SlottingMenu.c	2005	2005	1	CRF_SlottingMenu	
Action_OnChatToggleAction	method	Scripts/Game/Systems/UI/Menus/CRF_SlottingMenu.c	2014	2014	1	CRF_SlottingMenu	
OpenChatWrap	method	Scripts/Game/Systems/UI/Menus/CRF_SlottingMenu.c	2026	2026	1	CRF_SlottingMenu	
Action_Exit	method	Scripts/Game/Systems/UI/Menus/CRF_SlottingMenu.c	2038	2038	1	CRF_SlottingMenu	
OpenPauseMenuWrap	method	Scripts/Game/Systems/UI/Menus/CRF_SlottingMenu.c	2047	2047	1	CRF_SlottingMenu	
CRF_SupplyArsenal	class	Scripts/Game/Systems/UI/Menus/CRF_SupplyArsenal.c	6	850	845		ChimeraMenuBase
OnMenuOpen	method	Scripts/Game/Systems/UI/Menus/CRF_SupplyArsenal.c	32	32	1	CRF_SupplyArsenal	
UpdateArsenal	method	Scripts/Game/Systems/UI/Menus/CRF_SupplyArsenal.c	52	52	1	CRF_SupplyArsenal	
OnMenuUpdate	method	Scripts/Game/Systems/UI/Menus/CRF_SupplyArsenal.c	59	59	1	CRF_SupplyArsenal	
PopulateCategories	method	Scripts/Game/Systems/UI/Menus/CRF_SupplyArsenal.c	92	92	1	CRF_SupplyArsenal	
PopulateInventoryItems	method	Scripts/Game/Systems/UI/Menus/CRF_SupplyArsenal.c	271	271	1	CRF_SupplyArsenal	
GetEquipmentType	method	Scripts/Game/Systems/UI/Menus/CRF_SupplyArsenal.c	294	294	1	CRF_SupplyArsenal	
GetWeaponsByIndex	method	Scripts/Game/Systems/UI/Menus/CRF_SupplyArsenal.c	321	321	1	CRF_SupplyArsenal	
GetSpecWeaponByIndex	method	Scripts/Game/Systems/UI/Menus/CRF_SupplyArsenal.c	355	355	1	CRF_SupplyArsenal	
GetItemCategoryIcon	method	Scripts/Game/Systems/UI/Menus/CRF_SupplyArsenal.c	393	393	1	CRF_SupplyArsenal	
GetCategoryIcon	method	Scripts/Game/Systems/UI/Menus/CRF_SupplyArsenal.c	407	407	1	CRF_SupplyArsenal	
SelectCategory	method	Scripts/Game/Systems/UI/Menus/CRF_SupplyArsenal.c	429	429	1	CRF_SupplyArsenal	
DrawWeaponItem	method	Scripts/Game/Systems/UI/Menus/CRF_SupplyArsenal.c	495	495	1	CRF_SupplyArsenal	
DrawMagazineItem	method	Scripts/Game/Systems/UI/Menus/CRF_SupplyArsenal.c	541	541	1	CRF_SupplyArsenal	
DrawEquipmentItem	method	Scripts/Game/Systems/UI/Menus/CRF_SupplyArsenal.c	587	587	1	CRF_SupplyArsenal	
DrawSpecWeaponItem	method	Scripts/Game/Systems/UI/Menus/CRF_SupplyArsenal.c	633	633	1	CRF_SupplyArsenal	
SelectItem	method	Scripts/Game/Systems/UI/Menus/CRF_SupplyArsenal.c	679	679	1	CRF_SupplyArsenal	
SpawnItem	method	Scripts/Game/Systems/UI/Menus/CRF_SupplyArsenal.c	684	684	1	CRF_SupplyArsenal	
GetNearestVehicle	method	Scripts/Game/Systems/UI/Menus/CRF_SupplyArsenal.c	784	784	1	CRF_SupplyArsenal	
NoRoomNotification	method	Scripts/Game/Systems/UI/Menus/CRF_SupplyArsenal.c	790	790	1	CRF_SupplyArsenal	
NoSupplyNotification	method	Scripts/Game/Systems/UI/Menus/CRF_SupplyArsenal.c	798	798	1	CRF_SupplyArsenal	
AddNotification	method	Scripts/Game/Systems/UI/Menus/CRF_SupplyArsenal.c	806	806	1	CRF_SupplyArsenal	
FindTruckCallback	method	Scripts/Game/Systems/UI/Menus/CRF_SupplyArsenal.c	813	813	1	CRF_SupplyArsenal	
OnMenuFocusLost	method	Scripts/Game/Systems/UI/Menus/CRF_SupplyArsenal.c	832	832	1	CRF_SupplyArsenal	
OnMenuFocusGained	method	Scripts/Game/Systems/UI/Menus/CRF_SupplyArsenal.c	842	842	1	CRF_SupplyArsenal	
CRF_SupplyArsenalVehicle	class	Scripts/Game/Systems/UI/Menus/CRF_SupplyArsenalVehicle.c	6	258	253		ChimeraMenuBase
OnMenuOpen	method	Scripts/Game/Systems/UI/Menus/CRF_SupplyArsenalVehicle.c	23	23	1	CRF_SupplyArsenalVehicle	
OnMenuUpdate	method	Scripts/Game/Systems/UI/Menus/CRF_SupplyArsenalVehicle.c	37	37	1	CRF_SupplyArsenalVehicle	
InitMenu	method	Scripts/Game/Systems/UI/Menus/CRF_SupplyArsenalVehicle.c	70	70	1	CRF_SupplyArsenalVehicle	
DrawTruck	method	Scripts/Game/Systems/UI/Menus/CRF_SupplyArsenalVehicle.c	86	86	1	CRF_SupplyArsenalVehicle	
RequestCurrentVehicleSupply	method	Scripts/Game/Systems/UI/Menus/CRF_SupplyArsenalVehicle.c	113	113	1	CRF_SupplyArsenalVehicle	
FindTruckCallback	method	Scripts/Game/Systems/UI/Menus/CRF_SupplyArsenalVehicle.c	119	119	1	CRF_SupplyArsenalVehicle	
SelectItem	method	Scripts/Game/Systems/UI/Menus/CRF_SupplyArsenalVehicle.c	134	134	1	CRF_SupplyArsenalVehicle	
RearmTruck	method	Scripts/Game/Systems/UI/Menus/CRF_SupplyArsenalVehicle.c	139	139	1	CRF_SupplyArsenalVehicle	
NoSupplyNotification	method	Scripts/Game/Systems/UI/Menus/CRF_SupplyArsenalVehicle.c	222	222	1	CRF_SupplyArsenalVehicle	
AddNotification	method	Scripts/Game/Systems/UI/Menus/CRF_SupplyArsenalVehicle.c	230	230	1	CRF_SupplyArsenalVehicle	
OnMenuFocusLost	method	Scripts/Game/Systems/UI/Menus/CRF_SupplyArsenalVehicle.c	240	240	1	CRF_SupplyArsenalVehicle	
OnMenuFocusGained	method	Scripts/Game/Systems/UI/Menus/CRF_SupplyArsenalVehicle.c	250	250	1	CRF_SupplyArsenalVehicle	
CRF_SupplyNotification	class	Scripts/Game/Systems/UI/Menus/CRF_SupplyNotification.c	1	5	5		ScriptedWidgetComponent
CRF_SpectatorMenu	class	Scripts/Game/Systems/UI/Menus/Spectator/CRF_SpectatorMenu.c	1	2521	2521		ChimeraMenuBase
OnMenuOpen	method	Scripts/Game/Systems/UI/Menus/Spectator/CRF_SpectatorMenu.c	104	104	1	CRF_SpectatorMenu	
DismissSlottingWarning	method	Scripts/Game/Systems/UI/Menus/Spectator/CRF_SpectatorMenu.c	193	193	1	CRF_SpectatorMenu	
RegisterActionListeners	method	Scripts/Game/Systems/UI/Menus/Spectator/CRF_SpectatorMenu.c	201	201	1	CRF_SpectatorMenu	
person	method	Scripts/Game/Systems/UI/Menus/Spectator/CRF_SpectatorMenu.c	221	221	1	CRF_SpectatorMenu	
ToggleCameraMode	method	Scripts/Game/Systems/UI/Menus/Spectator/CRF_SpectatorMenu.c	225	225	1	CRF_SpectatorMenu	
ToggleNVGs	method	Scripts/Game/Systems/UI/Menus/Spectator/CRF_SpectatorMenu.c	240	240	1	CRF_SpectatorMenu	
ForceNVGsOff	method	Scripts/Game/Systems/UI/Menus/Spectator/CRF_SpectatorMenu.c	253	253	1	CRF_SpectatorMenu	
InitFactionButtons	method	Scripts/Game/Systems/UI/Menus/Spectator/CRF_SpectatorMenu.c	261	261	1	CRF_SpectatorMenu	
ApplyFactionRestrictions	method	Scripts/Game/Systems/UI/Menus/Spectator/CRF_SpectatorMenu.c	289	289	1	CRF_SpectatorMenu	
SelectDefaultFaction	method	Scripts/Game/Systems/UI/Menus/Spectator/CRF_SpectatorMenu.c	322	322	1	CRF_SpectatorMenu	
InitVON	method	Scripts/Game/Systems/UI/Menus/Spectator/CRF_SpectatorMenu.c	360	360	1	CRF_SpectatorMenu	
UpdateCompass	method	Scripts/Game/Systems/UI/Menus/Spectator/CRF_SpectatorMenu.c	370	370	1	CRF_SpectatorMenu	
OnMenuUpdate	method	Scripts/Game/Systems/UI/Menus/Spectator/CRF_SpectatorMenu.c	395	395	1	CRF_SpectatorMenu	
UpdateTickets	method	Scripts/Game/Systems/UI/Menus/Spectator/CRF_SpectatorMenu.c	483	483	1	CRF_SpectatorMenu	
UpdateSpectatorCamera	method	Scripts/Game/Systems/UI/Menus/Spectator/CRF_SpectatorMenu.c	539	539	1	CRF_SpectatorMenu	
RegisterFrameEvent	method	Scripts/Game/Systems/UI/Menus/Spectator/CRF_SpectatorMenu.c	590	590	1	CRF_SpectatorMenu	
UnregisterFrameEvent	method	Scripts/Game/Systems/UI/Menus/Spectator/CRF_SpectatorMenu.c	609	609	1	CRF_SpectatorMenu	
ProcessChannelRequests	method	Scripts/Game/Systems/UI/Menus/Spectator/CRF_SpectatorMenu.c	629	629	1	CRF_SpectatorMenu	
UpdatePlayerIcons	method	Scripts/Game/Systems/UI/Menus/Spectator/CRF_SpectatorMenu.c	686	686	1	CRF_SpectatorMenu	
ShouldShowEntityIcon	method	Scripts/Game/Systems/UI/Menus/Spectator/CRF_SpectatorMenu.c	804	804	1	CRF_SpectatorMenu	
SetIconForEntity	method	Scripts/Game/Systems/UI/Menus/Spectator/CRF_SpectatorMenu.c	834	834	1	CRF_SpectatorMenu	
UpdateGroupIcons	method	Scripts/Game/Systems/UI/Menus/Spectator/CRF_SpectatorMenu.c	889	889	1	CRF_SpectatorMenu	
ShouldShowGroupIcon	method	Scripts/Game/Systems/UI/Menus/Spectator/CRF_SpectatorMenu.c	940	940	1	CRF_SpectatorMenu	
SetIconForGroup	method	Scripts/Game/Systems/UI/Menus/Spectator/CRF_SpectatorMenu.c	966	966	1	CRF_SpectatorMenu	
UpdateUIPanelVisibility	method	Scripts/Game/Systems/UI/Menus/Spectator/CRF_SpectatorMenu.c	1010	1010	1	CRF_SpectatorMenu	
CreateChannel	method	Scripts/Game/Systems/UI/Menus/Spectator/CRF_SpectatorMenu.c	1106	1106	1	CRF_SpectatorMenu	
HideUI	method	Scripts/Game/Systems/UI/Menus/Spectator/CRF_SpectatorMenu.c	1135	1135	1	CRF_SpectatorMenu	
Network	method	Scripts/Game/Systems/UI/Menus/Spectator/CRF_SpectatorMenu.c	1156	1156	1	CRF_SpectatorMenu	
UpdateChannel	method	Scripts/Game/Systems/UI/Menus/Spectator/CRF_SpectatorMenu.c	1159	1159	1	CRF_SpectatorMenu	
UpdateRadioFrequency	method	Scripts/Game/Systems/UI/Menus/Spectator/CRF_SpectatorMenu.c	1265	1265	1	CRF_SpectatorMenu	
JoinChannelDelay	method	Scripts/Game/Systems/UI/Menus/Spectator/CRF_SpectatorMenu.c	1276	1276	1	CRF_SpectatorMenu	
JoinChannel	method	Scripts/Game/Systems/UI/Menus/Spectator/CRF_SpectatorMenu.c	1284	1284	1	CRF_SpectatorMenu	
position	method	Scripts/Game/Systems/UI/Menus/Spectator/CRF_SpectatorMenu.c	1316	1316	1	CRF_SpectatorMenu	
SelectSpecCursor	method	Scripts/Game/Systems/UI/Menus/Spectator/CRF_SpectatorMenu.c	1318	1318	1	CRF_SpectatorMenu	
position	method	Scripts/Game/Systems/UI/Menus/Spectator/CRF_SpectatorMenu.c	1324	1324	1	CRF_SpectatorMenu	
SelectSpecCursorTPPCursor	method	Scripts/Game/Systems/UI/Menus/Spectator/CRF_SpectatorMenu.c	1327	1327	1	CRF_SpectatorMenu	
SelectSpecCursorTPP	method	Scripts/Game/Systems/UI/Menus/Spectator/CRF_SpectatorMenu.c	1346	1346	1	CRF_SpectatorMenu	
person	method	Scripts/Game/Systems/UI/Menus/Spectator/CRF_SpectatorMenu.c	1374	1374	1	CRF_SpectatorMenu	
SelectSpecCursorFPP	method	Scripts/Game/Systems/UI/Menus/Spectator/CRF_SpectatorMenu.c	1379	1379	1	CRF_SpectatorMenu	
selection	method	Scripts/Game/Systems/UI/Menus/Spectator/CRF_SpectatorMenu.c	1407	1407	1	CRF_SpectatorMenu	
SelectSpecCursorInternal	method	Scripts/Game/Systems/UI/Menus/Spectator/CRF_SpectatorMenu.c	1410	1410	1	CRF_SpectatorMenu	
SelectFactionBlufor	method	Scripts/Game/Systems/UI/Menus/Spectator/CRF_SpectatorMenu.c	1441	1441	1	CRF_SpectatorMenu	
SelectFactionOpfor	method	Scripts/Game/Systems/UI/Menus/Spectator/CRF_SpectatorMenu.c	1450	1450	1	CRF_SpectatorMenu	
SelectFactionIndfor	method	Scripts/Game/Systems/UI/Menus/Spectator/CRF_SpectatorMenu.c	1459	1459	1	CRF_SpectatorMenu	
SelectFactionCiv	method	Scripts/Game/Systems/UI/Menus/Spectator/CRF_SpectatorMenu.c	1468	1468	1	CRF_SpectatorMenu	
InitSlots	method	Scripts/Game/Systems/UI/Menus/Spectator/CRF_SpectatorMenu.c	1478	1478	1	CRF_SpectatorMenu	
UpdateSlots	method	Scripts/Game/Systems/UI/Menus/Spectator/CRF_SpectatorMenu.c	1525	1525	1	CRF_SpectatorMenu	
key	method	Scripts/Game/Systems/UI/Menus/Spectator/CRF_SpectatorMenu.c	1670	1670	1	CRF_SpectatorMenu	
UpdateFactionUI	method	Scripts/Game/Systems/UI/Menus/Spectator/CRF_SpectatorMenu.c	1677	1677	1	CRF_SpectatorMenu	
SelectSpecDelay	method	Scripts/Game/Systems/UI/Menus/Spectator/CRF_SpectatorMenu.c	1729	1729	1	CRF_SpectatorMenu	
SelectSpec	method	Scripts/Game/Systems/UI/Menus/Spectator/CRF_SpectatorMenu.c	1739	1739	1	CRF_SpectatorMenu	
OnMenuInit	method	Scripts/Game/Systems/UI/Menus/Spectator/CRF_SpectatorMenu.c	1784	1784	1	CRF_SpectatorMenu	
OnMenuClose	method	Scripts/Game/Systems/UI/Menus/Spectator/CRF_SpectatorMenu.c	1810	1810	1	CRF_SpectatorMenu	
OnShowPlayerList	method	Scripts/Game/Systems/UI/Menus/Spectator/CRF_SpectatorMenu.c	1865	1865	1	CRF_SpectatorMenu	
OnKillfeedNotification	method	Scripts/Game/Systems/UI/Menus/Spectator/CRF_SpectatorMenu.c	1875	1875	1	CRF_SpectatorMenu	
Action_TeleportToKill	method	Scripts/Game/Systems/UI/Menus/Spectator/CRF_SpectatorMenu.c	1903	1903	1	CRF_SpectatorMenu	
Action_ManualCameraTeleport	method	Scripts/Game/Systems/UI/Menus/Spectator/CRF_SpectatorMenu.c	1923	1923	1	CRF_SpectatorMenu	
MoveCamera	method	Scripts/Game/Systems/UI/Menus/Spectator/CRF_SpectatorMenu.c	1937	1937	1	CRF_SpectatorMenu	
GetCursorWorldPos	method	Scripts/Game/Systems/UI/Menus/Spectator/CRF_SpectatorMenu.c	1961	1961	1	CRF_SpectatorMenu	
vector	method	Scripts/Game/Systems/UI/Menus/Spectator/CRF_SpectatorMenu.c	2016	2016	1	CRF_SpectatorMenu	
GetCursorPos	method	Scripts/Game/Systems/UI/Menus/Spectator/CRF_SpectatorMenu.c	2018	2018	1	CRF_SpectatorMenu	
GetVoNTransiver	method	Scripts/Game/Systems/UI/Menus/Spectator/CRF_SpectatorMenu.c	2052	2052	1	CRF_SpectatorMenu	
SetRadioPower	method	Scripts/Game/Systems/UI/Menus/Spectator/CRF_SpectatorMenu.c	2133	2133	1	CRF_SpectatorMenu	
Action_VONon	method	Scripts/Game/Systems/UI/Menus/Spectator/CRF_SpectatorMenu.c	2178	2178	1	CRF_SpectatorMenu	
Action_VONOff	method	Scripts/Game/Systems/UI/Menus/Spectator/CRF_SpectatorMenu.c	2212	2212	1	CRF_SpectatorMenu	
LobbyVoNDisableDelayed	method	Scripts/Game/Systems/UI/Menus/Spectator/CRF_SpectatorMenu.c	2227	2227	1	CRF_SpectatorMenu	
UpdateIcons	method	Scripts/Game/Systems/UI/Menus/Spectator/CRF_SpectatorMenu.c	2251	2251	1	CRF_SpectatorMenu	
Action_OnChatToggleAction	method	Scripts/Game/Systems/UI/Menus/Spectator/CRF_SpectatorMenu.c	2282	2282	1	CRF_SpectatorMenu	
OpenChatWrap	method	Scripts/Game/Systems/UI/Menus/Spectator/CRF_SpectatorMenu.c	2294	2294	1	CRF_SpectatorMenu	
Action_Exit	method	Scripts/Game/Systems/UI/Menus/Spectator/CRF_SpectatorMenu.c	2313	2313	1	CRF_SpectatorMenu	
OpenPauseMenuWrap	method	Scripts/Game/Systems/UI/Menus/Spectator/CRF_SpectatorMenu.c	2323	2323	1	CRF_SpectatorMenu	
Action_ToggleMap	method	Scripts/Game/Systems/UI/Menus/Spectator/CRF_SpectatorMenu.c	2335	2335	1	CRF_SpectatorMenu	
OpenMap	method	Scripts/Game/Systems/UI/Menus/Spectator/CRF_SpectatorMenu.c	2354	2354	1	CRF_SpectatorMenu	
CloseMap	method	Scripts/Game/Systems/UI/Menus/Spectator/CRF_SpectatorMenu.c	2401	2401	1	CRF_SpectatorMenu	
UpdateTimer	method	Scripts/Game/Systems/UI/Menus/Spectator/CRF_SpectatorMenu.c	2426	2426	1	CRF_SpectatorMenu	
HandleTimeWarnings	method	Scripts/Game/Systems/UI/Menus/Spectator/CRF_SpectatorMenu.c	2457	2457	1	CRF_SpectatorMenu	
UpdateTimeDisplay	method	Scripts/Game/Systems/UI/Menus/Spectator/CRF_SpectatorMenu.c	2489	2489	1	CRF_SpectatorMenu	
CRF_EntityInfoDisplay	class	Scripts/Game/Systems/UI/Menus/Spectator/Elements/CRF_EntityInfoDisplay.c	1	288	288		SCR_ScriptedWidgetComponent
HandlerAttached	method	Scripts/Game/Systems/UI/Menus/Spectator/Elements/CRF_EntityInfoDisplay.c	11	11	1	CRF_EntityInfoDisplay	
UpdateEntityInfoDisplay	method	Scripts/Game/Systems/UI/Menus/Spectator/Elements/CRF_EntityInfoDisplay.c	28	28	1	CRF_EntityInfoDisplay	
CRF_SpectatorLabelIcon	class	Scripts/Game/Systems/UI/Menus/Spectator/Elements/Icons/CRF_SpectatorLabelIcon.c	5	245	241		SCR_ScriptedWidgetComponent
GetWorldPosition	method	Scripts/Game/Systems/UI/Menus/Spectator/Elements/Icons/CRF_SpectatorLabelIcon.c	44	44	1	CRF_SpectatorLabelIcon	
HandlerAttached	method	Scripts/Game/Systems/UI/Menus/Spectator/Elements/Icons/CRF_SpectatorLabelIcon.c	52	52	1	CRF_SpectatorLabelIcon	
OnMouseEnter	method	Scripts/Game/Systems/UI/Menus/Spectator/Elements/Icons/CRF_SpectatorLabelIcon.c	70	70	1	CRF_SpectatorLabelIcon	
OnMouseLeave	method	Scripts/Game/Systems/UI/Menus/Spectator/Elements/Icons/CRF_SpectatorLabelIcon.c	79	79	1	CRF_SpectatorLabelIcon	
SetEntity	method	Scripts/Game/Systems/UI/Menus/Spectator/Elements/Icons/CRF_SpectatorLabelIcon.c	90	90	1	CRF_SpectatorLabelIcon	
Update	method	Scripts/Game/Systems/UI/Menus/Spectator/Elements/Icons/CRF_SpectatorLabelIcon.c	105	105	1	CRF_SpectatorLabelIcon	
UpdateWorldPosition	method	Scripts/Game/Systems/UI/Menus/Spectator/Elements/Icons/CRF_SpectatorLabelIcon.c	153	153	1	CRF_SpectatorLabelIcon	
UpdateLabelVisibility	method	Scripts/Game/Systems/UI/Menus/Spectator/Elements/Icons/CRF_SpectatorLabelIcon.c	176	176	1	CRF_SpectatorLabelIcon	
UpdateIconAppearance	method	Scripts/Game/Systems/UI/Menus/Spectator/Elements/Icons/CRF_SpectatorLabelIcon.c	198	198	1	CRF_SpectatorLabelIcon	
UpdateLabel	method	Scripts/Game/Systems/UI/Menus/Spectator/Elements/Icons/CRF_SpectatorLabelIcon.c	241	241	1	CRF_SpectatorLabelIcon	
CRF_SpectatorLabelIconCharacter	class	Scripts/Game/Systems/UI/Menus/Spectator/Elements/Icons/CRF_SpectatorLabelIconCharacter.c	1	339	339		CRF_SpectatorLabelIcon
HandlerAttached	method	Scripts/Game/Systems/UI/Menus/Spectator/Elements/Icons/CRF_SpectatorLabelIconCharacter.c	38	38	1	CRF_SpectatorLabelIconCharacter	
GetButton	method	Scripts/Game/Systems/UI/Menus/Spectator/Elements/Icons/CRF_SpectatorLabelIconCharacter.c	56	56	1	CRF_SpectatorLabelIconCharacter	
SetSpectatorMenu	method	Scripts/Game/Systems/UI/Menus/Spectator/Elements/Icons/CRF_SpectatorLabelIconCharacter.c	71	71	1	CRF_SpectatorLabelIconCharacter	
OnMMBClicked	method	Scripts/Game/Systems/UI/Menus/Spectator/Elements/Icons/CRF_SpectatorLabelIconCharacter.c	80	80	1	CRF_SpectatorLabelIconCharacter	
OnLMBClicked	method	Scripts/Game/Systems/UI/Menus/Spectator/Elements/Icons/CRF_SpectatorLabelIconCharacter.c	90	90	1	CRF_SpectatorLabelIconCharacter	
Update	method	Scripts/Game/Systems/UI/Menus/Spectator/Elements/Icons/CRF_SpectatorLabelIconCharacter.c	99	99	1	CRF_SpectatorLabelIconCharacter	
SetEntity	method	Scripts/Game/Systems/UI/Menus/Spectator/Elements/Icons/CRF_SpectatorLabelIconCharacter.c	127	127	1	CRF_SpectatorLabelIconCharacter	
SetupFactionColors	method	Scripts/Game/Systems/UI/Menus/Spectator/Elements/Icons/CRF_SpectatorLabelIconCharacter.c	155	155	1	CRF_SpectatorLabelIconCharacter	
SetupSpectatorView	method	Scripts/Game/Systems/UI/Menus/Spectator/Elements/Icons/CRF_SpectatorLabelIconCharacter.c	174	174	1	CRF_SpectatorLabelIconCharacter	
LoadCharacterIcon	method	Scripts/Game/Systems/UI/Menus/Spectator/Elements/Icons/CRF_SpectatorLabelIconCharacter.c	199	199	1	CRF_SpectatorLabelIconCharacter	
UpdateLabel	method	Scripts/Game/Systems/UI/Menus/Spectator/Elements/Icons/CRF_SpectatorLabelIconCharacter.c	212	212	1	CRF_SpectatorLabelIconCharacter	
UpdatePlayerName	method	Scripts/Game/Systems/UI/Menus/Spectator/Elements/Icons/CRF_SpectatorLabelIconCharacter.c	229	229	1	CRF_SpectatorLabelIconCharacter	
UpdateDistanceVisibility	method	Scripts/Game/Systems/UI/Menus/Spectator/Elements/Icons/CRF_SpectatorLabelIconCharacter.c	276	276	1	CRF_SpectatorLabelIconCharacter	
UpdateCharacterState	method	Scripts/Game/Systems/UI/Menus/Spectator/Elements/Icons/CRF_SpectatorLabelIconCharacter.c	289	289	1	CRF_SpectatorLabelIconCharacter	
CRF_SpectatorLabelIconGroup	class	Scripts/Game/Systems/UI/Menus/Spectator/Elements/Icons/CRF_SpectatorLabelIconGroup.c	5	587	583		CRF_SpectatorLabelIcon
HandlerAttached	method	Scripts/Game/Systems/UI/Menus/Spectator/Elements/Icons/CRF_SpectatorLabelIconGroup.c	52	52	1	CRF_SpectatorLabelIconGroup	
SetGroup	method	Scripts/Game/Systems/UI/Menus/Spectator/Elements/Icons/CRF_SpectatorLabelIconGroup.c	64	64	1	CRF_SpectatorLabelIconGroup	
GetGroup	method	Scripts/Game/Systems/UI/Menus/Spectator/Elements/Icons/CRF_SpectatorLabelIconGroup.c	88	88	1	CRF_SpectatorLabelIconGroup	
SetupFactionColors	method	Scripts/Game/Systems/UI/Menus/Spectator/Elements/Icons/CRF_SpectatorLabelIconGroup.c	96	96	1	CRF_SpectatorLabelIconGroup	
LoadGroupIcon	method	Scripts/Game/Systems/UI/Menus/Spectator/Elements/Icons/CRF_SpectatorLabelIconGroup.c	124	124	1	CRF_SpectatorLabelIconGroup	
SetGroupName	method	Scripts/Game/Systems/UI/Menus/Spectator/Elements/Icons/CRF_SpectatorLabelIconGroup.c	143	143	1	CRF_SpectatorLabelIconGroup	
SetEntity	method	Scripts/Game/Systems/UI/Menus/Spectator/Elements/Icons/CRF_SpectatorLabelIconGroup.c	159	159	1	CRF_SpectatorLabelIconGroup	
Update	method	Scripts/Game/Systems/UI/Menus/Spectator/Elements/Icons/CRF_SpectatorLabelIconGroup.c	167	167	1	CRF_SpectatorLabelIconGroup	
CalculateGroupCentroid	method	Scripts/Game/Systems/UI/Menus/Spectator/Elements/Icons/CRF_SpectatorLabelIconGroup.c	290	290	1	CRF_SpectatorLabelIconGroup	
CalculateMedianPosition	method	Scripts/Game/Systems/UI/Menus/Spectator/Elements/Icons/CRF_SpectatorLabelIconGroup.c	408	408	1	CRF_SpectatorLabelIconGroup	
UpdateLabel	method	Scripts/Game/Systems/UI/Menus/Spectator/Elements/Icons/CRF_SpectatorLabelIconGroup.c	513	513	1	CRF_SpectatorLabelIconGroup	
UpdateLabelVisibility	method	Scripts/Game/Systems/UI/Menus/Spectator/Elements/Icons/CRF_SpectatorLabelIconGroup.c	525	525	1	CRF_SpectatorLabelIconGroup	
UpdateIconAppearance	method	Scripts/Game/Systems/UI/Menus/Spectator/Elements/Icons/CRF_SpectatorLabelIconGroup.c	547	547	1	CRF_SpectatorLabelIconGroup	
SCR_OpenVehicleStorageAction_Faction	class	Scripts/Game/Systems/VanillaOverrides/Actions/CRF_SCR_OpenVehicleStorageAction_Faction.c	1	98	98		SCR_InventoryAction
PerformActionInternal	method	Scripts/Game/Systems/VanillaOverrides/Actions/CRF_SCR_OpenVehicleStorageAction_Faction.c	19	19	1	SCR_OpenVehicleStorageAction_Faction	
CanBeShownScript	method	Scripts/Game/Systems/VanillaOverrides/Actions/CRF_SCR_OpenVehicleStorageAction_Faction.c	29	29	1	SCR_OpenVehicleStorageAction_Faction	
Init	method	Scripts/Game/Systems/VanillaOverrides/Actions/CRF_SCR_OpenVehicleStorageAction_Faction.c	70	70	1	SCR_OpenVehicleStorageAction_Faction	
DelayedInit	method	Scripts/Game/Systems/VanillaOverrides/Actions/CRF_SCR_OpenVehicleStorageAction_Faction.c	77	77	1	SCR_OpenVehicleStorageAction_Faction	
CRF_BaseContainerCustomTitleResourceFields	class	Scripts/Game/Systems/VanillaOverrides/CRF_Attributes.c	1	50	50		BaseContainerCustomTitle
CRF_BaseContainerCustomTitleResourceFields	method	Scripts/Game/Systems/VanillaOverrides/CRF_Attributes.c	7	7	1	CRF_BaseContainerCustomTitleResourceFields	
_WB_GetCustomTitle	method	Scripts/Game/Systems/VanillaOverrides/CRF_Attributes.c	14	14	1	CRF_BaseContainerCustomTitleResourceFields	
SCR_AIGetCombatMoveRequestParameters_ChangeStance	modded_class	Scripts/Game/Systems/VanillaOverrides/CRF_SCR_AIGroupInfoComponent.c	1	18	18		
EOnTaskSimulate	method	Scripts/Game/Systems/VanillaOverrides/CRF_SCR_AIGroupInfoComponent.c	3	3	1	SCR_AIGetCombatMoveRequestParameters_ChangeStance	
SCR_AIGroup	modded_class	Scripts/Game/Systems/VanillaOverrides/CRF_SCR_AIGroups.c	1	178	178		
EOnInit	method	Scripts/Game/Systems/VanillaOverrides/CRF_SCR_AIGroups.c	8	8	1	SCR_AIGroup	
SetGarrison	method	Scripts/Game/Systems/VanillaOverrides/CRF_SCR_AIGroups.c	18	18	1	SCR_AIGroup	
AddPlayer	method	Scripts/Game/Systems/VanillaOverrides/CRF_SCR_AIGroups.c	37	37	1	SCR_AIGroup	
SetGroupLeader	method	Scripts/Game/Systems/VanillaOverrides/CRF_SCR_AIGroups.c	98	98	1	SCR_AIGroup	
RemovePlayer	method	Scripts/Game/Systems/VanillaOverrides/CRF_SCR_AIGroups.c	115	115	1	SCR_AIGroup	
SCR_BaseCompartmentManagerComponent	modded_class	Scripts/Game/Systems/VanillaOverrides/CRF_SCR_BaseCompartmentManagerComponent.c	1	97	97		
AddAIToVehicle	method	Scripts/Game/Systems/VanillaOverrides/CRF_SCR_BaseCompartmentManagerComponent.c	5	5	1	SCR_BaseCompartmentManagerComponent	
AddToCompartment	method	Scripts/Game/Systems/VanillaOverrides/CRF_SCR_BaseCompartmentManagerComponent.c	23	23	1	SCR_BaseCompartmentManagerComponent	
SCR_Faction	modded_class	Scripts/Game/Systems/VanillaOverrides/CRF_SCR_Faction.c	1	157	157		
GetEntityCatalogs	method	Scripts/Game/Systems/VanillaOverrides/CRF_SCR_Faction.c	7	7	1	SCR_Faction	
NormalizeCallsign	method	Scripts/Game/Systems/VanillaOverrides/CRF_SCR_Faction.c	13	13	1	SCR_Faction	
Init	method	Scripts/Game/Systems/VanillaOverrides/CRF_SCR_Faction.c	36	36	1	SCR_Faction	
InitializeFactionChannels	method	Scripts/Game/Systems/VanillaOverrides/CRF_SCR_Faction.c	45	45	1	SCR_Faction	
GenerateSR	method	Scripts/Game/Systems/VanillaOverrides/CRF_SCR_Faction.c	116	116	1	SCR_Faction	
CheckContainer	method	Scripts/Game/Systems/VanillaOverrides/CRF_SCR_Faction.c	122	122	1	SCR_Faction	
SCR_FactionCallsignInfo	modded_class	Scripts/Game/Systems/VanillaOverrides/CRF_SCR_FactionCallsignInfo.c	2	9	8		
SetSquadArray	method	Scripts/Game/Systems/VanillaOverrides/CRF_SCR_FactionCallsignInfo.c	5	5	1	SCR_FactionCallsignInfo	
SCR_CallsignInfo	modded_class	Scripts/Game/Systems/VanillaOverrides/CRF_SCR_FactionCallsignInfo.c	12	19	8		
SetCallsign	method	Scripts/Game/Systems/VanillaOverrides/CRF_SCR_FactionCallsignInfo.c	15	15	1	SCR_CallsignInfo	
SCR_FactionManager	modded_class	Scripts/Game/Systems/VanillaOverrides/CRF_SCR_FactionManager.c	2	244	243		
GetFactionActiveChannelSR	method	Scripts/Game/Systems/VanillaOverrides/CRF_SCR_FactionManager.c	15	15	1	SCR_FactionManager	
GetFactionActiveChannelLR	method	Scripts/Game/Systems/VanillaOverrides/CRF_SCR_FactionManager.c	28	28	1	SCR_FactionManager	
UpdateFactionActiveChannelSR	method	Scripts/Game/Systems/VanillaOverrides/CRF_SCR_FactionManager.c	43	43	1	SCR_FactionManager	
UpdateFactionActiveChannelLR	method	Scripts/Game/Systems/VanillaOverrides/CRF_SCR_FactionManager.c	85	85	1	SCR_FactionManager	
UpdateChannelsSRClient	method	Scripts/Game/Systems/VanillaOverrides/CRF_SCR_FactionManager.c	127	127	1	SCR_FactionManager	
UpdateChannelsLRClient	method	Scripts/Game/Systems/VanillaOverrides/CRF_SCR_FactionManager.c	153	153	1	SCR_FactionManager	
RplSave	method	Scripts/Game/Systems/VanillaOverrides/CRF_SCR_FactionManager.c	179	179	1	SCR_FactionManager	
RplLoad	method	Scripts/Game/Systems/VanillaOverrides/CRF_SCR_FactionManager.c	198	198	1	SCR_FactionManager	
WriteChannelArray	method	Scripts/Game/Systems/VanillaOverrides/CRF_SCR_FactionManager.c	217	217	1	SCR_FactionManager	
ReadChannelArray	method	Scripts/Game/Systems/VanillaOverrides/CRF_SCR_FactionManager.c	230	230	1	SCR_FactionManager	
SCR_ItemPlacementComponent	modded_class	Scripts/Game/Systems/VanillaOverrides/CRF_SCR_ItemPlacementComponent.c	2	25	24		ScriptComponent
ValidatePlacement	method	Scripts/Game/Systems/VanillaOverrides/CRF_SCR_ItemPlacementComponent.c	6	6	1	SCR_ItemPlacementComponent	
SCR_MissionHeader	modded_class	Scripts/Game/Systems/VanillaOverrides/CRF_SCR_MissionHeader.c	1	8	8		
SCR_PossessSpawnHandlerComponent	modded_class	Scripts/Game/Systems/VanillaOverrides/CRF_SCR_PossessSpawnHandlerComponent.c	1	33	33		
OnFinalizeDone_S	method	Scripts/Game/Systems/VanillaOverrides/CRF_SCR_PossessSpawnHandlerComponent.c	4	4	1	SCR_PossessSpawnHandlerComponent	
GetFaction	method	Scripts/Game/Systems/VanillaOverrides/CRF_SCR_PossessSpawnHandlerComponent.c	25	25	1	SCR_PossessSpawnHandlerComponent	
SCR_SeizingComponent	modded_class	Scripts/Game/Systems/VanillaOverrides/CRF_SCR_SeizingComponent.c	1	128	128		
FindEntityNameInWorld	method	Scripts/Game/Systems/VanillaOverrides/CRF_SCR_SeizingComponent.c	6	6	1	SCR_SeizingComponent	
NotifyPlayerInRadius	method	Scripts/Game/Systems/VanillaOverrides/CRF_SCR_SeizingComponent.c	32	32	1	SCR_SeizingComponent	
SCR_TimeAndWeatherHandlerComponent	modded_class	Scripts/Game/Systems/VanillaOverrides/CRF_SCR_TimeAndWeatherHandlerComponent.c	1	17	17		
GetRandomStartingWeather	method	Scripts/Game/Systems/VanillaOverrides/CRF_SCR_TimeAndWeatherHandlerComponent.c	3	3	1	SCR_TimeAndWeatherHandlerComponent	
GetRandomWeatherChanges	method	Scripts/Game/Systems/VanillaOverrides/CRF_SCR_TimeAndWeatherHandlerComponent.c	8	8	1	SCR_TimeAndWeatherHandlerComponent	
GetStartingWeatherAndTime	method	Scripts/Game/Systems/VanillaOverrides/CRF_SCR_TimeAndWeatherHandlerComponent.c	13	13	1	SCR_TimeAndWeatherHandlerComponent	
Vehicle	modded_class	Scripts/Game/Systems/VanillaOverrides/CRF_SCR_Vehicle.c	1	106	106		
UpdateVehicleSupplies	method	Scripts/Game/Systems/VanillaOverrides/CRF_SCR_Vehicle.c	20	20	1	Vehicle	
Vehicle	method	Scripts/Game/Systems/VanillaOverrides/CRF_SCR_Vehicle.c	26	26	1	Vehicle	
CheckIfSpawnPassenger	method	Scripts/Game/Systems/VanillaOverrides/CRF_SCR_Vehicle.c	46	46	1	Vehicle	
SpawnVehiclePassengers	method	Scripts/Game/Systems/VanillaOverrides/CRF_SCR_Vehicle.c	53	53	1	Vehicle	
SetVehicleGear	method	Scripts/Game/Systems/VanillaOverrides/CRF_SCR_Vehicle.c	58	58	1	Vehicle	
Vehicle	method	Scripts/Game/Systems/VanillaOverrides/CRF_SCR_Vehicle.c	66	66	1	Vehicle	
SCR_CharacterStaminaComponent	modded_class	Scripts/Game/Systems/VanillaOverrides/Character/CRF_SCR_CharacterStaminaComponent.c	1	23	23		CharacterStaminaComponent
OnStaminaDrain	method	Scripts/Game/Systems/VanillaOverrides/Character/CRF_SCR_CharacterStaminaComponent.c	6	6	1	SCR_CharacterStaminaComponent	
SCR_MeleeComponent	modded_class	Scripts/Game/Systems/VanillaOverrides/Character/CRF_SCR_MeleeComponent.c	1	7	7		
GetMeleeStarted	method	Scripts/Game/Systems/VanillaOverrides/Character/CRF_SCR_MeleeComponent.c	3	3	1	SCR_MeleeComponent	
SCR_DataCollectorComponent	modded_class	Scripts/Game/Systems/VanillaOverrides/DataCollector/CRF_SCR_DataCollectorComponent.c	4	442	439		
GetOnPlayerDamageReceived	method	Scripts/Game/Systems/VanillaOverrides/DataCollector/CRF_SCR_DataCollectorComponent.c	35	35	1	SCR_DataCollectorComponent	
OnPlayerAuditSuccess	method	Scripts/Game/Systems/VanillaOverrides/DataCollector/CRF_SCR_DataCollectorComponent.c	40	40	1	SCR_DataCollectorComponent	
GetPlayerData	method	Scripts/Game/Systems/VanillaOverrides/DataCollector/CRF_SCR_DataCollectorComponent.c	53	53	1	SCR_DataCollectorComponent	
OnPlayerSpawnFinalize_S	method	Scripts/Game/Systems/VanillaOverrides/DataCollector/CRF_SCR_DataCollectorComponent.c	65	65	1	SCR_DataCollectorComponent	
NotifyPlayerSpawned	method	Scripts/Game/Systems/VanillaOverrides/DataCollector/CRF_SCR_DataCollectorComponent.c	80	80	1	SCR_DataCollectorComponent	
OnGameModeEnd	method	Scripts/Game/Systems/VanillaOverrides/DataCollector/CRF_SCR_DataCollectorComponent.c	100	100	1	SCR_DataCollectorComponent	
SendNextPlayerStats	method	Scripts/Game/Systems/VanillaOverrides/DataCollector/CRF_SCR_DataCollectorComponent.c	189	189	1	SCR_DataCollectorComponent	
OnPlayerDamageReceived	method	Scripts/Game/Systems/VanillaOverrides/DataCollector/CRF_SCR_DataCollectorComponent.c	229	229	1	SCR_DataCollectorComponent	
OnPlayerKilled	method	Scripts/Game/Systems/VanillaOverrides/DataCollector/CRF_SCR_DataCollectorComponent.c	245	245	1	SCR_DataCollectorComponent	
OnAIKilledCRF	method	Scripts/Game/Systems/VanillaOverrides/DataCollector/CRF_SCR_DataCollectorComponent.c	302	302	1	SCR_DataCollectorComponent	
OnPlayerDisconnected	method	Scripts/Game/Systems/VanillaOverrides/DataCollector/CRF_SCR_DataCollectorComponent.c	313	313	1	SCR_DataCollectorComponent	
QueueProfileSave	method	Scripts/Game/Systems/VanillaOverrides/DataCollector/CRF_SCR_DataCollectorComponent.c	366	366	1	SCR_DataCollectorComponent	
ProcessNextProfileSave	method	Scripts/Game/Systems/VanillaOverrides/DataCollector/CRF_SCR_DataCollectorComponent.c	384	384	1	SCR_DataCollectorComponent	
OnGameEnd	method	Scripts/Game/Systems/VanillaOverrides/DataCollector/CRF_SCR_DataCollectorComponent.c	413	413	1	SCR_DataCollectorComponent	
SCR_DataCollectorModule	modded_class	Scripts/Game/Systems/VanillaOverrides/DataCollector/CRF_SCR_DataCollectorModule.c	6	12	7		
CRF_CleanupInvokers	method	Scripts/Game/Systems/VanillaOverrides/DataCollector/CRF_SCR_DataCollectorModule.c	8	8	1	SCR_DataCollectorModule	
SCR_CharacterInventoryStorageComponent	modded_class	Scripts/Game/Systems/VanillaOverrides/Inventory/CRF_SCR_CharacterInventoryStorageComponent.c	1	23	23		
GetCurrentCharacterWeapon	method	Scripts/Game/Systems/VanillaOverrides/Inventory/CRF_SCR_CharacterInventoryStorageComponent.c	3	3	1	SCR_CharacterInventoryStorageComponent	
SCR_InventoryMenuUI	modded_class	Scripts/Game/Systems/VanillaOverrides/Inventory/CRF_SCR_InventoryMenuUI.c	1	61	61		
OnItemAddedListener	method	Scripts/Game/Systems/VanillaOverrides/Inventory/CRF_SCR_InventoryMenuUI.c	6	6	1	SCR_InventoryMenuUI	
OnMenuOpen	method	Scripts/Game/Systems/VanillaOverrides/Inventory/CRF_SCR_InventoryMenuUI.c	33	33	1	SCR_InventoryMenuUI	
OpenMiniArsenal	method	Scripts/Game/Systems/VanillaOverrides/Inventory/CRF_SCR_InventoryMenuUI.c	57	57	1	SCR_InventoryMenuUI	
SCR_InventoryStorageManagerComponent	modded_class	Scripts/Game/Systems/VanillaOverrides/Inventory/CRF_SCR_InventoryStorageManagerComponent.c	1	108	108		ScriptedInventoryStorageManagerComponent
CanMoveItem	method	Scripts/Game/Systems/VanillaOverrides/Inventory/CRF_SCR_InventoryStorageManagerComponent.c	15	15	1	SCR_InventoryStorageManagerComponent	
EquipCloth	method	Scripts/Game/Systems/VanillaOverrides/Inventory/CRF_SCR_InventoryStorageManagerComponent.c	33	33	1	SCR_InventoryStorageManagerComponent	
OnItemAdded	method	Scripts/Game/Systems/VanillaOverrides/Inventory/CRF_SCR_InventoryStorageManagerComponent.c	55	55	1	SCR_InventoryStorageManagerComponent	
SCR_OpenStorageAction	modded_class	Scripts/Game/Systems/VanillaOverrides/Inventory/CRF_SCR_OpenStorageAction.c	1	29	29		SCR_InventoryAction
PerformActionInternal	method	Scripts/Game/Systems/VanillaOverrides/Inventory/CRF_SCR_OpenStorageAction.c	5	5	1	SCR_OpenStorageAction	
SCR_OpenVehicleStorageAction	modded_class	Scripts/Game/Systems/VanillaOverrides/Inventory/CRF_SCR_OpenStorageAction.c	31	56	26		SCR_InventoryAction
PerformActionInternal	method	Scripts/Game/Systems/VanillaOverrides/Inventory/CRF_SCR_OpenStorageAction.c	35	35	1	SCR_OpenVehicleStorageAction	
SCR_CharacterDamageManagerComponent	modded_class	Scripts/Game/Systems/VanillaOverrides/Managers/CRF_SCR_CharacterDamageManagerComponent.c	6	108	103		
GetFatalDamageEffect	method	Scripts/Game/Systems/VanillaOverrides/Managers/CRF_SCR_CharacterDamageManagerComponent.c	11	11	1	SCR_CharacterDamageManagerComponent	
CRF_HandleDamageTracking	method	Scripts/Game/Systems/VanillaOverrides/Managers/CRF_SCR_CharacterDamageManagerComponent.c	17	17	1	SCR_CharacterDamageManagerComponent	
OnDamageStateChanged	method	Scripts/Game/Systems/VanillaOverrides/Managers/CRF_SCR_CharacterDamageManagerComponent.c	70	70	1	SCR_CharacterDamageManagerComponent	
SCR_EditorManagerEntity	modded_class	Scripts/Game/Systems/VanillaOverrides/Managers/CRF_SCR_EditorManagerEntity.c	1	186	186		
CanOpen	method	Scripts/Game/Systems/VanillaOverrides/Managers/CRF_SCR_EditorManagerEntity.c	6	6	1	SCR_EditorManagerEntity	
SetIsLimited	method	Scripts/Game/Systems/VanillaOverrides/Managers/CRF_SCR_EditorManagerEntity.c	50	50	1	SCR_EditorManagerEntity	
ToggleServer	method	Scripts/Game/Systems/VanillaOverrides/Managers/CRF_SCR_EditorManagerEntity.c	59	59	1	SCR_EditorManagerEntity	
StartEvents	method	Scripts/Game/Systems/VanillaOverrides/Managers/CRF_SCR_EditorManagerEntity.c	104	104	1	SCR_EditorManagerEntity	
OpenUI	method	Scripts/Game/Systems/VanillaOverrides/Managers/CRF_SCR_EditorManagerEntity.c	135	135	1	SCR_EditorManagerEntity	
SCR_GroupsManagerComponent	modded_class	Scripts/Game/Systems/VanillaOverrides/Managers/CRF_SCR_GroupsManagerComponent.c	1	42	42		
MovePlayerToGroup	method	Scripts/Game/Systems/VanillaOverrides/Managers/CRF_SCR_GroupsManagerComponent.c	8	8	1	SCR_GroupsManagerComponent	
SCR_MapMarkerManagerComponent	modded_class	Scripts/Game/Systems/VanillaOverrides/Managers/CRF_SCR_MapMarkerManagerComponent.c	3	161	159		
UpdateSharedMarkers	method	Scripts/Game/Systems/VanillaOverrides/Managers/CRF_SCR_MapMarkerManagerComponent.c	12	12	1	SCR_MapMarkerManagerComponent	
RequestGlobalMarkersRefresh	method	Scripts/Game/Systems/VanillaOverrides/Managers/CRF_SCR_MapMarkerManagerComponent.c	24	24	1	SCR_MapMarkerManagerComponent	
RefreshGlobalMarkers	method	Scripts/Game/Systems/VanillaOverrides/Managers/CRF_SCR_MapMarkerManagerComponent.c	31	31	1	SCR_MapMarkerManagerComponent	
OnPlayerConnected	method	Scripts/Game/Systems/VanillaOverrides/Managers/CRF_SCR_MapMarkerManagerComponent.c	55	55	1	SCR_MapMarkerManagerComponent	
OnAddSynchedMarker	method	Scripts/Game/Systems/VanillaOverrides/Managers/CRF_SCR_MapMarkerManagerComponent.c	79	79	1	SCR_MapMarkerManagerComponent	
OnAskRemoveStaticMarker	method	Scripts/Game/Systems/VanillaOverrides/Managers/CRF_SCR_MapMarkerManagerComponent.c	100	100	1	SCR_MapMarkerManagerComponent	
UpdateMarkerVisibility	method	Scripts/Game/Systems/VanillaOverrides/Managers/CRF_SCR_MapMarkerManagerComponent.c	108	108	1	SCR_MapMarkerManagerComponent	
UpdateAllMarkerVisibilities	method	Scripts/Game/Systems/VanillaOverrides/Managers/CRF_SCR_MapMarkerManagerComponent.c	139	139	1	SCR_MapMarkerManagerComponent	
OnPlayerDisconnected	method	Scripts/Game/Systems/VanillaOverrides/Managers/CRF_SCR_MapMarkerManagerComponent.c	156	156	1	SCR_MapMarkerManagerComponent	
SCR_VehicleDamageManagerComponent	modded_class	Scripts/Game/Systems/VanillaOverrides/Managers/CRF_SCR_VehicleDamageManagerComponent.c	1	29	29		
OnDamageStateChanged	method	Scripts/Game/Systems/VanillaOverrides/Managers/CRF_SCR_VehicleDamageManagerComponent.c	3	3	1	SCR_VehicleDamageManagerComponent	
SCR_MapMenuUI	modded_class	Scripts/Game/Systems/VanillaOverrides/MapBriefing/CRF_SCR_MapMenuUI.c	6	254	249		
OnMenuOpen	method	Scripts/Game/Systems/VanillaOverrides/MapBriefing/CRF_SCR_MapMenuUI.c	24	24	1	SCR_MapMenuUI	
OnMenuClose	method	Scripts/Game/Systems/VanillaOverrides/MapBriefing/CRF_SCR_MapMenuUI.c	61	61	1	SCR_MapMenuUI	
InitializeMissionDescriptions	method	Scripts/Game/Systems/VanillaOverrides/MapBriefing/CRF_SCR_MapMenuUI.c	90	90	1	SCR_MapMenuUI	
DescriptionInit	method	Scripts/Game/Systems/VanillaOverrides/MapBriefing/CRF_SCR_MapMenuUI.c	124	124	1	SCR_MapMenuUI	
DescriptionSelected	method	Scripts/Game/Systems/VanillaOverrides/MapBriefing/CRF_SCR_MapMenuUI.c	210	210	1	SCR_MapMenuUI	
SCR_SpawnRequestComponent	modded_class	Scripts/Game/Systems/VanillaOverrides/Respawn/CRF_SCR_SpawnRequestComponent.c	19	108	90		
OnPostInit	method	Scripts/Game/Systems/VanillaOverrides/Respawn/CRF_SCR_SpawnRequestComponent.c	22	22	1	SCR_SpawnRequestComponent	
TryResolveHandlerComponent	method	Scripts/Game/Systems/VanillaOverrides/Respawn/CRF_SCR_SpawnRequestComponent.c	87	87	1	SCR_SpawnRequestComponent	
SCR_BaseGameMode	modded_class	Scripts/Game/Systems/VanillaOverrides/Settings/CRF_SettingsEnforcement.c	110	120	11		BaseGameMode
OnGameModeStart	method	Scripts/Game/Systems/VanillaOverrides/Settings/CRF_SettingsEnforcement.c	112	112	1	SCR_BaseGameMode	
SCR_VideoSettingsSubMenu	modded_class	Scripts/Game/Systems/VanillaOverrides/Settings/CRF_SettingsEnforcement.c	122	132	11		SCR_SettingsSubMenuBase
OnMenuItemChanged	method	Scripts/Game/Systems/VanillaOverrides/Settings/CRF_SettingsEnforcement.c	124	124	1	SCR_VideoSettingsSubMenu	
SCR_ChatPanel	modded_class	Scripts/Game/Systems/VanillaOverrides/UI/CRF_SCR_ChatPanel.c	1	155	155		SCR_ScriptedWidgetComponent
SetAlwaysVisible	method	Scripts/Game/Systems/VanillaOverrides/UI/CRF_SCR_ChatPanel.c	6	6	1	SCR_ChatPanel	
ForceShowFullHistory	method	Scripts/Game/Systems/VanillaOverrides/UI/CRF_SCR_ChatPanel.c	15	15	1	SCR_ChatPanel	
ExpandMessageLines	method	Scripts/Game/Systems/VanillaOverrides/UI/CRF_SCR_ChatPanel.c	42	42	1	SCR_ChatPanel	
SendMessage	method	Scripts/Game/Systems/VanillaOverrides/UI/CRF_SCR_ChatPanel.c	80	80	1	SCR_ChatPanel	
SCR_EditorPingInfoDisplay	modded_class	Scripts/Game/Systems/VanillaOverrides/UI/CRF_SCR_EditorPingInfoDisplay.c	1	32	32		
OnPingEntityRegister	method	Scripts/Game/Systems/VanillaOverrides/UI/CRF_SCR_EditorPingInfoDisplay.c	3	3	1	SCR_EditorPingInfoDisplay	
SCR_GameOverScreenManagerComponent	modded_class	Scripts/Game/Systems/VanillaOverrides/UI/CRF_SCR_GameOverScreenManagerComponent.c	5	15	11		
OnGameModeEnd	method	Scripts/Game/Systems/VanillaOverrides/UI/CRF_SCR_GameOverScreenManagerComponent.c	7	7	1	SCR_GameOverScreenManagerComponent	
SCR_InventoryMenuUI	modded_class	Scripts/Game/Systems/VanillaOverrides/UI/CRF_SCR_InventoryMenuUI.c	1	59	59		
OpenAsNewContainer	method	Scripts/Game/Systems/VanillaOverrides/UI/CRF_SCR_InventoryMenuUI.c	4	4	1	SCR_InventoryMenuUI	
Action_UnfoldItem	method	Scripts/Game/Systems/VanillaOverrides/UI/CRF_SCR_InventoryMenuUI.c	34	34	1	SCR_InventoryMenuUI	
SCR_MapMarkerBase	modded_class	Scripts/Game/Systems/VanillaOverrides/UI/CRF_SCR_MapMarkerBase.c	1	121	121		
SetVisible	method	Scripts/Game/Systems/VanillaOverrides/UI/CRF_SCR_MapMarkerBase.c	5	5	1	SCR_MapMarkerBase	
SetUpdateDisabled	method	Scripts/Game/Systems/VanillaOverrides/UI/CRF_SCR_MapMarkerBase.c	18	18	1	SCR_MapMarkerBase	
Extract	method	Scripts/Game/Systems/VanillaOverrides/UI/CRF_SCR_MapMarkerBase.c	37	37	1	SCR_MapMarkerBase	
Inject	method	Scripts/Game/Systems/VanillaOverrides/UI/CRF_SCR_MapMarkerBase.c	57	57	1	SCR_MapMarkerBase	
Encode	method	Scripts/Game/Systems/VanillaOverrides/UI/CRF_SCR_MapMarkerBase.c	77	77	1	SCR_MapMarkerBase	
Decode	method	Scripts/Game/Systems/VanillaOverrides/UI/CRF_SCR_MapMarkerBase.c	86	86	1	SCR_MapMarkerBase	
SnapCompare	method	Scripts/Game/Systems/VanillaOverrides/UI/CRF_SCR_MapMarkerBase.c	96	96	1	SCR_MapMarkerBase	
PropCompare	method	Scripts/Game/Systems/VanillaOverrides/UI/CRF_SCR_MapMarkerBase.c	104	104	1	SCR_MapMarkerBase	
SCR_MapMarkerSquadLeaderComponent	modded_class	Scripts/Game/Systems/VanillaOverrides/UI/CRF_SCR_MapMarkerSquadLeaderComponent.c	1	15	15		SCR_MapMarkerDynamicWComponent
OnMouseEnter	method	Scripts/Game/Systems/VanillaOverrides/UI/CRF_SCR_MapMarkerSquadLeaderComponent.c	5	5	1	SCR_MapMarkerSquadLeaderComponent	
OnMouseLeave	method	Scripts/Game/Systems/VanillaOverrides/UI/CRF_SCR_MapMarkerSquadLeaderComponent.c	11	11	1	SCR_MapMarkerSquadLeaderComponent	
SCR_PlayerControllerCommandingComponent	modded_class	Scripts/Game/Systems/VanillaOverrides/UI/CRF_SCR_MapMarkersUI.c	1	60	60		
AddElementsFromCategoryToMap	method	Scripts/Game/Systems/VanillaOverrides/UI/CRF_SCR_MapMarkersUI.c	3	3	1	SCR_PlayerControllerCommandingComponent	
ShareMapMarkers	method	Scripts/Game/Systems/VanillaOverrides/UI/CRF_SCR_MapMarkersUI.c	45	45	1	SCR_PlayerControllerCommandingComponent	
CheckIfValidSpawn	method	Scripts/Game/Systems/VanillaOverrides/UI/CRF_SCR_MapMarkersUI.c	50	50	1	SCR_PlayerControllerCommandingComponent	
SCR_NTTextBase	modded_class	Scripts/Game/Systems/VanillaOverrides/UI/CRF_SCR_NTTextBase.c	3	32	30		SCR_NTElementBase
SetDefaults	method	Scripts/Game/Systems/VanillaOverrides/UI/CRF_SCR_NTTextBase.c	10	10	1	SCR_NTTextBase	
SCR_NotificationSenderComponent	modded_class	Scripts/Game/Systems/VanillaOverrides/UI/CRF_SCR_NotificationSenderComponent.c	1	74	74		
OnEditorLimitedChanged	method	Scripts/Game/Systems/VanillaOverrides/UI/CRF_SCR_NotificationSenderComponent.c	6	6	1	SCR_NotificationSenderComponent	
OnPlayerSpawnFinalize_S	method	Scripts/Game/Systems/VanillaOverrides/UI/CRF_SCR_NotificationSenderComponent.c	14	14	1	SCR_NotificationSenderComponent	
OnControllableDestroyed	method	Scripts/Game/Systems/VanillaOverrides/UI/CRF_SCR_NotificationSenderComponent.c	28	28	1	SCR_NotificationSenderComponent	
SetKillFeedTypeDeadLocal	method	Scripts/Game/Systems/VanillaOverrides/UI/CRF_SCR_NotificationSenderComponent.c	46	46	1	SCR_NotificationSenderComponent	
SetKillFeedTypeNoneLocal	method	Scripts/Game/Systems/VanillaOverrides/UI/CRF_SCR_NotificationSenderComponent.c	69	69	1	SCR_NotificationSenderComponent	
SCR_NotificationsComponent	modded_class	Scripts/Game/Systems/VanillaOverrides/UI/CRF_SCR_NotificationsComponent.c	1	69	69		
IsLocalPlayerUnlimitedEditor	method	Scripts/Game/Systems/VanillaOverrides/UI/CRF_SCR_NotificationsComponent.c	9	9	1	SCR_NotificationsComponent	
SendLocalUnlimitedEditor	method	Scripts/Game/Systems/VanillaOverrides/UI/CRF_SCR_NotificationsComponent.c	31	31	1	SCR_NotificationsComponent	
SendLocal	method	Scripts/Game/Systems/VanillaOverrides/UI/CRF_SCR_NotificationsComponent.c	44	44	1	SCR_NotificationsComponent	
IsKillfeedNotification	method	Scripts/Game/Systems/VanillaOverrides/UI/CRF_SCR_NotificationsComponent.c	55	55	1	SCR_NotificationsComponent	
SCR_PlayerTeleportFeedbackUIComponent	modded_class	Scripts/Game/Systems/VanillaOverrides/UI/CRF_SCR_PlayerTeleportFeedbackUIComponent.c	1	6	6		
OnPlayerTeleported	method	Scripts/Game/Systems/VanillaOverrides/UI/CRF_SCR_PlayerTeleportFeedbackUIComponent.c	3	3	1	SCR_PlayerTeleportFeedbackUIComponent	
SCR_PlayerTeleportedFeedbackComponent	modded_class	Scripts/Game/Systems/VanillaOverrides/UI/CRF_SCR_PlayerTeleportedFeedbackComponent.c	1	4	4		
SCR_MapMarkerSquadLeader	modded_class	Scripts/Game/Systems/VanillaOverrides/UI/CRF_SCR_SquadLeaderMarkers.c	2	60	59		
UpdateLocalVisibility	method	Scripts/Game/Systems/VanillaOverrides/UI/CRF_SCR_SquadLeaderMarkers.c	6	6	1	SCR_MapMarkerSquadLeader	
SCR_WeaponInfo	modded_class	Scripts/Game/Systems/VanillaOverrides/UI/CRF_SCR_WeaponInfo.c	1	9	9		
DisplayOnResumed	method	Scripts/Game/Systems/VanillaOverrides/UI/CRF_SCR_WeaponInfo.c	3	3	1	SCR_WeaponInfo	
SCR_VoNComponent	modded_class	Scripts/Game/Systems/VanillaOverrides/VON/CRF_SCR_VONComponent.c	1	161	161		
SCR_VoNComponent	method	Scripts/Game/Systems/VanillaOverrides/VON/CRF_SCR_VONComponent.c	8	8	1	SCR_VoNComponent	
OnCapture	method	Scripts/Game/Systems/VanillaOverrides/VON/CRF_SCR_VONComponent.c	17	17	1	SCR_VoNComponent	
AddPlayerTalking	method	Scripts/Game/Systems/VanillaOverrides/VON/CRF_SCR_VONComponent.c	92	92	1	SCR_VoNComponent	
RemovePlayerTalking	method	Scripts/Game/Systems/VanillaOverrides/VON/CRF_SCR_VONComponent.c	108	108	1	SCR_VoNComponent	
IsSpectatorDirectSpeechFiltered	method	Scripts/Game/Systems/VanillaOverrides/VON/CRF_SCR_VONComponent.c	125	125	1	SCR_VoNComponent	
OnDelete	method	Scripts/Game/Systems/VanillaOverrides/VON/CRF_SCR_VONComponent.c	156	156	1	SCR_VoNComponent	
SCR_VONController	modded_class	Scripts/Game/Systems/VanillaOverrides/VON/CRF_SCR_VONController.c	1	73	73		
OnPostInit	method	Scripts/Game/Systems/VanillaOverrides/VON/CRF_SCR_VONController.c	6	6	1	SCR_VONController	
ActivateCVON	method	Scripts/Game/Systems/VanillaOverrides/VON/CRF_SCR_VONController.c	14	14	1	SCR_VONController	
PublicResetVON	method	Scripts/Game/Systems/VanillaOverrides/VON/CRF_SCR_VONController.c	22	22	1	SCR_VONController	
ActivateVON	method	Scripts/Game/Systems/VanillaOverrides/VON/CRF_SCR_VONController.c	28	28	1	SCR_VONController	
SetActiveTransmit	method	Scripts/Game/Systems/VanillaOverrides/VON/CRF_SCR_VONController.c	40	40	1	SCR_VONController	
SCR_VonDisplay	modded_class	Scripts/Game/Systems/VanillaOverrides/VON/CRF_SCR_VONDisplay.c	1	30	30		
CRF_VAAR_CharacterSnapshot	class	Scripts/Game/Systems/vaar/CRF_VAAR_DataContainer.c	9	29	21		Managed
CRF_VAAR_CharacterSnapshot	method	Scripts/Game/Systems/vaar/CRF_VAAR_DataContainer.c	19	19	1	CRF_VAAR_CharacterSnapshot	
CRF_VAAR_VehicleSnapshot	class	Scripts/Game/Systems/vaar/CRF_VAAR_DataContainer.c	33	59	27		Managed
CRF_VAAR_VehicleSnapshot	method	Scripts/Game/Systems/vaar/CRF_VAAR_DataContainer.c	44	44	1	CRF_VAAR_VehicleSnapshot	
CRF_VAAR_ShotEvent	class	Scripts/Game/Systems/vaar/CRF_VAAR_DataContainer.c	63	79	17		Managed
CRF_VAAR_ShotEvent	method	Scripts/Game/Systems/vaar/CRF_VAAR_DataContainer.c	71	71	1	CRF_VAAR_ShotEvent	
CRF_VAAR_KillEvent	class	Scripts/Game/Systems/vaar/CRF_VAAR_DataContainer.c	83	97	15		Managed
CRF_VAAR_KillEvent	method	Scripts/Game/Systems/vaar/CRF_VAAR_DataContainer.c	90	90	1	CRF_VAAR_KillEvent	
CRF_VAAR_Frame	class	Scripts/Game/Systems/vaar/CRF_VAAR_DataContainer.c	102	109	8		Managed
CRF_VAAR_GamemodeComponentClass	class	Scripts/Game/Systems/vaar/CRF_VAAR_GamemodeComponent.c	2	5	4		SCR_BaseGameModeComponentClass
CRF_VAAR_GamemodeComponent	class	Scripts/Game/Systems/vaar/CRF_VAAR_GamemodeComponent.c	6	430	425		SCR_BaseGameModeComponent
OnPostInit	method	Scripts/Game/Systems/vaar/CRF_VAAR_GamemodeComponent.c	25	25	1	CRF_VAAR_GamemodeComponent	
EOnFrame	method	Scripts/Game/Systems/vaar/CRF_VAAR_GamemodeComponent.c	37	37	1	CRF_VAAR_GamemodeComponent	
OnGameModeEnd	method	Scripts/Game/Systems/vaar/CRF_VAAR_GamemodeComponent.c	53	53	1	CRF_VAAR_GamemodeComponent	
OnControllableDestroyed	method	Scripts/Game/Systems/vaar/CRF_VAAR_GamemodeComponent.c	64	64	1	CRF_VAAR_GamemodeComponent	
CRF_VAAR_GamemodeComponent	method	Scripts/Game/Systems/vaar/CRF_VAAR_GamemodeComponent.c	75	75	1	CRF_VAAR_GamemodeComponent	
GetInstance	method	Scripts/Game/Systems/vaar/CRF_VAAR_GamemodeComponent.c	80	80	1	CRF_VAAR_GamemodeComponent	
GetLogFilePath	method	Scripts/Game/Systems/vaar/CRF_VAAR_GamemodeComponent.c	85	85	1	CRF_VAAR_GamemodeComponent	
InitilizeAAR	method	Scripts/Game/Systems/vaar/CRF_VAAR_GamemodeComponent.c	92	92	1	CRF_VAAR_GamemodeComponent	
GetFriendlyName	method	Scripts/Game/Systems/vaar/CRF_VAAR_GamemodeComponent.c	248	248	1	CRF_VAAR_GamemodeComponent	
GetCharacterName	method	Scripts/Game/Systems/vaar/CRF_VAAR_GamemodeComponent.c	266	266	1	CRF_VAAR_GamemodeComponent	
GetID	method	Scripts/Game/Systems/vaar/CRF_VAAR_GamemodeComponent.c	276	276	1	CRF_VAAR_GamemodeComponent	
GetVehicleType	method	Scripts/Game/Systems/vaar/CRF_VAAR_GamemodeComponent.c	286	286	1	CRF_VAAR_GamemodeComponent	
GetFaction	method	Scripts/Game/Systems/vaar/CRF_VAAR_GamemodeComponent.c	304	304	1	CRF_VAAR_GamemodeComponent	
GetRole	method	Scripts/Game/Systems/vaar/CRF_VAAR_GamemodeComponent.c	325	325	1	CRF_VAAR_GamemodeComponent	
GetVehicleOcuupants	method	Scripts/Game/Systems/vaar/CRF_VAAR_GamemodeComponent.c	336	336	1	CRF_VAAR_GamemodeComponent	
IsRecording	method	Scripts/Game/Systems/vaar/CRF_VAAR_GamemodeComponent.c	364	364	1	CRF_VAAR_GamemodeComponent	
RegisterVehicle	method	Scripts/Game/Systems/vaar/CRF_VAAR_GamemodeComponent.c	371	371	1	CRF_VAAR_GamemodeComponent	
UnregisterVehicle	method	Scripts/Game/Systems/vaar/CRF_VAAR_GamemodeComponent.c	376	376	1	CRF_VAAR_GamemodeComponent	
RegisterShot	method	Scripts/Game/Systems/vaar/CRF_VAAR_GamemodeComponent.c	381	381	1	CRF_VAAR_GamemodeComponent	
RegisterCharacterDeath	method	Scripts/Game/Systems/vaar/CRF_VAAR_GamemodeComponent.c	405	405	1	CRF_VAAR_GamemodeComponent	
ToggleRecording	method	Scripts/Game/Systems/vaar/CRF_VAAR_GamemodeComponent.c	425	425	1	CRF_VAAR_GamemodeComponent	
CRF_VAAR_BaseProjectileEffect	class	Scripts/Game/Systems/vaar/CRF_VAAR_SCR_OnEffect.c	1	22	22		BaseProjectileEffect
OnEffect	method	Scripts/Game/Systems/vaar/CRF_VAAR_SCR_OnEffect.c	3	3	1	CRF_VAAR_BaseProjectileEffect	
CRF_VAAR_VehicleTrakcerComponentClass	class	Scripts/Game/Systems/vaar/CRF_VAAR_VehicleTrackerComponent.c	1	1	1		ScriptComponentClass
CRF_VAAR_VehicleTrakcerComponent	class	Scripts/Game/Systems/vaar/CRF_VAAR_VehicleTrackerComponent.c	3	32	30		ScriptComponent
OnPostInit	method	Scripts/Game/Systems/vaar/CRF_VAAR_VehicleTrackerComponent.c	5	5	1	CRF_VAAR_VehicleTrakcerComponent	
OnDelete	method	Scripts/Game/Systems/vaar/CRF_VAAR_VehicleTrackerComponent.c	19	19	1	CRF_VAAR_VehicleTrakcerComponent	
AutoGenerateGearIndexPlugin	class	Scripts/WorkbenchGame/GearscriptConfigList/CRF_GenerateGearScriptConfigList.c	11	66	56		ResourceManagerPlugin
Run	method	Scripts/WorkbenchGame/GearscriptConfigList/CRF_GenerateGearScriptConfigList.c	15	15	1	AutoGenerateGearIndexPlugin	
GenerateIndex	method	Scripts/WorkbenchGame/GearscriptConfigList/CRF_GenerateGearScriptConfigList.c	22	22	1	AutoGenerateGearIndexPlugin	
SaveConfig	method	Scripts/WorkbenchGame/GearscriptConfigList/CRF_GenerateGearScriptConfigList.c	48	48	1	AutoGenerateGearIndexPlugin	
OnRegisterResource	method	Scripts/WorkbenchGame/GearscriptConfigList/CRF_GenerateGearScriptConfigList.c	59	59	1	AutoGenerateGearIndexPlugin	
ConfigStruct	class	Scripts/WorkbenchGame/GearscriptConfigList/CRF_GenerateGearScriptConfigList.c	68	71	4		
CRF_MissionConfigurationPlugin	class	Scripts/WorkbenchGame/MissionPlugins/CRF_MissionConfigurationPlugin.c	10	188	179		WorkbenchPlugin
Run	method	Scripts/WorkbenchGame/MissionPlugins/CRF_MissionConfigurationPlugin.c	31	31	1	CRF_MissionConfigurationPlugin	
ButtonCancel	method	Scripts/WorkbenchGame/MissionPlugins/CRF_MissionConfigurationPlugin.c	63	63	1	CRF_MissionConfigurationPlugin	
ButtonNext	method	Scripts/WorkbenchGame/MissionPlugins/CRF_MissionConfigurationPlugin.c	70	70	1	CRF_MissionConfigurationPlugin	
GetPlayerCount	method	Scripts/WorkbenchGame/MissionPlugins/CRF_MissionConfigurationPlugin.c	178	178	1	CRF_MissionConfigurationPlugin	
CRF_MissionWorldCreationPlugin	class	Scripts/WorkbenchGame/MissionPlugins/CRF_MissionCreationPlugin.c	10	67	58		WorkbenchPlugin
Run	method	Scripts/WorkbenchGame/MissionPlugins/CRF_MissionCreationPlugin.c	13	13	1	CRF_MissionWorldCreationPlugin	
ButtonCancel	method	Scripts/WorkbenchGame/MissionPlugins/CRF_MissionCreationPlugin.c	24	24	1	CRF_MissionWorldCreationPlugin	
ButtonNext	method	Scripts/WorkbenchGame/MissionPlugins/CRF_MissionCreationPlugin.c	31	31	1	CRF_MissionWorldCreationPlugin	
CRF_MissionDescriptionsPlugin	class	Scripts/WorkbenchGame/MissionPlugins/CRF_MissionDescriptionPlugin.c	10	109	100		WorkbenchPlugin
Run	method	Scripts/WorkbenchGame/MissionPlugins/CRF_MissionDescriptionPlugin.c	16	16	1	CRF_MissionDescriptionsPlugin	
ButtonCancel	method	Scripts/WorkbenchGame/MissionPlugins/CRF_MissionDescriptionPlugin.c	46	46	1	CRF_MissionDescriptionsPlugin	
ButtonNext	method	Scripts/WorkbenchGame/MissionPlugins/CRF_MissionDescriptionPlugin.c	53	53	1	CRF_MissionDescriptionsPlugin	
CRF_MissionFactionsPlugin	class	Scripts/WorkbenchGame/MissionPlugins/CRF_MissionFactionPlugin.c	10	281	272		WorkbenchPlugin
Run	method	Scripts/WorkbenchGame/MissionPlugins/CRF_MissionFactionPlugin.c	68	68	1	CRF_MissionFactionsPlugin	
SetPluginGearscriptVariables	method	Scripts/WorkbenchGame/MissionPlugins/CRF_MissionFactionPlugin.c	117	117	1	CRF_MissionFactionsPlugin	
SetPluginFriendlyFactions	method	Scripts/WorkbenchGame/MissionPlugins/CRF_MissionFactionPlugin.c	128	128	1	CRF_MissionFactionsPlugin	
ButtonCancel	method	Scripts/WorkbenchGame/MissionPlugins/CRF_MissionFactionPlugin.c	142	142	1	CRF_MissionFactionsPlugin	
ButtonNext	method	Scripts/WorkbenchGame/MissionPlugins/CRF_MissionFactionPlugin.c	149	149	1	CRF_MissionFactionsPlugin	
SetGamemodeGearscriptVariables	method	Scripts/WorkbenchGame/MissionPlugins/CRF_MissionFactionPlugin.c	211	211	1	CRF_MissionFactionsPlugin	
SetFactionManagerVariables	method	Scripts/WorkbenchGame/MissionPlugins/CRF_MissionFactionPlugin.c	224	224	1	CRF_MissionFactionsPlugin	
GetFactionManager	method	Scripts/WorkbenchGame/MissionPlugins/CRF_MissionFactionPlugin.c	268	268	1	CRF_MissionFactionsPlugin	
CRF_MissionGamemodePlugin	class	Scripts/WorkbenchGame/MissionPlugins/CRF_MissionGamemodePlugin.c	10	167	158		WorkbenchPlugin
Run	method	Scripts/WorkbenchGame/MissionPlugins/CRF_MissionGamemodePlugin.c	58	58	1	CRF_MissionGamemodePlugin	
ButtonCancel	method	Scripts/WorkbenchGame/MissionPlugins/CRF_MissionGamemodePlugin.c	104	104	1	CRF_MissionGamemodePlugin	
ButtonNext	method	Scripts/WorkbenchGame/MissionPlugins/CRF_MissionGamemodePlugin.c	111	111	1	CRF_MissionGamemodePlugin	
CRF_MissionSlottingPlugin	class	Scripts/WorkbenchGame/MissionPlugins/CRF_MissionSlottingPlugin.c	10	53	44		WorkbenchPlugin
Run	method	Scripts/WorkbenchGame/MissionPlugins/CRF_MissionSlottingPlugin.c	13	13	1	CRF_MissionSlottingPlugin	
CRF_MissionSlottingQuickSetupDialouge	class	Scripts/WorkbenchGame/MissionPlugins/CRF_MissionSlottingPlugin.c	56	137	82		
Run	method	Scripts/WorkbenchGame/MissionPlugins/CRF_MissionSlottingPlugin.c	88	88	1	CRF_MissionSlottingQuickSetupDialouge	
ButtonCancel	method	Scripts/WorkbenchGame/MissionPlugins/CRF_MissionSlottingPlugin.c	99	99	1	CRF_MissionSlottingQuickSetupDialouge	
ButtonNext	method	Scripts/WorkbenchGame/MissionPlugins/CRF_MissionSlottingPlugin.c	106	106	1	CRF_MissionSlottingQuickSetupDialouge	
SetDefaultSlots	method	Scripts/WorkbenchGame/MissionPlugins/CRF_MissionSlottingPlugin.c	129	129	1	CRF_MissionSlottingQuickSetupDialouge	
CRF_MissionSlottingSetupDialouge	class	Scripts/WorkbenchGame/MissionPlugins/CRF_MissionSlottingPlugin.c	140	316	177		
Run	method	Scripts/WorkbenchGame/MissionPlugins/CRF_MissionSlottingPlugin.c	167	167	1	CRF_MissionSlottingSetupDialouge	
SetPluginSlottingVariables	method	Scripts/WorkbenchGame/MissionPlugins/CRF_MissionSlottingPlugin.c	197	197	1	CRF_MissionSlottingSetupDialouge	
SetPluginQuickSlots	method	Scripts/WorkbenchGame/MissionPlugins/CRF_MissionSlottingPlugin.c	207	207	1	CRF_MissionSlottingSetupDialouge	
ButtonCancel	method	Scripts/WorkbenchGame/MissionPlugins/CRF_MissionSlottingPlugin.c	239	239	1	CRF_MissionSlottingSetupDialouge	
ButtonNext	method	Scripts/WorkbenchGame/MissionPlugins/CRF_MissionSlottingPlugin.c	246	246	1	CRF_MissionSlottingSetupDialouge	
SetGamemodeSlottingVariables	method	Scripts/WorkbenchGame/MissionPlugins/CRF_MissionSlottingPlugin.c	290	290	1	CRF_MissionSlottingSetupDialouge	
CRF_RallyPlayerEntry	class	scripts/Game/GameMode/Rally/CRF_RallyGamemodeComponent.c	31	65	35		
CRF_RallyPlayerEntry	method	scripts/Game/GameMode/Rally/CRF_RallyGamemodeComponent.c	45	45	1	CRF_RallyPlayerEntry	
GetProgress	method	scripts/Game/GameMode/Rally/CRF_RallyGamemodeComponent.c	61	61	1	CRF_RallyPlayerEntry	
CRF_RallyResultsMenu	class	scripts/Game/GameMode/Rally/CRF_RallyGamemodeComponent.c	71	95	25		ChimeraMenuBase
OnMenuOpen	method	scripts/Game/GameMode/Rally/CRF_RallyGamemodeComponent.c	73	73	1	CRF_RallyResultsMenu	
OnMenuUpdate	method	scripts/Game/GameMode/Rally/CRF_RallyGamemodeComponent.c	79	79	1	CRF_RallyResultsMenu	
Action_Exit	method	scripts/Game/GameMode/Rally/CRF_RallyGamemodeComponent.c	91	91	1	CRF_RallyResultsMenu	
CRF_RallyGamemodeComponentClass	class	scripts/Game/GameMode/Rally/CRF_RallyGamemodeComponent.c	100	100	1		SCR_BaseGameModeComponentClass
CRF_RallyGamemodeComponent	class	scripts/Game/GameMode/Rally/CRF_RallyGamemodeComponent.c	103	1457	1355		SCR_BaseGameModeComponent
CRF_RallyGamemodeComponent	method	scripts/Game/GameMode/Rally/CRF_RallyGamemodeComponent.c	183	183	1	CRF_RallyGamemodeComponent	
GetInstance	method	scripts/Game/GameMode/Rally/CRF_RallyGamemodeComponent.c	188	188	1	CRF_RallyGamemodeComponent	
OnPostInit	method	scripts/Game/GameMode/Rally/CRF_RallyGamemodeComponent.c	197	197	1	CRF_RallyGamemodeComponent	
OnDelete	method	scripts/Game/GameMode/Rally/CRF_RallyGamemodeComponent.c	210	210	1	CRF_RallyGamemodeComponent	
ServerInit	method	scripts/Game/GameMode/Rally/CRF_RallyGamemodeComponent.c	226	226	1	CRF_RallyGamemodeComponent	
CacheCheckpointPositions	method	scripts/Game/GameMode/Rally/CRF_RallyGamemodeComponent.c	260	260	1	CRF_RallyGamemodeComponent	
SpawnCheckpointSmokes	method	scripts/Game/GameMode/Rally/CRF_RallyGamemodeComponent.c	296	296	1	CRF_RallyGamemodeComponent	
ClearCheckpointSmokes	method	scripts/Game/GameMode/Rally/CRF_RallyGamemodeComponent.c	338	338	1	CRF_RallyGamemodeComponent	
SpawnCheckpointMarkers	method	scripts/Game/GameMode/Rally/CRF_RallyGamemodeComponent.c	350	350	1	CRF_RallyGamemodeComponent	
ClearCheckpointMarkers	method	scripts/Game/GameMode/Rally/CRF_RallyGamemodeComponent.c	392	392	1	CRF_RallyGamemodeComponent	
GetOrCreateEntry	method	scripts/Game/GameMode/Rally/CRF_RallyGamemodeComponent.c	407	407	1	CRF_RallyGamemodeComponent	
GetEntry	method	scripts/Game/GameMode/Rally/CRF_RallyGamemodeComponent.c	418	418	1	CRF_RallyGamemodeComponent	
OnPlayerConnected	method	scripts/Game/GameMode/Rally/CRF_RallyGamemodeComponent.c	428	428	1	CRF_RallyGamemodeComponent	
OnPlayerDisconnected	method	scripts/Game/GameMode/Rally/CRF_RallyGamemodeComponent.c	435	435	1	CRF_RallyGamemodeComponent	
EOnFrame	method	scripts/Game/GameMode/Rally/CRF_RallyGamemodeComponent.c	459	459	1	CRF_RallyGamemodeComponent	
PollAllPlayerCheckpoints	method	scripts/Game/GameMode/Rally/CRF_RallyGamemodeComponent.c	498	498	1	CRF_RallyGamemodeComponent	
CheckCheckpointCrossing	method	scripts/Game/GameMode/Rally/CRF_RallyGamemodeComponent.c	521	521	1	CRF_RallyGamemodeComponent	
OnCheckpointCrossed	method	scripts/Game/GameMode/Rally/CRF_RallyGamemodeComponent.c	539	539	1	CRF_RallyGamemodeComponent	
BuildAndReplicateStandings	method	scripts/Game/GameMode/Rally/CRF_RallyGamemodeComponent.c	631	631	1	CRF_RallyGamemodeComponent	
GetSortedEntries	method	scripts/Game/GameMode/Rally/CRF_RallyGamemodeComponent.c	678	678	1	CRF_RallyGamemodeComponent	
IsAhead	method	scripts/Game/GameMode/Rally/CRF_RallyGamemodeComponent.c	705	705	1	CRF_RallyGamemodeComponent	
GetPlayerStandingPosition	method	scripts/Game/GameMode/Rally/CRF_RallyGamemodeComponent.c	722	722	1	CRF_RallyGamemodeComponent	
KillPlayerAndVehicle	method	scripts/Game/GameMode/Rally/CRF_RallyGamemodeComponent.c	737	737	1	CRF_RallyGamemodeComponent	
CheckAllRacersFinishedOrDead	method	scripts/Game/GameMode/Rally/CRF_RallyGamemodeComponent.c	759	759	1	CRF_RallyGamemodeComponent	
TriggerResults	method	scripts/Game/GameMode/Rally/CRF_RallyGamemodeComponent.c	782	782	1	CRF_RallyGamemodeComponent	
OnPlayerKilled	method	scripts/Game/GameMode/Rally/CRF_RallyGamemodeComponent.c	796	796	1	CRF_RallyGamemodeComponent	
BuildResultsString	method	scripts/Game/GameMode/Rally/CRF_RallyGamemodeComponent.c	825	825	1	CRF_RallyGamemodeComponent	
RpcDo_CheckpointNotify	method	scripts/Game/GameMode/Rally/CRF_RallyGamemodeComponent.c	938	938	1	CRF_RallyGamemodeComponent	
RpcDo_LapCompleteNotify	method	scripts/Game/GameMode/Rally/CRF_RallyGamemodeComponent.c	947	947	1	CRF_RallyGamemodeComponent	
RpcDo_FinishNotify	method	scripts/Game/GameMode/Rally/CRF_RallyGamemodeComponent.c	957	957	1	CRF_RallyGamemodeComponent	
RpcDo_PodiumNotify	method	scripts/Game/GameMode/Rally/CRF_RallyGamemodeComponent.c	967	967	1	CRF_RallyGamemodeComponent	
RpcDo_ChatBroadcast	method	scripts/Game/GameMode/Rally/CRF_RallyGamemodeComponent.c	974	974	1	CRF_RallyGamemodeComponent	
RpcDo_ShowRallyResults	method	scripts/Game/GameMode/Rally/CRF_RallyGamemodeComponent.c	990	990	1	CRF_RallyGamemodeComponent	
OnRaceActiveChanged	method	scripts/Game/GameMode/Rally/CRF_RallyGamemodeComponent.c	1076	1076	1	CRF_RallyGamemodeComponent	
CreateHUD	method	scripts/Game/GameMode/Rally/CRF_RallyGamemodeComponent.c	1082	1082	1	CRF_RallyGamemodeComponent	
DestroyHUD	method	scripts/Game/GameMode/Rally/CRF_RallyGamemodeComponent.c	1104	1104	1	CRF_RallyGamemodeComponent	
UpdateHUD	method	scripts/Game/GameMode/Rally/CRF_RallyGamemodeComponent.c	1118	1118	1	CRF_RallyGamemodeComponent	
FormatTime	method	scripts/Game/GameMode/Rally/CRF_RallyGamemodeComponent.c	1432	1432	1	CRF_RallyGamemodeComponent	
PositionLabel	method	scripts/Game/GameMode/Rally/CRF_RallyGamemodeComponent.c	1446	1446	1	CRF_RallyGamemodeComponent	
CRF_LotteryEntry	class	scripts/Game/Systems/Components/Lottery/CRF_SlotLottery.c	5	16	12		
CRF_LotteryEntry	method	scripts/Game/Systems/Components/Lottery/CRF_SlotLottery.c	11	11	1	CRF_LotteryEntry	
CRF_SlotLotteryClass	class	scripts/Game/Systems/Components/Lottery/CRF_SlotLottery.c	18	18	1		SCR_BaseGameModeComponentClass
CRF_SlotLottery	class	scripts/Game/Systems/Components/Lottery/CRF_SlotLottery.c	21	735	715		SCR_BaseGameModeComponent
CRF_LotteryEntry	method	scripts/Game/Systems/Components/Lottery/CRF_SlotLottery.c	30	30	1	CRF_SlotLottery	
GetLotteryFactions	method	scripts/Game/Systems/Components/Lottery/CRF_SlotLottery.c	42	42	1	CRF_SlotLottery	
NormalizeFactionKey	method	scripts/Game/Systems/Components/Lottery/CRF_SlotLottery.c	55	55	1	CRF_SlotLottery	
ValidateSquadExists	method	scripts/Game/Systems/Components/Lottery/CRF_SlotLottery.c	73	73	1	CRF_SlotLottery	
OnPostInit	method	scripts/Game/Systems/Components/Lottery/CRF_SlotLottery.c	136	136	1	CRF_SlotLottery	
RegisterChatCommands	method	scripts/Game/Systems/Components/Lottery/CRF_SlotLottery.c	156	156	1	CRF_SlotLottery	
OnChatCmd_Roll	method	scripts/Game/Systems/Components/Lottery/CRF_SlotLottery.c	178	178	1	CRF_SlotLottery	
RegisterPlayerForLottery_Server	method	scripts/Game/Systems/Components/Lottery/CRF_SlotLottery.c	261	261	1	CRF_SlotLottery	
OnChatCmd_RunLottery	method	scripts/Game/Systems/Components/Lottery/CRF_SlotLottery.c	302	302	1	CRF_SlotLottery	
RunSlotLottery_Server	method	scripts/Game/Systems/Components/Lottery/CRF_SlotLottery.c	329	329	1	CRF_SlotLottery	
OnChatCmd_ClearLottery	method	scripts/Game/Systems/Components/Lottery/CRF_SlotLottery.c	509	509	1	CRF_SlotLottery	
ClearSlotLottery_Server	method	scripts/Game/Systems/Components/Lottery/CRF_SlotLottery.c	536	536	1	CRF_SlotLottery	
GetPlayerSignedUpFaction	method	scripts/Game/Systems/Components/Lottery/CRF_SlotLottery.c	562	562	1	CRF_SlotLottery	
GetTotalSignupCount	method	scripts/Game/Systems/Components/Lottery/CRF_SlotLottery.c	580	580	1	CRF_SlotLottery	
ClearAllQueues	method	scripts/Game/Systems/Components/Lottery/CRF_SlotLottery.c	594	594	1	CRF_SlotLottery	
GetAvailableSlotsForFaction	method	scripts/Game/Systems/Components/Lottery/CRF_SlotLottery.c	607	607	1	CRF_SlotLottery	
FilterSlotsBySquad	method	scripts/Game/Systems/Components/Lottery/CRF_SlotLottery.c	644	644	1	CRF_SlotLottery	
ShuffleEntries	method	scripts/Game/Systems/Components/Lottery/CRF_SlotLottery.c	693	693	1	CRF_SlotLottery	
IsGameRunning	method	scripts/Game/Systems/Components/Lottery/CRF_SlotLottery.c	708	708	1	CRF_SlotLottery	
GetInstance	method	scripts/Game/Systems/Components/Lottery/CRF_SlotLottery.c	731	731	1	CRF_SlotLottery	
CRF_AreaDamageArea	class	scripts/Game/Systems/Components/Misc/AreaDamage/CRF_AreaDamageArea.c	5	108	104		SCR_DamageArea
GetDamageEffect	method	scripts/Game/Systems/Components/Misc/AreaDamage/CRF_AreaDamageArea.c	9	9	1	CRF_AreaDamageArea	
OnAreaEntered	method	scripts/Game/Systems/Components/Misc/AreaDamage/CRF_AreaDamageArea.c	30	30	1	CRF_AreaDamageArea	
OnAreaExit	method	scripts/Game/Systems/Components/Misc/AreaDamage/CRF_AreaDamageArea.c	57	57	1	CRF_AreaDamageArea	
HasActiveEffectFrom	method	scripts/Game/Systems/Components/Misc/AreaDamage/CRF_AreaDamageArea.c	90	90	1	CRF_AreaDamageArea	
CRF_DotDamageArea	class	scripts/Game/Systems/Components/Misc/AreaDamage/CRF_DotDamageArea.c	5	76	72		SCR_DamageArea
GetDamageEffect	method	scripts/Game/Systems/Components/Misc/AreaDamage/CRF_DotDamageArea.c	17	17	1	CRF_DotDamageArea	
OnAreaExit	method	scripts/Game/Systems/Components/Misc/AreaDamage/CRF_DotDamageArea.c	39	39	1	CRF_DotDamageArea	
CRF_AreaSlowEffect	class	scripts/Game/Systems/Components/Misc/AreaDamage/Effects/CRF_AreaSlowEffect.c	6	38	33		SCR_SpecialCollisionDamageEffect
HijackDamageEffect	method	scripts/Game/Systems/Components/Misc/AreaDamage/Effects/CRF_AreaSlowEffect.c	10	10	1	CRF_AreaSlowEffect	
OnEffectAdded	method	scripts/Game/Systems/Components/Misc/AreaDamage/Effects/CRF_AreaSlowEffect.c	33	33	1	CRF_AreaSlowEffect	
CRF_HealingDamageEffect	class	scripts/Game/Systems/Components/Misc/AreaDamage/Effects/CRF_HealingDamageEffect.c	6	133	128		SCR_DotDamageEffect
HandleConsequences	method	scripts/Game/Systems/Components/Misc/AreaDamage/Effects/CRF_HealingDamageEffect.c	13	13	1	CRF_HealingDamageEffect	
HijackDamageEffect	method	scripts/Game/Systems/Components/Misc/AreaDamage/Effects/CRF_HealingDamageEffect.c	20	20	1	CRF_HealingDamageEffect	
OnEffectAdded	method	scripts/Game/Systems/Components/Misc/AreaDamage/Effects/CRF_HealingDamageEffect.c	60	60	1	CRF_HealingDamageEffect	
EOnFrame	method	scripts/Game/Systems/Components/Misc/AreaDamage/Effects/CRF_HealingDamageEffect.c	73	73	1	CRF_HealingDamageEffect	
Save	method	scripts/Game/Systems/Components/Misc/AreaDamage/Effects/CRF_HealingDamageEffect.c	115	115	1	CRF_HealingDamageEffect	
Load	method	scripts/Game/Systems/Components/Misc/AreaDamage/Effects/CRF_HealingDamageEffect.c	122	122	1	CRF_HealingDamageEffect	
GetDefaultDamageType	method	scripts/Game/Systems/Components/Misc/AreaDamage/Effects/CRF_HealingDamageEffect.c	129	129	1	CRF_HealingDamageEffect	
