class	doc_page
AABGridMap	interfaceAABGridMap.html
ADSCameraData	interfaceADSCameraData.html
AIActionBase	interfaceAIActionBase.html
AIAgent	interfaceAIAgent.html
AIAgentClass	interfaceAIAgentClass.html
AIAmbientLightProbeSystem	interfaceAIAmbientLightProbeSystem.html
AIAnimal	interfaceAIAnimal.html
AIAnimalClass	interfaceAIAnimalClass.html
AIAnimalManagerComponent	interfaceAIAnimalManagerComponent.html
AIAnimalManagerComponentClass	interfaceAIAnimalManagerComponentClass.html
AIAnimalManagerReactToCloseEntitiesMovement	interfaceAIAnimalManagerReactToCloseEntitiesMovement.html
AIAnimalReactToDanger	interfaceAIAnimalReactToDanger.html
AIAutotest	interfaceAIAutotest.html
AIAutotestClass	interfaceAIAutotestClass.html
AIBaseAimingComponent	interfaceAIBaseAimingComponent.html
AIBaseAimingComponentClass	interfaceAIBaseAimingComponentClass.html
AIBaseMovementComponent	interfaceAIBaseMovementComponent.html
AIBaseMovementComponentClass	interfaceAIBaseMovementComponentClass.html
AIBaseUtilityComponent	interfaceAIBaseUtilityComponent.html
AIBaseUtilityComponentClass	interfaceAIBaseUtilityComponentClass.html
AIBehaviorTreeComponent	interfaceAIBehaviorTreeComponent.html
AIBehaviorTreeComponentBase	interfaceAIBehaviorTreeComponentBase.html
AIBehaviorTreeComponentBaseClass	interfaceAIBehaviorTreeComponentBaseClass.html
AIBehaviorTreeComponentClass	interfaceAIBehaviorTreeComponentClass.html
AIBirdManagerComponent	interfaceAIBirdManagerComponent.html
AIBirdManagerComponentClass	interfaceAIBirdManagerComponentClass.html
AICarMovementComponent	interfaceAICarMovementComponent.html
AICarMovementComponentClass	interfaceAICarMovementComponentClass.html
AICarMovementComponentSerializer	interfaceAICarMovementComponentSerializer.html
AICenterOfMassSystem	interfaceAICenterOfMassSystem.html
AICharacterMovementComponent	interfaceAICharacterMovementComponent.html
AICharacterMovementComponentClass	interfaceAICharacterMovementComponentClass.html
AIChimeraBehaviorTreeComponent	interfaceAIChimeraBehaviorTreeComponent.html
AIChimeraBehaviorTreeComponentClass	interfaceAIChimeraBehaviorTreeComponentClass.html
AICombatPropertiesComponent	interfaceAICombatPropertiesComponent.html
AICombatPropertiesComponentClass	interfaceAICombatPropertiesComponentClass.html
AICommunicationComponent	interfaceAICommunicationComponent.html
AICommunicationComponentClass	interfaceAICommunicationComponentClass.html
AIComponent	interfaceAIComponent.html
AIComponentClass	interfaceAIComponentClass.html
AIComponentEntity	interfaceAIComponentEntity.html
AIComponentEntityClass	interfaceAIComponentEntityClass.html
AIControlComponent	interfaceAIControlComponent.html
AIControlComponentClass	interfaceAIControlComponentClass.html
AIControlComponentSerializer	interfaceAIControlComponentSerializer.html
AIDangerEvent	interfaceAIDangerEvent.html
AIDangerEventWeaponFire	interfaceAIDangerEventWeaponFire.html
AIDiagSystem	interfaceAIDiagSystem.html
AIEvent	interfaceAIEvent.html
AIExtraMoveParams	interfaceAIExtraMoveParams.html
AIFlock	interfaceAIFlock.html
AIFlockClass	interfaceAIFlockClass.html
AIFlockMovementComponent	interfaceAIFlockMovementComponent.html
AIFlockMovementComponentClass	interfaceAIFlockMovementComponentClass.html
AIFlockUpdateSystem	interfaceAIFlockUpdateSystem.html
AIFlyingMovementComponent	interfaceAIFlyingMovementComponent.html
AIFlyingMovementComponentClass	interfaceAIFlyingMovementComponentClass.html
AIFormationComponent	interfaceAIFormationComponent.html
AIFormationComponentClass	interfaceAIFormationComponentClass.html
AIFormationComponentSerializer	interfaceAIFormationComponentSerializer.html
AIFormationDefinition	interfaceAIFormationDefinition.html
AIGroup	interfaceAIGroup.html
AIGroupClass	interfaceAIGroupClass.html
AIGroupMovementComponent	interfaceAIGroupMovementComponent.html
AIGroupMovementComponentClass	interfaceAIGroupMovementComponentClass.html
AIHelicopterMovementComponent	interfaceAIHelicopterMovementComponent.html
AIHelicopterMovementComponentClass	interfaceAIHelicopterMovementComponentClass.html
AIKnowledgeComponent	interfaceAIKnowledgeComponent.html
AIKnowledgeComponentClass	interfaceAIKnowledgeComponentClass.html
AIMessage	interfaceAIMessage.html
AIMessageSelectionMenuEntry	interfaceAIMessageSelectionMenuEntry.html
AIObstacleAvoidanceSystem	interfaceAIObstacleAvoidanceSystem.html
AIOnMessage	interfaceAIOnMessage.html
AIOrder	interfaceAIOrder.html
AIPathfindingComponent	interfaceAIPathfindingComponent.html
AIPathfindingComponentClass	interfaceAIPathfindingComponentClass.html
AISmartActionComponent	interfaceAISmartActionComponent.html
AISmartActionComponentClass	interfaceAISmartActionComponentClass.html
AISmartActionSystem	interfaceAISmartActionSystem.html
AISpawnerGroup	interfaceAISpawnerGroup.html
AISpawnerGroupClass	interfaceAISpawnerGroupClass.html
AITask	interfaceAITask.html
AITaskAim	interfaceAITaskAim.html
AITaskCallMethod	interfaceAITaskCallMethod.html
AITaskChangeStance	interfaceAITaskChangeStance.html
AITaskCharacterAim	interfaceAITaskCharacterAim.html
AITaskCharacterRaiseWeapon	interfaceAITaskCharacterRaiseWeapon.html
AITaskCharacterSetMovementSpeed	interfaceAITaskCharacterSetMovementSpeed.html
AITaskCharacterStop	interfaceAITaskCharacterStop.html
AITaskClearDanger	interfaceAITaskClearDanger.html
AITaskCreateGroup	interfaceAITaskCreateGroup.html
AITaskCreatePosition	interfaceAITaskCreatePosition.html
AITaskCurrentOrder	interfaceAITaskCurrentOrder.html
AITaskFindEntity	interfaceAITaskFindEntity.html
AITaskFindSmartAction	interfaceAITaskFindSmartAction.html
AITaskFinishOrder	interfaceAITaskFinishOrder.html
AITaskFire	interfaceAITaskFire.html
AITaskGetAimingPosition	interfaceAITaskGetAimingPosition.html
AITaskGetControlledEntity	interfaceAITaskGetControlledEntity.html
AITaskGetCurrentSmartAction	interfaceAITaskGetCurrentSmartAction.html
AITaskGetFormationOffset	interfaceAITaskGetFormationOffset.html
AITaskGetGroupChildren	interfaceAITaskGetGroupChildren.html
AITaskGetInVehicle	interfaceAITaskGetInVehicle.html
AITaskGetOutVehicle	interfaceAITaskGetOutVehicle.html
AITaskGetSmartActionParams	interfaceAITaskGetSmartActionParams.html
AITaskGetWaypoint	interfaceAITaskGetWaypoint.html
AITaskGroupMove	interfaceAITaskGroupMove.html
AITaskGroupMoveToEntity	interfaceAITaskGroupMoveToEntity.html
AITaskGroupSetMovementSpeed	interfaceAITaskGroupSetMovementSpeed.html
AITaskIdle	interfaceAITaskIdle.html
AITaskMove	interfaceAITaskMove.html
AITaskMoveInFormation	interfaceAITaskMoveInFormation.html
AITaskMoveToEntity	interfaceAITaskMoveToEntity.html
AITaskMoveToWaypoint	interfaceAITaskMoveToWaypoint.html
AITaskOrient	interfaceAITaskOrient.html
AITaskPerformObjectAction	interfaceAITaskPerformObjectAction.html
AITaskPerformSmartAction	interfaceAITaskPerformSmartAction.html
AITaskPickTarget	interfaceAITaskPickTarget.html
AITaskPlayGesture	interfaceAITaskPlayGesture.html
AITaskReload	interfaceAITaskReload.html
AITaskRequestAction	interfaceAITaskRequestAction.html
AITaskResetPathfindingFilters	interfaceAITaskResetPathfindingFilters.html
AITaskReturnState	interfaceAITaskReturnState.html
AITaskScripted	interfaceAITaskScripted.html
AITaskSendOrder	interfaceAITaskSendOrder.html
AITaskSetADS	interfaceAITaskSetADS.html
AITaskSetMovementSpeed	interfaceAITaskSetMovementSpeed.html
AITaskSetPathfindingFilters	interfaceAITaskSetPathfindingFilters.html
AITaskSetVariable	interfaceAITaskSetVariable.html
AITaskStop	interfaceAITaskStop.html
AITaskThrowGrenade	interfaceAITaskThrowGrenade.html
AIVehicleKnowledgeSystem	interfaceAIVehicleKnowledgeSystem.html
AIWaypoint	interfaceAIWaypoint.html
AIWaypointClass	interfaceAIWaypointClass.html
AIWaypointCycle	interfaceAIWaypointCycle.html
AIWaypointCycleClass	interfaceAIWaypointCycleClass.html
AIWeaponTargetSelector	interfaceAIWeaponTargetSelector.html
AIWorld	interfaceAIWorld.html
AIWorldClass	interfaceAIWorldClass.html
AIWorldSystem	interfaceAIWorldSystem.html
Achievements	interfaceAchievements.html
ActionDisplayData	interfaceActionDisplayData.html
ActionsManagerComponent	interfaceActionsManagerComponent.html
ActionsManagerComponentClass	interfaceActionsManagerComponentClass.html
ActionsPerformerComponent	interfaceActionsPerformerComponent.html
ActionsPerformerComponentClass	interfaceActionsPerformerComponentClass.html
ActionsTuple	interfaceActionsTuple.html
AddonsToolsUI	interfaceAddonsToolsUI.html
AimPoint	interfaceAimPoint.html
AimingComponent	interfaceAimingComponent.html
AimingComponentClass	interfaceAimingComponentClass.html
AimingModifierAttributes	interfaceAimingModifierAttributes.html
AirplaneControllerComponent	interfaceAirplaneControllerComponent.html
AirplaneControllerComponentClass	interfaceAirplaneControllerComponentClass.html
AlignPlayerCinematicTrack	interfaceAlignPlayerCinematicTrack.html
AmbientSoundsComponent	interfaceAmbientSoundsComponent.html
AmbientSoundsComponentClass	interfaceAmbientSoundsComponentClass.html
AnimPhysCommandScripted	interfaceAnimPhysCommandScripted.html
AnimalAnimationComponent	interfaceAnimalAnimationComponent.html
AnimalAnimationComponentClass	interfaceAnimalAnimationComponentClass.html
AnimalCommandHandlerComponent	interfaceAnimalCommandHandlerComponent.html
AnimalCommandHandlerComponentClass	interfaceAnimalCommandHandlerComponentClass.html
AnimalControllerComponent	interfaceAnimalControllerComponent.html
AnimalControllerComponentClass	interfaceAnimalControllerComponentClass.html
AnimalSoundComponent	interfaceAnimalSoundComponent.html
AnimalSoundComponentClass	interfaceAnimalSoundComponentClass.html
AnimateWidget	interfaceAnimateWidget.html
AnimateWidgetSystem	interfaceAnimateWidgetSystem.html
AnimatedColliderComponent	interfaceAnimatedColliderComponent.html
AnimatedColliderComponentClass	interfaceAnimatedColliderComponentClass.html
AnimationIKTargetInfo	interfaceAnimationIKTargetInfo.html
AoeDamageSystem	interfaceAoeDamageSystem.html
ArmaReforgerLoadingAnim	interfaceArmaReforgerLoadingAnim.html
ArmaReforgerScripted	interfaceArmaReforgerScripted.html
AssignmentSolver	interfaceAssignmentSolver.html
AttachBonePositionPlayerTrackModifier	interfaceAttachBonePositionPlayerTrackModifier.html
AttachBonePositionTrackModifier	interfaceAttachBonePositionTrackModifier.html
AttachBoneRotationTrackModifier	interfaceAttachBoneRotationTrackModifier.html
AttachPositionTrackModifier	interfaceAttachPositionTrackModifier.html
AttachRotationTrackModifier	interfaceAttachRotationTrackModifier.html
AttachToSlotManagerCinematicTrack	interfaceAttachToSlotManagerCinematicTrack.html
AttachmentAttributes	interfaceAttachmentAttributes.html
AttachmentBayonet	interfaceAttachmentBayonet.html
AttachmentBayonet6Kh4	interfaceAttachmentBayonet6Kh4.html
AttachmentBayonet6Kh4Class	interfaceAttachmentBayonet6Kh4Class.html
AttachmentBayonetClass	interfaceAttachmentBayonetClass.html
AttachmentBayonetM9	interfaceAttachmentBayonetM9.html
AttachmentBayonetM9Class	interfaceAttachmentBayonetM9Class.html
AttachmentBayonetVz58	interfaceAttachmentBayonetVz58.html
AttachmentBayonetVz58Class	interfaceAttachmentBayonetVz58Class.html
AttachmentCamouflage	interfaceAttachmentCamouflage.html
AttachmentCamouflageClass	interfaceAttachmentCamouflageClass.html
AttachmentCamouflageOptics	interfaceAttachmentCamouflageOptics.html
AttachmentCamouflageOpticsClass	interfaceAttachmentCamouflageOpticsClass.html
AttachmentFlashHider	interfaceAttachmentFlashHider.html
AttachmentFlashHider6P20	interfaceAttachmentFlashHider6P20.html
AttachmentFlashHider6P20Class	interfaceAttachmentFlashHider6P20Class.html
AttachmentFlashHider6P26	interfaceAttachmentFlashHider6P26.html
AttachmentFlashHider6P26Class	interfaceAttachmentFlashHider6P26Class.html
AttachmentFlashHiderA2	interfaceAttachmentFlashHiderA2.html
AttachmentFlashHiderA2Class	interfaceAttachmentFlashHiderA2Class.html
AttachmentFlashHiderClass	interfaceAttachmentFlashHiderClass.html
AttachmentHandGuard	interfaceAttachmentHandGuard.html
AttachmentHandGuardClass	interfaceAttachmentHandGuardClass.html
AttachmentHandGuardM16	interfaceAttachmentHandGuardM16.html
AttachmentHandGuardM16Class	interfaceAttachmentHandGuardM16Class.html
AttachmentMuzzle	interfaceAttachmentMuzzle.html
AttachmentMuzzle308	interfaceAttachmentMuzzle308.html
AttachmentMuzzle308Class	interfaceAttachmentMuzzle308Class.html
AttachmentMuzzle45	interfaceAttachmentMuzzle45.html
AttachmentMuzzle45Class	interfaceAttachmentMuzzle45Class.html
AttachmentMuzzle545_39	interfaceAttachmentMuzzle545__39.html
AttachmentMuzzle545_39Class	interfaceAttachmentMuzzle545__39Class.html
AttachmentMuzzle556_45	interfaceAttachmentMuzzle556__45.html
AttachmentMuzzle556_45Class	interfaceAttachmentMuzzle556__45Class.html
AttachmentMuzzle762_39	interfaceAttachmentMuzzle762__39.html
AttachmentMuzzle762_39Class	interfaceAttachmentMuzzle762__39Class.html
AttachmentMuzzle762_51	interfaceAttachmentMuzzle762__51.html
AttachmentMuzzle762_51Class	interfaceAttachmentMuzzle762__51Class.html
AttachmentMuzzle762_54	interfaceAttachmentMuzzle762__54.html
AttachmentMuzzle762_54Class	interfaceAttachmentMuzzle762__54Class.html
AttachmentMuzzle9_18	interfaceAttachmentMuzzle9__18.html
AttachmentMuzzle9_18Class	interfaceAttachmentMuzzle9__18Class.html
AttachmentMuzzle9_19	interfaceAttachmentMuzzle9__19.html
AttachmentMuzzle9_19Class	interfaceAttachmentMuzzle9__19Class.html
AttachmentMuzzleClass	interfaceAttachmentMuzzleClass.html
AttachmentMuzzlePistol	interfaceAttachmentMuzzlePistol.html
AttachmentMuzzlePistolClass	interfaceAttachmentMuzzlePistolClass.html
AttachmentOptics	interfaceAttachmentOptics.html
AttachmentOpticsCarryHandle	interfaceAttachmentOpticsCarryHandle.html
AttachmentOpticsCarryHandleClass	interfaceAttachmentOpticsCarryHandleClass.html
AttachmentOpticsClass	interfaceAttachmentOpticsClass.html
AttachmentOpticsDovetail	interfaceAttachmentOpticsDovetail.html
AttachmentOpticsDovetailAK	interfaceAttachmentOpticsDovetailAK.html
AttachmentOpticsDovetailAKClass	interfaceAttachmentOpticsDovetailAKClass.html
AttachmentOpticsDovetailAKSVD	interfaceAttachmentOpticsDovetailAKSVD.html
AttachmentOpticsDovetailAKSVDClass	interfaceAttachmentOpticsDovetailAKSVDClass.html
AttachmentOpticsDovetailClass	interfaceAttachmentOpticsDovetailClass.html
AttachmentOpticsDovetailRPG7	interfaceAttachmentOpticsDovetailRPG7.html
AttachmentOpticsDovetailRPG7Class	interfaceAttachmentOpticsDovetailRPG7Class.html
AttachmentOpticsDovetailSVD	interfaceAttachmentOpticsDovetailSVD.html
AttachmentOpticsDovetailSVDClass	interfaceAttachmentOpticsDovetailSVDClass.html
AttachmentOpticsDovetailUK59	interfaceAttachmentOpticsDovetailUK59.html
AttachmentOpticsDovetailUK59Class	interfaceAttachmentOpticsDovetailUK59Class.html
AttachmentOpticsM21	interfaceAttachmentOpticsM21.html
AttachmentOpticsM21Class	interfaceAttachmentOpticsM21Class.html
AttachmentOpticsRIS1913	interfaceAttachmentOpticsRIS1913.html
AttachmentOpticsRIS1913Class	interfaceAttachmentOpticsRIS1913Class.html
AttachmentOpticsRIS1913Medium	interfaceAttachmentOpticsRIS1913Medium.html
AttachmentOpticsRIS1913MediumClass	interfaceAttachmentOpticsRIS1913MediumClass.html
AttachmentOpticsRIS1913Short	interfaceAttachmentOpticsRIS1913Short.html
AttachmentOpticsRIS1913ShortClass	interfaceAttachmentOpticsRIS1913ShortClass.html
AttachmentOpticsRIS1913VeryShort	interfaceAttachmentOpticsRIS1913VeryShort.html
AttachmentOpticsRIS1913VeryShortClass	interfaceAttachmentOpticsRIS1913VeryShortClass.html
AttachmentRIS1913	interfaceAttachmentRIS1913.html
AttachmentRIS1913Class	interfaceAttachmentRIS1913Class.html
AttachmentRIS1913Short	interfaceAttachmentRIS1913Short.html
AttachmentRIS1913ShortClass	interfaceAttachmentRIS1913ShortClass.html
AttachmentSlotComponent	interfaceAttachmentSlotComponent.html
AttachmentSlotComponentClass	interfaceAttachmentSlotComponentClass.html
AttachmentStock	interfaceAttachmentStock.html
AttachmentStockClass	interfaceAttachmentStockClass.html
AttachmentStockVz58	interfaceAttachmentStockVz58.html
AttachmentStockVz58Class	interfaceAttachmentStockVz58Class.html
AttachmentSuppressor	interfaceAttachmentSuppressor.html
AttachmentSuppressorClass	interfaceAttachmentSuppressorClass.html
AttachmentSuppressorMark3	interfaceAttachmentSuppressorMark3.html
AttachmentSuppressorMark3Class	interfaceAttachmentSuppressorMark3Class.html
AttachmentSuppressorPBS4	interfaceAttachmentSuppressorPBS4.html
AttachmentSuppressorPBS4Class	interfaceAttachmentSuppressorPBS4Class.html
AttachmentUnderBarrel	interfaceAttachmentUnderBarrel.html
AttachmentUnderBarrelClass	interfaceAttachmentUnderBarrelClass.html
AttachmentUnderBarrelGP25	interfaceAttachmentUnderBarrelGP25.html
AttachmentUnderBarrelGP25Class	interfaceAttachmentUnderBarrelGP25Class.html
AttachmentUnderBarrelM203	interfaceAttachmentUnderBarrelM203.html
AttachmentUnderBarrelM203Carbine	interfaceAttachmentUnderBarrelM203Carbine.html
AttachmentUnderBarrelM203CarbineClass	interfaceAttachmentUnderBarrelM203CarbineClass.html
AttachmentUnderBarrelM203Class	interfaceAttachmentUnderBarrelM203Class.html
AttachmentUnderbarrelRIS1913	interfaceAttachmentUnderbarrelRIS1913.html
AttachmentUnderbarrelRIS1913Class	interfaceAttachmentUnderbarrelRIS1913Class.html
AttachmentUnderbarrelRIS1913Short	interfaceAttachmentUnderbarrelRIS1913Short.html
AttachmentUnderbarrelRIS1913ShortClass	interfaceAttachmentUnderbarrelRIS1913ShortClass.html
AttachmentsStorageComponent	interfaceAttachmentsStorageComponent.html
AttachmentsStorageComponentClass	interfaceAttachmentsStorageComponentClass.html
AvailableActionEditorLayoutBehavior	interfaceAvailableActionEditorLayoutBehavior.html
AvailableActionLayoutBehavior	interfaceAvailableActionLayoutBehavior.html
AvailableActionLayoutBehaviorBase	interfaceAvailableActionLayoutBehaviorBase.html
AvailableActionMenuLayoutBehavior	interfaceAvailableActionMenuLayoutBehavior.html
BTRBodyDustTrail	interfaceBTRBodyDustTrail.html
BTRBodyDustTrailClass	interfaceBTRBodyDustTrailClass.html
BackendCallback_Storage	interfaceBackendCallback__Storage.html
BackendExamples	interfaceBackendExamples.html
Backend_Test_Storage	interfaceBackend__Test__Storage.html
BallisticGenerationConfig	interfaceBallisticGenerationConfig.html
BallisticInfo	interfaceBallisticInfo.html
BallisticTable	interfaceBallisticTable.html
BallisticTableArray	interfaceBallisticTableArray.html
BanCommand	interfaceBanCommand.html
BaseActionsManagerComponent	interfaceBaseActionsManagerComponent.html
BaseActionsManagerComponentClass	interfaceBaseActionsManagerComponentClass.html
BaseAimPoint	interfaceBaseAimPoint.html
BaseAimingComponent	interfaceBaseAimingComponent.html
BaseAimingComponentClass	interfaceBaseAimingComponentClass.html
BaseAnimPhysComponent	interfaceBaseAnimPhysComponent.html
BaseAnimPhysComponentClass	interfaceBaseAnimPhysComponentClass.html
BaseAttachmentSlotComponent	interfaceBaseAttachmentSlotComponent.html
BaseAttachmentSlotComponentClass	interfaceBaseAttachmentSlotComponentClass.html
BaseAttachmentType	interfaceBaseAttachmentType.html
BaseAutopilotHelperComponent	interfaceBaseAutopilotHelperComponent.html
BaseAutopilotHelperComponentClass	interfaceBaseAutopilotHelperComponentClass.html
BaseBuilding	interfaceBaseBuilding.html
BaseBuildingClass	interfaceBaseBuildingClass.html
BaseChatChannel	interfaceBaseChatChannel.html
BaseChatChannelStyle	interfaceBaseChatChannelStyle.html
BaseChatComponent	interfaceBaseChatComponent.html
BaseChatComponentClass	interfaceBaseChatComponentClass.html
BaseChatEntity	interfaceBaseChatEntity.html
BaseChatEntityClass	interfaceBaseChatEntityClass.html
BaseCollimatorReticleColor	interfaceBaseCollimatorReticleColor.html
BaseCollimatorReticleInfo	interfaceBaseCollimatorReticleInfo.html
BaseCollimatorSightsComponent	interfaceBaseCollimatorSightsComponent.html
BaseCollimatorSightsComponentClass	interfaceBaseCollimatorSightsComponentClass.html
BaseCommandHandlerComponent	interfaceBaseCommandHandlerComponent.html
BaseCommandHandlerComponentClass	interfaceBaseCommandHandlerComponentClass.html
BaseCompartmentDoor	interfaceBaseCompartmentDoor.html
BaseCompartmentManagerComponent	interfaceBaseCompartmentManagerComponent.html
BaseCompartmentManagerComponentClass	interfaceBaseCompartmentManagerComponentClass.html
BaseCompartmentManagerComponentSerializer	interfaceBaseCompartmentManagerComponentSerializer.html
BaseCompartmentSlot	interfaceBaseCompartmentSlot.html
BaseContainerCatalogPlacableEntitiesTitleField	interfaceBaseContainerCatalogPlacableEntitiesTitleField.html
BaseContainerCustomCheckIntTitleField	interfaceBaseContainerCustomCheckIntTitleField.html
BaseContainerCustomCheckIntWithFlagTitleField	interfaceBaseContainerCustomCheckIntWithFlagTitleField.html
BaseContainerCustomDoubleCheckIntResourceNameTitleField	interfaceBaseContainerCustomDoubleCheckIntResourceNameTitleField.html
BaseContainerCustomDoubleCheckTitleField	interfaceBaseContainerCustomDoubleCheckTitleField.html
BaseContainerCustomDoubleTitleField	interfaceBaseContainerCustomDoubleTitleField.html
BaseContainerCustomEnumWithValue	interfaceBaseContainerCustomEnumWithValue.html
BaseContainerCustomStringTitleField	interfaceBaseContainerCustomStringTitleField.html
BaseContainerObject	interfaceBaseContainerObject.html
BaseControllerComponent	interfaceBaseControllerComponent.html
BaseControllerComponentClass	interfaceBaseControllerComponentClass.html
BaseDamageAreaShape	interfaceBaseDamageAreaShape.html
BaseDamageContext	interfaceBaseDamageContext.html
BaseDamageEffect	interfaceBaseDamageEffect.html
BaseDecoratorTest	interfaceBaseDecoratorTest.html
BaseDestructibleData	interfaceBaseDestructibleData.html
BaseDestructionPhase	interfaceBaseDestructionPhase.html
BaseDoorComponent	interfaceBaseDoorComponent.html
BaseDoorComponentClass	interfaceBaseDoorComponentClass.html
BaseEffectComponent	interfaceBaseEffectComponent.html
BaseEffectComponentClass	interfaceBaseEffectComponentClass.html
BaseEjectorInterface	interfaceBaseEjectorInterface.html
BaseEquipedWeaponStorageComponent	interfaceBaseEquipedWeaponStorageComponent.html
BaseEquipedWeaponStorageComponentClass	interfaceBaseEquipedWeaponStorageComponentClass.html
BaseEquipmentStorageComponent	interfaceBaseEquipmentStorageComponent.html
BaseEquipmentStorageComponentClass	interfaceBaseEquipmentStorageComponentClass.html
BaseEventHandler	interfaceBaseEventHandler.html
BaseExplosionDamage	interfaceBaseExplosionDamage.html
BaseFireMode	interfaceBaseFireMode.html
BaseFuelNode	interfaceBaseFuelNode.html
BaseGameEntity	interfaceBaseGameEntity.html
BaseGameEntityClass	interfaceBaseGameEntityClass.html
BaseGameMode	interfaceBaseGameMode.html
BaseGameModeClass	interfaceBaseGameModeClass.html
BaseGameTriggerEntity	interfaceBaseGameTriggerEntity.html
BaseGameTriggerEntityClass	interfaceBaseGameTriggerEntityClass.html
BaseGridMap	interfaceBaseGridMap.html
BaseHUDComponent	interfaceBaseHUDComponent.html
BaseHUDComponentClass	interfaceBaseHUDComponentClass.html
BaseInfoDisplay	interfaceBaseInfoDisplay.html
BaseInteractionHandlerComponent	interfaceBaseInteractionHandlerComponent.html
BaseInteractionHandlerComponentClass	interfaceBaseInteractionHandlerComponentClass.html
BaseInventorySearchPredicate	interfaceBaseInventorySearchPredicate.html
BaseInventoryStorageComponent	interfaceBaseInventoryStorageComponent.html
BaseInventoryStorageComponentClass	interfaceBaseInventoryStorageComponentClass.html
BaseInventoryStorageComponentSerializer	interfaceBaseInventoryStorageComponentSerializer.html
BaseInventoryStorageComponentSerializerSlot	interfaceBaseInventoryStorageComponentSerializerSlot.html
BaseInventoryTask	interfaceBaseInventoryTask.html
BaseItemAnimationComponent	interfaceBaseItemAnimationComponent.html
BaseItemAnimationComponentClass	interfaceBaseItemAnimationComponentClass.html
BaseItemAttributeData	interfaceBaseItemAttributeData.html
BaseJsonSaveContainer	interfaceBaseJsonSaveContainer.html
BaseJsonSerializationSaveContainer	interfaceBaseJsonSerializationSaveContainer.html
BaseLightManagerComponent	interfaceBaseLightManagerComponent.html
BaseLightManagerComponentClass	interfaceBaseLightManagerComponentClass.html
BaseLightManagerComponentSerializer	interfaceBaseLightManagerComponentSerializer.html
BaseLightSlot	interfaceBaseLightSlot.html
BaseLightUserAction	interfaceBaseLightUserAction.html
BaseLoadoutClothComponent	interfaceBaseLoadoutClothComponent.html
BaseLoadoutClothComponentClass	interfaceBaseLoadoutClothComponentClass.html
BaseLoadoutManagerComponent	interfaceBaseLoadoutManagerComponent.html
BaseLoadoutManagerComponentClass	interfaceBaseLoadoutManagerComponentClass.html
BaseMagazineComponent	interfaceBaseMagazineComponent.html
BaseMagazineComponentClass	interfaceBaseMagazineComponentClass.html
BaseMagazineWell	interfaceBaseMagazineWell.html
BaseMissileGuidanceComponent	interfaceBaseMissileGuidanceComponent.html
BaseMissileGuidanceComponentClass	interfaceBaseMissileGuidanceComponentClass.html
BaseMuzzleComponent	interfaceBaseMuzzleComponent.html
BaseMuzzleComponentClass	interfaceBaseMuzzleComponentClass.html
BaseMuzzleComponentSerializer	interfaceBaseMuzzleComponentSerializer.html
BasePreloadManager	interfaceBasePreloadManager.html
BasePreloadManagerClass	interfaceBasePreloadManagerClass.html
BaseProjectileComponent	interfaceBaseProjectileComponent.html
BaseProjectileComponentClass	interfaceBaseProjectileComponentClass.html
BaseProjectileEffect	interfaceBaseProjectileEffect.html
BaseRadioComponent	interfaceBaseRadioComponent.html
BaseRadioComponentClass	interfaceBaseRadioComponentClass.html
BaseRadioComponentSerializer	interfaceBaseRadioComponentSerializer.html
BaseRadioMessage	interfaceBaseRadioMessage.html
BaseRoad	interfaceBaseRoad.html
BaseScriptedCameraItem	interfaceBaseScriptedCameraItem.html
BaseScriptedCameraSet	interfaceBaseScriptedCameraSet.html
BaseScriptedSelectionMenuEntry	interfaceBaseScriptedSelectionMenuEntry.html
BaseSelectionMenu	interfaceBaseSelectionMenu.html
BaseSelectionMenuEntry	interfaceBaseSelectionMenuEntry.html
BaseSensor	interfaceBaseSensor.html
BaseSerializationContainer	interfaceBaseSerializationContainer.html
BaseSerializationContext	interfaceBaseSerializationContext.html
BaseSerializationLoadContainer	interfaceBaseSerializationLoadContainer.html
BaseSerializationLoadContext	interfaceBaseSerializationLoadContext.html
BaseSerializationSaveContainer	interfaceBaseSerializationSaveContainer.html
BaseSightsComponent	interfaceBaseSightsComponent.html
BaseSightsComponentClass	interfaceBaseSightsComponentClass.html
BaseSinglePortContainer	interfaceBaseSinglePortContainer.html
BaseSlotComponent	interfaceBaseSlotComponent.html
BaseSlotComponentClass	interfaceBaseSlotComponentClass.html
BaseSlotMapping	interfaceBaseSlotMapping.html
BaseStaminaComponent	interfaceBaseStaminaComponent.html
BaseStaminaComponentClass	interfaceBaseStaminaComponentClass.html
BaseTarget	interfaceBaseTarget.html
BaseTimeAndWeatherManagerEntity	interfaceBaseTimeAndWeatherManagerEntity.html
BaseTimeAndWeatherManagerEntityClass	interfaceBaseTimeAndWeatherManagerEntityClass.html
BaseTransceiver	interfaceBaseTransceiver.html
BaseTree	interfaceBaseTree.html
BaseTreeClass	interfaceBaseTreeClass.html
BaseTriggerComponent	interfaceBaseTriggerComponent.html
BaseTriggerComponentClass	interfaceBaseTriggerComponentClass.html
BaseUniversalInventoryStorageComponent	interfaceBaseUniversalInventoryStorageComponent.html
BaseUniversalInventoryStorageComponentClass	interfaceBaseUniversalInventoryStorageComponentClass.html
BaseUserAction	interfaceBaseUserAction.html
BaseVehicle	interfaceBaseVehicle.html
BaseVehicleClass	interfaceBaseVehicleClass.html
BaseVehicleControllerComponent	interfaceBaseVehicleControllerComponent.html
BaseVehicleControllerComponentClass	interfaceBaseVehicleControllerComponentClass.html
BaseVehicleNodeComponent	interfaceBaseVehicleNodeComponent.html
BaseVehicleNodeComponentClass	interfaceBaseVehicleNodeComponentClass.html
BaseWeaponAimModifier	interfaceBaseWeaponAimModifier.html
BaseWeaponComponent	interfaceBaseWeaponComponent.html
BaseWeaponComponentClass	interfaceBaseWeaponComponentClass.html
BaseWeaponManagerComponent	interfaceBaseWeaponManagerComponent.html
BaseWeaponManagerComponentClass	interfaceBaseWeaponManagerComponentClass.html
BaseWeaponStatsManagerComponent	interfaceBaseWeaponStatsManagerComponent.html
BaseWeaponStatsManagerComponentClass	interfaceBaseWeaponStatsManagerComponentClass.html
BaseZeroingGenerator	interfaceBaseZeroingGenerator.html
BasicButtonComponent	interfaceBasicButtonComponent.html
BasicPrefabList	interfaceBasicPrefabList.html
BasicPrefabListClass	interfaceBasicPrefabListClass.html
BehaviorTree	interfaceBehaviorTree.html
BehaviorTreeSystem	interfaceBehaviorTreeSystem.html
BetaWarningDialogUI	interfaceBetaWarningDialogUI.html
BigForestGeneratorClusterObject	interfaceBigForestGeneratorClusterObject.html
BinSerializationLoadContainer	interfaceBinSerializationLoadContainer.html
BinSerializationSaveContainer	interfaceBinSerializationSaveContainer.html
BinaryDataContainer	interfaceBinaryDataContainer.html
BinaryLoadContainer	interfaceBinaryLoadContainer.html
BinaryLoadContext	interfaceBinaryLoadContext.html
BinarySaveContainer	interfaceBinarySaveContainer.html
BinarySaveContext	interfaceBinarySaveContext.html
BirdAnimationComponent	interfaceBirdAnimationComponent.html
BirdAnimationComponentClass	interfaceBirdAnimationComponentClass.html
BirdAnimationsUpdateSystem	interfaceBirdAnimationsUpdateSystem.html
BlobBundler	interfaceBlobBundler.html
BlockedRoomPlayer	interfaceBlockedRoomPlayer.html
BoidsSystem	interfaceBoidsSystem.html
BtVariable	interfaceBtVariable.html
BtVariableAISmartActionComponent	interfaceBtVariableAISmartActionComponent.html
BtVariableBool	interfaceBtVariableBool.html
BtVariableEntity	interfaceBtVariableEntity.html
BtVariableGroup	interfaceBtVariableGroup.html
BtVariableInteger	interfaceBtVariableInteger.html
BtVariableObject	interfaceBtVariableObject.html
BtVariableResourceName	interfaceBtVariableResourceName.html
BtVariableScalar	interfaceBtVariableScalar.html
BtVariableString	interfaceBtVariableString.html
BtVariableTypename	interfaceBtVariableTypename.html
BtVariableVector	interfaceBtVariableVector.html
BufferSaveContext	interfaceBufferSaveContext.html
BuildableEntitySerializer	interfaceBuildableEntitySerializer.html
Building	interfaceBuilding.html
BuildingClass	interfaceBuildingClass.html
BuoyancyComponent	interfaceBuoyancyComponent.html
BuoyancyComponentClass	interfaceBuoyancyComponentClass.html
BuoyancySystem	interfaceBuoyancySystem.html
BurnUserAction	interfaceBurnUserAction.html
ButtonActionComponent	interfaceButtonActionComponent.html
ButtonComponent	interfaceButtonComponent.html
ButtonTexture	interfaceButtonTexture.html
CameraBase	interfaceCameraBase.html
CameraBaseClass	interfaceCameraBaseClass.html
CameraHandlerComponent	interfaceCameraHandlerComponent.html
CameraHandlerComponentClass	interfaceCameraHandlerComponentClass.html
CameraManager	interfaceCameraManager.html
CameraManagerClass	interfaceCameraManagerClass.html
CameraTweekCinematicTrack	interfaceCameraTweekCinematicTrack.html
CamerasSystem	interfaceCamerasSystem.html
CampaignBasesSystem	interfaceCampaignBasesSystem.html
CarControllerComponent	interfaceCarControllerComponent.html
CarControllerComponentClass	interfaceCarControllerComponentClass.html
CarControllerComponentSerializer	interfaceCarControllerComponentSerializer.html
CarControllerComponent_B	interfaceCarControllerComponent__B.html
CarControllerComponent_BClass	interfaceCarControllerComponent__BClass.html
CarProcAnimComponent	interfaceCarProcAnimComponent.html
CarProcAnimComponentClass	interfaceCarProcAnimComponentClass.html
CareerBackendData	interfaceCareerBackendData.html
CareerMenuUI	interfaceCareerMenuUI.html
CargoCompartmentSlot	interfaceCargoCompartmentSlot.html
CaseEjectingEffectComponent	interfaceCaseEjectingEffectComponent.html
CaseEjectingEffectComponentClass	interfaceCaseEjectingEffectComponentClass.html
CharacterAimingComponent	interfaceCharacterAimingComponent.html
CharacterAimingComponentClass	interfaceCharacterAimingComponentClass.html
CharacterAnimationComponent	interfaceCharacterAnimationComponent.html
CharacterAnimationComponentClass	interfaceCharacterAnimationComponentClass.html
CharacterBuoyancyComponent	interfaceCharacterBuoyancyComponent.html
CharacterBuoyancyComponentClass	interfaceCharacterBuoyancyComponentClass.html
CharacterCamera1stPerson	interfaceCharacterCamera1stPerson.html
CharacterCamera1stPersonBoneTransform	interfaceCharacterCamera1stPersonBoneTransform.html
CharacterCamera1stPersonFloat	interfaceCharacterCamera1stPersonFloat.html
CharacterCamera1stPersonReady	interfaceCharacterCamera1stPersonReady.html
CharacterCamera1stPersonTurret	interfaceCharacterCamera1stPersonTurret.html
CharacterCamera1stPersonTurretTransition	interfaceCharacterCamera1stPersonTurretTransition.html
CharacterCamera1stPersonUnconscious	interfaceCharacterCamera1stPersonUnconscious.html
CharacterCamera1stPersonVehicle	interfaceCharacterCamera1stPersonVehicle.html
CharacterCamera1stPersonVehicleTransition	interfaceCharacterCamera1stPersonVehicleTransition.html
CharacterCamera3rdPersonBase	interfaceCharacterCamera3rdPersonBase.html
CharacterCamera3rdPersonClimb	interfaceCharacterCamera3rdPersonClimb.html
CharacterCamera3rdPersonCrouch	interfaceCharacterCamera3rdPersonCrouch.html
CharacterCamera3rdPersonErc	interfaceCharacterCamera3rdPersonErc.html
CharacterCamera3rdPersonFloat	interfaceCharacterCamera3rdPersonFloat.html
CharacterCamera3rdPersonProne	interfaceCharacterCamera3rdPersonProne.html
CharacterCamera3rdPersonSitting	interfaceCharacterCamera3rdPersonSitting.html
CharacterCamera3rdPersonTurret	interfaceCharacterCamera3rdPersonTurret.html
CharacterCamera3rdPersonUnconscious	interfaceCharacterCamera3rdPersonUnconscious.html
CharacterCamera3rdPersonVehicle	interfaceCharacterCamera3rdPersonVehicle.html
CharacterCameraADS	interfaceCharacterCameraADS.html
CharacterCameraADSVehicle	interfaceCharacterCameraADSVehicle.html
CharacterCameraBase	interfaceCharacterCameraBase.html
CharacterCameraBinoculars	interfaceCharacterCameraBinoculars.html
CharacterCameraDebug	interfaceCharacterCameraDebug.html
CharacterCameraSet	interfaceCharacterCameraSet.html
CharacterCinematicTrack	interfaceCharacterCinematicTrack.html
CharacterCommand	interfaceCharacterCommand.html
CharacterCommandClimb	interfaceCharacterCommandClimb.html
CharacterCommandClimbResult	interfaceCharacterCommandClimbResult.html
CharacterCommandClimbSettings	interfaceCharacterCommandClimbSettings.html
CharacterCommandDamage	interfaceCharacterCommandDamage.html
CharacterCommandDamageFullBody	interfaceCharacterCommandDamageFullBody.html
CharacterCommandDeath	interfaceCharacterCommandDeath.html
CharacterCommandFall	interfaceCharacterCommandFall.html
CharacterCommandGadget	interfaceCharacterCommandGadget.html
CharacterCommandHandlerComponent	interfaceCharacterCommandHandlerComponent.html
CharacterCommandHandlerComponentClass	interfaceCharacterCommandHandlerComponentClass.html
CharacterCommandItemChange	interfaceCharacterCommandItemChange.html
CharacterCommandItemUse	interfaceCharacterCommandItemUse.html
CharacterCommandLadder	interfaceCharacterCommandLadder.html
CharacterCommandMelee	interfaceCharacterCommandMelee.html
CharacterCommandMove	interfaceCharacterCommandMove.html
CharacterCommandMoveSettings	interfaceCharacterCommandMoveSettings.html
CharacterCommandScripted	interfaceCharacterCommandScripted.html
CharacterCommandSlide	interfaceCharacterCommandSlide.html
CharacterCommandSwim	interfaceCharacterCommandSwim.html
CharacterCommandSwimSettings	interfaceCharacterCommandSwimSettings.html
CharacterCommandUnconscious	interfaceCharacterCommandUnconscious.html
CharacterCommandVehicle	interfaceCharacterCommandVehicle.html
CharacterCommandWeapon	interfaceCharacterCommandWeapon.html
CharacterControllerComponent	interfaceCharacterControllerComponent.html
CharacterControllerComponentClass	interfaceCharacterControllerComponentClass.html
CharacterControllerComponentSerializer	interfaceCharacterControllerComponentSerializer.html
CharacterGrenadeSlotComponent	interfaceCharacterGrenadeSlotComponent.html
CharacterGrenadeSlotComponentClass	interfaceCharacterGrenadeSlotComponentClass.html
CharacterHandWeaponSlotComponent	interfaceCharacterHandWeaponSlotComponent.html
CharacterHandWeaponSlotComponentClass	interfaceCharacterHandWeaponSlotComponentClass.html
CharacterHeadAimingComponent	interfaceCharacterHeadAimingComponent.html
CharacterHeadAimingComponentClass	interfaceCharacterHeadAimingComponentClass.html
CharacterHeadingAnimComponent	interfaceCharacterHeadingAnimComponent.html
CharacterHeadingAnimComponentClass	interfaceCharacterHeadingAnimComponentClass.html
CharacterIdentityComponent	interfaceCharacterIdentityComponent.html
CharacterIdentityComponentClass	interfaceCharacterIdentityComponentClass.html
CharacterIgnoreDamageSystem	interfaceCharacterIgnoreDamageSystem.html
CharacterInputContext	interfaceCharacterInputContext.html
CharacterInventoryStorageComponent	interfaceCharacterInventoryStorageComponent.html
CharacterInventoryStorageComponentClass	interfaceCharacterInventoryStorageComponentClass.html
CharacterLeaningSystem	interfaceCharacterLeaningSystem.html
CharacterModifierAttributes	interfaceCharacterModifierAttributes.html
CharacterMovementState	interfaceCharacterMovementState.html
CharacterPerceivableComponent	interfaceCharacterPerceivableComponent.html
CharacterPerceivableComponentClass	interfaceCharacterPerceivableComponentClass.html
CharacterSoundComponent	interfaceCharacterSoundComponent.html
CharacterSoundComponentClass	interfaceCharacterSoundComponentClass.html
CharacterStaminaComponent	interfaceCharacterStaminaComponent.html
CharacterStaminaComponentClass	interfaceCharacterStaminaComponentClass.html
CharacterVicinityComponent	interfaceCharacterVicinityComponent.html
CharacterVicinityComponentClass	interfaceCharacterVicinityComponentClass.html
CharacterWeaponManagerComponent	interfaceCharacterWeaponManagerComponent.html
CharacterWeaponManagerComponentClass	interfaceCharacterWeaponManagerComponentClass.html
CharacterWeaponSlotComponent	interfaceCharacterWeaponSlotComponent.html
CharacterWeaponSlotComponentClass	interfaceCharacterWeaponSlotComponentClass.html
ChatCommandHandler	interfaceChatCommandHandler.html
ChimeraAIAgent	interfaceChimeraAIAgent.html
ChimeraAIAgentClass	interfaceChimeraAIAgentClass.html
ChimeraAIControlComponent	interfaceChimeraAIControlComponent.html
ChimeraAIControlComponentClass	interfaceChimeraAIControlComponentClass.html
ChimeraAIGroup	interfaceChimeraAIGroup.html
ChimeraAIGroupClass	interfaceChimeraAIGroupClass.html
ChimeraAIPathfindingComponent	interfaceChimeraAIPathfindingComponent.html
ChimeraAIPathfindingComponentClass	interfaceChimeraAIPathfindingComponentClass.html
ChimeraAIVehicleControlComponent	interfaceChimeraAIVehicleControlComponent.html
ChimeraAIVehicleControlComponentClass	interfaceChimeraAIVehicleControlComponentClass.html
ChimeraAIWorld	interfaceChimeraAIWorld.html
ChimeraAIWorldClass	interfaceChimeraAIWorldClass.html
ChimeraCharacter	interfaceChimeraCharacter.html
ChimeraCharacterClass	interfaceChimeraCharacterClass.html
ChimeraCoverManagerComponent	interfaceChimeraCoverManagerComponent.html
ChimeraCoverManagerComponentClass	interfaceChimeraCoverManagerComponentClass.html
ChimeraGame	interfaceChimeraGame.html
ChimeraGameWorldEditor	interfaceChimeraGameWorldEditor.html
ChimeraMenuBase	interfaceChimeraMenuBase.html
ChimeraSunAndMoon	interfaceChimeraSunAndMoon.html
ChimeraSunAndMoonClass	interfaceChimeraSunAndMoonClass.html
ChimeraWorld	interfaceChimeraWorld.html
ChimeraWorldBase	interfaceChimeraWorldBase.html
ChimeraWorldUtils	interfaceChimeraWorldUtils.html
CircleGridMap	interfaceCircleGridMap.html
ClimbingDataComponent	interfaceClimbingDataComponent.html
ClimbingDataComponentClass	interfaceClimbingDataComponentClass.html
ClothNodeStorageComponent	interfaceClothNodeStorageComponent.html
ClothNodeStorageComponentClass	interfaceClothNodeStorageComponentClass.html
CollisionTriggerComponent	interfaceCollisionTriggerComponent.html
CollisionTriggerComponentClass	interfaceCollisionTriggerComponentClass.html
CommentEntity	interfaceCommentEntity.html
CommentEntityClass	interfaceCommentEntityClass.html
CommonStateV1	interfaceCommonStateV1.html
CommunicationSoundComponent	interfaceCommunicationSoundComponent.html
CommunicationSoundComponentClass	interfaceCommunicationSoundComponentClass.html
CompartmentAccessComponent	interfaceCompartmentAccessComponent.html
CompartmentAccessComponentClass	interfaceCompartmentAccessComponentClass.html
CompartmentAccessComponentSerializer	interfaceCompartmentAccessComponentSerializer.html
CompartmentAccessibilityContext	interfaceCompartmentAccessibilityContext.html
CompartmentAnimationComponent	interfaceCompartmentAnimationComponent.html
CompartmentAnimationComponentClass	interfaceCompartmentAnimationComponentClass.html
CompartmentControllerComponent	interfaceCompartmentControllerComponent.html
CompartmentControllerComponentClass	interfaceCompartmentControllerComponentClass.html
CompartmentDoorInfo	interfaceCompartmentDoorInfo.html
CompartmentDoorReference	interfaceCompartmentDoorReference.html
CompartmentToSlotMapping	interfaceCompartmentToSlotMapping.html
CompartmentUserAction	interfaceCompartmentUserAction.html
ComponentClassPersistenceConfigRule	interfaceComponentClassPersistenceConfigRule.html
ConsumableTypeStats	interfaceConsumableTypeStats.html
ContainerSerializationLoadContext	interfaceContainerSerializationLoadContext.html
ContainerSerializationSaveContext	interfaceContainerSerializationSaveContext.html
ContentBrowserDetailsMenu	interfaceContentBrowserDetailsMenu.html
ContentBrowserUI	interfaceContentBrowserUI.html
ControllersManagerComponent	interfaceControllersManagerComponent.html
ControllersManagerComponentClass	interfaceControllersManagerComponentClass.html
CoverManagerComponent	interfaceCoverManagerComponent.html
CoverManagerComponentClass	interfaceCoverManagerComponentClass.html
CoverQueryProperties	interfaceCoverQueryProperties.html
CreateGroupSettingsDialogUI	interfaceCreateGroupSettingsDialogUI.html
Curve	interfaceCurve.html
Curve3	interfaceCurve3.html
CustomStringTableItem	interfaceCustomStringTableItem.html
DamageArea	interfaceDamageArea.html
DamageAreaComponent	interfaceDamageAreaComponent.html
DamageAreaComponentClass	interfaceDamageAreaComponentClass.html
DamageAreaShapeBox	interfaceDamageAreaShapeBox.html
DamageAreaShapeSphere	interfaceDamageAreaShapeSphere.html
DamageEffectEvaluator	interfaceDamageEffectEvaluator.html
DamageEffectEvaluatorWrapper	interfaceDamageEffectEvaluatorWrapper.html
DamageManagerComponent	interfaceDamageManagerComponent.html
DamageManagerComponentClass	interfaceDamageManagerComponentClass.html
DebugShootComponent	interfaceDebugShootComponent.html
DebugShootComponentClass	interfaceDebugShootComponentClass.html
DecalSystem	interfaceDecalSystem.html
DecoAiming	interfaceDecoAiming.html
DecoCheckLOD	interfaceDecoCheckLOD.html
DecoDangerEvent	interfaceDecoDangerEvent.html
DecoIsInVehicle	interfaceDecoIsInVehicle.html
DecoTestDistanceToEntity	interfaceDecoTestDistanceToEntity.html
DecoTestOrder	interfaceDecoTestOrder.html
DecoTestVariable	interfaceDecoTestVariable.html
Decorator	interfaceDecorator.html
DecoratorEntity	interfaceDecoratorEntity.html
DecoratorPathCompletedTest	interfaceDecoratorPathCompletedTest.html
DecoratorScripted	interfaceDecoratorScripted.html
DecoratorScripted_IsEqual	interfaceDecoratorScripted__IsEqual.html
DecoratorTestCanPerformSmartActions	interfaceDecoratorTestCanPerformSmartActions.html
DecoratorTestDamageIsAlive	interfaceDecoratorTestDamageIsAlive.html
DecoratorTestHasAimRequest	interfaceDecoratorTestHasAimRequest.html
DecoratorTestHasAmmo	interfaceDecoratorTestHasAmmo.html
DecoratorTestHasMoveRequest	interfaceDecoratorTestHasMoveRequest.html
DecoratorTestHasWeapon	interfaceDecoratorTestHasWeapon.html
DecoratorTestIsPerformingSmartAction	interfaceDecoratorTestIsPerformingSmartAction.html
DecoratorTestIsWeaponRaised	interfaceDecoratorTestIsWeaponRaised.html
DecoratorTestNotNull	interfaceDecoratorTestNotNull.html
DecoratorTestScripted	interfaceDecoratorTestScripted.html
DecoratorTimedBase	interfaceDecoratorTimedBase.html
DecoratorTimedDangerPerception	interfaceDecoratorTimedDangerPerception.html
DecoratorWeaponObstructed	interfaceDecoratorWeaponObstructed.html
DedicatedServerPluginCLI	interfaceDedicatedServerPluginCLI.html
DedicatedServerPluginCLI_Config	interfaceDedicatedServerPluginCLI__Config.html
DedicatedServerPluginCLI_Server	interfaceDedicatedServerPluginCLI__Server.html
DeployMenuSystem	interfaceDeployMenuSystem.html
DestructibleDebris	interfaceDestructibleDebris.html
DestructibleEntity	interfaceDestructibleEntity.html
DestructibleEntityClass	interfaceDestructibleEntityClass.html
DestructionHeatmapEntry	interfaceDestructionHeatmapEntry.html
DestructionHeatmapRegion	interfaceDestructionHeatmapRegion.html
DestructionHeatmapSystem	interfaceDestructionHeatmapSystem.html
DestructionManager	interfaceDestructionManager.html
DestructionManagerClass	interfaceDestructionManagerClass.html
DestructionManagerSerializer	interfaceDestructionManagerSerializer.html
DetailsPanelContentPreset	interfaceDetailsPanelContentPreset.html
DetailsPanelContentPresetConfig	interfaceDetailsPanelContentPresetConfig.html
DialogUI	interfaceDialogUI.html
DistanceParticleEffect	interfaceDistanceParticleEffect.html
DistanceParticleEffectSystem	interfaceDistanceParticleEffectSystem.html
DoorComponent	interfaceDoorComponent.html
DoorComponentClass	interfaceDoorComponentClass.html
DoorComponentSerializer	interfaceDoorComponentSerializer.html
DoorSlotComponent	interfaceDoorSlotComponent.html
DoorSlotComponentClass	interfaceDoorSlotComponentClass.html
DoorStruct	interfaceDoorStruct.html
DoorSystem	interfaceDoorSystem.html
DoorSystemState	interfaceDoorSystemState.html
DoorSystemStateSerializer	interfaceDoorSystemStateSerializer.html
DoorUserAction	interfaceDoorUserAction.html
DotDamageEffect	interfaceDotDamageEffect.html
DotDamageEffectTimerToken	interfaceDotDamageEffectTimerToken.html
DrawingItem	interfaceDrawingItem.html
DropAndMoveOperationCallback	interfaceDropAndMoveOperationCallback.html
DynamicPhysicsObstacleComponent	interfaceDynamicPhysicsObstacleComponent.html
DynamicPhysicsObstacleComponentClass	interfaceDynamicPhysicsObstacleComponentClass.html
EditBoxFilterComponent	interfaceEditBoxFilterComponent.html
EditablePrefabsComponent_Base	interfaceEditablePrefabsComponent__Base.html
EditablePrefabsComponent_EditableEntity	interfaceEditablePrefabsComponent__EditableEntity.html
EditablePrefabsComponent_PreviewEntity	interfaceEditablePrefabsComponent__PreviewEntity.html
EditablePrefabsConfig	interfaceEditablePrefabsConfig.html
EditablePrefabsLabel_Base	interfaceEditablePrefabsLabel__Base.html
EditablePrefabsLabel_CharacterRole	interfaceEditablePrefabsLabel__CharacterRole.html
EditablePrefabsLabel_CompositionType	interfaceEditablePrefabsLabel__CompositionType.html
EditablePrefabsLabel_EntityType	interfaceEditablePrefabsLabel__EntityType.html
EditablePrefabsLabel_Faction	interfaceEditablePrefabsLabel__Faction.html
EditablePrefabsLabel_GroupSize	interfaceEditablePrefabsLabel__GroupSize.html
EditablePrefabsLabel_Size	interfaceEditablePrefabsLabel__Size.html
EditablePrefabsLabel_Theme	interfaceEditablePrefabsLabel__Theme.html
EditablePrefabsLabel_Trait	interfaceEditablePrefabsLabel__Trait.html
EditablePrefabsLabel_VehicleType	interfaceEditablePrefabsLabel__VehicleType.html
EditablePrefabsSetting	interfaceEditablePrefabsSetting.html
EditorAttributesDialogUI	interfaceEditorAttributesDialogUI.html
EditorBrowserDialogUI	interfaceEditorBrowserDialogUI.html
EditorConstants	interfaceEditorConstants.html
EditorFactionTransceiver	interfaceEditorFactionTransceiver.html
EditorMenuBase	interfaceEditorMenuBase.html
EditorMenuUI	interfaceEditorMenuUI.html
EditorPlugin	interfaceEditorPlugin.html
EditorTransceiver	interfaceEditorTransceiver.html
EffectManagerSystem	interfaceEffectManagerSystem.html
EjectableProjectile	interfaceEjectableProjectile.html
EjectableProjectileClass	interfaceEjectableProjectileClass.html
EjectorInterfaceHydra70	interfaceEjectorInterfaceHydra70.html
EjectorInterfaceHydra70Class	interfaceEjectorInterfaceHydra70Class.html
EjectorInterfaceS5	interfaceEjectorInterfaceS5.html
EjectorInterfaceS5Class	interfaceEjectorInterfaceS5Class.html
EjectorInterfaceSmokeLauncher	interfaceEjectorInterfaceSmokeLauncher.html
EjectorInterfaceSmokeLauncherClass	interfaceEjectorInterfaceSmokeLauncherClass.html
EmissiveLightSurfaceSlot	interfaceEmissiveLightSurfaceSlot.html
EnableCinematicTrack	interfaceEnableCinematicTrack.html
EndGameAction	interfaceEndGameAction.html
EntityClassPersistenceConfigRule	interfaceEntityClassPersistenceConfigRule.html
EntityPersistenceConfig	interfaceEntityPersistenceConfig.html
EntityReplacerTool_ReplaceWith	interfaceEntityReplacerTool__ReplaceWith.html
EntityReplacerTool_ToReplace	interfaceEntityReplacerTool__ToReplace.html
EntitySlotInfo	interfaceEntitySlotInfo.html
EntityUtils	interfaceEntityUtils.html
EquipedLoadoutStorageComponent	interfaceEquipedLoadoutStorageComponent.html
EquipedLoadoutStorageComponentClass	interfaceEquipedLoadoutStorageComponentClass.html
EquipedWeaponStorageComponent	interfaceEquipedWeaponStorageComponent.html
EquipedWeaponStorageComponentClass	interfaceEquipedWeaponStorageComponentClass.html
EquipedWeaponStorageComponentSerializer	interfaceEquipedWeaponStorageComponentSerializer.html
EquipmentStorageComponent	interfaceEquipmentStorageComponent.html
EquipmentStorageComponentClass	interfaceEquipmentStorageComponentClass.html
EquipmentStorageSlot	interfaceEquipmentStorageSlot.html
ErrorDialogUI	interfaceErrorDialogUI.html
EventHandlerManagerComponent	interfaceEventHandlerManagerComponent.html
EventHandlerManagerComponentClass	interfaceEventHandlerManagerComponentClass.html
ExplosionDamageContainer	interfaceExplosionDamageContainer.html
ExtBaseCompartmentSlot	interfaceExtBaseCompartmentSlot.html
ExtBaseInteractionHandlerComponent	interfaceExtBaseInteractionHandlerComponent.html
ExtBaseInteractionHandlerComponentClass	interfaceExtBaseInteractionHandlerComponentClass.html
ExtendedDamageManagerComponent	interfaceExtendedDamageManagerComponent.html
ExtendedDamageManagerComponentClass	interfaceExtendedDamageManagerComponentClass.html
Faction	interfaceFaction.html
FactionAffiliationComponent	interfaceFactionAffiliationComponent.html
FactionAffiliationComponentClass	interfaceFactionAffiliationComponentClass.html
FactionAffiliationComponentSerializer	interfaceFactionAffiliationComponentSerializer.html
FactionChatChannel	interfaceFactionChatChannel.html
FactionIdentity	interfaceFactionIdentity.html
FactionKey	interfaceFactionKey.html
FactionManager	interfaceFactionManager.html
FactionManagerClass	interfaceFactionManagerClass.html
FadesCinematicTrack	interfaceFadesCinematicTrack.html
FallDamageInspectorSystem	interfaceFallDamageInspectorSystem.html
FallenTree	interfaceFallenTree.html
FeedbackData	interfaceFeedbackData.html
FilteredServerParams	interfaceFilteredServerParams.html
FireDamageSystem	interfaceFireDamageSystem.html
FireModeManagerComponent	interfaceFireModeManagerComponent.html
FireModeManagerComponentClass	interfaceFireModeManagerComponentClass.html
FlagAnimationComponent	interfaceFlagAnimationComponent.html
FlagAnimationComponentClass	interfaceFlagAnimationComponentClass.html
FlareMoveComponent	interfaceFlareMoveComponent.html
FlareMoveComponentClass	interfaceFlareMoveComponentClass.html
FlattenGrassParametersObject	interfaceFlattenGrassParametersObject.html
FlattenGrassSystem	interfaceFlattenGrassSystem.html
ForEachChild	interfaceForEachChild.html
ForceStartEngineParams	interfaceForceStartEngineParams.html
ForestGeneratorBottomLevel	interfaceForestGeneratorBottomLevel.html
ForestGeneratorCapsuleEndAttribute	interfaceForestGeneratorCapsuleEndAttribute.html
ForestGeneratorCapsuleStartAttribute	interfaceForestGeneratorCapsuleStartAttribute.html
ForestGeneratorCircleCluster	interfaceForestGeneratorCircleCluster.html
ForestGeneratorCluster	interfaceForestGeneratorCluster.html
ForestGeneratorDistaceAttribute	interfaceForestGeneratorDistaceAttribute.html
ForestGeneratorEntity	interfaceForestGeneratorEntity.html
ForestGeneratorEntityClass	interfaceForestGeneratorEntityClass.html
ForestGeneratorGrid	interfaceForestGeneratorGrid.html
ForestGeneratorGroupIndexAttribute	interfaceForestGeneratorGroupIndexAttribute.html
ForestGeneratorLevel	interfaceForestGeneratorLevel.html
ForestGeneratorOutline	interfaceForestGeneratorOutline.html
ForestGeneratorPointData	interfaceForestGeneratorPointData.html
ForestGeneratorStripCluster	interfaceForestGeneratorStripCluster.html
ForestGeneratorTopLevel	interfaceForestGeneratorTopLevel.html
ForestGeneratorTree	interfaceForestGeneratorTree.html
ForestGeneratorTreeBase	interfaceForestGeneratorTreeBase.html
ForestGeneratorTreeMiddle	interfaceForestGeneratorTreeMiddle.html
ForestGeneratorTreeShort	interfaceForestGeneratorTreeShort.html
ForestGeneratorTreeTall	interfaceForestGeneratorTreeTall.html
FreeLookCinematicTrackModifier	interfaceFreeLookCinematicTrackModifier.html
FrontSightGLZeroingGenerator	interfaceFrontSightGLZeroingGenerator.html
FuelConsumptionSystem	interfaceFuelConsumptionSystem.html
FuelManagerComponent	interfaceFuelManagerComponent.html
FuelManagerComponentClass	interfaceFuelManagerComponentClass.html
FuelSystem	interfaceFuelSystem.html
FuzeSlotInfo	interfaceFuzeSlotInfo.html
FxCinematicTrack	interfaceFxCinematicTrack.html
GUIColors	interfaceGUIColors.html
GadgetAnimationComponent	interfaceGadgetAnimationComponent.html
GadgetAnimationComponentClass	interfaceGadgetAnimationComponentClass.html
GadgetGamepadEffectsManagerComponent	interfaceGadgetGamepadEffectsManagerComponent.html
GadgetGamepadEffectsManagerComponentClass	interfaceGadgetGamepadEffectsManagerComponentClass.html
GadgetManagersSystem	interfaceGadgetManagersSystem.html
GadgetsSystem	interfaceGadgetsSystem.html
GameAnimationUtils	interfaceGameAnimationUtils.html
GameBlocklist	interfaceGameBlocklist.html
GameComponent	interfaceGameComponent.html
GameComponentClass	interfaceGameComponentClass.html
GameEntity	interfaceGameEntity.html
GameEntityClass	interfaceGameEntityClass.html
GameEnvironmentProbeEntity	interfaceGameEnvironmentProbeEntity.html
GameEnvironmentProbeEntityClass	interfaceGameEnvironmentProbeEntityClass.html
GameHierarchyComponent	interfaceGameHierarchyComponent.html
GameHierarchyComponentClass	interfaceGameHierarchyComponentClass.html
GameMaterial	interfaceGameMaterial.html
GameModeSetupConfig	interfaceGameModeSetupConfig.html
GameModeSetupConfigEntry	interfaceGameModeSetupConfigEntry.html
GameOverScreenInput	interfaceGameOverScreenInput.html
GameRplSchedulerInsertionCtx	interfaceGameRplSchedulerInsertionCtx.html
GameSignalsManager	interfaceGameSignalsManager.html
GameStateTransitions	interfaceGameStateTransitions.html
GameStatsApi	interfaceGameStatsApi.html
GameSystem	interfaceGameSystem.html
GameWidgetType	interfaceGameWidgetType.html
GamemodeStorage	interfaceGamemodeStorage.html
GamepadEffect	interfaceGamepadEffect.html
GamepadEffectsManagerComponent	interfaceGamepadEffectsManagerComponent.html
GamepadEffectsManagerComponentClass	interfaceGamepadEffectsManagerComponentClass.html
GamepadIOHandlerComponent	interfaceGamepadIOHandlerComponent.html
GamepadIOHandlerComponentClass	interfaceGamepadIOHandlerComponentClass.html
GamepadLightEffect	interfaceGamepadLightEffect.html
GamepadRumbleEffect	interfaceGamepadRumbleEffect.html
GamepadTriggerEffect	interfaceGamepadTriggerEffect.html
GamepadVibrationEffect	interfaceGamepadVibrationEffect.html
GameplayTrait	interfaceGameplayTrait.html
GarbageSystem	interfaceGarbageSystem.html
GarbageSystemConfig	interfaceGarbageSystemConfig.html
GarbageSystemConfigComponent	interfaceGarbageSystemConfigComponent.html
GarbageSystemConfigComponentClass	interfaceGarbageSystemConfigComponentClass.html
GarbageSystemState	interfaceGarbageSystemState.html
GarbageSystemStateSerializer	interfaceGarbageSystemStateSerializer.html
GeneralCinematicTrack	interfaceGeneralCinematicTrack.html
GenericEntitySerializer	interfaceGenericEntitySerializer.html
GetWorldCinematicTrack	interfaceGetWorldCinematicTrack.html
Graph	interfaceGraph.html
GraphEdge	interfaceGraphEdge.html
GraphNode	interfaceGraphNode.html
GrenadeMoveComponent	interfaceGrenadeMoveComponent.html
GrenadeMoveComponentClass	interfaceGrenadeMoveComponentClass.html
GrenadeSlotComponent	interfaceGrenadeSlotComponent.html
GrenadeSlotComponentClass	interfaceGrenadeSlotComponentClass.html
GrenadeUIInfo	interfaceGrenadeUIInfo.html
GroupChatChannel	interfaceGroupChatChannel.html
GroupInfoDisplay	interfaceGroupInfoDisplay.html
GroupSettingsDialogUI	interfaceGroupSettingsDialogUI.html
GroupWeaponFiremode	interfaceGroupWeaponFiremode.html
GroupWeaponFiremodeEntry	interfaceGroupWeaponFiremodeEntry.html
HUDManagerComponent	interfaceHUDManagerComponent.html
HUDManagerComponentClass	interfaceHUDManagerComponentClass.html
HUDSystem	interfaceHUDSystem.html
HandleAimingUpdateSystem	interfaceHandleAimingUpdateSystem.html
HandleAnimatedColliderSystem	interfaceHandleAnimatedColliderSystem.html
HandleAnimationsInterpolateSystem	interfaceHandleAnimationsInterpolateSystem.html
HandleAnimationsKeyframeNwkSystem	interfaceHandleAnimationsKeyframeNwkSystem.html
HandleAnimationsKeyframeSystem	interfaceHandleAnimationsKeyframeSystem.html
HandleAnimationsReplaySystem	interfaceHandleAnimationsReplaySystem.html
HandleClothsPhysicUpdateSystem	interfaceHandleClothsPhysicUpdateSystem.html
HandleClothsPositionUpdateSystem	interfaceHandleClothsPositionUpdateSystem.html
HandleControlsSystem	interfaceHandleControlsSystem.html
HandleDamageSystem	interfaceHandleDamageSystem.html
HandleFireRequestsSystem	interfaceHandleFireRequestsSystem.html
HandleItemAnimationsSystem	interfaceHandleItemAnimationsSystem.html
HandlePlayerControllersUpdateSystem	interfaceHandlePlayerControllersUpdateSystem.html
HandleRagdollSystem	interfaceHandleRagdollSystem.html
HandleUpdateVONControllersSystem	interfaceHandleUpdateVONControllersSystem.html
HeatmapData	interfaceHeatmapData.html
HelicopterAutopilotHelperComponent	interfaceHelicopterAutopilotHelperComponent.html
HelicopterAutopilotHelperComponentClass	interfaceHelicopterAutopilotHelperComponentClass.html
HelicopterCinematicTrack	interfaceHelicopterCinematicTrack.html
HelicopterControllerComponent	interfaceHelicopterControllerComponent.html
HelicopterControllerComponentClass	interfaceHelicopterControllerComponentClass.html
HelicopterControllerComponentSerializer	interfaceHelicopterControllerComponentSerializer.html
HelipadComponent	interfaceHelipadComponent.html
HelipadComponentClass	interfaceHelipadComponentClass.html
HidingCloth	interfaceHidingCloth.html
HierarchicalParametricMaterialInstanceComponent	interfaceHierarchicalParametricMaterialInstanceComponent.html
HierarchicalParametricMaterialInstanceComponentClass	interfaceHierarchicalParametricMaterialInstanceComponentClass.html
HierarchicalPointInfo	interfaceHierarchicalPointInfo.html
HitEffectComponent	interfaceHitEffectComponent.html
HitEffectComponentClass	interfaceHitEffectComponentClass.html
HitEffectInfo	interfaceHitEffectInfo.html
HitRegistrationSystem	interfaceHitRegistrationSystem.html
HitZone	interfaceHitZone.html
HitZoneContainerComponent	interfaceHitZoneContainerComponent.html
HitZoneContainerComponentClass	interfaceHitZoneContainerComponentClass.html
HitZoneContainerComponentSerializer	interfaceHitZoneContainerComponentSerializer.html
HitZoneReplicationContext	interfaceHitZoneReplicationContext.html
HolsteredItemAttributes	interfaceHolsteredItemAttributes.html
HoverButtonComponent	interfaceHoverButtonComponent.html
IScoringAction	interfaceIScoringAction.html
Identity	interfaceIdentity.html
IdentityBodyMesh	interfaceIdentityBodyMesh.html
ImageSetGeneratorArea	interfaceImageSetGeneratorArea.html
InputButtonData	interfaceInputButtonData.html
InputButtonLayoutConfig	interfaceInputButtonLayoutConfig.html
InputButtonLayoutEntry	interfaceInputButtonLayoutEntry.html
InputButtonState	interfaceInputButtonState.html
InputButtonStyle	interfaceInputButtonStyle.html
InsectFlyMovementComponent	interfaceInsectFlyMovementComponent.html
InsectFlyMovementComponentClass	interfaceInsectFlyMovementComponentClass.html
InstantDamageEffect	interfaceInstantDamageEffect.html
Instigator	interfaceInstigator.html
InteractionBlockSystem	interfaceInteractionBlockSystem.html
InteractionHandlerComponent	interfaceInteractionHandlerComponent.html
InteractionHandlerComponentClass	interfaceInteractionHandlerComponentClass.html
InteractionSystem	interfaceInteractionSystem.html
IntercomTransceiver	interfaceIntercomTransceiver.html
InteriorRequestCallback	interfaceInteriorRequestCallback.html
InventoryItemComponent	interfaceInventoryItemComponent.html
InventoryItemComponentClass	interfaceInventoryItemComponentClass.html
InventoryMagazineComponent	interfaceInventoryMagazineComponent.html
InventoryMagazineComponentClass	interfaceInventoryMagazineComponentClass.html
InventoryOperationCallback	interfaceInventoryOperationCallback.html
InventorySearchPredicate	interfaceInventorySearchPredicate.html
InventoryStorageManagerComponent	interfaceInventoryStorageManagerComponent.html
InventoryStorageManagerComponentClass	interfaceInventoryStorageManagerComponentClass.html
InventoryStorageSlot	interfaceInventoryStorageSlot.html
InventoryStreamingSystem	interfaceInventoryStreamingSystem.html
InventorySystem	interfaceInventorySystem.html
ItemActionAnimAttributes	interfaceItemActionAnimAttributes.html
ItemAnimationAttributes	interfaceItemAnimationAttributes.html
ItemAttributeCollection	interfaceItemAttributeCollection.html
ItemMovementSwayAttributes	interfaceItemMovementSwayAttributes.html
ItemOneHandAnimAttributes	interfaceItemOneHandAnimAttributes.html
ItemPhysicalAttributes	interfaceItemPhysicalAttributes.html
ItemPreviewManagerEntity	interfaceItemPreviewManagerEntity.html
ItemPreviewManagerEntityClass	interfaceItemPreviewManagerEntityClass.html
ItemPreviewWidget	interfaceItemPreviewWidget.html
ItemUseParameters	interfaceItemUseParameters.html
JsonBundler	interfaceJsonBundler.html
JsonLoadContainer	interfaceJsonLoadContainer.html
JsonLoadContext	interfaceJsonLoadContext.html
JsonSaveContainer	interfaceJsonSaveContainer.html
JsonSaveContext	interfaceJsonSaveContext.html
KickCauseCodeAPI	interfaceKickCauseCodeAPI.html
KickCommand	interfaceKickCommand.html
LadderComponent	interfaceLadderComponent.html
LadderComponentClass	interfaceLadderComponentClass.html
LadderExitPointInfo	interfaceLadderExitPointInfo.html
LegacyCurve	interfaceLegacyCurve.html
LightCinematicTrack	interfaceLightCinematicTrack.html
LightManagersSystem	interfaceLightManagersSystem.html
LightUserAction	interfaceLightUserAction.html
LoadContainer	interfaceLoadContainer.html
LoadContainerContext	interfaceLoadContainerContext.html
LoadContext	interfaceLoadContext.html
LoadoutAreaType	interfaceLoadoutAreaType.html
LoadoutArmoredVestSlotArea	interfaceLoadoutArmoredVestSlotArea.html
LoadoutBackpackArea	interfaceLoadoutBackpackArea.html
LoadoutBinocularsArea	interfaceLoadoutBinocularsArea.html
LoadoutBootsArea	interfaceLoadoutBootsArea.html
LoadoutCoverArea	interfaceLoadoutCoverArea.html
LoadoutCoverAreaClass	interfaceLoadoutCoverAreaClass.html
LoadoutGooglesArea	interfaceLoadoutGooglesArea.html
LoadoutGooglesAreaClass	interfaceLoadoutGooglesAreaClass.html
LoadoutHandwearSlotArea	interfaceLoadoutHandwearSlotArea.html
LoadoutHeadCoverArea	interfaceLoadoutHeadCoverArea.html
LoadoutIdentityItemArea	interfaceLoadoutIdentityItemArea.html
LoadoutJacketArea	interfaceLoadoutJacketArea.html
LoadoutPantsArea	interfaceLoadoutPantsArea.html
LoadoutSalineBagArea	interfaceLoadoutSalineBagArea.html
LoadoutSlotInfo	interfaceLoadoutSlotInfo.html
LoadoutStat	interfaceLoadoutStat.html
LoadoutStatSet	interfaceLoadoutStatSet.html
LoadoutVestArea	interfaceLoadoutVestArea.html
LoadoutWatchArea	interfaceLoadoutWatchArea.html
LocParserManager	interfaceLocParserManager.html
LocParserRule	interfaceLocParserRule.html
LocParserRule_Custom	interfaceLocParserRule__Custom.html
LocParserRule_Custom_BaseParam	interfaceLocParserRule__Custom__BaseParam.html
LocParserRule_Custom_EnumParam	interfaceLocParserRule__Custom__EnumParam.html
LocParserRule_Custom_HintParam	interfaceLocParserRule__Custom__HintParam.html
LocParserRule_Custom_IndexParam	interfaceLocParserRule__Custom__IndexParam.html
LocParserRule_Custom_NotificationParam	interfaceLocParserRule__Custom__NotificationParam.html
LocParserRule_Custom_ResourceNameParam	interfaceLocParserRule__Custom__ResourceNameParam.html
LocParserRule_Custom_StringParam	interfaceLocParserRule__Custom__StringParam.html
LocalChatChannel	interfaceLocalChatChannel.html
LocalWeatherSituation	interfaceLocalWeatherSituation.html
LocalizedString	interfaceLocalizedString.html
LocationMusic	interfaceLocationMusic.html
LogitechLED	interfaceLogitechLED.html
LongRangeSoundComponent	interfaceLongRangeSoundComponent.html
LongRangeSoundComponentClass	interfaceLongRangeSoundComponentClass.html
LongRangeSoundSystem	interfaceLongRangeSoundSystem.html
MagazineAnimationComponent	interfaceMagazineAnimationComponent.html
MagazineAnimationComponentClass	interfaceMagazineAnimationComponentClass.html
MagazineComponent	interfaceMagazineComponent.html
MagazineComponentClass	interfaceMagazineComponentClass.html
MagazineComponentSerializer	interfaceMagazineComponentSerializer.html
MagazineConfig	interfaceMagazineConfig.html
MagazineUIInfo	interfaceMagazineUIInfo.html
MagazineWellAK545	interfaceMagazineWellAK545.html
MagazineWellAK545Class	interfaceMagazineWellAK545Class.html
MagazineWellAK545Small	interfaceMagazineWellAK545Small.html
MagazineWellAK545SmallClass	interfaceMagazineWellAK545SmallClass.html
MagazineWellKPVT	interfaceMagazineWellKPVT.html
MagazineWellKPVTClass	interfaceMagazineWellKPVTClass.html
MagazineWellM14	interfaceMagazineWellM14.html
MagazineWellM14Class	interfaceMagazineWellM14Class.html
MagazineWellM203	interfaceMagazineWellM203.html
MagazineWellM203Class	interfaceMagazineWellM203Class.html
MagazineWellM240	interfaceMagazineWellM240.html
MagazineWellM240Class	interfaceMagazineWellM240Class.html
MagazineWellM249	interfaceMagazineWellM249.html
MagazineWellM249Class	interfaceMagazineWellM249Class.html
MagazineWellM2HB	interfaceMagazineWellM2HB.html
MagazineWellM2HBClass	interfaceMagazineWellM2HBClass.html
MagazineWellM60	interfaceMagazineWellM60.html
MagazineWellM60Class	interfaceMagazineWellM60Class.html
MagazineWellM60D	interfaceMagazineWellM60D.html
MagazineWellM60DClass	interfaceMagazineWellM60DClass.html
MagazineWellM9Beretta	interfaceMagazineWellM9Beretta.html
MagazineWellM9BerettaClass	interfaceMagazineWellM9BerettaClass.html
MagazineWellMakarovPM	interfaceMagazineWellMakarovPM.html
MagazineWellMakarovPMClass	interfaceMagazineWellMakarovPMClass.html
MagazineWellMortar	interfaceMagazineWellMortar.html
MagazineWellMortar81mm	interfaceMagazineWellMortar81mm.html
MagazineWellMortar81mmClass	interfaceMagazineWellMortar81mmClass.html
MagazineWellMortar82mm	interfaceMagazineWellMortar82mm.html
MagazineWellMortar82mmClass	interfaceMagazineWellMortar82mmClass.html
MagazineWellMortarClass	interfaceMagazineWellMortarClass.html
MagazineWellNSV	interfaceMagazineWellNSV.html
MagazineWellNSVClass	interfaceMagazineWellNSVClass.html
MagazineWellPKM	interfaceMagazineWellPKM.html
MagazineWellPKMClass	interfaceMagazineWellPKMClass.html
MagazineWellPKMT	interfaceMagazineWellPKMT.html
MagazineWellPKMTClass	interfaceMagazineWellPKMTClass.html
MagazineWellRPG7	interfaceMagazineWellRPG7.html
MagazineWellRPG7Class	interfaceMagazineWellRPG7Class.html
MagazineWellRU_GP	interfaceMagazineWellRU__GP.html
MagazineWellRU_GPClass	interfaceMagazineWellRU__GPClass.html
MagazineWellSVD	interfaceMagazineWellSVD.html
MagazineWellSVDClass	interfaceMagazineWellSVDClass.html
MagazineWellStanag556	interfaceMagazineWellStanag556.html
MagazineWellStanag556Class	interfaceMagazineWellStanag556Class.html
MagazineWellStanag556Small	interfaceMagazineWellStanag556Small.html
MagazineWellStanag556SmallClass	interfaceMagazineWellStanag556SmallClass.html
MagazineWellUK59	interfaceMagazineWellUK59.html
MagazineWellUK59Class	interfaceMagazineWellUK59Class.html
MagazineWellUS_UGL	interfaceMagazineWellUS__UGL.html
MagazineWellUS_UGLClass	interfaceMagazineWellUS__UGLClass.html
MagazineWellVZ58_762	interfaceMagazineWellVZ58__762.html
MagazineWellVZ58_762Class	interfaceMagazineWellVZ58__762Class.html
MagazineWell_Cannon_M242_APDST	interfaceMagazineWell__Cannon__M242__APDST.html
MagazineWell_Cannon_M242_APDST_Class	interfaceMagazineWell__Cannon__M242__APDST__Class.html
MagazineWell_Cannon_M242_HEIT	interfaceMagazineWell__Cannon__M242__HEIT.html
MagazineWell_Cannon_M242_HEIT_Class	interfaceMagazineWell__Cannon__M242__HEIT__Class.html
MainMenuUI	interfaceMainMenuUI.html
MapAreaProperties	interfaceMapAreaProperties.html
MapBuildingProps	interfaceMapBuildingProps.html
MapConfiguration	interfaceMapConfiguration.html
MapContourProps	interfaceMapContourProps.html
MapDataExporter	interfaceMapDataExporter.html
MapDescriptorComponent	interfaceMapDescriptorComponent.html
MapDescriptorComponentClass	interfaceMapDescriptorComponentClass.html
MapDescriptorProps	interfaceMapDescriptorProps.html
MapDrawingProps	interfaceMapDrawingProps.html
MapEntity	interfaceMapEntity.html
MapEntityClass	interfaceMapEntityClass.html
MapGridProps	interfaceMapGridProps.html
MapHillProps	interfaceMapHillProps.html
MapItem	interfaceMapItem.html
MapLayer	interfaceMapLayer.html
MapLegendProps	interfaceMapLegendProps.html
MapLine	interfaceMapLine.html
MapLink	interfaceMapLink.html
MapLinkProps	interfaceMapLinkProps.html
MapPowerLineProps	interfaceMapPowerLineProps.html
MapRoadProps	interfaceMapRoadProps.html
MapSelectionProperties	interfaceMapSelectionProperties.html
MapWaterBodyProps	interfaceMapWaterBodyProps.html
MapWidget	interfaceMapWidget.html
MaterialCinematicTrack	interfaceMaterialCinematicTrack.html
MenuRootBase	interfaceMenuRootBase.html
MenuRootComponent	interfaceMenuRootComponent.html
MenuRootSubComponent	interfaceMenuRootSubComponent.html
MeshConfig	interfaceMeshConfig.html
MeshObjectVolumeCalculator	interfaceMeshObjectVolumeCalculator.html
MeshesVisibilitySwitchConfig	interfaceMeshesVisibilitySwitchConfig.html
MetabolismEventParams	interfaceMetabolismEventParams.html
MiddleForestGeneratorClusterObject	interfaceMiddleForestGeneratorClusterObject.html
MineManagerComponent	interfaceMineManagerComponent.html
MineManagerComponentClass	interfaceMineManagerComponentClass.html
MissileMoveComponent	interfaceMissileMoveComponent.html
MissileMoveComponentClass	interfaceMissileMoveComponentClass.html
MissionHeader	interfaceMissionHeader.html
MortarAnimationComponent	interfaceMortarAnimationComponent.html
MortarAnimationComponentClass	interfaceMortarAnimationComponentClass.html
MortarMuzzleComponent	interfaceMortarMuzzleComponent.html
MortarMuzzleComponentClass	interfaceMortarMuzzleComponentClass.html
MotorExhaustEffectComponent	interfaceMotorExhaustEffectComponent.html
MotorExhaustEffectComponentClass	interfaceMotorExhaustEffectComponentClass.html
MotorExhaustSystem	interfaceMotorExhaustSystem.html
MultiBarrelMuzzleEffectComponent	interfaceMultiBarrelMuzzleEffectComponent.html
MultiBarrelMuzzleEffectComponentClass	interfaceMultiBarrelMuzzleEffectComponentClass.html
MultiFireWeaponManagerComponent	interfaceMultiFireWeaponManagerComponent.html
MultiFireWeaponManagerComponentClass	interfaceMultiFireWeaponManagerComponentClass.html
MultiSlotConfiguration	interfaceMultiSlotConfiguration.html
MultiplayerDialogUI	interfaceMultiplayerDialogUI.html
MultipleStateButtonState	interfaceMultipleStateButtonState.html
Music	interfaceMusic.html
MusicManager	interfaceMusicManager.html
MusicManagerClass	interfaceMusicManagerClass.html
MusicManagerSerializer	interfaceMusicManagerSerializer.html
MuzzleComponent	interfaceMuzzleComponent.html
MuzzleComponentClass	interfaceMuzzleComponentClass.html
MuzzleComponentSerializer	interfaceMuzzleComponentSerializer.html
MuzzleEffectComponent	interfaceMuzzleEffectComponent.html
MuzzleEffectComponentClass	interfaceMuzzleEffectComponentClass.html
MuzzleInMagComponent	interfaceMuzzleInMagComponent.html
MuzzleInMagComponentClass	interfaceMuzzleInMagComponentClass.html
MuzzleInMagComponentSerializer	interfaceMuzzleInMagComponentSerializer.html
MuzzleUIInfo	interfaceMuzzleUIInfo.html
NavigationButtonEntry	interfaceNavigationButtonEntry.html
NavmeshCustomLinkComponent	interfaceNavmeshCustomLinkComponent.html
NavmeshCustomLinkComponentClass	interfaceNavmeshCustomLinkComponentClass.html
NavmeshSystem	interfaceNavmeshSystem.html
NavmeshWorldComponent	interfaceNavmeshWorldComponent.html
NavmeshWorldComponentClass	interfaceNavmeshWorldComponentClass.html
NewsDialogUI	interfaceNewsDialogUI.html
Node	interfaceNode.html
NodePortsContainer	interfaceNodePortsContainer.html
NotificationTestGeneratorEntity	interfaceNotificationTestGeneratorEntity.html
NotificationTestGeneratorEntityClass	interfaceNotificationTestGeneratorEntityClass.html
NotificationsSystem	interfaceNotificationsSystem.html
NwkBufferedCarMovementComponent	interfaceNwkBufferedCarMovementComponent.html
NwkBufferedCarMovementComponentClass	interfaceNwkBufferedCarMovementComponentClass.html
NwkCarMovementComponent	interfaceNwkCarMovementComponent.html
NwkCarMovementComponentClass	interfaceNwkCarMovementComponentClass.html
NwkHeliMovementComponent	interfaceNwkHeliMovementComponent.html
NwkHeliMovementComponentClass	interfaceNwkHeliMovementComponentClass.html
NwkMovementComponent	interfaceNwkMovementComponent.html
NwkMovementComponentClass	interfaceNwkMovementComponentClass.html
NwkMovementConsumerSystem	interfaceNwkMovementConsumerSystem.html
NwkMovementProducerSystem	interfaceNwkMovementProducerSystem.html
NwkPhysicsMovementComponent	interfaceNwkPhysicsMovementComponent.html
NwkPhysicsMovementComponentClass	interfaceNwkPhysicsMovementComponentClass.html
NwkSimpleMovementComponent	interfaceNwkSimpleMovementComponent.html
NwkSimpleMovementComponentClass	interfaceNwkSimpleMovementComponentClass.html
NwkTrackedMovementComponent	interfaceNwkTrackedMovementComponent.html
NwkTrackedMovementComponentClass	interfaceNwkTrackedMovementComponentClass.html
NwkVehicleMovementComponent	interfaceNwkVehicleMovementComponent.html
NwkVehicleMovementComponentClass	interfaceNwkVehicleMovementComponentClass.html
OnEvent	interfaceOnEvent.html
OnHitAimModifier	interfaceOnHitAimModifier.html
OnlineRecord_Item	interfaceOnlineRecord__Item.html
OnlineRecord_Parent	interfaceOnlineRecord__Parent.html
Parallel	interfaceParallel.html
ParamEnumAddons	interfaceParamEnumAddons.html
ParametricMaterialInstanceComponent	interfaceParametricMaterialInstanceComponent.html
ParametricMaterialInstanceComponentClass	interfaceParametricMaterialInstanceComponentClass.html
ParticleEffectInfo	interfaceParticleEffectInfo.html
ParticleResourceRequest	interfaceParticleResourceRequest.html
PathVisualizer	interfacePathVisualizer.html
PathVisualizerClass	interfacePathVisualizerClass.html
PauseMenuUI	interfacePauseMenuUI.html
PerceivableComponent	interfacePerceivableComponent.html
PerceivableComponentClass	interfacePerceivableComponentClass.html
PerceivableSystem	interfacePerceivableSystem.html
PerceptionComponent	interfacePerceptionComponent.html
PerceptionComponentClass	interfacePerceptionComponentClass.html
PerceptionComponentSerializer	interfacePerceptionComponentSerializer.html
PerceptionManager	interfacePerceptionManager.html
PerceptionManagerClass	interfacePerceptionManagerClass.html
PerceptionSystem	interfacePerceptionSystem.html
PersistenceBundle	interfacePersistenceBundle.html
PersistenceBundler	interfacePersistenceBundler.html
PersistenceCallback	interfacePersistenceCallback.html
PersistenceCollection	interfacePersistenceCollection.html
PersistenceConfig	interfacePersistenceConfig.html
PersistenceConfigRule	interfacePersistenceConfigRule.html
PersistenceDatabase	interfacePersistenceDatabase.html
PersistenceDeferredDeserializeTask	interfacePersistenceDeferredDeserializeTask.html
PersistenceIdUtils	interfacePersistenceIdUtils.html
PersistenceLoadRequest	interfacePersistenceLoadRequest.html
PersistenceResultCallback	interfacePersistenceResultCallback.html
PersistenceSerializerBase	interfacePersistenceSerializerBase.html
PersistenceSessionStorage	interfacePersistenceSessionStorage.html
PersistenceSpawnRequest	interfacePersistenceSpawnRequest.html
PersistenceStatusCallback	interfacePersistenceStatusCallback.html
PersistenceStorageBase	interfacePersistenceStorageBase.html
PersistenceSystem	interfacePersistenceSystem.html
PersistenceSystemConfig	interfacePersistenceSystemConfig.html
PersistenceWhenAvailableTask	interfacePersistenceWhenAvailableTask.html
PersistentDamageEffect	interfacePersistentDamageEffect.html
PersistentEntityLinkItem	interfacePersistentEntityLinkItem.html
PersistentState	interfacePersistentState.html
PhysicsCinematicTrack	interfacePhysicsCinematicTrack.html
PickupAction	interfacePickupAction.html
PilotCompartmentSlot	interfacePilotCompartmentSlot.html
PlayNextTimelineCinematicTrack	interfacePlayNextTimelineCinematicTrack.html
PlayerCamera	interfacePlayerCamera.html
PlayerCameraClass	interfacePlayerCameraClass.html
PlayerController	interfacePlayerController.html
PlayerControllerClass	interfacePlayerControllerClass.html
PlayerManager	interfacePlayerManager.html
PlayerPersistenceConfigRule	interfacePlayerPersistenceConfigRule.html
PointGridMap	interfacePointGridMap.html
PointInfo	interfacePointInfo.html
PostprocessCinematicTrack	interfacePostprocessCinematicTrack.html
PowerPoleEntity	interfacePowerPoleEntity.html
PowerPoleEntityClass	interfacePowerPoleEntityClass.html
PowerlineEntity	interfacePowerlineEntity.html
PowerlineEntityClass	interfacePowerlineEntityClass.html
PrefabEditingPluginConfig	interfacePrefabEditingPluginConfig.html
PrefabEditingPluginConfigFolder	interfacePrefabEditingPluginConfigFolder.html
PrefabFilter	interfacePrefabFilter.html
PrefabGeneratorEntity	interfacePrefabGeneratorEntity.html
PrefabGeneratorEntityClass	interfacePrefabGeneratorEntityClass.html
PrefabGeneratorPointData	interfacePrefabGeneratorPointData.html
PrefabList	interfacePrefabList.html
PrefabListClass	interfacePrefabListClass.html
PrefabPersistenceConfigRule	interfacePrefabPersistenceConfigRule.html
PreloadEntry	interfacePreloadEntry.html
PrettyJsonSaveContainer	interfacePrettyJsonSaveContainer.html
PrettyJsonSaveContext	interfacePrettyJsonSaveContext.html
PreviewAnimationComponent	interfacePreviewAnimationComponent.html
PreviewAnimationComponentClass	interfacePreviewAnimationComponentClass.html
PreviewRenderAttributes	interfacePreviewRenderAttributes.html
PreviewWorldExample	interfacePreviewWorldExample.html
PreviewWorldExampleClass	interfacePreviewWorldExampleClass.html
PrimaryControllerComponent	interfacePrimaryControllerComponent.html
PrimaryControllerComponentClass	interfacePrimaryControllerComponentClass.html
PrivateMessageChannel	interfacePrivateMessageChannel.html
PrivilegeCallback	interfacePrivilegeCallback.html
ProcAnimComponent	interfaceProcAnimComponent.html
ProcAnimComponentClass	interfaceProcAnimComponentClass.html
ProcAnimSystem	interfaceProcAnimSystem.html
Projectile	interfaceProjectile.html
ProjectileClass	interfaceProjectileClass.html
ProjectileMoveComponent	interfaceProjectileMoveComponent.html
ProjectileMoveComponentClass	interfaceProjectileMoveComponentClass.html
ProjectileResourceRequest	interfaceProjectileResourceRequest.html
ProjectileSimulationSystem	interfaceProjectileSimulationSystem.html
ProjectileSoundComponent	interfaceProjectileSoundComponent.html
ProjectileSoundComponentClass	interfaceProjectileSoundComponentClass.html
ProximityTriggerComponent	interfaceProximityTriggerComponent.html
ProximityTriggerComponentClass	interfaceProximityTriggerComponentClass.html
RadialMenuSystem	interfaceRadialMenuSystem.html
RadioBroadcastComponent	interfaceRadioBroadcastComponent.html
RadioBroadcastComponentClass	interfaceRadioBroadcastComponentClass.html
RadioBroadcastManager	interfaceRadioBroadcastManager.html
RadioBroadcastManagerClass	interfaceRadioBroadcastManagerClass.html
RadioBroadcastSoundComponent	interfaceRadioBroadcastSoundComponent.html
RadioBroadcastSoundComponentClass	interfaceRadioBroadcastSoundComponentClass.html
RadioController	interfaceRadioController.html
RadioManagerEntity	interfaceRadioManagerEntity.html
RadioManagerEntityClass	interfaceRadioManagerEntityClass.html
RadioTransceiver	interfaceRadioTransceiver.html
RearSightZeroingGenerator	interfaceRearSightZeroingGenerator.html
RecoilData	interfaceRecoilData.html
RecordInactivePhysEntitiesStateSystem	interfaceRecordInactivePhysEntitiesStateSystem.html
ReforgerSaveGameManager	interfaceReforgerSaveGameManager.html
RegionalActionsSystem	interfaceRegionalActionsSystem.html
RegionalDestructionManager	interfaceRegionalDestructionManager.html
RegionalDestructionManagerClass	interfaceRegionalDestructionManagerClass.html
RegisteringComponentSlotInfo	interfaceRegisteringComponentSlotInfo.html
RelayTransceiver	interfaceRelayTransceiver.html
Repeater	interfaceRepeater.html
ReplicatedCamerasSystem	interfaceReplicatedCamerasSystem.html
ReportDialogUI	interfaceReportDialogUI.html
ResourceRequest	interfaceResourceRequest.html
RespawnComponent	interfaceRespawnComponent.html
RespawnComponentClass	interfaceRespawnComponentClass.html
RespawnSystem	interfaceRespawnSystem.html
RespawnSystemComponent	interfaceRespawnSystemComponent.html
RespawnSystemComponentClass	interfaceRespawnSystemComponentClass.html
RestoreInactivePhysEntitiesStateSystem	interfaceRestoreInactivePhysEntitiesStateSystem.html
RoadNetworkBridgeComponent	interfaceRoadNetworkBridgeComponent.html
RoadNetworkBridgeComponentClass	interfaceRoadNetworkBridgeComponentClass.html
RoadNetworkManager	interfaceRoadNetworkManager.html
RoadNetworkSystem	interfaceRoadNetworkSystem.html
RocketEjectorMuzzleComponent	interfaceRocketEjectorMuzzleComponent.html
RocketEjectorMuzzleComponentClass	interfaceRocketEjectorMuzzleComponentClass.html
RocketEjectorMuzzleComponentSerializer	interfaceRocketEjectorMuzzleComponentSerializer.html
RocketTraceEffectComponent	interfaceRocketTraceEffectComponent.html
RocketTraceEffectComponentClass	interfaceRocketTraceEffectComponentClass.html
RoomJoinData	interfaceRoomJoinData.html
RootNode	interfaceRootNode.html
RotatingApertureZeroingGenerator	interfaceRotatingApertureZeroingGenerator.html
RplComponent	interfaceRplComponent.html
RplComponentClass	interfaceRplComponentClass.html
RplComponentDebugDrawSystem	interfaceRplComponentDebugDrawSystem.html
RplSessionErrorHandler	interfaceRplSessionErrorHandler.html
RplTestPropType	interfaceRplTestPropType.html
RunBT	interfaceRunBT.html
RunOnEntity	interfaceRunOnEntity.html
RunOnce	interfaceRunOnce.html
SCR_2DOpticsComponent	interfaceSCR__2DOpticsComponent.html
SCR_2DOpticsComponentClass	interfaceSCR__2DOpticsComponentClass.html
SCR_2DOpticsDisplay	interfaceSCR__2DOpticsDisplay.html
SCR_2DPIPSightsComponent	interfaceSCR__2DPIPSightsComponent.html
SCR_2DPIPSightsComponentClass	interfaceSCR__2DPIPSightsComponentClass.html
SCR_2DPiPScopeZeroingGenerator	interfaceSCR__2DPiPScopeZeroingGenerator.html
SCR_2DSightsComponent	interfaceSCR__2DSightsComponent.html
SCR_2DSightsComponentClass	interfaceSCR__2DSightsComponentClass.html
SCR_AABB	interfaceSCR__AABB.html
SCR_AIActionBase	interfaceSCR__AIActionBase.html
SCR_AIActionTask	interfaceSCR__AIActionTask.html
SCR_AIActivateAllBirds	interfaceSCR__AIActivateAllBirds.html
SCR_AIActivityBase	interfaceSCR__AIActivityBase.html
SCR_AIActivityFeatureBase	interfaceSCR__AIActivityFeatureBase.html
SCR_AIActivityIllumFlareFeature	interfaceSCR__AIActivityIllumFlareFeature.html
SCR_AIActivitySmokeCoverFeature	interfaceSCR__AIActivitySmokeCoverFeature.html
SCR_AIActivitySmokeCoverFeatureAgent	interfaceSCR__AIActivitySmokeCoverFeatureAgent.html
SCR_AIActivitySmokeCoverFeatureCluster	interfaceSCR__AIActivitySmokeCoverFeatureCluster.html
SCR_AIAgentDebugPanel	interfaceSCR__AIAgentDebugPanel.html
SCR_AIAllocateActionsForDefendActivity	interfaceSCR__AIAllocateActionsForDefendActivity.html
SCR_AIAllowLookAction	interfaceSCR__AIAllowLookAction.html
SCR_AIAnimateActivity	interfaceSCR__AIAnimateActivity.html
SCR_AIAnimateBehavior	interfaceSCR__AIAnimateBehavior.html
SCR_AIAnimationParameters	interfaceSCR__AIAnimationParameters.html
SCR_AIAnimationScript	interfaceSCR__AIAnimationScript.html
SCR_AIAnimationWaypoint	interfaceSCR__AIAnimationWaypoint.html
SCR_AIAnimationWaypointClass	interfaceSCR__AIAnimationWaypointClass.html
SCR_AIAnimationWaypointParameters	interfaceSCR__AIAnimationWaypointParameters.html
SCR_AIAnimationWaypointState	interfaceSCR__AIAnimationWaypointState.html
SCR_AIAnimation_Base	interfaceSCR__AIAnimation__Base.html
SCR_AIAnimation_Loitering	interfaceSCR__AIAnimation__Loitering.html
SCR_AIAnimation_OfficerMission_Table	interfaceSCR__AIAnimation__OfficerMission__Table.html
SCR_AIAnimation_OfficerMission_Walking	interfaceSCR__AIAnimation__OfficerMission__Walking.html
SCR_AIAnimation_Pushups	interfaceSCR__AIAnimation__Pushups.html
SCR_AIAnimation_Sitting	interfaceSCR__AIAnimation__Sitting.html
SCR_AIAttackBehavior	interfaceSCR__AIAttackBehavior.html
SCR_AIAttackClusterActivity	interfaceSCR__AIAttackClusterActivity.html
SCR_AIAvoidCharacterBehavior	interfaceSCR__AIAvoidCharacterBehavior.html
SCR_AIBaseTargetToTargetInfo	interfaceSCR__AIBaseTargetToTargetInfo.html
SCR_AIBaseUtilityComponent	interfaceSCR__AIBaseUtilityComponent.html
SCR_AIBaseUtilityComponentClass	interfaceSCR__AIBaseUtilityComponentClass.html
SCR_AIBehaviorBase	interfaceSCR__AIBehaviorBase.html
SCR_AIBoardingParameters	interfaceSCR__AIBoardingParameters.html
SCR_AIBoardingWaypointParameters	interfaceSCR__AIBoardingWaypointParameters.html
SCR_AICalculateCoverQueryProps_CombatMove	interfaceSCR__AICalculateCoverQueryProps__CombatMove.html
SCR_AICalculateNextCombatMovePos	interfaceSCR__AICalculateNextCombatMovePos.html
SCR_AICallOnExecuteWaypointTree	interfaceSCR__AICallOnExecuteWaypointTree.html
SCR_AIChangeCompartment	interfaceSCR__AIChangeCompartment.html
SCR_AIChangeUnitState	interfaceSCR__AIChangeUnitState.html
SCR_AICharacterLeanOnAbort	interfaceSCR__AICharacterLeanOnAbort.html
SCR_AICharacterLightInteractionSetting	interfaceSCR__AICharacterLightInteractionSetting.html
SCR_AICharacterLightInteractionSettingBase	interfaceSCR__AICharacterLightInteractionSettingBase.html
SCR_AICharacterMovementSpeedSetting	interfaceSCR__AICharacterMovementSpeedSetting.html
SCR_AICharacterMovementSpeedSettingBase	interfaceSCR__AICharacterMovementSpeedSettingBase.html
SCR_AICharacterMovementSpeedSetting_Range	interfaceSCR__AICharacterMovementSpeedSetting__Range.html
SCR_AICharacterSetMovementSpeed	interfaceSCR__AICharacterSetMovementSpeed.html
SCR_AICharacterSetting	interfaceSCR__AICharacterSetting.html
SCR_AICharacterSettingWithCause	interfaceSCR__AICharacterSettingWithCause.html
SCR_AICharacterSettingsComponent	interfaceSCR__AICharacterSettingsComponent.html
SCR_AICharacterSettingsComponentClass	interfaceSCR__AICharacterSettingsComponentClass.html
SCR_AICharacterStanceSetting	interfaceSCR__AICharacterStanceSetting.html
SCR_AICharacterStanceSettingBase	interfaceSCR__AICharacterStanceSettingBase.html
SCR_AICharacterStanceSetting_Range	interfaceSCR__AICharacterStanceSetting__Range.html
SCR_AICharacterStats	interfaceSCR__AICharacterStats.html
SCR_AICheckEntityStance	interfaceSCR__AICheckEntityStance.html
SCR_AICheckLowAmmo	interfaceSCR__AICheckLowAmmo.html
SCR_AICinematicLookAt	interfaceSCR__AICinematicLookAt.html
SCR_AIClearActionsForDefendActivity	interfaceSCR__AIClearActionsForDefendActivity.html
SCR_AIClustersCompositeAction	interfaceSCR__AIClustersCompositeAction.html
SCR_AICombatComponent	interfaceSCR__AICombatComponent.html
SCR_AICombatComponentClass	interfaceSCR__AICombatComponentClass.html
SCR_AICombatComponentSerializer	interfaceSCR__AICombatComponentSerializer.html
SCR_AICombatMoveLogicBase	interfaceSCR__AICombatMoveLogicBase.html
SCR_AICombatMoveLogicVehicleGunnerBase	interfaceSCR__AICombatMoveLogicVehicleGunnerBase.html
SCR_AICombatMoveLogicVehicleGunner_Attack	interfaceSCR__AICombatMoveLogicVehicleGunner__Attack.html
SCR_AICombatMoveLogicVehicleGunner_Suppressive	interfaceSCR__AICombatMoveLogicVehicleGunner__Suppressive.html
SCR_AICombatMoveLogic_Attack	interfaceSCR__AICombatMoveLogic__Attack.html
SCR_AICombatMoveLogic_HideFromThreatSystem	interfaceSCR__AICombatMoveLogic__HideFromThreatSystem.html
SCR_AICombatMoveLogic_HideFromUnknownFire	interfaceSCR__AICombatMoveLogic__HideFromUnknownFire.html
SCR_AICombatMoveLogic_MoveFromGrenade	interfaceSCR__AICombatMoveLogic__MoveFromGrenade.html
SCR_AICombatMoveLogic_MoveFromIncomingVehicle	interfaceSCR__AICombatMoveLogic__MoveFromIncomingVehicle.html
SCR_AICombatMoveLogic_Suppressive	interfaceSCR__AICombatMoveLogic__Suppressive.html
SCR_AICombatMoveRequestBase	interfaceSCR__AICombatMoveRequestBase.html
SCR_AICombatMoveRequest_ChangeStance	interfaceSCR__AICombatMoveRequest__ChangeStance.html
SCR_AICombatMoveRequest_ChangeStanceInCover	interfaceSCR__AICombatMoveRequest__ChangeStanceInCover.html
SCR_AICombatMoveRequest_Move	interfaceSCR__AICombatMoveRequest__Move.html
SCR_AICombatMoveRequest_Move_InvokeOnMovementStarted	interfaceSCR__AICombatMoveRequest__Move__InvokeOnMovementStarted.html
SCR_AICombatMoveRequest_Stop	interfaceSCR__AICombatMoveRequest__Stop.html
SCR_AICombatMoveState	interfaceSCR__AICombatMoveState.html
SCR_AICombatMoveUtils	interfaceSCR__AICombatMoveUtils.html
SCR_AICombatTargetGetterTask	interfaceSCR__AICombatTargetGetterTask.html
SCR_AICommsHandler	interfaceSCR__AICommsHandler.html
SCR_AICompartmentHandling	interfaceSCR__AICompartmentHandling.html
SCR_AICompleteAction	interfaceSCR__AICompleteAction.html
SCR_AICompleteLookAction	interfaceSCR__AICompleteLookAction.html
SCR_AICompleteWaypoint	interfaceSCR__AICompleteWaypoint.html
SCR_AICompositeActionParallel	interfaceSCR__AICompositeActionParallel.html
SCR_AIConfigComponent	interfaceSCR__AIConfigComponent.html
SCR_AIConfigComponentClass	interfaceSCR__AIConfigComponentClass.html
SCR_AIConfigureArtilleryAmmo	interfaceSCR__AIConfigureArtilleryAmmo.html
SCR_AICoverLock	interfaceSCR__AICoverLock.html
SCR_AICreateBasicCoverQueryProps	interfaceSCR__AICreateBasicCoverQueryProps.html
SCR_AICreateDefendBehaviorCoverQueryProps	interfaceSCR__AICreateDefendBehaviorCoverQueryProps.html
SCR_AICreateTargetInfo	interfaceSCR__AICreateTargetInfo.html
SCR_AIDamageHandling	interfaceSCR__AIDamageHandling.html
SCR_AIDangerEvent_UnsafeArea	interfaceSCR__AIDangerEvent__UnsafeArea.html
SCR_AIDangerReaction	interfaceSCR__AIDangerReaction.html
SCR_AIDangerReaction_DamageTaken	interfaceSCR__AIDangerReaction__DamageTaken.html
SCR_AIDangerReaction_DoorMovement	interfaceSCR__AIDangerReaction__DoorMovement.html
SCR_AIDangerReaction_Explosion	interfaceSCR__AIDangerReaction__Explosion.html
SCR_AIDangerReaction_GrenadeLanding	interfaceSCR__AIDangerReaction__GrenadeLanding.html
SCR_AIDangerReaction_MeleeDamageTaken	interfaceSCR__AIDangerReaction__MeleeDamageTaken.html
SCR_AIDangerReaction_PhysicsContact	interfaceSCR__AIDangerReaction__PhysicsContact.html
SCR_AIDangerReaction_ProjectileHit	interfaceSCR__AIDangerReaction__ProjectileHit.html
SCR_AIDangerReaction_StartedBleeding	interfaceSCR__AIDangerReaction__StartedBleeding.html
SCR_AIDangerReaction_UnsafeArea	interfaceSCR__AIDangerReaction__UnsafeArea.html
SCR_AIDangerReaction_Vehicle	interfaceSCR__AIDangerReaction__Vehicle.html
SCR_AIDangerReaction_VehicleHorn	interfaceSCR__AIDangerReaction__VehicleHorn.html
SCR_AIDangerReaction_WeaponFired	interfaceSCR__AIDangerReaction__WeaponFired.html
SCR_AIDayNightTest	interfaceSCR__AIDayNightTest.html
SCR_AIDebug	interfaceSCR__AIDebug.html
SCR_AIDebugCounter	interfaceSCR__AIDebugCounter.html
SCR_AIDebugInfoComponent	interfaceSCR__AIDebugInfoComponent.html
SCR_AIDebugMessage	interfaceSCR__AIDebugMessage.html
SCR_AIDebugTask	interfaceSCR__AIDebugTask.html
SCR_AIDebugVisualization	interfaceSCR__AIDebugVisualization.html
SCR_AIDebugVisualizationClass	interfaceSCR__AIDebugVisualizationClass.html
SCR_AIDecideActivity	interfaceSCR__AIDecideActivity.html
SCR_AIDecideBehavior	interfaceSCR__AIDecideBehavior.html
SCR_AIDecoAreVehiclesBurning	interfaceSCR__AIDecoAreVehiclesBurning.html
SCR_AIDecoBallisticPath	interfaceSCR__AIDecoBallisticPath.html
SCR_AIDecoBehaviorAllowsLooking	interfaceSCR__AIDecoBehaviorAllowsLooking.html
SCR_AIDecoCombatEnemy	interfaceSCR__AIDecoCombatEnemy.html
SCR_AIDecoCombatMode	interfaceSCR__AIDecoCombatMode.html
SCR_AIDecoCombatMove_AimingAllowed	interfaceSCR__AIDecoCombatMove__AimingAllowed.html
SCR_AIDecoCombatMove_Moving	interfaceSCR__AIDecoCombatMove__Moving.html
SCR_AIDecoCurrentEnemy	interfaceSCR__AIDecoCurrentEnemy.html
SCR_AIDecoDistanceHysteresis	interfaceSCR__AIDecoDistanceHysteresis.html
SCR_AIDecoHasActionOfType	interfaceSCR__AIDecoHasActionOfType.html
SCR_AIDecoHasMagazineCount	interfaceSCR__AIDecoHasMagazineCount.html
SCR_AIDecoHasRole	interfaceSCR__AIDecoHasRole.html
SCR_AIDecoHasWeaponOfType	interfaceSCR__AIDecoHasWeaponOfType.html
SCR_AIDecoIsAboveThreatLevel	interfaceSCR__AIDecoIsAboveThreatLevel.html
SCR_AIDecoIsArrayEmpty	interfaceSCR__AIDecoIsArrayEmpty.html
SCR_AIDecoIsCompartmentTypeAllowed	interfaceSCR__AIDecoIsCompartmentTypeAllowed.html
SCR_AIDecoIsEnemyWithinRadius	interfaceSCR__AIDecoIsEnemyWithinRadius.html
SCR_AIDecoIsGroupInitializing	interfaceSCR__AIDecoIsGroupInitializing.html
SCR_AIDecoIsWithinRadius	interfaceSCR__AIDecoIsWithinRadius.html
SCR_AIDecoLastSeenEnemy	interfaceSCR__AIDecoLastSeenEnemy.html
SCR_AIDecoMachinegunnerBipod	interfaceSCR__AIDecoMachinegunnerBipod.html
SCR_AIDecoOnWaypointChanged	interfaceSCR__AIDecoOnWaypointChanged.html
SCR_AIDecoProfiler	interfaceSCR__AIDecoProfiler.html
SCR_AIDecoSuppressiveFire	interfaceSCR__AIDecoSuppressiveFire.html
SCR_AIDecoTargetWithinTurretAimingLimits	interfaceSCR__AIDecoTargetWithinTurretAimingLimits.html
SCR_AIDecoTestActivityIsFollow	interfaceSCR__AIDecoTestActivityIsFollow.html
SCR_AIDecoTestAreAllocatedCompartmentsOccupied	interfaceSCR__AIDecoTestAreAllocatedCompartmentsOccupied.html
SCR_AIDecoTestCanGroupDriveVehicle	interfaceSCR__AIDecoTestCanGroupDriveVehicle.html
SCR_AIDecoTestCharacterWounded	interfaceSCR__AIDecoTestCharacterWounded.html
SCR_AIDecoTestDoorIsConditionWithSiblings	interfaceSCR__AIDecoTestDoorIsConditionWithSiblings.html
SCR_AIDecoTestDoorIsOpen	interfaceSCR__AIDecoTestDoorIsOpen.html
SCR_AIDecoTestDoorIsOpenWithSiblings	interfaceSCR__AIDecoTestDoorIsOpenWithSiblings.html
SCR_AIDecoTestDoorIsOpeningWithSiblings	interfaceSCR__AIDecoTestDoorIsOpeningWithSiblings.html
SCR_AIDecoTestDriverAliveInsideVehicle	interfaceSCR__AIDecoTestDriverAliveInsideVehicle.html
SCR_AIDecoTestHasMagazines	interfaceSCR__AIDecoTestHasMagazines.html
SCR_AIDecoTestIsAgentInGroup	interfaceSCR__AIDecoTestIsAgentInGroup.html
SCR_AIDecoTestIsAvailable	interfaceSCR__AIDecoTestIsAvailable.html
SCR_AIDecoTestIsEnteringOrLeavingVehicle	interfaceSCR__AIDecoTestIsEnteringOrLeavingVehicle.html
SCR_AIDecoTestIsEntityBurning	interfaceSCR__AIDecoTestIsEntityBurning.html
SCR_AIDecoTestIsGroup	interfaceSCR__AIDecoTestIsGroup.html
SCR_AIDecoTestIsInTurret	interfaceSCR__AIDecoTestIsInTurret.html
SCR_AIDecoTestIsInVehicle	interfaceSCR__AIDecoTestIsInVehicle.html
SCR_AIDecoTestIsInVehicleCondition	interfaceSCR__AIDecoTestIsInVehicleCondition.html
SCR_AIDecoTestIsLeader	interfaceSCR__AIDecoTestIsLeader.html
SCR_AIDecoTestIsMovingTowardsMe	interfaceSCR__AIDecoTestIsMovingTowardsMe.html
SCR_AIDecoTestIsOutOfVehicle	interfaceSCR__AIDecoTestIsOutOfVehicle.html
SCR_AIDecoTestIsOutVehicleCondition	interfaceSCR__AIDecoTestIsOutVehicleCondition.html
SCR_AIDecoTestIsReloading	interfaceSCR__AIDecoTestIsReloading.html
SCR_AIDecoTestIsSlaveGroupOfEntity	interfaceSCR__AIDecoTestIsSlaveGroupOfEntity.html
SCR_AIDecoTestIsWaypoint	interfaceSCR__AIDecoTestIsWaypoint.html
SCR_AIDecoTestVehicleIsMoving	interfaceSCR__AIDecoTestVehicleIsMoving.html
SCR_AIDecoTimeSinceTargetDetected	interfaceSCR__AIDecoTimeSinceTargetDetected.html
SCR_AIDecoVectorDistance	interfaceSCR__AIDecoVectorDistance.html
SCR_AIDecoWeaponUnobstructed	interfaceSCR__AIDecoWeaponUnobstructed.html
SCR_AIDefendActivity	interfaceSCR__AIDefendActivity.html
SCR_AIDefendBehavior	interfaceSCR__AIDefendBehavior.html
SCR_AIDefendFromClusterActivity	interfaceSCR__AIDefendFromClusterActivity.html
SCR_AIDefendWaypointState	interfaceSCR__AIDefendWaypointState.html
SCR_AIDeploySmokeCover	interfaceSCR__AIDeploySmokeCover.html
SCR_AIDrawDebugSphere	interfaceSCR__AIDrawDebugSphere.html
SCR_AIDrawDebugVector	interfaceSCR__AIDrawDebugVector.html
SCR_AIDropMagazines	interfaceSCR__AIDropMagazines.html
SCR_AIDropWeapon	interfaceSCR__AIDropWeapon.html
SCR_AIEndProcessCombatMoveRequest	interfaceSCR__AIEndProcessCombatMoveRequest.html
SCR_AIEntityWaypointParameters	interfaceSCR__AIEntityWaypointParameters.html
SCR_AIErrorMessages	interfaceSCR__AIErrorMessages.html
SCR_AIEvaluateExpectedWeapon	interfaceSCR__AIEvaluateExpectedWeapon.html
SCR_AIEvaluateSuppressionWeapon	interfaceSCR__AIEvaluateSuppressionWeapon.html
SCR_AIFactionHandling	interfaceSCR__AIFactionHandling.html
SCR_AIFailAction	interfaceSCR__AIFailAction.html
SCR_AIFindArsenalWithPrefab	interfaceSCR__AIFindArsenalWithPrefab.html
SCR_AIFindAvailableVehicle	interfaceSCR__AIFindAvailableVehicle.html
SCR_AIFindCover	interfaceSCR__AIFindCover.html
SCR_AIFindFirePositionBehavior	interfaceSCR__AIFindFirePositionBehavior.html
SCR_AIFindItemInInventory	interfaceSCR__AIFindItemInInventory.html
SCR_AIFindMedic	interfaceSCR__AIFindMedic.html
SCR_AIFindResupplier	interfaceSCR__AIFindResupplier.html
SCR_AIFindSmartActions	interfaceSCR__AIFindSmartActions.html
SCR_AIFindTagetToLookAt	interfaceSCR__AIFindTagetToLookAt.html
SCR_AIFindTurrets	interfaceSCR__AIFindTurrets.html
SCR_AIFireIllumFlareBehavior	interfaceSCR__AIFireIllumFlareBehavior.html
SCR_AIFireIllumFlareBehaviorParameters	interfaceSCR__AIFireIllumFlareBehaviorParameters.html
SCR_AIFireteamsActivity	interfaceSCR__AIFireteamsActivity.html
SCR_AIFireteamsClusterActivity	interfaceSCR__AIFireteamsClusterActivity.html
SCR_AIFollowActivity	interfaceSCR__AIFollowActivity.html
SCR_AIFollowEntityPath	interfaceSCR__AIFollowEntityPath.html
SCR_AIFormationEditorAttribute	interfaceSCR__AIFormationEditorAttribute.html
SCR_AIGetActionParameters	interfaceSCR__AIGetActionParameters.html
SCR_AIGetActionPriorityLevel	interfaceSCR__AIGetActionPriorityLevel.html
SCR_AIGetAimCompensation	interfaceSCR__AIGetAimCompensation.html
SCR_AIGetAimDistanceCompensation	interfaceSCR__AIGetAimDistanceCompensation.html
SCR_AIGetAimErrorOffset	interfaceSCR__AIGetAimErrorOffset.html
SCR_AIGetAllowedLookRange	interfaceSCR__AIGetAllowedLookRange.html
SCR_AIGetAnimateBehaviorParameters	interfaceSCR__AIGetAnimateBehaviorParameters.html
SCR_AIGetAnimationScriptParameters	interfaceSCR__AIGetAnimationScriptParameters.html
SCR_AIGetArtilleryAimDistanceCompensation	interfaceSCR__AIGetArtilleryAimDistanceCompensation.html
SCR_AIGetAttackBehaviorParameters	interfaceSCR__AIGetAttackBehaviorParameters.html
SCR_AIGetBaseTargetProperties	interfaceSCR__AIGetBaseTargetProperties.html
SCR_AIGetCarAvoidPosition	interfaceSCR__AIGetCarAvoidPosition.html
SCR_AIGetCombatComponentWeaponProperties	interfaceSCR__AIGetCombatComponentWeaponProperties.html
SCR_AIGetCombatMoveRequestParametersBase	interfaceSCR__AIGetCombatMoveRequestParametersBase.html
SCR_AIGetCombatMoveRequestParameters_ChangeStance	interfaceSCR__AIGetCombatMoveRequestParameters__ChangeStance.html
SCR_AIGetCombatMoveRequestParameters_ChangeStanceInCover	interfaceSCR__AIGetCombatMoveRequestParameters__ChangeStanceInCover.html
SCR_AIGetCombatMoveRequestParameters_Move	interfaceSCR__AIGetCombatMoveRequestParameters__Move.html
SCR_AIGetCombatMoveState	interfaceSCR__AIGetCombatMoveState.html
SCR_AIGetCombatMovementParameters	interfaceSCR__AIGetCombatMovementParameters.html
SCR_AIGetCompartmentEntityInComposition	interfaceSCR__AIGetCompartmentEntityInComposition.html
SCR_AIGetCoverIdleDuration	interfaceSCR__AIGetCoverIdleDuration.html
SCR_AIGetCoverParameters	interfaceSCR__AIGetCoverParameters.html
SCR_AIGetCurrentEnemy	interfaceSCR__AIGetCurrentEnemy.html
SCR_AIGetDefendActivityParameters	interfaceSCR__AIGetDefendActivityParameters.html
SCR_AIGetDefendBehaviorParameters	interfaceSCR__AIGetDefendBehaviorParameters.html
SCR_AIGetDefendWaypointParameters	interfaceSCR__AIGetDefendWaypointParameters.html
SCR_AIGetEmptyCompartment	interfaceSCR__AIGetEmptyCompartment.html
SCR_AIGetEntityPosition	interfaceSCR__AIGetEntityPosition.html
SCR_AIGetEntityWaypointParameters	interfaceSCR__AIGetEntityWaypointParameters.html
SCR_AIGetFailedNavlinkEntity	interfaceSCR__AIGetFailedNavlinkEntity.html
SCR_AIGetFindFirePositionNextPos	interfaceSCR__AIGetFindFirePositionNextPos.html
SCR_AIGetFirePositionBehaviorParameters	interfaceSCR__AIGetFirePositionBehaviorParameters.html
SCR_AIGetFireTimes	interfaceSCR__AIGetFireTimes.html
SCR_AIGetFollowActivityParameters	interfaceSCR__AIGetFollowActivityParameters.html
SCR_AIGetGetInActivityParameters	interfaceSCR__AIGetGetInActivityParameters.html
SCR_AIGetGetInVehicleBehaviorParameters	interfaceSCR__AIGetGetInVehicleBehaviorParameters.html
SCR_AIGetGetOutActivityParameters	interfaceSCR__AIGetGetOutActivityParameters.html
SCR_AIGetHealActivityParameters	interfaceSCR__AIGetHealActivityParameters.html
SCR_AIGetHealWaitBehaviorParameters	interfaceSCR__AIGetHealWaitBehaviorParameters.html
SCR_AIGetInActivity	interfaceSCR__AIGetInActivity.html
SCR_AIGetInNearestWaypointParameters	interfaceSCR__AIGetInNearestWaypointParameters.html
SCR_AIGetInVehicle	interfaceSCR__AIGetInVehicle.html
SCR_AIGetInvestigateBehaviorParameters	interfaceSCR__AIGetInvestigateBehaviorParameters.html
SCR_AIGetLastSeenEnemy	interfaceSCR__AIGetLastSeenEnemy.html
SCR_AIGetLookParameters	interfaceSCR__AIGetLookParameters.html
SCR_AIGetMagazineWell	interfaceSCR__AIGetMagazineWell.html
SCR_AIGetMedicHealBehaviorParameters	interfaceSCR__AIGetMedicHealBehaviorParameters.html
SCR_AIGetMoveActivityParameters	interfaceSCR__AIGetMoveActivityParameters.html
SCR_AIGetMoveFromDangerBehaviorParameters	interfaceSCR__AIGetMoveFromDangerBehaviorParameters.html
SCR_AIGetMoveFromUnsafeAreaBehaviorParameters	interfaceSCR__AIGetMoveFromUnsafeAreaBehaviorParameters.html
SCR_AIGetMoveIndividuallyBehaviorParameters	interfaceSCR__AIGetMoveIndividuallyBehaviorParameters.html
SCR_AIGetMuzzleMagazineWell	interfaceSCR__AIGetMuzzleMagazineWell.html
SCR_AIGetMyGroup	interfaceSCR__AIGetMyGroup.html
SCR_AIGetObserveUnknownFireBehaviorParameters	interfaceSCR__AIGetObserveUnknownFireBehaviorParameters.html
SCR_AIGetOutActivity	interfaceSCR__AIGetOutActivity.html
SCR_AIGetOutVehicle	interfaceSCR__AIGetOutVehicle.html
SCR_AIGetOutVehicleBehaviorParameters	interfaceSCR__AIGetOutVehicleBehaviorParameters.html
SCR_AIGetOverwatchMembers	interfaceSCR__AIGetOverwatchMembers.html
SCR_AIGetPerformActionActivityParameters	interfaceSCR__AIGetPerformActionActivityParameters.html
SCR_AIGetPerformActionBehaviorParameters	interfaceSCR__AIGetPerformActionBehaviorParameters.html
SCR_AIGetPickupInventoryItemsParameters	interfaceSCR__AIGetPickupInventoryItemsParameters.html
SCR_AIGetPilotMoveFromIncomingVehicleBehaviorParameters	interfaceSCR__AIGetPilotMoveFromIncomingVehicleBehaviorParameters.html
SCR_AIGetPosForward	interfaceSCR__AIGetPosForward.html
SCR_AIGetPosForwardToTarget	interfaceSCR__AIGetPosForwardToTarget.html
SCR_AIGetPositionAndRotation	interfaceSCR__AIGetPositionAndRotation.html
SCR_AIGetProvideAmmoBehaviorParameters	interfaceSCR__AIGetProvideAmmoBehaviorParameters.html
SCR_AIGetRandomLookPosition	interfaceSCR__AIGetRandomLookPosition.html
SCR_AIGetRandomPoint	interfaceSCR__AIGetRandomPoint.html
SCR_AIGetRandomPointInCircularSector	interfaceSCR__AIGetRandomPointInCircularSector.html
SCR_AIGetRandomPointWithExclude	interfaceSCR__AIGetRandomPointWithExclude.html
SCR_AIGetResupplyActivityParameters	interfaceSCR__AIGetResupplyActivityParameters.html
SCR_AIGetRetreatFromTargetBehaviorParameters	interfaceSCR__AIGetRetreatFromTargetBehaviorParameters.html
SCR_AIGetRetreatWhileLookAtBehaviorParameters	interfaceSCR__AIGetRetreatWhileLookAtBehaviorParameters.html
SCR_AIGetSidePosition	interfaceSCR__AIGetSidePosition.html
SCR_AIGetSmartActionComponent	interfaceSCR__AIGetSmartActionComponent.html
SCR_AIGetSmartActionSentinelParams	interfaceSCR__AIGetSmartActionSentinelParams.html
SCR_AIGetSmartActionsState	interfaceSCR__AIGetSmartActionsState.html
SCR_AIGetSplinePoint	interfaceSCR__AIGetSplinePoint.html
SCR_AIGetStanceFromThreat	interfaceSCR__AIGetStanceFromThreat.html
SCR_AIGetStaticArtilleryBehaviorParameters	interfaceSCR__AIGetStaticArtilleryBehaviorParameters.html
SCR_AIGetSuppressActivityParameters	interfaceSCR__AIGetSuppressActivityParameters.html
SCR_AIGetSuppressBehaviorParameters	interfaceSCR__AIGetSuppressBehaviorParameters.html
SCR_AIGetSuppressionPosition	interfaceSCR__AIGetSuppressionPosition.html
SCR_AIGetSuppressionVolumeCenterPosition	interfaceSCR__AIGetSuppressionVolumeCenterPosition.html
SCR_AIGetSuppressionVolumeLine	interfaceSCR__AIGetSuppressionVolumeLine.html
SCR_AIGetTarget	interfaceSCR__AIGetTarget.html
SCR_AIGetTargetInfoProperties	interfaceSCR__AIGetTargetInfoProperties.html
SCR_AIGetTargetSuppressionVolume	interfaceSCR__AIGetTargetSuppressionVolume.html
SCR_AIGetThrowGrenadeToBehaviorParameters	interfaceSCR__AIGetThrowGrenadeToBehaviorParameters.html
SCR_AIGetTimedWaypointParameters	interfaceSCR__AIGetTimedWaypointParameters.html
SCR_AIGetUsableVehicle	interfaceSCR__AIGetUsableVehicle.html
SCR_AIGetVehicleWaypointParameters	interfaceSCR__AIGetVehicleWaypointParameters.html
SCR_AIGetWaypointParameters	interfaceSCR__AIGetWaypointParameters.html
SCR_AIGetWeaponOfType	interfaceSCR__AIGetWeaponOfType.html
SCR_AIGoalReaction	interfaceSCR__AIGoalReaction.html
SCR_AIGoalReaction_Animate	interfaceSCR__AIGoalReaction__Animate.html
SCR_AIGoalReaction_ArtillerySupport	interfaceSCR__AIGoalReaction__ArtillerySupport.html
SCR_AIGoalReaction_Attack	interfaceSCR__AIGoalReaction__Attack.html
SCR_AIGoalReaction_AttackCluster	interfaceSCR__AIGoalReaction__AttackCluster.html
SCR_AIGoalReaction_AttackClusterDone	interfaceSCR__AIGoalReaction__AttackClusterDone.html
SCR_AIGoalReaction_Cancel	interfaceSCR__AIGoalReaction__Cancel.html
SCR_AIGoalReaction_CoverCluster	interfaceSCR__AIGoalReaction__CoverCluster.html
SCR_AIGoalReaction_Defend	interfaceSCR__AIGoalReaction__Defend.html
SCR_AIGoalReaction_FireIllumFlareAt	interfaceSCR__AIGoalReaction__FireIllumFlareAt.html
SCR_AIGoalReaction_Follow	interfaceSCR__AIGoalReaction__Follow.html
SCR_AIGoalReaction_GetInVehicle	interfaceSCR__AIGoalReaction__GetInVehicle.html
SCR_AIGoalReaction_GetOutVehicle	interfaceSCR__AIGoalReaction__GetOutVehicle.html
SCR_AIGoalReaction_Heal	interfaceSCR__AIGoalReaction__Heal.html
SCR_AIGoalReaction_HealWait	interfaceSCR__AIGoalReaction__HealWait.html
SCR_AIGoalReaction_Investigate	interfaceSCR__AIGoalReaction__Investigate.html
SCR_AIGoalReaction_Move	interfaceSCR__AIGoalReaction__Move.html
SCR_AIGoalReaction_MoveInFormation	interfaceSCR__AIGoalReaction__MoveInFormation.html
SCR_AIGoalReaction_OpenNavlinkDoor	interfaceSCR__AIGoalReaction__OpenNavlinkDoor.html
SCR_AIGoalReaction_PerformAction	interfaceSCR__AIGoalReaction__PerformAction.html
SCR_AIGoalReaction_PickupInventoryItems	interfaceSCR__AIGoalReaction__PickupInventoryItems.html
SCR_AIGoalReaction_ProvideAmmo	interfaceSCR__AIGoalReaction__ProvideAmmo.html
SCR_AIGoalReaction_SeekAndDestroy	interfaceSCR__AIGoalReaction__SeekAndDestroy.html
SCR_AIGoalReaction_Suppress	interfaceSCR__AIGoalReaction__Suppress.html
SCR_AIGoalReaction_ThrowGrenadeTo	interfaceSCR__AIGoalReaction__ThrowGrenadeTo.html
SCR_AIGroup	interfaceSCR__AIGroup.html
SCR_AIGroupAutonomyCheck	interfaceSCR__AIGroupAutonomyCheck.html
SCR_AIGroupCharactersMovementSpeedSetting	interfaceSCR__AIGroupCharactersMovementSpeedSetting.html
SCR_AIGroupCharactersMovementSpeedSettingBase	interfaceSCR__AIGroupCharactersMovementSpeedSettingBase.html
SCR_AIGroupClass	interfaceSCR__AIGroupClass.html
SCR_AIGroupCohesionComponent	interfaceSCR__AIGroupCohesionComponent.html
SCR_AIGroupCohesionComponentClass	interfaceSCR__AIGroupCohesionComponentClass.html
SCR_AIGroupCombatModeAttribute	interfaceSCR__AIGroupCombatModeAttribute.html
SCR_AIGroupCombatModeSetting	interfaceSCR__AIGroupCombatModeSetting.html
SCR_AIGroupCombatModeSettingBase	interfaceSCR__AIGroupCombatModeSettingBase.html
SCR_AIGroupConditionCheck	interfaceSCR__AIGroupConditionCheck.html
SCR_AIGroupConditionManager	interfaceSCR__AIGroupConditionManager.html
SCR_AIGroupFactionEditorAttribute	interfaceSCR__AIGroupFactionEditorAttribute.html
SCR_AIGroupFireteam	interfaceSCR__AIGroupFireteam.html
SCR_AIGroupFireteamLock	interfaceSCR__AIGroupFireteamLock.html
SCR_AIGroupFireteamManager	interfaceSCR__AIGroupFireteamManager.html
SCR_AIGroupFireteamVehicleBase	interfaceSCR__AIGroupFireteamVehicleBase.html
SCR_AIGroupFireteamVehicleCargo	interfaceSCR__AIGroupFireteamVehicleCargo.html
SCR_AIGroupFireteamVehicleCrew	interfaceSCR__AIGroupFireteamVehicleCrew.html
SCR_AIGroupFormationSetting	interfaceSCR__AIGroupFormationSetting.html
SCR_AIGroupFormationSettingBase	interfaceSCR__AIGroupFormationSettingBase.html
SCR_AIGroupInfoComponent	interfaceSCR__AIGroupInfoComponent.html
SCR_AIGroupInfoComponentClass	interfaceSCR__AIGroupInfoComponentClass.html
SCR_AIGroupMovementComponent	interfaceSCR__AIGroupMovementComponent.html
SCR_AIGroupMovementComponentClass	interfaceSCR__AIGroupMovementComponentClass.html
SCR_AIGroupPerception	interfaceSCR__AIGroupPerception.html
SCR_AIGroupSerializer	interfaceSCR__AIGroupSerializer.html
SCR_AIGroupSetMovementSpeed	interfaceSCR__AIGroupSetMovementSpeed.html
SCR_AIGroupSetting	interfaceSCR__AIGroupSetting.html
SCR_AIGroupSettingWithCause	interfaceSCR__AIGroupSettingWithCause.html
SCR_AIGroupSettingsComponent	interfaceSCR__AIGroupSettingsComponent.html
SCR_AIGroupSettingsComponentClass	interfaceSCR__AIGroupSettingsComponentClass.html
SCR_AIGroupSubordinationCheck	interfaceSCR__AIGroupSubordinationCheck.html
SCR_AIGroupTargetCluster	interfaceSCR__AIGroupTargetCluster.html
SCR_AIGroupTargetClusterProcessor	interfaceSCR__AIGroupTargetClusterProcessor.html
SCR_AIGroupUIInfo	interfaceSCR__AIGroupUIInfo.html
SCR_AIGroupUtilityComponent	interfaceSCR__AIGroupUtilityComponent.html
SCR_AIGroupUtilityComponentClass	interfaceSCR__AIGroupUtilityComponentClass.html
SCR_AIGroupUtilityComponentSerializer	interfaceSCR__AIGroupUtilityComponentSerializer.html
SCR_AIGroupVehicle	interfaceSCR__AIGroupVehicle.html
SCR_AIGroupVehicleManager	interfaceSCR__AIGroupVehicleManager.html
SCR_AIGroup_DelayedSpawn	interfaceSCR__AIGroup__DelayedSpawn.html
SCR_AIHealActivity	interfaceSCR__AIHealActivity.html
SCR_AIHealActivitySmokeCoverFeature	interfaceSCR__AIHealActivitySmokeCoverFeature.html
SCR_AIHealBehavior	interfaceSCR__AIHealBehavior.html
SCR_AIHealWaitBehavior	interfaceSCR__AIHealWaitBehavior.html
SCR_AIIdleActivity	interfaceSCR__AIIdleActivity.html
SCR_AIIdleBehavior	interfaceSCR__AIIdleBehavior.html
SCR_AIIdleBehavior_Driver	interfaceSCR__AIIdleBehavior__Driver.html
SCR_AIIdleReaction	interfaceSCR__AIIdleReaction.html
SCR_AIInfoBaseComponent	interfaceSCR__AIInfoBaseComponent.html
SCR_AIInfoBaseComponentClass	interfaceSCR__AIInfoBaseComponentClass.html
SCR_AIInfoComponent	interfaceSCR__AIInfoComponent.html
SCR_AIInfoComponentClass	interfaceSCR__AIInfoComponentClass.html
SCR_AIInfoReaction	interfaceSCR__AIInfoReaction.html
SCR_AIInfoReaction_FoundCorpse	interfaceSCR__AIInfoReaction__FoundCorpse.html
SCR_AIInfoReaction_NoAmmo	interfaceSCR__AIInfoReaction__NoAmmo.html
SCR_AIInfoReaction_UnderFire	interfaceSCR__AIInfoReaction__UnderFire.html
SCR_AIInfoReaction_Wounded	interfaceSCR__AIInfoReaction__Wounded.html
SCR_AIInspectWeapon	interfaceSCR__AIInspectWeapon.html
SCR_AIInvestigateClusterActivity	interfaceSCR__AIInvestigateClusterActivity.html
SCR_AIIsFriendlyInAim	interfaceSCR__AIIsFriendlyInAim.html
SCR_AIIsTargetVisible	interfaceSCR__AIIsTargetVisible.html
SCR_AIIsValidAction	interfaceSCR__AIIsValidAction.html
SCR_AILeaveStaticVehicles	interfaceSCR__AILeaveStaticVehicles.html
SCR_AILimitStance	interfaceSCR__AILimitStance.html
SCR_AILookAction	interfaceSCR__AILookAction.html
SCR_AILookAtPosition	interfaceSCR__AILookAtPosition.html
SCR_AILookAtThreatSystemLogic	interfaceSCR__AILookAtThreatSystemLogic.html
SCR_AIMedicHealBehavior	interfaceSCR__AIMedicHealBehavior.html
SCR_AIMessageBase	interfaceSCR__AIMessageBase.html
SCR_AIMessageGoal	interfaceSCR__AIMessageGoal.html
SCR_AIMessageHandling	interfaceSCR__AIMessageHandling.html
SCR_AIMessageInfo	interfaceSCR__AIMessageInfo.html
SCR_AIMessageSelectionMenuEntry	interfaceSCR__AIMessageSelectionMenuEntry.html
SCR_AIMessageVisualization	interfaceSCR__AIMessageVisualization.html
SCR_AIMessage_ActionFailed	interfaceSCR__AIMessage__ActionFailed.html
SCR_AIMessage_Animate	interfaceSCR__AIMessage__Animate.html
SCR_AIMessage_ArtillerySupport	interfaceSCR__AIMessage__ArtillerySupport.html
SCR_AIMessage_Attack	interfaceSCR__AIMessage__Attack.html
SCR_AIMessage_AttackCluster	interfaceSCR__AIMessage__AttackCluster.html
SCR_AIMessage_AttackClusterDone	interfaceSCR__AIMessage__AttackClusterDone.html
SCR_AIMessage_Cancel	interfaceSCR__AIMessage__Cancel.html
SCR_AIMessage_CoverCluster	interfaceSCR__AIMessage__CoverCluster.html
SCR_AIMessage_Defend	interfaceSCR__AIMessage__Defend.html
SCR_AIMessage_FireIllumFlareAt	interfaceSCR__AIMessage__FireIllumFlareAt.html
SCR_AIMessage_Flee	interfaceSCR__AIMessage__Flee.html
SCR_AIMessage_Follow	interfaceSCR__AIMessage__Follow.html
SCR_AIMessage_FoundCorpse	interfaceSCR__AIMessage__FoundCorpse.html
SCR_AIMessage_GetIn	interfaceSCR__AIMessage__GetIn.html
SCR_AIMessage_GetOut	interfaceSCR__AIMessage__GetOut.html
SCR_AIMessage_Heal	interfaceSCR__AIMessage__Heal.html
SCR_AIMessage_HealFailed	interfaceSCR__AIMessage__HealFailed.html
SCR_AIMessage_HealWait	interfaceSCR__AIMessage__HealWait.html
SCR_AIMessage_Investigate	interfaceSCR__AIMessage__Investigate.html
SCR_AIMessage_KeepFormation	interfaceSCR__AIMessage__KeepFormation.html
SCR_AIMessage_Move	interfaceSCR__AIMessage__Move.html
SCR_AIMessage_NoAmmo	interfaceSCR__AIMessage__NoAmmo.html
SCR_AIMessage_OpenNavlinkDoor	interfaceSCR__AIMessage__OpenNavlinkDoor.html
SCR_AIMessage_PerformAction	interfaceSCR__AIMessage__PerformAction.html
SCR_AIMessage_PickupInventoryItems	interfaceSCR__AIMessage__PickupInventoryItems.html
SCR_AIMessage_ProvideAmmo	interfaceSCR__AIMessage__ProvideAmmo.html
SCR_AIMessage_Retreat	interfaceSCR__AIMessage__Retreat.html
SCR_AIMessage_SeekAndDestroy	interfaceSCR__AIMessage__SeekAndDestroy.html
SCR_AIMessage_SitRep	interfaceSCR__AIMessage__SitRep.html
SCR_AIMessage_Suppress	interfaceSCR__AIMessage__Suppress.html
SCR_AIMessage_Target	interfaceSCR__AIMessage__Target.html
SCR_AIMessage_ThrowGrenadeTo	interfaceSCR__AIMessage__ThrowGrenadeTo.html
SCR_AIMessage_UnderFire	interfaceSCR__AIMessage__UnderFire.html
SCR_AIMessage_Vehicle	interfaceSCR__AIMessage__Vehicle.html
SCR_AIMessage_Wounded	interfaceSCR__AIMessage__Wounded.html
SCR_AIMoveActivity	interfaceSCR__AIMoveActivity.html
SCR_AIMoveAndInvestigateBehavior	interfaceSCR__AIMoveAndInvestigateBehavior.html
SCR_AIMoveBehaviorBase	interfaceSCR__AIMoveBehaviorBase.html
SCR_AIMoveFromDangerBehavior	interfaceSCR__AIMoveFromDangerBehavior.html
SCR_AIMoveFromGrenadeBehavior	interfaceSCR__AIMoveFromGrenadeBehavior.html
SCR_AIMoveFromIncomingVehicleBehavior	interfaceSCR__AIMoveFromIncomingVehicleBehavior.html
SCR_AIMoveFromUnsafeAreaBehavior	interfaceSCR__AIMoveFromUnsafeAreaBehavior.html
SCR_AIMoveFromVehicleHornBehavior	interfaceSCR__AIMoveFromVehicleHornBehavior.html
SCR_AIMoveInFormationBehavior	interfaceSCR__AIMoveInFormationBehavior.html
SCR_AIMoveIndividuallyBehavior	interfaceSCR__AIMoveIndividuallyBehavior.html
SCR_AIMovementDetector	interfaceSCR__AIMovementDetector.html
SCR_AINodePortsHelpers	interfaceSCR__AINodePortsHelpers.html
SCR_AIObserveThreatSystemBehavior	interfaceSCR__AIObserveThreatSystemBehavior.html
SCR_AIObserveThreatSystemReaction	interfaceSCR__AIObserveThreatSystemReaction.html
SCR_AIObserveUnknownFireBehavior	interfaceSCR__AIObserveUnknownFireBehavior.html
SCR_AIOccupyDriversInUsedVehicles	interfaceSCR__AIOccupyDriversInUsedVehicles.html
SCR_AIOccupyMovableVehicles	interfaceSCR__AIOccupyMovableVehicles.html
SCR_AIOnWaypointPropertiesChange	interfaceSCR__AIOnWaypointPropertiesChange.html
SCR_AIOpenDoor	interfaceSCR__AIOpenDoor.html
SCR_AIOrderBase	interfaceSCR__AIOrderBase.html
SCR_AIOrder_AIState	interfaceSCR__AIOrder__AIState.html
SCR_AIOrder_MovementType	interfaceSCR__AIOrder__MovementType.html
SCR_AIOrder_ReturnToDefault	interfaceSCR__AIOrder__ReturnToDefault.html
SCR_AIOrder_Stance	interfaceSCR__AIOrder__Stance.html
SCR_AIOrder_Unit_State	interfaceSCR__AIOrder__Unit__State.html
SCR_AIOrder_WeaponRaised	interfaceSCR__AIOrder__WeaponRaised.html
SCR_AIOrder_WeaponType	interfaceSCR__AIOrder__WeaponType.html
SCR_AIPerformActionActivity	interfaceSCR__AIPerformActionActivity.html
SCR_AIPerformActionBehavior	interfaceSCR__AIPerformActionBehavior.html
SCR_AIPerformSmartHealing	interfaceSCR__AIPerformSmartHealing.html
SCR_AIPerformSmartUserAction	interfaceSCR__AIPerformSmartUserAction.html
SCR_AIPickMagazines	interfaceSCR__AIPickMagazines.html
SCR_AIPickupInventoryItemsBehavior	interfaceSCR__AIPickupInventoryItemsBehavior.html
SCR_AIPilotMoveFromIncomingVehicleBehavior	interfaceSCR__AIPilotMoveFromIncomingVehicleBehavior.html
SCR_AIPlayAnimation	interfaceSCR__AIPlayAnimation.html
SCR_AIPlayItemGesture	interfaceSCR__AIPlayItemGesture.html
SCR_AIPolar	interfaceSCR__AIPolar.html
SCR_AIPrintDebug	interfaceSCR__AIPrintDebug.html
SCR_AIProcessCombatMoveRequest	interfaceSCR__AIProcessCombatMoveRequest.html
SCR_AIProcessFailedMovementResult	interfaceSCR__AIProcessFailedMovementResult.html
SCR_AIProcessOrder	interfaceSCR__AIProcessOrder.html
SCR_AIProvideAmmoBehavior	interfaceSCR__AIProvideAmmoBehavior.html
SCR_AIReactionBase	interfaceSCR__AIReactionBase.html
SCR_AIRemoveStuckVehicle	interfaceSCR__AIRemoveStuckVehicle.html
SCR_AIRemoveVehicleFromGetInActivity	interfaceSCR__AIRemoveVehicleFromGetInActivity.html
SCR_AIRemoveVehicleFromGroup	interfaceSCR__AIRemoveVehicleFromGroup.html
SCR_AIResetCombatMoveState	interfaceSCR__AIResetCombatMoveState.html
SCR_AIResupplyActivity	interfaceSCR__AIResupplyActivity.html
SCR_AIRetreatFromTargetBehavior	interfaceSCR__AIRetreatFromTargetBehavior.html
SCR_AIRetreatWhileLookAtBehavior	interfaceSCR__AIRetreatWhileLookAtBehavior.html
SCR_AIScenarioFrameworkDummyPriorityAction	interfaceSCR__AIScenarioFrameworkDummyPriorityAction.html
SCR_AIScriptGeneratorConfig	interfaceSCR__AIScriptGeneratorConfig.html
SCR_AISearchAndDestroyActivity	interfaceSCR__AISearchAndDestroyActivity.html
SCR_AISectorThreatFilter	interfaceSCR__AISectorThreatFilter.html
SCR_AISelectDoorOperatorAgent	interfaceSCR__AISelectDoorOperatorAgent.html
SCR_AISelectFireMode	interfaceSCR__AISelectFireMode.html
SCR_AISendGoalMessage	interfaceSCR__AISendGoalMessage.html
SCR_AISendGoalMessageGenerated	interfaceSCR__AISendGoalMessageGenerated.html
SCR_AISendGoalMessage_Animate	interfaceSCR__AISendGoalMessage__Animate.html
SCR_AISendGoalMessage_ArtillerySupport	interfaceSCR__AISendGoalMessage__ArtillerySupport.html
SCR_AISendGoalMessage_Attack	interfaceSCR__AISendGoalMessage__Attack.html
SCR_AISendGoalMessage_AttackCluster	interfaceSCR__AISendGoalMessage__AttackCluster.html
SCR_AISendGoalMessage_AttackClusterDone	interfaceSCR__AISendGoalMessage__AttackClusterDone.html
SCR_AISendGoalMessage_Cancel	interfaceSCR__AISendGoalMessage__Cancel.html
SCR_AISendGoalMessage_Defend	interfaceSCR__AISendGoalMessage__Defend.html
SCR_AISendGoalMessage_FireIllumFlareAt	interfaceSCR__AISendGoalMessage__FireIllumFlareAt.html
SCR_AISendGoalMessage_Flee	interfaceSCR__AISendGoalMessage__Flee.html
SCR_AISendGoalMessage_Follow	interfaceSCR__AISendGoalMessage__Follow.html
SCR_AISendGoalMessage_GetIn	interfaceSCR__AISendGoalMessage__GetIn.html
SCR_AISendGoalMessage_GetOut	interfaceSCR__AISendGoalMessage__GetOut.html
SCR_AISendGoalMessage_Heal	interfaceSCR__AISendGoalMessage__Heal.html
SCR_AISendGoalMessage_HealWait	interfaceSCR__AISendGoalMessage__HealWait.html
SCR_AISendGoalMessage_Investigate	interfaceSCR__AISendGoalMessage__Investigate.html
SCR_AISendGoalMessage_KeepFormation	interfaceSCR__AISendGoalMessage__KeepFormation.html
SCR_AISendGoalMessage_Move	interfaceSCR__AISendGoalMessage__Move.html
SCR_AISendGoalMessage_OpenNavlinkDoor	interfaceSCR__AISendGoalMessage__OpenNavlinkDoor.html
SCR_AISendGoalMessage_PerformAction	interfaceSCR__AISendGoalMessage__PerformAction.html
SCR_AISendGoalMessage_PickupInventoryItems	interfaceSCR__AISendGoalMessage__PickupInventoryItems.html
SCR_AISendGoalMessage_ProvideAmmo	interfaceSCR__AISendGoalMessage__ProvideAmmo.html
SCR_AISendGoalMessage_Retreat	interfaceSCR__AISendGoalMessage__Retreat.html
SCR_AISendGoalMessage_SeekAndDestroy	interfaceSCR__AISendGoalMessage__SeekAndDestroy.html
SCR_AISendGoalMessage_Suppress	interfaceSCR__AISendGoalMessage__Suppress.html
SCR_AISendGoalMessage_ThrowGrenadeTo	interfaceSCR__AISendGoalMessage__ThrowGrenadeTo.html
SCR_AISendInfoMessage	interfaceSCR__AISendInfoMessage.html
SCR_AISendInfoMessage_FoundCorpse	interfaceSCR__AISendInfoMessage__FoundCorpse.html
SCR_AISendInfoMessage_HealFailed	interfaceSCR__AISendInfoMessage__HealFailed.html
SCR_AISendInfoMessage_NoAmmo	interfaceSCR__AISendInfoMessage__NoAmmo.html
SCR_AISendInfoMessage_SitRep	interfaceSCR__AISendInfoMessage__SitRep.html
SCR_AISendInfoMessage_Target	interfaceSCR__AISendInfoMessage__Target.html
SCR_AISendInfoMessage_UnderFire	interfaceSCR__AISendInfoMessage__UnderFire.html
SCR_AISendInfoMessage_Wounded	interfaceSCR__AISendInfoMessage__Wounded.html
SCR_AISendMessageBase	interfaceSCR__AISendMessageBase.html
SCR_AISendMessageDebugUI	interfaceSCR__AISendMessageDebugUI.html
SCR_AISendMessageDebugUIClass	interfaceSCR__AISendMessageDebugUIClass.html
SCR_AISendMessageGenerated	interfaceSCR__AISendMessageGenerated.html
SCR_AISendMessageGeneric	interfaceSCR__AISendMessageGeneric.html
SCR_AISendMessage_ActionFailed	interfaceSCR__AISendMessage__ActionFailed.html
SCR_AISendMessage_HealFailed	interfaceSCR__AISendMessage__HealFailed.html
SCR_AISendOrder	interfaceSCR__AISendOrder.html
SCR_AISendOrderGenerated	interfaceSCR__AISendOrderGenerated.html
SCR_AISendOrder_AIState	interfaceSCR__AISendOrder__AIState.html
SCR_AISendOrder_MovementType	interfaceSCR__AISendOrder__MovementType.html
SCR_AISendOrder_ReturnToDefault	interfaceSCR__AISendOrder__ReturnToDefault.html
SCR_AISendOrder_Stance	interfaceSCR__AISendOrder__Stance.html
SCR_AISendOrder_UnitState	interfaceSCR__AISendOrder__UnitState.html
SCR_AISendOrder_WeaponRaised	interfaceSCR__AISendOrder__WeaponRaised.html
SCR_AISendOrder_WeaponType	interfaceSCR__AISendOrder__WeaponType.html
SCR_AISetAIState	interfaceSCR__AISetAIState.html
SCR_AISetActionParameters	interfaceSCR__AISetActionParameters.html
SCR_AISetAttackBehaviorParameters	interfaceSCR__AISetAttackBehaviorParameters.html
SCR_AISetBehaviorAllowLook	interfaceSCR__AISetBehaviorAllowLook.html
SCR_AISetBehaviorInterruptable	interfaceSCR__AISetBehaviorInterruptable.html
SCR_AISetBipod	interfaceSCR__AISetBipod.html
SCR_AISetCarHandBrake	interfaceSCR__AISetCarHandBrake.html
SCR_AISetCombatMoveRequestFailReason	interfaceSCR__AISetCombatMoveRequestFailReason.html
SCR_AISetCombatMoveRequestState	interfaceSCR__AISetCombatMoveRequestState.html
SCR_AISetCombatMoveState	interfaceSCR__AISetCombatMoveState.html
SCR_AISetCompartmentAccessible	interfaceSCR__AISetCompartmentAccessible.html
SCR_AISetDefendActivityParameters	interfaceSCR__AISetDefendActivityParameters.html
SCR_AISetDefendWaypointParameters	interfaceSCR__AISetDefendWaypointParameters.html
SCR_AISetGadgetRaisedMode	interfaceSCR__AISetGadgetRaisedMode.html
SCR_AISetGetInActivityParameters	interfaceSCR__AISetGetInActivityParameters.html
SCR_AISetGroupControlMode	interfaceSCR__AISetGroupControlMode.html
SCR_AISetGroupFormation	interfaceSCR__AISetGroupFormation.html
SCR_AISetHealActivityParameters	interfaceSCR__AISetHealActivityParameters.html
SCR_AISetInvestigateBehaviorParameters	interfaceSCR__AISetInvestigateBehaviorParameters.html
SCR_AISetMoveActivityParameters	interfaceSCR__AISetMoveActivityParameters.html
SCR_AISetObserveUnknownFireBehaviorParameters	interfaceSCR__AISetObserveUnknownFireBehaviorParameters.html
SCR_AISetPosition	interfaceSCR__AISetPosition.html
SCR_AISetSmartActionReserved	interfaceSCR__AISetSmartActionReserved.html
SCR_AISetStance	interfaceSCR__AISetStance.html
SCR_AISetStaticArtilleryBehaviorParameters	interfaceSCR__AISetStaticArtilleryBehaviorParameters.html
SCR_AISetVehicleLights	interfaceSCR__AISetVehicleLights.html
SCR_AISetWeaponRaised	interfaceSCR__AISetWeaponRaised.html
SCR_AISettingBase	interfaceSCR__AISettingBase.html
SCR_AISettingOriginPriorityTable	interfaceSCR__AISettingOriginPriorityTable.html
SCR_AISettingsBaseComponent	interfaceSCR__AISettingsBaseComponent.html
SCR_AISettingsBaseComponentClass	interfaceSCR__AISettingsBaseComponentClass.html
SCR_AISettingsComponent	interfaceSCR__AISettingsComponent.html
SCR_AISettingsComponentClass	interfaceSCR__AISettingsComponentClass.html
SCR_AIShootStaticArtillery	interfaceSCR__AIShootStaticArtillery.html
SCR_AISmartActionComponent	interfaceSCR__AISmartActionComponent.html
SCR_AISmartActionComponentClass	interfaceSCR__AISmartActionComponentClass.html
SCR_AISmartActionHandling	interfaceSCR__AISmartActionHandling.html
SCR_AISmartActionSentinelComponent	interfaceSCR__AISmartActionSentinelComponent.html
SCR_AISmartActionSentinelComponentClass	interfaceSCR__AISmartActionSentinelComponentClass.html
SCR_AISmartActionSystem	interfaceSCR__AISmartActionSystem.html
SCR_AISoundHandling	interfaceSCR__AISoundHandling.html
SCR_AISpawnMagazines	interfaceSCR__AISpawnMagazines.html
SCR_AISpawnerGroupFaction	interfaceSCR__AISpawnerGroupFaction.html
SCR_AISpawnerGroupFactionClass	interfaceSCR__AISpawnerGroupFactionClass.html
SCR_AIStanceHandling	interfaceSCR__AIStanceHandling.html
SCR_AIStateTooltipDetail	interfaceSCR__AIStateTooltipDetail.html
SCR_AIStaticArtilleryActivity	interfaceSCR__AIStaticArtilleryActivity.html
SCR_AIStaticArtilleryBehavior	interfaceSCR__AIStaticArtilleryBehavior.html
SCR_AIStaticArtilleryBehavior_ShootingLogic	interfaceSCR__AIStaticArtilleryBehavior__ShootingLogic.html
SCR_AIStaticArtilleryVehicleUsageComponent	interfaceSCR__AIStaticArtilleryVehicleUsageComponent.html
SCR_AIStaticArtilleryVehicleUsageComponentClass	interfaceSCR__AIStaticArtilleryVehicleUsageComponentClass.html
SCR_AISuppressActivity	interfaceSCR__AISuppressActivity.html
SCR_AISuppressBehavior	interfaceSCR__AISuppressBehavior.html
SCR_AISuppressGroupClusterBehavior	interfaceSCR__AISuppressGroupClusterBehavior.html
SCR_AISuppressionObjectVolumeBox	interfaceSCR__AISuppressionObjectVolumeBox.html
SCR_AISuppressionVolumeBase	interfaceSCR__AISuppressionVolumeBase.html
SCR_AISuppressionVolumeBaseTargetBox	interfaceSCR__AISuppressionVolumeBaseTargetBox.html
SCR_AISuppressionVolumeBox	interfaceSCR__AISuppressionVolumeBox.html
SCR_AISuppressionVolumeClusterBox	interfaceSCR__AISuppressionVolumeClusterBox.html
SCR_AISuppressionVolumeSphere	interfaceSCR__AISuppressionVolumeSphere.html
SCR_AISuppressionVolumeWaypoint	interfaceSCR__AISuppressionVolumeWaypoint.html
SCR_AISuspendAction	interfaceSCR__AISuspendAction.html
SCR_AISwitchMagazine	interfaceSCR__AISwitchMagazine.html
SCR_AISwitchMuzzle	interfaceSCR__AISwitchMuzzle.html
SCR_AISwitchWeapon	interfaceSCR__AISwitchWeapon.html
SCR_AISwitchWeaponMovedCallback	interfaceSCR__AISwitchWeaponMovedCallback.html
SCR_AITakeGadgetInLeftHand	interfaceSCR__AITakeGadgetInLeftHand.html
SCR_AITakeItemFromArsenal	interfaceSCR__AITakeItemFromArsenal.html
SCR_AITakeItemFromArsenal_InventoryCallback	interfaceSCR__AITakeItemFromArsenal__InventoryCallback.html
SCR_AITalk	interfaceSCR__AITalk.html
SCR_AITalkRequest	interfaceSCR__AITalkRequest.html
SCR_AITargetClusterState	interfaceSCR__AITargetClusterState.html
SCR_AITargetInfo	interfaceSCR__AITargetInfo.html
SCR_AITargetInfoPolar	interfaceSCR__AITargetInfoPolar.html
SCR_AITargetReactionBase	interfaceSCR__AITargetReactionBase.html
SCR_AITargetReaction_RetreatFromEnemy	interfaceSCR__AITargetReaction__RetreatFromEnemy.html
SCR_AITargetReaction_SelectedTargetChanged	interfaceSCR__AITargetReaction__SelectedTargetChanged.html
SCR_AITargetReaction_SelectedTargetChangedBase	interfaceSCR__AITargetReaction__SelectedTargetChangedBase.html
SCR_AITargetReaction_Unknown	interfaceSCR__AITargetReaction__Unknown.html
SCR_AITaskTimer	interfaceSCR__AITaskTimer.html
SCR_AITaskTimerGate	interfaceSCR__AITaskTimerGate.html
SCR_AIThreatSector	interfaceSCR__AIThreatSector.html
SCR_AIThreatSystem	interfaceSCR__AIThreatSystem.html
SCR_AIThrowGrenadeToBehavior	interfaceSCR__AIThrowGrenadeToBehavior.html
SCR_AITimedWaypointParameters	interfaceSCR__AITimedWaypointParameters.html
SCR_AIToggleFlashlights	interfaceSCR__AIToggleFlashlights.html
SCR_AIToggleFlashlightsOnAbort	interfaceSCR__AIToggleFlashlightsOnAbort.html
SCR_AIToggleFlashlightsOnSimulate	interfaceSCR__AIToggleFlashlightsOnSimulate.html
SCR_AIToggleMaxLOD	interfaceSCR__AIToggleMaxLOD.html
SCR_AIUnEquipItems	interfaceSCR__AIUnEquipItems.html
SCR_AIUpdateCombatMoveStateTimers	interfaceSCR__AIUpdateCombatMoveStateTimers.html
SCR_AIUpdateExecutedAction	interfaceSCR__AIUpdateExecutedAction.html
SCR_AIUpdateTargetAttackData	interfaceSCR__AIUpdateTargetAttackData.html
SCR_AIUpdateTargetSuppressionData	interfaceSCR__AIUpdateTargetSuppressionData.html
SCR_AIUtilityComponent	interfaceSCR__AIUtilityComponent.html
SCR_AIUtilityComponentClass	interfaceSCR__AIUtilityComponentClass.html
SCR_AIUtils	interfaceSCR__AIUtils.html
SCR_AIVehicleBehavior	interfaceSCR__AIVehicleBehavior.html
SCR_AIVehicleCombatActivity	interfaceSCR__AIVehicleCombatActivity.html
SCR_AIVehicleUsability	interfaceSCR__AIVehicleUsability.html
SCR_AIVehicleUsageComponent	interfaceSCR__AIVehicleUsageComponent.html
SCR_AIVehicleUsageComponentClass	interfaceSCR__AIVehicleUsageComponentClass.html
SCR_AIVisualizeDebug	interfaceSCR__AIVisualizeDebug.html
SCR_AIWaitBehavior	interfaceSCR__AIWaitBehavior.html
SCR_AIWaitCombatMoveRequest	interfaceSCR__AIWaitCombatMoveRequest.html
SCR_AIWaitForNewCombatComponentWeapon	interfaceSCR__AIWaitForNewCombatComponentWeapon.html
SCR_AIWaitReaction	interfaceSCR__AIWaitReaction.html
SCR_AIWaypoint	interfaceSCR__AIWaypoint.html
SCR_AIWaypointArtillerySupport	interfaceSCR__AIWaypointArtillerySupport.html
SCR_AIWaypointArtillerySupportAmmoTypeAttribute	interfaceSCR__AIWaypointArtillerySupportAmmoTypeAttribute.html
SCR_AIWaypointArtillerySupportClass	interfaceSCR__AIWaypointArtillerySupportClass.html
SCR_AIWaypointArtillerySupportSerializer	interfaceSCR__AIWaypointArtillerySupportSerializer.html
SCR_AIWaypointArtillerySupportShotCountAttribute	interfaceSCR__AIWaypointArtillerySupportShotCountAttribute.html
SCR_AIWaypointArtillerySupportState	interfaceSCR__AIWaypointArtillerySupportState.html
SCR_AIWaypointClass	interfaceSCR__AIWaypointClass.html
SCR_AIWaypointState	interfaceSCR__AIWaypointState.html
SCR_AIWeaponHandling	interfaceSCR__AIWeaponHandling.html
SCR_AIWeaponHandlingBase	interfaceSCR__AIWeaponHandlingBase.html
SCR_AIWeaponTypeHandlingConfig	interfaceSCR__AIWeaponTypeHandlingConfig.html
SCR_AIWeaponTypeSelectionConfig	interfaceSCR__AIWeaponTypeSelectionConfig.html
SCR_AIWorld	interfaceSCR__AIWorld.html
SCR_AIWorldClass	interfaceSCR__AIWorldClass.html
SCR_AIWorldHandling	interfaceSCR__AIWorldHandling.html
SCR_ANDCondition	interfaceSCR__ANDCondition.html
SCR_ATLManualCameraComponent	interfaceSCR__ATLManualCameraComponent.html
SCR_AccelerationManualCameraComponent	interfaceSCR__AccelerationManualCameraComponent.html
SCR_AccessKeysEditorComponent	interfaceSCR__AccessKeysEditorComponent.html
SCR_AccessKeysEditorComponentClass	interfaceSCR__AccessKeysEditorComponentClass.html
SCR_AccountLockedDialogUi	interfaceSCR__AccountLockedDialogUi.html
SCR_AccountWidgetComponent	interfaceSCR__AccountWidgetComponent.html
SCR_AchievementsHandler	interfaceSCR__AchievementsHandler.html
SCR_AchievementsHandlerClass	interfaceSCR__AchievementsHandlerClass.html
SCR_ActionBlockUIName	interfaceSCR__ActionBlockUIName.html
SCR_ActionContextUIInfo	interfaceSCR__ActionContextUIInfo.html
SCR_ActionFormatParam	interfaceSCR__ActionFormatParam.html
SCR_ActionHintScriptedWidgetTooltip	interfaceSCR__ActionHintScriptedWidgetTooltip.html
SCR_ActionMenuElementComponent	interfaceSCR__ActionMenuElementComponent.html
SCR_ActionMenuElementWidgets	interfaceSCR__ActionMenuElementWidgets.html
SCR_ActionMenuInputButtonComponent	interfaceSCR__ActionMenuInputButtonComponent.html
SCR_ActionMenuInteractionDisplay	interfaceSCR__ActionMenuInteractionDisplay.html
SCR_ActionMenuLayoutWidgets	interfaceSCR__ActionMenuLayoutWidgets.html
SCR_ActionMenuSnackBarWidgets	interfaceSCR__ActionMenuSnackBarWidgets.html
SCR_ActionToolbarItemEditorUIComponent	interfaceSCR__ActionToolbarItemEditorUIComponent.html
SCR_ActionTooltipEditorUIComponent	interfaceSCR__ActionTooltipEditorUIComponent.html
SCR_ActionUIInfo	interfaceSCR__ActionUIInfo.html
SCR_ActionsRadialMenuEditorComponent	interfaceSCR__ActionsRadialMenuEditorComponent.html
SCR_ActionsRadialMenuEditorComponentClass	interfaceSCR__ActionsRadialMenuEditorComponentClass.html
SCR_ActionsToolbarEditorUIComponent	interfaceSCR__ActionsToolbarEditorUIComponent.html
SCR_ActionsToolbarItemEditorUIComponent	interfaceSCR__ActionsToolbarItemEditorUIComponent.html
SCR_ActivateMineUserAction	interfaceSCR__ActivateMineUserAction.html
SCR_ActiveTreeData	interfaceSCR__ActiveTreeData.html
SCR_ActiveVoNActionCondition	interfaceSCR__ActiveVoNActionCondition.html
SCR_AddPrefabToSelectedEntitiesPlugin	interfaceSCR__AddPrefabToSelectedEntitiesPlugin.html
SCR_AddTarget	interfaceSCR__AddTarget.html
SCR_AdditionalDeployablePart	interfaceSCR__AdditionalDeployablePart.html
SCR_AdditionalGameModeSettingsComponent	interfaceSCR__AdditionalGameModeSettingsComponent.html
SCR_AdditionalGameModeSettingsComponentClass	interfaceSCR__AdditionalGameModeSettingsComponentClass.html
SCR_AdditionalGameModeSettingsComponentSerializer	interfaceSCR__AdditionalGameModeSettingsComponentSerializer.html
SCR_AddonDetailsPanelComponent	interfaceSCR__AddonDetailsPanelComponent.html
SCR_AddonExportDialog	interfaceSCR__AddonExportDialog.html
SCR_AddonInfoWidgets	interfaceSCR__AddonInfoWidgets.html
SCR_AddonLineBaseComponent	interfaceSCR__AddonLineBaseComponent.html
SCR_AddonLineBaseWidgets	interfaceSCR__AddonLineBaseWidgets.html
SCR_AddonLineDSConfigComponent	interfaceSCR__AddonLineDSConfigComponent.html
SCR_AddonLinePresetComponent	interfaceSCR__AddonLinePresetComponent.html
SCR_AddonLinePresetWidgets	interfaceSCR__AddonLinePresetWidgets.html
SCR_AddonLineValidateError	interfaceSCR__AddonLineValidateError.html
SCR_AddonLineValidateRepairComponent	interfaceSCR__AddonLineValidateRepairComponent.html
SCR_AddonLineValidateState	interfaceSCR__AddonLineValidateState.html
SCR_AddonLineValidateStates	interfaceSCR__AddonLineValidateStates.html
SCR_AddonListDialog	interfaceSCR__AddonListDialog.html
SCR_AddonManager	interfaceSCR__AddonManager.html
SCR_AddonManagerClass	interfaceSCR__AddonManagerClass.html
SCR_AddonPatchSizeLoader	interfaceSCR__AddonPatchSizeLoader.html
SCR_AddonTool	interfaceSCR__AddonTool.html
SCR_AddonUpdateConfirmationDialog	interfaceSCR__AddonUpdateConfirmationDialog.html
SCR_AddonsExportDialogWidgets	interfaceSCR__AddonsExportDialogWidgets.html
SCR_AddonsExportSubMenuComponent	interfaceSCR__AddonsExportSubMenuComponent.html
SCR_AddonsExportSubMenuWidgets	interfaceSCR__AddonsExportSubMenuWidgets.html
SCR_AddonsPresetSubMenuWidgets	interfaceSCR__AddonsPresetSubMenuWidgets.html
SCR_AddonsPresetsSubMenuComponent	interfaceSCR__AddonsPresetsSubMenuComponent.html
SCR_AddonsToolDialog	interfaceSCR__AddonsToolDialog.html
SCR_AdjustCollimatorAction	interfaceSCR__AdjustCollimatorAction.html
SCR_AdjustCollimatorElevationAction	interfaceSCR__AdjustCollimatorElevationAction.html
SCR_AdjustShellChargeRingsAction	interfaceSCR__AdjustShellChargeRingsAction.html
SCR_AdjustShellTimeFuzeAction	interfaceSCR__AdjustShellTimeFuzeAction.html
SCR_AdjustSignalAction	interfaceSCR__AdjustSignalAction.html
SCR_AdjustSpeedManualCameraComponent	interfaceSCR__AdjustSpeedManualCameraComponent.html
SCR_AdjustTimedFuzeAction	interfaceSCR__AdjustTimedFuzeAction.html
SCR_AdminModeEditorUIComponent	interfaceSCR__AdminModeEditorUIComponent.html
SCR_AdvancedActionRowComponent	interfaceSCR__AdvancedActionRowComponent.html
SCR_AdvancedKeybindDialogUI	interfaceSCR__AdvancedKeybindDialogUI.html
SCR_AiMovementSpeedEditorAttribute	interfaceSCR__AiMovementSpeedEditorAttribute.html
SCR_AiScriptGeneratorPlugin	interfaceSCR__AiScriptGeneratorPlugin.html
SCR_AiScriptGenerator_Class	interfaceSCR__AiScriptGenerator__Class.html
SCR_AiScriptGenerator_ClassGeneratorBase	interfaceSCR__AiScriptGenerator__ClassGeneratorBase.html
SCR_AiScriptGenerator_OutputFormatBuffer	interfaceSCR__AiScriptGenerator__OutputFormatBuffer.html
SCR_AiScriptGenerator_Parser	interfaceSCR__AiScriptGenerator__Parser.html
SCR_AiScriptGenerator_SendGoalMessageGenerator	interfaceSCR__AiScriptGenerator__SendGoalMessageGenerator.html
SCR_AiScriptGenerator_SendInfoMessageGenerator	interfaceSCR__AiScriptGenerator__SendInfoMessageGenerator.html
SCR_AiScriptGenerator_SendOrderGenerator	interfaceSCR__AiScriptGenerator__SendOrderGenerator.html
SCR_AiScriptGenerator_Variable	interfaceSCR__AiScriptGenerator__Variable.html
SCR_AiSkillEditorAttribute	interfaceSCR__AiSkillEditorAttribute.html
SCR_AiStanceEditorAttribute	interfaceSCR__AiStanceEditorAttribute.html
SCR_AimSensitivitySettings	interfaceSCR__AimSensitivitySettings.html
SCR_AirstrikePrototype	interfaceSCR__AirstrikePrototype.html
SCR_AirstrikePrototypeClass	interfaceSCR__AirstrikePrototypeClass.html
SCR_AllFilterSetsStorage	interfaceSCR__AllFilterSetsStorage.html
SCR_AllowEntityRefundActionEditorAttribute	interfaceSCR__AllowEntityRefundActionEditorAttribute.html
SCR_AlternativeModel	interfaceSCR__AlternativeModel.html
SCR_AlternativeRequirementsDeployablePart	interfaceSCR__AlternativeRequirementsDeployablePart.html
SCR_AmbientInsectsComponent	interfaceSCR__AmbientInsectsComponent.html
SCR_AmbientInsectsComponentClass	interfaceSCR__AmbientInsectsComponentClass.html
SCR_AmbientInsectsEffect	interfaceSCR__AmbientInsectsEffect.html
SCR_AmbientPatrolSpawnPointComponent	interfaceSCR__AmbientPatrolSpawnPointComponent.html
SCR_AmbientPatrolSpawnPointComponentClass	interfaceSCR__AmbientPatrolSpawnPointComponentClass.html
SCR_AmbientPatrolSpawnPointComponentSerializer	interfaceSCR__AmbientPatrolSpawnPointComponentSerializer.html
SCR_AmbientPatrolSystem	interfaceSCR__AmbientPatrolSystem.html
SCR_AmbientRadioChatterComponent	interfaceSCR__AmbientRadioChatterComponent.html
SCR_AmbientRadioChatterComponentClass	interfaceSCR__AmbientRadioChatterComponentClass.html
SCR_AmbientSoundToggleEditorAttribute	interfaceSCR__AmbientSoundToggleEditorAttribute.html
SCR_AmbientSoundsComponent	interfaceSCR__AmbientSoundsComponent.html
SCR_AmbientSoundsComponentClass	interfaceSCR__AmbientSoundsComponentClass.html
SCR_AmbientSoundsEffect	interfaceSCR__AmbientSoundsEffect.html
SCR_AmbientVehicleSpawnPointComponent	interfaceSCR__AmbientVehicleSpawnPointComponent.html
SCR_AmbientVehicleSpawnPointComponentClass	interfaceSCR__AmbientVehicleSpawnPointComponentClass.html
SCR_AmbientVehicleSpawnPointComponentSerializer	interfaceSCR__AmbientVehicleSpawnPointComponentSerializer.html
SCR_AmbientVehicleSystem	interfaceSCR__AmbientVehicleSystem.html
SCR_AmmoTypeIcon	interfaceSCR__AmmoTypeIcon.html
SCR_AmmoTypeInfoConfig	interfaceSCR__AmmoTypeInfoConfig.html
SCR_AmmoTypeInfoConfigEntry	interfaceSCR__AmmoTypeInfoConfigEntry.html
SCR_AnalogGauge	interfaceSCR__AnalogGauge.html
SCR_AnalogGauge360	interfaceSCR__AnalogGauge360.html
SCR_AnalogGauge360Small	interfaceSCR__AnalogGauge360Small.html
SCR_AnalogGaugeMultiSignal	interfaceSCR__AnalogGaugeMultiSignal.html
SCR_AnalogGaugeNonLinear	interfaceSCR__AnalogGaugeNonLinear.html
SCR_AnalogGaugeSmall	interfaceSCR__AnalogGaugeSmall.html
SCR_AnalogGaugeUni	interfaceSCR__AnalogGaugeUni.html
SCR_AnalyticsData	interfaceSCR__AnalyticsData.html
SCR_AnalyticsDataCollectionAiGroupCostModule	interfaceSCR__AnalyticsDataCollectionAiGroupCostModule.html
SCR_AnalyticsDataCollectionComponent	interfaceSCR__AnalyticsDataCollectionComponent.html
SCR_AnalyticsDataCollectionComponentClass	interfaceSCR__AnalyticsDataCollectionComponentClass.html
SCR_AnalyticsDataCollectionCompositionCostModule	interfaceSCR__AnalyticsDataCollectionCompositionCostModule.html
SCR_AnalyticsDataCollectionHelper	interfaceSCR__AnalyticsDataCollectionHelper.html
SCR_AnalyticsDataCollectionLoadoutCostModule	interfaceSCR__AnalyticsDataCollectionLoadoutCostModule.html
SCR_AnalyticsDataCollectionMilitaryBaseEventsModule	interfaceSCR__AnalyticsDataCollectionMilitaryBaseEventsModule.html
SCR_AnalyticsDataCollectionModule	interfaceSCR__AnalyticsDataCollectionModule.html
SCR_AnalyticsDataCollectionPlayerFactionModule	interfaceSCR__AnalyticsDataCollectionPlayerFactionModule.html
SCR_AnalyticsDataCollectionPlayerGroupsModule	interfaceSCR__AnalyticsDataCollectionPlayerGroupsModule.html
SCR_AnalyticsDataCollectionPlayerKicksModule	interfaceSCR__AnalyticsDataCollectionPlayerKicksModule.html
SCR_AnalyticsDataCollectionSupplyCostBaseModule	interfaceSCR__AnalyticsDataCollectionSupplyCostBaseModule.html
SCR_AnalyticsDataCollectionTasksModule	interfaceSCR__AnalyticsDataCollectionTasksModule.html
SCR_AnalyticsDataCollectionTimeAndWeatherModule	interfaceSCR__AnalyticsDataCollectionTimeAndWeatherModule.html
SCR_AnalyticsDataCollectionTransferSuppliesModule	interfaceSCR__AnalyticsDataCollectionTransferSuppliesModule.html
SCR_AnalyticsDataCollectionTutorialCompletionModule	interfaceSCR__AnalyticsDataCollectionTutorialCompletionModule.html
SCR_AnalyticsDataCollectionVehicleCostModule	interfaceSCR__AnalyticsDataCollectionVehicleCostModule.html
SCR_AnalyticsDataCollectionVoNDataModule	interfaceSCR__AnalyticsDataCollectionVoNDataModule.html
SCR_AnalyticsDataCollectionXPEventsModule	interfaceSCR__AnalyticsDataCollectionXPEventsModule.html
SCR_AnalyticsDelayedSend	interfaceSCR__AnalyticsDelayedSend.html
SCR_AnalyticsInteractions	interfaceSCR__AnalyticsInteractions.html
SCR_AnalyticsInventory	interfaceSCR__AnalyticsInventory.html
SCR_AnalyticsPlayerSupplySpendingData	interfaceSCR__AnalyticsPlayerSupplySpendingData.html
SCR_AnalyticsPlayerXPData	interfaceSCR__AnalyticsPlayerXPData.html
SCR_AnalyticsSettings	interfaceSCR__AnalyticsSettings.html
SCR_AnalyticsTimer	interfaceSCR__AnalyticsTimer.html
SCR_AnimatedBeltComponent	interfaceSCR__AnimatedBeltComponent.html
SCR_AnimatedBeltComponentClass	interfaceSCR__AnimatedBeltComponentClass.html
SCR_AnimatedBeltSystem	interfaceSCR__AnimatedBeltSystem.html
SCR_AnimatedFallDamageEffect	interfaceSCR__AnimatedFallDamageEffect.html
SCR_AntennaServicePointComponent	interfaceSCR__AntennaServicePointComponent.html
SCR_AntennaServicePointComponentClass	interfaceSCR__AntennaServicePointComponentClass.html
SCR_AntiPersonnelMineCollisionHandlerComponent	interfaceSCR__AntiPersonnelMineCollisionHandlerComponent.html
SCR_AntiPersonnelMineCollisionHandlerComponentClass	interfaceSCR__AntiPersonnelMineCollisionHandlerComponentClass.html
SCR_AnyInvalidSpawnPointRequestResultInfo	interfaceSCR__AnyInvalidSpawnPointRequestResultInfo.html
SCR_ApplicableMedicalItemPredicate	interfaceSCR__ApplicableMedicalItemPredicate.html
SCR_AreaGeneratorBaseEntity	interfaceSCR__AreaGeneratorBaseEntity.html
SCR_AreaGeneratorBaseEntityClass	interfaceSCR__AreaGeneratorBaseEntityClass.html
SCR_AreaPropsConfig	interfaceSCR__AreaPropsConfig.html
SCR_AreaTypeProps	interfaceSCR__AreaTypeProps.html
SCR_AreaViewTitle	interfaceSCR__AreaViewTitle.html
SCR_ArmExplosiveChargeWithRemoteFuzeAction	interfaceSCR__ArmExplosiveChargeWithRemoteFuzeAction.html
SCR_ArmExplosiveChargeWithTimedFuzeAction	interfaceSCR__ArmExplosiveChargeWithTimedFuzeAction.html
SCR_ArmorDamageManagerComponent	interfaceSCR__ArmorDamageManagerComponent.html
SCR_ArmorDamageManagerComponentClass	interfaceSCR__ArmorDamageManagerComponentClass.html
SCR_ArmorHitZone	interfaceSCR__ArmorHitZone.html
SCR_ArmoredClothItemData	interfaceSCR__ArmoredClothItemData.html
SCR_ArmoryComponent	interfaceSCR__ArmoryComponent.html
SCR_ArmoryComponentClass	interfaceSCR__ArmoryComponentClass.html
SCR_ArrayHelper	interfaceSCR__ArrayHelper.html
SCR_ArsenalAlternativeCostData	interfaceSCR__ArsenalAlternativeCostData.html
SCR_ArsenalAlternativeCostSellAmountData	interfaceSCR__ArsenalAlternativeCostSellAmountData.html
SCR_ArsenalAmmunitionModeAttribute	interfaceSCR__ArsenalAmmunitionModeAttribute.html
SCR_ArsenalBaseEditorAttribute	interfaceSCR__ArsenalBaseEditorAttribute.html
SCR_ArsenalComponent	interfaceSCR__ArsenalComponent.html
SCR_ArsenalComponentClass	interfaceSCR__ArsenalComponentClass.html
SCR_ArsenalComponentSerializer	interfaceSCR__ArsenalComponentSerializer.html
SCR_ArsenalDisplayComponent	interfaceSCR__ArsenalDisplayComponent.html
SCR_ArsenalDisplayComponentClass	interfaceSCR__ArsenalDisplayComponentClass.html
SCR_ArsenalEnabledTypesEditorAttribute	interfaceSCR__ArsenalEnabledTypesEditorAttribute.html
SCR_ArsenalEquipmentEditorAttribute	interfaceSCR__ArsenalEquipmentEditorAttribute.html
SCR_ArsenalFactionEditorAttribute	interfaceSCR__ArsenalFactionEditorAttribute.html
SCR_ArsenalGameModeTypeEditorAttribute	interfaceSCR__ArsenalGameModeTypeEditorAttribute.html
SCR_ArsenalGameModeUIData	interfaceSCR__ArsenalGameModeUIData.html
SCR_ArsenalGameModeUIDataHolder	interfaceSCR__ArsenalGameModeUIDataHolder.html
SCR_ArsenalInventorySlotUI	interfaceSCR__ArsenalInventorySlotUI.html
SCR_ArsenalInventoryStorageManagerComponent	interfaceSCR__ArsenalInventoryStorageManagerComponent.html
SCR_ArsenalInventoryStorageManagerComponentClass	interfaceSCR__ArsenalInventoryStorageManagerComponentClass.html
SCR_ArsenalItem	interfaceSCR__ArsenalItem.html
SCR_ArsenalItemAlternativeRefundAmount	interfaceSCR__ArsenalItemAlternativeRefundAmount.html
SCR_ArsenalItemCountConfig	interfaceSCR__ArsenalItemCountConfig.html
SCR_ArsenalItemDisplayData	interfaceSCR__ArsenalItemDisplayData.html
SCR_ArsenalItemListConfig	interfaceSCR__ArsenalItemListConfig.html
SCR_ArsenalItemRankHintUIInfo	interfaceSCR__ArsenalItemRankHintUIInfo.html
SCR_ArsenalItemStandalone	interfaceSCR__ArsenalItemStandalone.html
SCR_ArsenalItemTypeUI	interfaceSCR__ArsenalItemTypeUI.html
SCR_ArsenalItemTypeUIConfig	interfaceSCR__ArsenalItemTypeUIConfig.html
SCR_ArsenalManagerComponent	interfaceSCR__ArsenalManagerComponent.html
SCR_ArsenalManagerComponentClass	interfaceSCR__ArsenalManagerComponentClass.html
SCR_ArsenalManagerComponentSerializer	interfaceSCR__ArsenalManagerComponentSerializer.html
SCR_ArsenalOutfitEditorAttribute	interfaceSCR__ArsenalOutfitEditorAttribute.html
SCR_ArsenalPlayerLoadout	interfaceSCR__ArsenalPlayerLoadout.html
SCR_ArsenalRefundEffectComponent	interfaceSCR__ArsenalRefundEffectComponent.html
SCR_ArsenalRefundEffectComponentClass	interfaceSCR__ArsenalRefundEffectComponentClass.html
SCR_ArsenalSaveTypeAttribute	interfaceSCR__ArsenalSaveTypeAttribute.html
SCR_ArsenalSaveTypeAttributeDynamicDescription	interfaceSCR__ArsenalSaveTypeAttributeDynamicDescription.html
SCR_ArsenalSaveTypeInfo	interfaceSCR__ArsenalSaveTypeInfo.html
SCR_ArsenalSaveTypeInfoHolder	interfaceSCR__ArsenalSaveTypeInfoHolder.html
SCR_ArsenalSaveTypeTooltipDetail	interfaceSCR__ArsenalSaveTypeTooltipDetail.html
SCR_ArsenalSaveTypeUIInfo	interfaceSCR__ArsenalSaveTypeUIInfo.html
SCR_ArsenalWeaponRackEquipmentEditorAttribute	interfaceSCR__ArsenalWeaponRackEquipmentEditorAttribute.html
SCR_ArsenalWeaponRackWeaponsEditorAttribute	interfaceSCR__ArsenalWeaponRackWeaponsEditorAttribute.html
SCR_ArsenalWeaponsEditorAttribute	interfaceSCR__ArsenalWeaponsEditorAttribute.html
SCR_ArtilleryWaypointCommandHandler	interfaceSCR__ArtilleryWaypointCommandHandler.html
SCR_ArtilleryWaypointGroupCommand	interfaceSCR__ArtilleryWaypointGroupCommand.html
SCR_AssetBrowserAccessEditorUIComponent	interfaceSCR__AssetBrowserAccessEditorUIComponent.html
SCR_AssetBrowserContextAction	interfaceSCR__AssetBrowserContextAction.html
SCR_AssetCardFrontUIComponent	interfaceSCR__AssetCardFrontUIComponent.html
SCR_AssignableTaskTabStates	interfaceSCR__AssignableTaskTabStates.html
SCR_AssignedGroupLabelUIComponent	interfaceSCR__AssignedGroupLabelUIComponent.html
SCR_AssignedGroupLabelWidgets	interfaceSCR__AssignedGroupLabelWidgets.html
SCR_AssignedPlayerLabelUIComponent	interfaceSCR__AssignedPlayerLabelUIComponent.html
SCR_AssignedPlayerLabelWidgets	interfaceSCR__AssignedPlayerLabelWidgets.html
SCR_AttachEntity	interfaceSCR__AttachEntity.html
SCR_AttachEntityClass	interfaceSCR__AttachEntityClass.html
SCR_AttachItemFromInventoryAction	interfaceSCR__AttachItemFromInventoryAction.html
SCR_AttachManualCameraComponent	interfaceSCR__AttachManualCameraComponent.html
SCR_AttachPylonSupportStationAction	interfaceSCR__AttachPylonSupportStationAction.html
SCR_AttachToEntityToolbarAction	interfaceSCR__AttachToEntityToolbarAction.html
SCR_AttachToParentContextAction	interfaceSCR__AttachToParentContextAction.html
SCR_AttachableTask	interfaceSCR__AttachableTask.html
SCR_AttachableTaskClass	interfaceSCR__AttachableTaskClass.html
SCR_AttachementAction	interfaceSCR__AttachementAction.html
SCR_AttackTaskEntity	interfaceSCR__AttackTaskEntity.html
SCR_AttackTaskEntityClass	interfaceSCR__AttackTaskEntityClass.html
SCR_AttributeButtonUIComponent	interfaceSCR__AttributeButtonUIComponent.html
SCR_AttributeDescriptionUIComponent	interfaceSCR__AttributeDescriptionUIComponent.html
SCR_AttributeTickboxUIComponent	interfaceSCR__AttributeTickboxUIComponent.html
SCR_AttributesButtonEditorUIComponent	interfaceSCR__AttributesButtonEditorUIComponent.html
SCR_AttributesEditorUIComponent	interfaceSCR__AttributesEditorUIComponent.html
SCR_AttributesHelper	interfaceSCR__AttributesHelper.html
SCR_AttributesManagerEditorComponent	interfaceSCR__AttributesManagerEditorComponent.html
SCR_AttributesManagerEditorComponentClass	interfaceSCR__AttributesManagerEditorComponentClass.html
SCR_AudioHandleLoop	interfaceSCR__AudioHandleLoop.html
SCR_AudioSettings	interfaceSCR__AudioSettings.html
SCR_AudioSettingsSubMenu	interfaceSCR__AudioSettingsSubMenu.html
SCR_AudioSource	interfaceSCR__AudioSource.html
SCR_AudioSourceConfiguration	interfaceSCR__AudioSourceConfiguration.html
SCR_AutoSpawnLogic	interfaceSCR__AutoSpawnLogic.html
SCR_AutoSpawnerTool	interfaceSCR__AutoSpawnerTool.html
SCR_AutocompletePlugin	interfaceSCR__AutocompletePlugin.html
SCR_AutocompletePlugin_AttributeData	interfaceSCR__AutocompletePlugin__AttributeData.html
SCR_AutocompletePlugin_KeywordData	interfaceSCR__AutocompletePlugin__KeywordData.html
SCR_AutomatedWeatherEditorAttribute	interfaceSCR__AutomatedWeatherEditorAttribute.html
SCR_AutomaticScrollComponent	interfaceSCR__AutomaticScrollComponent.html
SCR_AutotestCaseBase	interfaceSCR__AutotestCaseBase.html
SCR_AutotestCommonFixture	interfaceSCR__AutotestCommonFixture.html
SCR_AutotestGroup	interfaceSCR__AutotestGroup.html
SCR_AutotestHarness	interfaceSCR__AutotestHarness.html
SCR_AutotestHelper	interfaceSCR__AutotestHelper.html
SCR_AutotestPlugin	interfaceSCR__AutotestPlugin.html
SCR_AutotestPrinter	interfaceSCR__AutotestPrinter.html
SCR_AutotestReport	interfaceSCR__AutotestReport.html
SCR_AutotestResult	interfaceSCR__AutotestResult.html
SCR_AutotestRunnerCore	interfaceSCR__AutotestRunnerCore.html
SCR_AutotestSuiteBase	interfaceSCR__AutotestSuiteBase.html
SCR_AutotestTool	interfaceSCR__AutotestTool.html
SCR_AutotestToolPlugin	interfaceSCR__AutotestToolPlugin.html
SCR_AutotuneStickyNotificationUIComponent	interfaceSCR__AutotuneStickyNotificationUIComponent.html
SCR_AvailableActionCondition	interfaceSCR__AvailableActionCondition.html
SCR_AvailableActionContext	interfaceSCR__AvailableActionContext.html
SCR_AvailableActionContextTitle	interfaceSCR__AvailableActionContextTitle.html
SCR_AvailableActionsConditionData	interfaceSCR__AvailableActionsConditionData.html
SCR_AvailableActionsDisplay	interfaceSCR__AvailableActionsDisplay.html
SCR_AvailableActionsGroupCondition	interfaceSCR__AvailableActionsGroupCondition.html
SCR_AvailableActionsWidget	interfaceSCR__AvailableActionsWidget.html
SCR_BIKIBulletHelper	interfaceSCR__BIKIBulletHelper.html
SCR_BIKIExportBasePlugin	interfaceSCR__BIKIExportBasePlugin.html
SCR_BIKIExportTerrainStatisticsPlugin	interfaceSCR__BIKIExportTerrainStatisticsPlugin.html
SCR_BIKIExportTerrainStatisticsPlugin_LoadProcessCancel	interfaceSCR__BIKIExportTerrainStatisticsPlugin__LoadProcessCancel.html
SCR_BIKIFactionAssetsExportPlugin	interfaceSCR__BIKIFactionAssetsExportPlugin.html
SCR_BIKIGearHelper	interfaceSCR__BIKIGearHelper.html
SCR_BIKIGeneralHelper	interfaceSCR__BIKIGeneralHelper.html
SCR_BIKIMagazineHelper	interfaceSCR__BIKIMagazineHelper.html
SCR_BIKIStringBuilder	interfaceSCR__BIKIStringBuilder.html
SCR_BIKIVehicleHelper	interfaceSCR__BIKIVehicleHelper.html
SCR_BIKIWeaponHelper	interfaceSCR__BIKIWeaponHelper.html
SCR_BTParamBase	interfaceSCR__BTParamBase.html
SCR_BackBlastDamageEffect	interfaceSCR__BackBlastDamageEffect.html
SCR_BackendCallbackRoomMods	interfaceSCR__BackendCallbackRoomMods.html
SCR_BackendCallbackWorkshopItem	interfaceSCR__BackendCallbackWorkshopItem.html
SCR_BackendImageComponent	interfaceSCR__BackendImageComponent.html
SCR_BackendServiceDisplay	interfaceSCR__BackendServiceDisplay.html
SCR_BackendServiceDisplayPresets	interfaceSCR__BackendServiceDisplayPresets.html
SCR_BallisticData	interfaceSCR__BallisticData.html
SCR_BallisticTableComponent	interfaceSCR__BallisticTableComponent.html
SCR_BallisticTableComponentClass	interfaceSCR__BallisticTableComponentClass.html
SCR_BallisticTableDisplay	interfaceSCR__BallisticTableDisplay.html
SCR_BanSettings	interfaceSCR__BanSettings.html
SCR_BanSettingsContainer	interfaceSCR__BanSettingsContainer.html
SCR_BandageDamageEffect	interfaceSCR__BandageDamageEffect.html
SCR_BandagePredicate	interfaceSCR__BandagePredicate.html
SCR_BandageUserAction	interfaceSCR__BandageUserAction.html
SCR_BannedAddonsDetectedDialog	interfaceSCR__BannedAddonsDetectedDialog.html
SCR_BarbedWireCuttingDamageEffect	interfaceSCR__BarbedWireCuttingDamageEffect.html
SCR_BarrageEffectsModule	interfaceSCR__BarrageEffectsModule.html
SCR_BaseAIFactionCommander	interfaceSCR__BaseAIFactionCommander.html
SCR_BaseActionsEditorComponent	interfaceSCR__BaseActionsEditorComponent.html
SCR_BaseActionsEditorComponentClass	interfaceSCR__BaseActionsEditorComponentClass.html
SCR_BaseAnalogGauge	interfaceSCR__BaseAnalogGauge.html
SCR_BaseAnalogGaugeData	interfaceSCR__BaseAnalogGaugeData.html
SCR_BaseAreaMeshComponent	interfaceSCR__BaseAreaMeshComponent.html
SCR_BaseAreaMeshComponentClass	interfaceSCR__BaseAreaMeshComponentClass.html
SCR_BaseArsenalRefundEffect	interfaceSCR__BaseArsenalRefundEffect.html
SCR_BaseAttributeDynamicDescription	interfaceSCR__BaseAttributeDynamicDescription.html
SCR_BaseAudioScriptedUserAction	interfaceSCR__BaseAudioScriptedUserAction.html
SCR_BaseAudioSupportStationAction	interfaceSCR__BaseAudioSupportStationAction.html
SCR_BaseBallisticConfig	interfaceSCR__BaseBallisticConfig.html
SCR_BaseBlastDamageEffect	interfaceSCR__BaseBlastDamageEffect.html
SCR_BaseBulletDamageEffect	interfaceSCR__BaseBulletDamageEffect.html
SCR_BaseButtonAttributeDynamicDescription	interfaceSCR__BaseButtonAttributeDynamicDescription.html
SCR_BaseCameraComponent	interfaceSCR__BaseCameraComponent.html
SCR_BaseCameraComponentClass	interfaceSCR__BaseCameraComponentClass.html
SCR_BaseCameraShakeProgress	interfaceSCR__BaseCameraShakeProgress.html
SCR_BaseCaptureMusic	interfaceSCR__BaseCaptureMusic.html
SCR_BaseCommandAction	interfaceSCR__BaseCommandAction.html
SCR_BaseCompartmentManagerComponent	interfaceSCR__BaseCompartmentManagerComponent.html
SCR_BaseCompartmentManagerComponentClass	interfaceSCR__BaseCompartmentManagerComponentClass.html
SCR_BaseContainerCustomEntityCatalogCatalog	interfaceSCR__BaseContainerCustomEntityCatalogCatalog.html
SCR_BaseContainerCustomEntityCatalogMultiListEntry	interfaceSCR__BaseContainerCustomEntityCatalogMultiListEntry.html
SCR_BaseContainerCustomInventoryCatalogEntry	interfaceSCR__BaseContainerCustomInventoryCatalogEntry.html
SCR_BaseContainerCustomTitleEnum	interfaceSCR__BaseContainerCustomTitleEnum.html
SCR_BaseContainerCustomTitleField	interfaceSCR__BaseContainerCustomTitleField.html
SCR_BaseContainerCustomTitleFields	interfaceSCR__BaseContainerCustomTitleFields.html
SCR_BaseContainerCustomTitleFlags	interfaceSCR__BaseContainerCustomTitleFlags.html
SCR_BaseContainerCustomTitleObject	interfaceSCR__BaseContainerCustomTitleObject.html
SCR_BaseContainerCustomTitleResourceName	interfaceSCR__BaseContainerCustomTitleResourceName.html
SCR_BaseContainerCustomTitleUIInfo	interfaceSCR__BaseContainerCustomTitleUIInfo.html
SCR_BaseContainerGroupNameConfigEntry	interfaceSCR__BaseContainerGroupNameConfigEntry.html
SCR_BaseContainerHintCondition	interfaceSCR__BaseContainerHintCondition.html
SCR_BaseContainerLocalizedTitleField	interfaceSCR__BaseContainerLocalizedTitleField.html
SCR_BaseContainerLocalizedTitleFields	interfaceSCR__BaseContainerLocalizedTitleFields.html
SCR_BaseContainerMilitaryLayout	interfaceSCR__BaseContainerMilitaryLayout.html
SCR_BaseContainerMilitarySymbol	interfaceSCR__BaseContainerMilitarySymbol.html
SCR_BaseContainerResourceTitleField	interfaceSCR__BaseContainerResourceTitleField.html
SCR_BaseContainerStaticTitleField	interfaceSCR__BaseContainerStaticTitleField.html
SCR_BaseContainerTitleFieldWithValue	interfaceSCR__BaseContainerTitleFieldWithValue.html
SCR_BaseContainerTools	interfaceSCR__BaseContainerTools.html
SCR_BaseContextAction	interfaceSCR__BaseContextAction.html
SCR_BaseContextMenuEditorUIComponent	interfaceSCR__BaseContextMenuEditorUIComponent.html
SCR_BaseDamageAreaShape	interfaceSCR__BaseDamageAreaShape.html
SCR_BaseDamageHealSupportStationAction	interfaceSCR__BaseDamageHealSupportStationAction.html
SCR_BaseDamageHealSupportStationComponent	interfaceSCR__BaseDamageHealSupportStationComponent.html
SCR_BaseDamageHealSupportStationComponentClass	interfaceSCR__BaseDamageHealSupportStationComponentClass.html
SCR_BaseDamagePassRule	interfaceSCR__BaseDamagePassRule.html
SCR_BaseDataPageConfig	interfaceSCR__BaseDataPageConfig.html
SCR_BaseDebrisSmallEntity	interfaceSCR__BaseDebrisSmallEntity.html
SCR_BaseDebrisSmallEntityClass	interfaceSCR__BaseDebrisSmallEntityClass.html
SCR_BaseDeployableInventoryItemComponent	interfaceSCR__BaseDeployableInventoryItemComponent.html
SCR_BaseDeployableInventoryItemComponentClass	interfaceSCR__BaseDeployableInventoryItemComponentClass.html
SCR_BaseDeployableSpawnPointComponent	interfaceSCR__BaseDeployableSpawnPointComponent.html
SCR_BaseDeployableSpawnPointComponentClass	interfaceSCR__BaseDeployableSpawnPointComponentClass.html
SCR_BaseDestructionPhase	interfaceSCR__BaseDestructionPhase.html
SCR_BaseDuplicatableEditorAttribute	interfaceSCR__BaseDuplicatableEditorAttribute.html
SCR_BaseEditableEntityFilter	interfaceSCR__BaseEditableEntityFilter.html
SCR_BaseEditableEntityUIComponent	interfaceSCR__BaseEditableEntityUIComponent.html
SCR_BaseEditorAction	interfaceSCR__BaseEditorAction.html
SCR_BaseEditorAttribute	interfaceSCR__BaseEditorAttribute.html
SCR_BaseEditorAttributeCustomTitle	interfaceSCR__BaseEditorAttributeCustomTitle.html
SCR_BaseEditorAttributeDefaultFloatValue	interfaceSCR__BaseEditorAttributeDefaultFloatValue.html
SCR_BaseEditorAttributeEntry	interfaceSCR__BaseEditorAttributeEntry.html
SCR_BaseEditorAttributeEntrySlider	interfaceSCR__BaseEditorAttributeEntrySlider.html
SCR_BaseEditorAttributeEntryText	interfaceSCR__BaseEditorAttributeEntryText.html
SCR_BaseEditorAttributeEntryTimeSlider	interfaceSCR__BaseEditorAttributeEntryTimeSlider.html
SCR_BaseEditorAttributeEntryUIInfo	interfaceSCR__BaseEditorAttributeEntryUIInfo.html
SCR_BaseEditorAttributeFloatStringValues	interfaceSCR__BaseEditorAttributeFloatStringValues.html
SCR_BaseEditorAttributeUIComponent	interfaceSCR__BaseEditorAttributeUIComponent.html
SCR_BaseEditorAttributeVar	interfaceSCR__BaseEditorAttributeVar.html
SCR_BaseEditorComponent	interfaceSCR__BaseEditorComponent.html
SCR_BaseEditorComponentClass	interfaceSCR__BaseEditorComponentClass.html
SCR_BaseEditorEffect	interfaceSCR__BaseEditorEffect.html
SCR_BaseEditorHintCondition	interfaceSCR__BaseEditorHintCondition.html
SCR_BaseEditorServerComponent	interfaceSCR__BaseEditorServerComponent.html
SCR_BaseEditorServerComponentClass	interfaceSCR__BaseEditorServerComponentClass.html
SCR_BaseEditorUIComponent	interfaceSCR__BaseEditorUIComponent.html
SCR_BaseEffectManagerComponent	interfaceSCR__BaseEffectManagerComponent.html
SCR_BaseEffectManagerComponentClass	interfaceSCR__BaseEffectManagerComponentClass.html
SCR_BaseEffectParticleAction	interfaceSCR__BaseEffectParticleAction.html
SCR_BaseEffectParticleHelicopterEventAction	interfaceSCR__BaseEffectParticleHelicopterEventAction.html
SCR_BaseEffectParticleHelicopterRotorControlAction	interfaceSCR__BaseEffectParticleHelicopterRotorControlAction.html
SCR_BaseEffectParticleSignalAction	interfaceSCR__BaseEffectParticleSignalAction.html
SCR_BaseEffectsModulePositionData	interfaceSCR__BaseEffectsModulePositionData.html
SCR_BaseEntitiesEditorUIEffect	interfaceSCR__BaseEntitiesEditorUIEffect.html
SCR_BaseEntitiesEditorUIEffectTitle	interfaceSCR__BaseEntitiesEditorUIEffectTitle.html
SCR_BaseEntityCatalogData	interfaceSCR__BaseEntityCatalogData.html
SCR_BaseEnumSpawnPointRequestResultInfo	interfaceSCR__BaseEnumSpawnPointRequestResultInfo.html
SCR_BaseFactionCheckUserAction	interfaceSCR__BaseFactionCheckUserAction.html
SCR_BaseFactionEditableAttribute	interfaceSCR__BaseFactionEditableAttribute.html
SCR_BaseFactionManagerComponent	interfaceSCR__BaseFactionManagerComponent.html
SCR_BaseFactionManagerComponentClass	interfaceSCR__BaseFactionManagerComponentClass.html
SCR_BaseFactionTriggerEntity	interfaceSCR__BaseFactionTriggerEntity.html
SCR_BaseFactionTriggerEntityClass	interfaceSCR__BaseFactionTriggerEntityClass.html
SCR_BaseFloatValueHolderEditorAttribute	interfaceSCR__BaseFloatValueHolderEditorAttribute.html
SCR_BaseFormatParam	interfaceSCR__BaseFormatParam.html
SCR_BaseGameMode	interfaceSCR__BaseGameMode.html
SCR_BaseGameModeClass	interfaceSCR__BaseGameModeClass.html
SCR_BaseGameModeComponent	interfaceSCR__BaseGameModeComponent.html
SCR_BaseGameModeComponentClass	interfaceSCR__BaseGameModeComponentClass.html
SCR_BaseGameModeStateComponent	interfaceSCR__BaseGameModeStateComponent.html
SCR_BaseGameModeStateComponentClass	interfaceSCR__BaseGameModeStateComponentClass.html
SCR_BaseGameOverScreenInfo	interfaceSCR__BaseGameOverScreenInfo.html
SCR_BaseGameOverScreenInfoEditor	interfaceSCR__BaseGameOverScreenInfoEditor.html
SCR_BaseGameOverScreenInfoOptional	interfaceSCR__BaseGameOverScreenInfoOptional.html
SCR_BaseGameOverTabUIComponent	interfaceSCR__BaseGameOverTabUIComponent.html
SCR_BaseGroup	interfaceSCR__BaseGroup.html
SCR_BaseGroupCommand	interfaceSCR__BaseGroupCommand.html
SCR_BaseGroupCommandTitleField	interfaceSCR__BaseGroupCommandTitleField.html
SCR_BaseGroupEntry	interfaceSCR__BaseGroupEntry.html
SCR_BaseHUDComponent	interfaceSCR__BaseHUDComponent.html
SCR_BaseHUDComponentClass	interfaceSCR__BaseHUDComponentClass.html
SCR_BaseHeadingDisplay	interfaceSCR__BaseHeadingDisplay.html
SCR_BaseHintCondition	interfaceSCR__BaseHintCondition.html
SCR_BaseHitZoneSelector	interfaceSCR__BaseHitZoneSelector.html
SCR_BaseInteractionDisplay	interfaceSCR__BaseInteractionDisplay.html
SCR_BaseInteractiveLightComponent	interfaceSCR__BaseInteractiveLightComponent.html
SCR_BaseInteractiveLightComponentClass	interfaceSCR__BaseInteractiveLightComponentClass.html
SCR_BaseInventoryItemComponent	interfaceSCR__BaseInventoryItemComponent.html
SCR_BaseInventoryItemComponentClass	interfaceSCR__BaseInventoryItemComponentClass.html
SCR_BaseInventoryStorageComponentSerializerSlot	interfaceSCR__BaseInventoryStorageComponentSerializerSlot.html
SCR_BaseItemHolderSupportStationAction	interfaceSCR__BaseItemHolderSupportStationAction.html
SCR_BaseItemSupportStationComponent	interfaceSCR__BaseItemSupportStationComponent.html
SCR_BaseItemSupportStationComponentClass	interfaceSCR__BaseItemSupportStationComponentClass.html
SCR_BaseLightComponent	interfaceSCR__BaseLightComponent.html
SCR_BaseLightComponentClass	interfaceSCR__BaseLightComponentClass.html
SCR_BaseLightData	interfaceSCR__BaseLightData.html
SCR_BaseLinkedStorageLogic	interfaceSCR__BaseLinkedStorageLogic.html
SCR_BaseLoadingScreenComponent	interfaceSCR__BaseLoadingScreenComponent.html
SCR_BaseLockComponent	interfaceSCR__BaseLockComponent.html
SCR_BaseLockComponentClass	interfaceSCR__BaseLockComponentClass.html
SCR_BaseManualCameraComponent	interfaceSCR__BaseManualCameraComponent.html
SCR_BaseManualCameraComponentTitle	interfaceSCR__BaseManualCameraComponentTitle.html
SCR_BaseMineAction	interfaceSCR__BaseMineAction.html
SCR_BaseModeEditorUIComponent	interfaceSCR__BaseModeEditorUIComponent.html
SCR_BaseMultiSelectPresetsEditorAttribute	interfaceSCR__BaseMultiSelectPresetsEditorAttribute.html
SCR_BaseNetworkedStat	interfaceSCR__BaseNetworkedStat.html
SCR_BasePaginationUIComponent	interfaceSCR__BasePaginationUIComponent.html
SCR_BasePlacingToolbarAction	interfaceSCR__BasePlacingToolbarAction.html
SCR_BasePlayerBudgetEditorAttribute	interfaceSCR__BasePlayerBudgetEditorAttribute.html
SCR_BasePlayerBudgetEnableEditorAttribute	interfaceSCR__BasePlayerBudgetEnableEditorAttribute.html
SCR_BasePlayerLoadout	interfaceSCR__BasePlayerLoadout.html
SCR_BasePrefabCategory	interfaceSCR__BasePrefabCategory.html
SCR_BasePrefabSpawner	interfaceSCR__BasePrefabSpawner.html
SCR_BasePrefabSpawnerClass	interfaceSCR__BasePrefabSpawnerClass.html
SCR_BasePresetsEditorAttribute	interfaceSCR__BasePresetsEditorAttribute.html
SCR_BasePreviewConfig	interfaceSCR__BasePreviewConfig.html
SCR_BasePreviewEntity	interfaceSCR__BasePreviewEntity.html
SCR_BasePreviewEntityClass	interfaceSCR__BasePreviewEntityClass.html
SCR_BasePreviewEntry	interfaceSCR__BasePreviewEntry.html
SCR_BaseRadialCommand	interfaceSCR__BaseRadialCommand.html
SCR_BaseReconMarkerEntry	interfaceSCR__BaseReconMarkerEntry.html
SCR_BaseRequestedTaskData	interfaceSCR__BaseRequestedTaskData.html
SCR_BaseRequestedTaskEntity	interfaceSCR__BaseRequestedTaskEntity.html
SCR_BaseRequestedTaskEntityClass	interfaceSCR__BaseRequestedTaskEntityClass.html
SCR_BaseResourceTooltipDetail	interfaceSCR__BaseResourceTooltipDetail.html
SCR_BaseResupplySupportStationAction	interfaceSCR__BaseResupplySupportStationAction.html
SCR_BaseRocketPodsContextAction	interfaceSCR__BaseRocketPodsContextAction.html
SCR_BaseRoleCallsign	interfaceSCR__BaseRoleCallsign.html
SCR_BaseScoringSystemComponent	interfaceSCR__BaseScoringSystemComponent.html
SCR_BaseScoringSystemComponentClass	interfaceSCR__BaseScoringSystemComponentClass.html
SCR_BaseScreenEffect	interfaceSCR__BaseScreenEffect.html
SCR_BaseScreenShakeData	interfaceSCR__BaseScreenShakeData.html
SCR_BaseSelectionMenu	interfaceSCR__BaseSelectionMenu.html
SCR_BaseSelectionMenuDisplay	interfaceSCR__BaseSelectionMenuDisplay.html
SCR_BaseSpawnPointRequestResultInfo	interfaceSCR__BaseSpawnPointRequestResultInfo.html
SCR_BaseSpawnable	interfaceSCR__BaseSpawnable.html
SCR_BaseSupplyItemHintUIInfo	interfaceSCR__BaseSupplyItemHintUIInfo.html
SCR_BaseSupportStationComponent	interfaceSCR__BaseSupportStationComponent.html
SCR_BaseSupportStationComponentClass	interfaceSCR__BaseSupportStationComponentClass.html
SCR_BaseSupportStationEnableEditorAttribute	interfaceSCR__BaseSupportStationEnableEditorAttribute.html
SCR_BaseTaskNotificationData	interfaceSCR__BaseTaskNotificationData.html
SCR_BaseTextureResource	interfaceSCR__BaseTextureResource.html
SCR_BaseToggleToolbarAction	interfaceSCR__BaseToggleToolbarAction.html
SCR_BaseToolbarEditorUIComponent	interfaceSCR__BaseToolbarEditorUIComponent.html
SCR_BaseToolbarItemEditorUIComponent	interfaceSCR__BaseToolbarItemEditorUIComponent.html
SCR_BaseTooltipEditorUIComponent	interfaceSCR__BaseTooltipEditorUIComponent.html
SCR_BaseTooltipTargetEditorUIComponent	interfaceSCR__BaseTooltipTargetEditorUIComponent.html
SCR_BaseTriggerComponent	interfaceSCR__BaseTriggerComponent.html
SCR_BaseTriggerComponentClass	interfaceSCR__BaseTriggerComponentClass.html
SCR_BaseTriggerComponentSerializer	interfaceSCR__BaseTriggerComponentSerializer.html
SCR_BaseTriggerEntity	interfaceSCR__BaseTriggerEntity.html
SCR_BaseTriggerEntityClass	interfaceSCR__BaseTriggerEntityClass.html
SCR_BaseTutorialCourseLogic	interfaceSCR__BaseTutorialCourseLogic.html
SCR_BaseTutorialStage	interfaceSCR__BaseTutorialStage.html
SCR_BaseTutorialStageClass	interfaceSCR__BaseTutorialStageClass.html
SCR_BaseUseSupportStationAction	interfaceSCR__BaseUseSupportStationAction.html
SCR_BaseValueListEditorAttribute	interfaceSCR__BaseValueListEditorAttribute.html
SCR_BaseVariableSightsFOVInfo	interfaceSCR__BaseVariableSightsFOVInfo.html
SCR_BaseVehicleInfo	interfaceSCR__BaseVehicleInfo.html
SCR_BaseWaypointCommandHandler	interfaceSCR__BaseWaypointCommandHandler.html
SCR_BaseWeaponAction	interfaceSCR__BaseWeaponAction.html
SCR_BaseWeaponAzimuthDisplay	interfaceSCR__BaseWeaponAzimuthDisplay.html
SCR_BaseWeaponElevationDisplay	interfaceSCR__BaseWeaponElevationDisplay.html
SCR_BaseWeightedArsenalRefundEffectEntry	interfaceSCR__BaseWeightedArsenalRefundEffectEntry.html
SCR_BasicCodeFormatterForcedPlugin	interfaceSCR__BasicCodeFormatterForcedPlugin.html
SCR_BasicCodeFormatterPlugin	interfaceSCR__BasicCodeFormatterPlugin.html
SCR_BasicCodeFormatterPluginFileReport	interfaceSCR__BasicCodeFormatterPluginFileReport.html
SCR_BasicCodeFormatterSpellCheckConfig	interfaceSCR__BasicCodeFormatterSpellCheckConfig.html
SCR_BasicCodeFormatterSpellCheckConfig_ForbiddenWordEntry	interfaceSCR__BasicCodeFormatterSpellCheckConfig__ForbiddenWordEntry.html
SCR_BasicDisabledAttributeDynamicDescription	interfaceSCR__BasicDisabledAttributeDynamicDescription.html
SCR_BatchPrefabTemplates	interfaceSCR__BatchPrefabTemplates.html
SCR_BatchPrefabTemplatesAttributes	interfaceSCR__BatchPrefabTemplatesAttributes.html
SCR_BatchPrefabTemplatesData	interfaceSCR__BatchPrefabTemplatesData.html
SCR_BatchPrefabTitle	interfaceSCR__BatchPrefabTitle.html
SCR_BatchPrefabsOperationsTool	interfaceSCR__BatchPrefabsOperationsTool.html
SCR_BatchedDamageEffects	interfaceSCR__BatchedDamageEffects.html
SCR_BatchedPoisonDamageEffects	interfaceSCR__BatchedPoisonDamageEffects.html
SCR_BatteryHitZone	interfaceSCR__BatteryHitZone.html
SCR_BayonetComponent	interfaceSCR__BayonetComponent.html
SCR_BayonetComponentClass	interfaceSCR__BayonetComponentClass.html
SCR_BayonetEffectComponent	interfaceSCR__BayonetEffectComponent.html
SCR_BayonetEffectComponentClass	interfaceSCR__BayonetEffectComponentClass.html
SCR_BellSoundComponent	interfaceSCR__BellSoundComponent.html
SCR_BellSoundComponentClass	interfaceSCR__BellSoundComponentClass.html
SCR_BinLoadContext	interfaceSCR__BinLoadContext.html
SCR_BinSaveContext	interfaceSCR__BinSaveContext.html
SCR_BinocularsComponent	interfaceSCR__BinocularsComponent.html
SCR_BinocularsComponentClass	interfaceSCR__BinocularsComponentClass.html
SCR_Bird	interfaceSCR__Bird.html
SCR_BirdClass	interfaceSCR__BirdClass.html
SCR_BitMaskArray	interfaceSCR__BitMaskArray.html
SCR_BlastForceDamageEffect	interfaceSCR__BlastForceDamageEffect.html
SCR_BlastedEntityEntry	interfaceSCR__BlastedEntityEntry.html
SCR_BleedCharacterContextAction	interfaceSCR__BleedCharacterContextAction.html
SCR_BleedingDamageEffect	interfaceSCR__BleedingDamageEffect.html
SCR_BleedingHitZoneParameters	interfaceSCR__BleedingHitZoneParameters.html
SCR_BleedingScreenEffect	interfaceSCR__BleedingScreenEffect.html
SCR_BlockUIInfo	interfaceSCR__BlockUIInfo.html
SCR_BlockUnequipItemHintUIInfo	interfaceSCR__BlockUnequipItemHintUIInfo.html
SCR_BlockedPlayerPresentDialog	interfaceSCR__BlockedPlayerPresentDialog.html
SCR_BlockedUsersDialogEntryUIComponent	interfaceSCR__BlockedUsersDialogEntryUIComponent.html
SCR_BlockedUsersDialogUI	interfaceSCR__BlockedUsersDialogUI.html
SCR_BloodBoxColors	interfaceSCR__BloodBoxColors.html
SCR_BloodEditorAttribute	interfaceSCR__BloodEditorAttribute.html
SCR_BloodOnClothesSystem	interfaceSCR__BloodOnClothesSystem.html
SCR_BloodTooltipDetail	interfaceSCR__BloodTooltipDetail.html
SCR_BloodTooltipDetailBlockEditorUIComponent	interfaceSCR__BloodTooltipDetailBlockEditorUIComponent.html
SCR_BloodTypeHolderConfig	interfaceSCR__BloodTypeHolderConfig.html
SCR_BoardingEntityWaypoint	interfaceSCR__BoardingEntityWaypoint.html
SCR_BoardingEntityWaypointClass	interfaceSCR__BoardingEntityWaypointClass.html
SCR_BoardingTimedWaypoint	interfaceSCR__BoardingTimedWaypoint.html
SCR_BoardingTimedWaypointClass	interfaceSCR__BoardingTimedWaypointClass.html
SCR_BoardingWaypoint	interfaceSCR__BoardingWaypoint.html
SCR_BoardingWaypointClass	interfaceSCR__BoardingWaypointClass.html
SCR_BombardContextAction	interfaceSCR__BombardContextAction.html
SCR_BoneSpeedSignalData	interfaceSCR__BoneSpeedSignalData.html
SCR_BookmarkPlugin0	interfaceSCR__BookmarkPlugin0.html
SCR_BookmarkPlugin1	interfaceSCR__BookmarkPlugin1.html
SCR_BookmarkPlugin2	interfaceSCR__BookmarkPlugin2.html
SCR_BookmarkPlugin3	interfaceSCR__BookmarkPlugin3.html
SCR_BookmarkPlugin4	interfaceSCR__BookmarkPlugin4.html
SCR_BookmarkPlugin5	interfaceSCR__BookmarkPlugin5.html
SCR_BookmarkPlugin6	interfaceSCR__BookmarkPlugin6.html
SCR_BookmarkPlugin7	interfaceSCR__BookmarkPlugin7.html
SCR_BookmarkPlugin8	interfaceSCR__BookmarkPlugin8.html
SCR_BookmarkPlugin9	interfaceSCR__BookmarkPlugin9.html
SCR_BookmarkPluginPrompt	interfaceSCR__BookmarkPluginPrompt.html
SCR_BookmarkSettingsPlugin	interfaceSCR__BookmarkSettingsPlugin.html
SCR_BoolAttributeDynamicDescription	interfaceSCR__BoolAttributeDynamicDescription.html
SCR_BoundsPosition	interfaceSCR__BoundsPosition.html
SCR_BreadCrumbsComponent	interfaceSCR__BreadCrumbsComponent.html
SCR_BreadCrumbsElementComponent	interfaceSCR__BreadCrumbsElementComponent.html
SCR_BriefingMenuConfig	interfaceSCR__BriefingMenuConfig.html
SCR_BriefingVictoryCondition	interfaceSCR__BriefingVictoryCondition.html
SCR_BrowserLinkComponent	interfaceSCR__BrowserLinkComponent.html
SCR_BrowserListMenuEntryComponent	interfaceSCR__BrowserListMenuEntryComponent.html
SCR_BrowserToolbarAction	interfaceSCR__BrowserToolbarAction.html
SCR_BudgetEditorComponent	interfaceSCR__BudgetEditorComponent.html
SCR_BudgetEditorComponentClass	interfaceSCR__BudgetEditorComponentClass.html
SCR_BudgetEditorUIComponent	interfaceSCR__BudgetEditorUIComponent.html
SCR_BudgetProgressEditorUIComponent	interfaceSCR__BudgetProgressEditorUIComponent.html
SCR_BudgetUIComponent	interfaceSCR__BudgetUIComponent.html
SCR_BudgetUIInfo	interfaceSCR__BudgetUIInfo.html
SCR_BuildModeShowHideOnSupplyEnabledUIComponent	interfaceSCR__BuildModeShowHideOnSupplyEnabledUIComponent.html
SCR_BuilderNameTooltipDetail	interfaceSCR__BuilderNameTooltipDetail.html
SCR_BuildingCampaignMilitaryBaseTaskEntity	interfaceSCR__BuildingCampaignMilitaryBaseTaskEntity.html
SCR_BuildingCampaignMilitaryBaseTaskEntityClass	interfaceSCR__BuildingCampaignMilitaryBaseTaskEntityClass.html
SCR_BuildingConfigManagerEntity	interfaceSCR__BuildingConfigManagerEntity.html
SCR_BuildingConfigManagerEntityClass	interfaceSCR__BuildingConfigManagerEntityClass.html
SCR_BuildingDestructionCameraShakeProgress	interfaceSCR__BuildingDestructionCameraShakeProgress.html
SCR_BuildingDestructionConfig	interfaceSCR__BuildingDestructionConfig.html
SCR_BuildingDestructionData	interfaceSCR__BuildingDestructionData.html
SCR_BuildingDestructionManagerComponent	interfaceSCR__BuildingDestructionManagerComponent.html
SCR_BuildingDestructionManagerComponentClass	interfaceSCR__BuildingDestructionManagerComponentClass.html
SCR_BuildingDestructionSetupTool	interfaceSCR__BuildingDestructionSetupTool.html
SCR_BuildingDestructionSetupToolConfig	interfaceSCR__BuildingDestructionSetupToolConfig.html
SCR_BuildingInteriorDeletinator	interfaceSCR__BuildingInteriorDeletinator.html
SCR_BuildingLinkRegion	interfaceSCR__BuildingLinkRegion.html
SCR_BuildingPropsConfig	interfaceSCR__BuildingPropsConfig.html
SCR_BuildingRegion	interfaceSCR__BuildingRegion.html
SCR_BuildingRegionEntity	interfaceSCR__BuildingRegionEntity.html
SCR_BuildingRegionEntityClass	interfaceSCR__BuildingRegionEntityClass.html
SCR_BuildingRegionSetup	interfaceSCR__BuildingRegionSetup.html
SCR_BuildingRegionSetupMulti	interfaceSCR__BuildingRegionSetupMulti.html
SCR_BuildingResourceList	interfaceSCR__BuildingResourceList.html
SCR_BuildingSetup	interfaceSCR__BuildingSetup.html
SCR_BuildingSoundComponent	interfaceSCR__BuildingSoundComponent.html
SCR_BuildingSoundComponentClass	interfaceSCR__BuildingSoundComponentClass.html
SCR_BuildingTaskCreator	interfaceSCR__BuildingTaskCreator.html
SCR_BuildingTypeProps	interfaceSCR__BuildingTypeProps.html
SCR_BuildingViewTitle	interfaceSCR__BuildingViewTitle.html
SCR_BulletPointBlockUIName	interfaceSCR__BulletPointBlockUIName.html
SCR_BushContainer	interfaceSCR__BushContainer.html
SCR_BushTypeSlowConfig	interfaceSCR__BushTypeSlowConfig.html
SCR_ButtonBaseComponent	interfaceSCR__ButtonBaseComponent.html
SCR_ButtonBoxAttributeUIComponent	interfaceSCR__ButtonBoxAttributeUIComponent.html
SCR_ButtonBoxMultiSelectAttributeUIComponent	interfaceSCR__ButtonBoxMultiSelectAttributeUIComponent.html
SCR_ButtonCheckerComponent	interfaceSCR__ButtonCheckerComponent.html
SCR_ButtonCloseEditorUIComponent	interfaceSCR__ButtonCloseEditorUIComponent.html
SCR_ButtonComponent	interfaceSCR__ButtonComponent.html
SCR_ButtonEffectBase	interfaceSCR__ButtonEffectBase.html
SCR_ButtonEffectColor	interfaceSCR__ButtonEffectColor.html
SCR_ButtonEffectImage	interfaceSCR__ButtonEffectImage.html
SCR_ButtonEffectImage_ImageOrImageSet	interfaceSCR__ButtonEffectImage__ImageOrImageSet.html
SCR_ButtonEffectOpacity	interfaceSCR__ButtonEffectOpacity.html
SCR_ButtonEffectPadding	interfaceSCR__ButtonEffectPadding.html
SCR_ButtonEffectPosition	interfaceSCR__ButtonEffectPosition.html
SCR_ButtonEffectSize	interfaceSCR__ButtonEffectSize.html
SCR_ButtonEffectSlaveButton	interfaceSCR__ButtonEffectSlaveButton.html
SCR_ButtonEffectSound	interfaceSCR__ButtonEffectSound.html
SCR_ButtonEffectText	interfaceSCR__ButtonEffectText.html
SCR_ButtonEffectTitleAttribute	interfaceSCR__ButtonEffectTitleAttribute.html
SCR_ButtonEffectVisibility	interfaceSCR__ButtonEffectVisibility.html
SCR_ButtonEffectWidgetBase	interfaceSCR__ButtonEffectWidgetBase.html
SCR_ButtonHintEditorUIComponent	interfaceSCR__ButtonHintEditorUIComponent.html
SCR_ButtonImageComponent	interfaceSCR__ButtonImageComponent.html
SCR_ButtonLegendComponent	interfaceSCR__ButtonLegendComponent.html
SCR_ButtonListViewComponent	interfaceSCR__ButtonListViewComponent.html
SCR_ButtonSpecializationProgressComponent	interfaceSCR__ButtonSpecializationProgressComponent.html
SCR_ButtonSplitComponent	interfaceSCR__ButtonSplitComponent.html
SCR_ButtonTextComponent	interfaceSCR__ButtonTextComponent.html
SCR_ButtonTexture	interfaceSCR__ButtonTexture.html
SCR_ByteFormat	interfaceSCR__ByteFormat.html
SCR_COKDeliveryAction	interfaceSCR__COKDeliveryAction.html
SCR_CacheLocationData	interfaceSCR__CacheLocationData.html
SCR_CacheManagerComponent	interfaceSCR__CacheManagerComponent.html
SCR_CacheManagerComponentClass	interfaceSCR__CacheManagerComponentClass.html
SCR_CacheNoteComponent	interfaceSCR__CacheNoteComponent.html
SCR_CacheNoteComponentClass	interfaceSCR__CacheNoteComponentClass.html
SCR_CacheNoteUIInfo	interfaceSCR__CacheNoteUIInfo.html
SCR_CacheTerrainConfig	interfaceSCR__CacheTerrainConfig.html
SCR_CallsignBaseComponent	interfaceSCR__CallsignBaseComponent.html
SCR_CallsignBaseComponentClass	interfaceSCR__CallsignBaseComponentClass.html
SCR_CallsignBaseComponentSerializer	interfaceSCR__CallsignBaseComponentSerializer.html
SCR_CallsignCharacterComponent	interfaceSCR__CallsignCharacterComponent.html
SCR_CallsignCharacterComponentClass	interfaceSCR__CallsignCharacterComponentClass.html
SCR_CallsignCompanyData	interfaceSCR__CallsignCompanyData.html
SCR_CallsignGroupComponent	interfaceSCR__CallsignGroupComponent.html
SCR_CallsignGroupComponentClass	interfaceSCR__CallsignGroupComponentClass.html
SCR_CallsignInfo	interfaceSCR__CallsignInfo.html
SCR_CallsignManagerComponent	interfaceSCR__CallsignManagerComponent.html
SCR_CallsignManagerComponentClass	interfaceSCR__CallsignManagerComponentClass.html
SCR_CallsignPlatoonData	interfaceSCR__CallsignPlatoonData.html
SCR_CameraAttributesToolbarAction	interfaceSCR__CameraAttributesToolbarAction.html
SCR_CameraBase	interfaceSCR__CameraBase.html
SCR_CameraBaseClass	interfaceSCR__CameraBaseClass.html
SCR_CameraCoordinates	interfaceSCR__CameraCoordinates.html
SCR_CameraDataEditorComponent	interfaceSCR__CameraDataEditorComponent.html
SCR_CameraDataEditorComponentClass	interfaceSCR__CameraDataEditorComponentClass.html
SCR_CameraEditorComponent	interfaceSCR__CameraEditorComponent.html
SCR_CameraEditorComponentClass	interfaceSCR__CameraEditorComponentClass.html
SCR_CameraFilterEditor	interfaceSCR__CameraFilterEditor.html
SCR_CameraFilterEditorAttribute	interfaceSCR__CameraFilterEditorAttribute.html
SCR_CameraFilterEffectEditor	interfaceSCR__CameraFilterEffectEditor.html
SCR_CameraFiltersEditorComponent	interfaceSCR__CameraFiltersEditorComponent.html
SCR_CameraFiltersEditorComponentClass	interfaceSCR__CameraFiltersEditorComponentClass.html
SCR_CameraInfoEditorUIComponent	interfaceSCR__CameraInfoEditorUIComponent.html
SCR_CameraLimitedEditorComponent	interfaceSCR__CameraLimitedEditorComponent.html
SCR_CameraLimitedEditorComponentClass	interfaceSCR__CameraLimitedEditorComponentClass.html
SCR_CameraManager	interfaceSCR__CameraManager.html
SCR_CameraManagerClass	interfaceSCR__CameraManagerClass.html
SCR_CameraParticleEditor	interfaceSCR__CameraParticleEditor.html
SCR_CameraParticleEditorAttribute	interfaceSCR__CameraParticleEditorAttribute.html
SCR_CameraParticlesEditorComponent	interfaceSCR__CameraParticlesEditorComponent.html
SCR_CameraParticlesEditorComponentClass	interfaceSCR__CameraParticlesEditorComponentClass.html
SCR_CameraPostProcessEffect	interfaceSCR__CameraPostProcessEffect.html
SCR_CameraShakeManagerComponent	interfaceSCR__CameraShakeManagerComponent.html
SCR_CameraShakeManagerComponentClass	interfaceSCR__CameraShakeManagerComponentClass.html
SCR_CampaignAIVehicleSpawnComponent	interfaceSCR__CampaignAIVehicleSpawnComponent.html
SCR_CampaignAIVehicleSpawnComponentClass	interfaceSCR__CampaignAIVehicleSpawnComponentClass.html
SCR_CampaignArmoryStorageComponent	interfaceSCR__CampaignArmoryStorageComponent.html
SCR_CampaignArmoryStorageComponentClass	interfaceSCR__CampaignArmoryStorageComponentClass.html
SCR_CampaignBuildingAreaMeshComponent	interfaceSCR__CampaignBuildingAreaMeshComponent.html
SCR_CampaignBuildingAreaMeshComponentClass	interfaceSCR__CampaignBuildingAreaMeshComponentClass.html
SCR_CampaignBuildingBudgetEditorComponent	interfaceSCR__CampaignBuildingBudgetEditorComponent.html
SCR_CampaignBuildingBudgetEditorComponentClass	interfaceSCR__CampaignBuildingBudgetEditorComponentClass.html
SCR_CampaignBuildingBudgetEditorUIComponent	interfaceSCR__CampaignBuildingBudgetEditorUIComponent.html
SCR_CampaignBuildingBudgetToEvaluateData	interfaceSCR__CampaignBuildingBudgetToEvaluateData.html
SCR_CampaignBuildingBuildUserAction	interfaceSCR__CampaignBuildingBuildUserAction.html
SCR_CampaignBuildingCameraEditorComponent	interfaceSCR__CampaignBuildingCameraEditorComponent.html
SCR_CampaignBuildingCameraEditorComponentClass	interfaceSCR__CampaignBuildingCameraEditorComponentClass.html
SCR_CampaignBuildingCampaignBudgetToEvaluateData	interfaceSCR__CampaignBuildingCampaignBudgetToEvaluateData.html
SCR_CampaignBuildingCloseHintCondition	interfaceSCR__CampaignBuildingCloseHintCondition.html
SCR_CampaignBuildingComponent	interfaceSCR__CampaignBuildingComponent.html
SCR_CampaignBuildingComponentClass	interfaceSCR__CampaignBuildingComponentClass.html
SCR_CampaignBuildingCompositionComponent	interfaceSCR__CampaignBuildingCompositionComponent.html
SCR_CampaignBuildingCompositionComponentClass	interfaceSCR__CampaignBuildingCompositionComponentClass.html
SCR_CampaignBuildingCompositionComponentSerializer	interfaceSCR__CampaignBuildingCompositionComponentSerializer.html
SCR_CampaignBuildingCompositionOutline	interfaceSCR__CampaignBuildingCompositionOutline.html
SCR_CampaignBuildingCompositionOutlineManager	interfaceSCR__CampaignBuildingCompositionOutlineManager.html
SCR_CampaignBuildingCooldownBudgetToEvaluateData	interfaceSCR__CampaignBuildingCooldownBudgetToEvaluateData.html
SCR_CampaignBuildingCooldownWithRankBudgetToEvaluateData	interfaceSCR__CampaignBuildingCooldownWithRankBudgetToEvaluateData.html
SCR_CampaignBuildingDeleteSelectedContextAction	interfaceSCR__CampaignBuildingDeleteSelectedContextAction.html
SCR_CampaignBuildingDisassemblyUserAction	interfaceSCR__CampaignBuildingDisassemblyUserAction.html
SCR_CampaignBuildingEditableEntityFilter	interfaceSCR__CampaignBuildingEditableEntityFilter.html
SCR_CampaignBuildingEditorComponent	interfaceSCR__CampaignBuildingEditorComponent.html
SCR_CampaignBuildingEditorComponentClass	interfaceSCR__CampaignBuildingEditorComponentClass.html
SCR_CampaignBuildingGadgetToolComponent	interfaceSCR__CampaignBuildingGadgetToolComponent.html
SCR_CampaignBuildingGadgetToolComponentClass	interfaceSCR__CampaignBuildingGadgetToolComponentClass.html
SCR_CampaignBuildingLayoutComponent	interfaceSCR__CampaignBuildingLayoutComponent.html
SCR_CampaignBuildingLayoutComponentClass	interfaceSCR__CampaignBuildingLayoutComponentClass.html
SCR_CampaignBuildingLimitCylinderManualCameraComponent	interfaceSCR__CampaignBuildingLimitCylinderManualCameraComponent.html
SCR_CampaignBuildingManagerComponent	interfaceSCR__CampaignBuildingManagerComponent.html
SCR_CampaignBuildingManagerComponentClass	interfaceSCR__CampaignBuildingManagerComponentClass.html
SCR_CampaignBuildingMaxValueBudgetToEvaluateData	interfaceSCR__CampaignBuildingMaxValueBudgetToEvaluateData.html
SCR_CampaignBuildingNetworkComponent	interfaceSCR__CampaignBuildingNetworkComponent.html
SCR_CampaignBuildingNetworkComponentClass	interfaceSCR__CampaignBuildingNetworkComponentClass.html
SCR_CampaignBuildingNotMilitaryBaseHintCondition	interfaceSCR__CampaignBuildingNotMilitaryBaseHintCondition.html
SCR_CampaignBuildingObstructionExceptionComponent	interfaceSCR__CampaignBuildingObstructionExceptionComponent.html
SCR_CampaignBuildingObstructionExceptionComponentClass	interfaceSCR__CampaignBuildingObstructionExceptionComponentClass.html
SCR_CampaignBuildingOpenedLabelHintCondition	interfaceSCR__CampaignBuildingOpenedLabelHintCondition.html
SCR_CampaignBuildingPlacingEditorComponent	interfaceSCR__CampaignBuildingPlacingEditorComponent.html
SCR_CampaignBuildingPlacingEditorComponentClass	interfaceSCR__CampaignBuildingPlacingEditorComponentClass.html
SCR_CampaignBuildingPlacingHQBaseEditorComponent	interfaceSCR__CampaignBuildingPlacingHQBaseEditorComponent.html
SCR_CampaignBuildingPlacingHQBaseEditorComponentClass	interfaceSCR__CampaignBuildingPlacingHQBaseEditorComponentClass.html
SCR_CampaignBuildingPlacingObstructionEditorComponent	interfaceSCR__CampaignBuildingPlacingObstructionEditorComponent.html
SCR_CampaignBuildingPlacingObstructionEditorComponentClass	interfaceSCR__CampaignBuildingPlacingObstructionEditorComponentClass.html
SCR_CampaignBuildingProviderComponent	interfaceSCR__CampaignBuildingProviderComponent.html
SCR_CampaignBuildingProviderComponentClass	interfaceSCR__CampaignBuildingProviderComponentClass.html
SCR_CampaignBuildingProviderComponentSerializer	interfaceSCR__CampaignBuildingProviderComponentSerializer.html
SCR_CampaignBuildingRankBudgetToEvaluateData	interfaceSCR__CampaignBuildingRankBudgetToEvaluateData.html
SCR_CampaignBuildingRefreshUIComponent	interfaceSCR__CampaignBuildingRefreshUIComponent.html
SCR_CampaignBuildingScreenEffectUIComponent	interfaceSCR__CampaignBuildingScreenEffectUIComponent.html
SCR_CampaignBuildingServicesEditorUIComponent	interfaceSCR__CampaignBuildingServicesEditorUIComponent.html
SCR_CampaignBuildingStartUserAction	interfaceSCR__CampaignBuildingStartUserAction.html
SCR_CampaignBuildingSupplyEditorUIComponent	interfaceSCR__CampaignBuildingSupplyEditorUIComponent.html
SCR_CampaignBuildingTransformingEditorComponent	interfaceSCR__CampaignBuildingTransformingEditorComponent.html
SCR_CampaignBuildingTransformingEditorComponentClass	interfaceSCR__CampaignBuildingTransformingEditorComponentClass.html
SCR_CampaignClientData	interfaceSCR__CampaignClientData.html
SCR_CampaignCustomBase	interfaceSCR__CampaignCustomBase.html
SCR_CampaignDeployMobileAssemblyUserAction	interfaceSCR__CampaignDeployMobileAssemblyUserAction.html
SCR_CampaignFaction	interfaceSCR__CampaignFaction.html
SCR_CampaignFactionAvailableWeapons	interfaceSCR__CampaignFactionAvailableWeapons.html
SCR_CampaignFactionCommanderHandlerComponent	interfaceSCR__CampaignFactionCommanderHandlerComponent.html
SCR_CampaignFactionCommanderHandlerComponentClass	interfaceSCR__CampaignFactionCommanderHandlerComponentClass.html
SCR_CampaignFactionCommanderPlayerComponent	interfaceSCR__CampaignFactionCommanderPlayerComponent.html
SCR_CampaignFactionCommanderPlayerComponentClass	interfaceSCR__CampaignFactionCommanderPlayerComponentClass.html
SCR_CampaignFactionManager	interfaceSCR__CampaignFactionManager.html
SCR_CampaignFactionManagerClass	interfaceSCR__CampaignFactionManagerClass.html
SCR_CampaignFastTravelComponent	interfaceSCR__CampaignFastTravelComponent.html
SCR_CampaignFastTravelComponentClass	interfaceSCR__CampaignFastTravelComponentClass.html
SCR_CampaignFeedbackComponent	interfaceSCR__CampaignFeedbackComponent.html
SCR_CampaignFeedbackComponentClass	interfaceSCR__CampaignFeedbackComponentClass.html
SCR_CampaignHintEntry	interfaceSCR__CampaignHintEntry.html
SCR_CampaignHintStorage	interfaceSCR__CampaignHintStorage.html
SCR_CampaignInfoDisplay	interfaceSCR__CampaignInfoDisplay.html
SCR_CampaignLogisticMapUIBase	interfaceSCR__CampaignLogisticMapUIBase.html
SCR_CampaignMHQLockComponent	interfaceSCR__CampaignMHQLockComponent.html
SCR_CampaignMHQLockComponentClass	interfaceSCR__CampaignMHQLockComponentClass.html
SCR_CampaignMapInfoDisplay	interfaceSCR__CampaignMapInfoDisplay.html
SCR_CampaignMapUIBase	interfaceSCR__CampaignMapUIBase.html
SCR_CampaignMapUIElement	interfaceSCR__CampaignMapUIElement.html
SCR_CampaignMapUIPlayerHighlight	interfaceSCR__CampaignMapUIPlayerHighlight.html
SCR_CampaignMapUIService	interfaceSCR__CampaignMapUIService.html
SCR_CampaignMenuConfiguration	interfaceSCR__CampaignMenuConfiguration.html
SCR_CampaignMenuUI	interfaceSCR__CampaignMenuUI.html
SCR_CampaignMilitaryBaseComponent	interfaceSCR__CampaignMilitaryBaseComponent.html
SCR_CampaignMilitaryBaseComponentClass	interfaceSCR__CampaignMilitaryBaseComponentClass.html
SCR_CampaignMilitaryBaseComponentSerializer	interfaceSCR__CampaignMilitaryBaseComponentSerializer.html
SCR_CampaignMilitaryBaseManager	interfaceSCR__CampaignMilitaryBaseManager.html
SCR_CampaignMilitaryBaseMapDescriptorComponent	interfaceSCR__CampaignMilitaryBaseMapDescriptorComponent.html
SCR_CampaignMilitaryBaseMapDescriptorComponentClass	interfaceSCR__CampaignMilitaryBaseMapDescriptorComponentClass.html
SCR_CampaignMilitaryBaseTaskData	interfaceSCR__CampaignMilitaryBaseTaskData.html
SCR_CampaignMilitaryBaseTaskEntity	interfaceSCR__CampaignMilitaryBaseTaskEntity.html
SCR_CampaignMilitaryBaseTaskEntityClass	interfaceSCR__CampaignMilitaryBaseTaskEntityClass.html
SCR_CampaignMilitaryTaskSave	interfaceSCR__CampaignMilitaryTaskSave.html
SCR_CampaignMobileAssemblyComponent	interfaceSCR__CampaignMobileAssemblyComponent.html
SCR_CampaignMobileAssemblyComponentClass	interfaceSCR__CampaignMobileAssemblyComponentClass.html
SCR_CampaignMobileAssemblyComponentSerializer	interfaceSCR__CampaignMobileAssemblyComponentSerializer.html
SCR_CampaignMobileAssemblyStandaloneComponent	interfaceSCR__CampaignMobileAssemblyStandaloneComponent.html
SCR_CampaignMobileAssemblyStandaloneComponentClass	interfaceSCR__CampaignMobileAssemblyStandaloneComponentClass.html
SCR_CampaignNetworkComponent	interfaceSCR__CampaignNetworkComponent.html
SCR_CampaignNetworkComponentClass	interfaceSCR__CampaignNetworkComponentClass.html
SCR_CampaignOperationsMapUIBase	interfaceSCR__CampaignOperationsMapUIBase.html
SCR_CampaignPackMobileAssemblyUserAction	interfaceSCR__CampaignPackMobileAssemblyUserAction.html
SCR_CampaignRadioMsg	interfaceSCR__CampaignRadioMsg.html
SCR_CampaignRadioMsgWhitelistConfig	interfaceSCR__CampaignRadioMsgWhitelistConfig.html
SCR_CampaignRadioRegisteringComponent	interfaceSCR__CampaignRadioRegisteringComponent.html
SCR_CampaignRadioRegisteringComponentClass	interfaceSCR__CampaignRadioRegisteringComponentClass.html
SCR_CampaignReconfigureRelayUserAction	interfaceSCR__CampaignReconfigureRelayUserAction.html
SCR_CampaignRelayAlternativeSpot	interfaceSCR__CampaignRelayAlternativeSpot.html
SCR_CampaignRelayAlternativeSpotClass	interfaceSCR__CampaignRelayAlternativeSpotClass.html
SCR_CampaignRepairEntityUserAction	interfaceSCR__CampaignRepairEntityUserAction.html
SCR_CampaignSeizingComponent	interfaceSCR__CampaignSeizingComponent.html
SCR_CampaignSeizingComponentClass	interfaceSCR__CampaignSeizingComponentClass.html
SCR_CampaignServiceCompositionComponent	interfaceSCR__CampaignServiceCompositionComponent.html
SCR_CampaignServiceCompositionComponentClass	interfaceSCR__CampaignServiceCompositionComponentClass.html
SCR_CampaignServiceEntityComponent	interfaceSCR__CampaignServiceEntityComponent.html
SCR_CampaignServiceEntityComponentClass	interfaceSCR__CampaignServiceEntityComponentClass.html
SCR_CampaignSoundComponent	interfaceSCR__CampaignSoundComponent.html
SCR_CampaignSoundComponentClass	interfaceSCR__CampaignSoundComponentClass.html
SCR_CampaignSourceBaseComponent	interfaceSCR__CampaignSourceBaseComponent.html
SCR_CampaignSourceBaseComponentClass	interfaceSCR__CampaignSourceBaseComponentClass.html
SCR_CampaignSpawnPointGroup	interfaceSCR__CampaignSpawnPointGroup.html
SCR_CampaignSpawnPointGroupClass	interfaceSCR__CampaignSpawnPointGroupClass.html
SCR_CampaignSuppliesComponent	interfaceSCR__CampaignSuppliesComponent.html
SCR_CampaignSuppliesComponentClass	interfaceSCR__CampaignSuppliesComponentClass.html
SCR_CampaignSupplyRestrictedSpawnPoint	interfaceSCR__CampaignSupplyRestrictedSpawnPoint.html
SCR_CampaignSupplyRestrictedSpawnPointClass	interfaceSCR__CampaignSupplyRestrictedSpawnPointClass.html
SCR_CampaignTaskHelper	interfaceSCR__CampaignTaskHelper.html
SCR_CampaignTileComponent	interfaceSCR__CampaignTileComponent.html
SCR_CanChangeTurretFireModeCondition	interfaceSCR__CanChangeTurretFireModeCondition.html
SCR_CanCharacterLeaveLadderCondition	interfaceSCR__CanCharacterLeaveLadderCondition.html
SCR_CanItemBeInspectedCondition	interfaceSCR__CanItemBeInspectedCondition.html
SCR_CanOperateVehicleDoorCondition	interfaceSCR__CanOperateVehicleDoorCondition.html
SCR_CanTurnOutCondition	interfaceSCR__CanTurnOutCondition.html
SCR_CancelDownloadConfirmationDialog	interfaceSCR__CancelDownloadConfirmationDialog.html
SCR_CancelMyReportDialog	interfaceSCR__CancelMyReportDialog.html
SCR_CaptureAndHoldArea	interfaceSCR__CaptureAndHoldArea.html
SCR_CaptureAndHoldAreaClass	interfaceSCR__CaptureAndHoldAreaClass.html
SCR_CaptureAndHoldManager	interfaceSCR__CaptureAndHoldManager.html
SCR_CaptureAndHoldManagerClass	interfaceSCR__CaptureAndHoldManagerClass.html
SCR_CaptureAndHoldObjectiveDisplay	interfaceSCR__CaptureAndHoldObjectiveDisplay.html
SCR_CaptureAndHoldObjectiveDisplayObject	interfaceSCR__CaptureAndHoldObjectiveDisplayObject.html
SCR_CaptureAndHoldSpawnArea	interfaceSCR__CaptureAndHoldSpawnArea.html
SCR_CaptureAndHoldSpawnAreaClass	interfaceSCR__CaptureAndHoldSpawnAreaClass.html
SCR_CaptureAndHoldTeamScoreDisplay	interfaceSCR__CaptureAndHoldTeamScoreDisplay.html
SCR_CaptureAndHoldTeamScoreDisplayObject	interfaceSCR__CaptureAndHoldTeamScoreDisplayObject.html
SCR_CaptureArea	interfaceSCR__CaptureArea.html
SCR_CaptureAreaClass	interfaceSCR__CaptureAreaClass.html
SCR_CapturePointAreaMeshComponent	interfaceSCR__CapturePointAreaMeshComponent.html
SCR_CapturePointAreaMeshComponentClass	interfaceSCR__CapturePointAreaMeshComponentClass.html
SCR_CarControllerComponent	interfaceSCR__CarControllerComponent.html
SCR_CarControllerComponentClass	interfaceSCR__CarControllerComponentClass.html
SCR_CarControllerComponent_B	interfaceSCR__CarControllerComponent__B.html
SCR_CarControllerComponent_BClass	interfaceSCR__CarControllerComponent__BClass.html
SCR_CareerEndScreenUI	interfaceSCR__CareerEndScreenUI.html
SCR_CareerProfileHUD	interfaceSCR__CareerProfileHUD.html
SCR_CareerProfileMenuUI	interfaceSCR__CareerProfileMenuUI.html
SCR_CareerProfileOverviewUI	interfaceSCR__CareerProfileOverviewUI.html
SCR_CareerSpecializationsUI	interfaceSCR__CareerSpecializationsUI.html
SCR_CareerUI	interfaceSCR__CareerUI.html
SCR_CatalogEntitySpawnerComponent	interfaceSCR__CatalogEntitySpawnerComponent.html
SCR_CatalogEntitySpawnerComponentClass	interfaceSCR__CatalogEntitySpawnerComponentClass.html
SCR_CatalogSpawnerUserAction	interfaceSCR__CatalogSpawnerUserAction.html
SCR_ChangeBallisticPageAction	interfaceSCR__ChangeBallisticPageAction.html
SCR_ChangeBallisticShellTypeAction	interfaceSCR__ChangeBallisticShellTypeAction.html
SCR_ChangeComparmentAction	interfaceSCR__ChangeComparmentAction.html
SCR_ChangeFuzeTimerUserAction	interfaceSCR__ChangeFuzeTimerUserAction.html
SCR_ChangeableComponentBase	interfaceSCR__ChangeableComponentBase.html
SCR_CharBleedingEditorAttribute	interfaceSCR__CharBleedingEditorAttribute.html
SCR_CharRegenEditorAttribute	interfaceSCR__CharRegenEditorAttribute.html
SCR_CharUnconsciousnessEditorAttribute	interfaceSCR__CharUnconsciousnessEditorAttribute.html
SCR_CharacterAnimationComponent	interfaceSCR__CharacterAnimationComponent.html
SCR_CharacterAnimationComponentClass	interfaceSCR__CharacterAnimationComponentClass.html
SCR_CharacterAnimationEventCinematicTrack	interfaceSCR__CharacterAnimationEventCinematicTrack.html
SCR_CharacterBleedingCondition	interfaceSCR__CharacterBleedingCondition.html
SCR_CharacterBloodAttributeDynamicDescription	interfaceSCR__CharacterBloodAttributeDynamicDescription.html
SCR_CharacterBloodHitZone	interfaceSCR__CharacterBloodHitZone.html
SCR_CharacterBuoyancyComponent	interfaceSCR__CharacterBuoyancyComponent.html
SCR_CharacterBuoyancyComponentClass	interfaceSCR__CharacterBuoyancyComponentClass.html
SCR_CharacterCameraHandlerComponent	interfaceSCR__CharacterCameraHandlerComponent.html
SCR_CharacterCameraHandlerComponentClass	interfaceSCR__CharacterCameraHandlerComponentClass.html
SCR_CharacterCameraHandlerComponentSerializer	interfaceSCR__CharacterCameraHandlerComponentSerializer.html
SCR_CharacterCanFireWeaponCondition	interfaceSCR__CharacterCanFireWeaponCondition.html
SCR_CharacterCanGetOutCondition	interfaceSCR__CharacterCanGetOutCondition.html
SCR_CharacterCommandFly	interfaceSCR__CharacterCommandFly.html
SCR_CharacterCommandHandlerComponent	interfaceSCR__CharacterCommandHandlerComponent.html
SCR_CharacterCommandHandlerComponentClass	interfaceSCR__CharacterCommandHandlerComponentClass.html
SCR_CharacterCommandHandlerComponent_Tests	interfaceSCR__CharacterCommandHandlerComponent__Tests.html
SCR_CharacterCommandHandlerComponent_TestsClass	interfaceSCR__CharacterCommandHandlerComponent__TestsClass.html
SCR_CharacterCommandLoiter	interfaceSCR__CharacterCommandLoiter.html
SCR_CharacterCommandSwim	interfaceSCR__CharacterCommandSwim.html
SCR_CharacterCommandSwimST	interfaceSCR__CharacterCommandSwimST.html
SCR_CharacterControllerComponent	interfaceSCR__CharacterControllerComponent.html
SCR_CharacterControllerComponentClass	interfaceSCR__CharacterControllerComponentClass.html
SCR_CharacterControllerComponent_Test	interfaceSCR__CharacterControllerComponent__Test.html
SCR_CharacterControllerComponent_TestClass	interfaceSCR__CharacterControllerComponent__TestClass.html
SCR_CharacterDamageManagerComponent	interfaceSCR__CharacterDamageManagerComponent.html
SCR_CharacterDamageManagerComponentClass	interfaceSCR__CharacterDamageManagerComponentClass.html
SCR_CharacterDamageManagerEvaluator	interfaceSCR__CharacterDamageManagerEvaluator.html
SCR_CharacterEditableEntityUIComponent	interfaceSCR__CharacterEditableEntityUIComponent.html
SCR_CharacterEntityWaypointGroupCommand	interfaceSCR__CharacterEntityWaypointGroupCommand.html
SCR_CharacterFactionAffiliationComponent	interfaceSCR__CharacterFactionAffiliationComponent.html
SCR_CharacterFactionAffiliationComponentClass	interfaceSCR__CharacterFactionAffiliationComponentClass.html
SCR_CharacterFocusModeCondition	interfaceSCR__CharacterFocusModeCondition.html
SCR_CharacterFreelookCondition	interfaceSCR__CharacterFreelookCondition.html
SCR_CharacterHasConsumableItemEquippedCondition	interfaceSCR__CharacterHasConsumableItemEquippedCondition.html
SCR_CharacterHasGadgetCondition	interfaceSCR__CharacterHasGadgetCondition.html
SCR_CharacterHasGadgetInHandCondition	interfaceSCR__CharacterHasGadgetInHandCondition.html
SCR_CharacterHasItemInHandCondition	interfaceSCR__CharacterHasItemInHandCondition.html
SCR_CharacterHasLongRadioCondition	interfaceSCR__CharacterHasLongRadioCondition.html
SCR_CharacterHasWeaponCondition	interfaceSCR__CharacterHasWeaponCondition.html
SCR_CharacterHeadHitZone	interfaceSCR__CharacterHeadHitZone.html
SCR_CharacterHealthHitZone	interfaceSCR__CharacterHealthHitZone.html
SCR_CharacterHelper	interfaceSCR__CharacterHelper.html
SCR_CharacterHitZone	interfaceSCR__CharacterHitZone.html
SCR_CharacterHitZoneGroupName	interfaceSCR__CharacterHitZoneGroupName.html
SCR_CharacterHitZoneSelector	interfaceSCR__CharacterHitZoneSelector.html
SCR_CharacterIdentityBioGroupConfig	interfaceSCR__CharacterIdentityBioGroupConfig.html
SCR_CharacterIdentityBloodType	interfaceSCR__CharacterIdentityBloodType.html
SCR_CharacterIdentityComponent	interfaceSCR__CharacterIdentityComponent.html
SCR_CharacterIdentityComponentClass	interfaceSCR__CharacterIdentityComponentClass.html
SCR_CharacterIdentityTooltipDetail	interfaceSCR__CharacterIdentityTooltipDetail.html
SCR_CharacterInventoryPreviewAttributes	interfaceSCR__CharacterInventoryPreviewAttributes.html
SCR_CharacterInventoryStorageComponent	interfaceSCR__CharacterInventoryStorageComponent.html
SCR_CharacterInventoryStorageComponentClass	interfaceSCR__CharacterInventoryStorageComponentClass.html
SCR_CharacterIsFallingCondition	interfaceSCR__CharacterIsFallingCondition.html
SCR_CharacterIsGettingInCondition	interfaceSCR__CharacterIsGettingInCondition.html
SCR_CharacterIsGettingOutCondition	interfaceSCR__CharacterIsGettingOutCondition.html
SCR_CharacterIsInVehicleCondition	interfaceSCR__CharacterIsInVehicleCondition.html
SCR_CharacterIsSwimmingCondition	interfaceSCR__CharacterIsSwimmingCondition.html
SCR_CharacterIsUsingItem	interfaceSCR__CharacterIsUsingItem.html
SCR_CharacterPerceivableComponent	interfaceSCR__CharacterPerceivableComponent.html
SCR_CharacterPerceivableComponentClass	interfaceSCR__CharacterPerceivableComponentClass.html
SCR_CharacterQuickBarSerializer	interfaceSCR__CharacterQuickBarSerializer.html
SCR_CharacterRadioCountCondition	interfaceSCR__CharacterRadioCountCondition.html
SCR_CharacterRankComponent	interfaceSCR__CharacterRankComponent.html
SCR_CharacterRankComponentClass	interfaceSCR__CharacterRankComponentClass.html
SCR_CharacterRegistrationComponent	interfaceSCR__CharacterRegistrationComponent.html
SCR_CharacterRegistrationComponentClass	interfaceSCR__CharacterRegistrationComponentClass.html
SCR_CharacterReloadingCondition	interfaceSCR__CharacterReloadingCondition.html
SCR_CharacterResilienceHitZone	interfaceSCR__CharacterResilienceHitZone.html
SCR_CharacterSlowdownEasingSystem	interfaceSCR__CharacterSlowdownEasingSystem.html
SCR_CharacterSoundComponent	interfaceSCR__CharacterSoundComponent.html
SCR_CharacterSoundComponentClass	interfaceSCR__CharacterSoundComponentClass.html
SCR_CharacterSprintingCondition	interfaceSCR__CharacterSprintingCondition.html
SCR_CharacterStaminaComponent	interfaceSCR__CharacterStaminaComponent.html
SCR_CharacterStaminaComponentClass	interfaceSCR__CharacterStaminaComponentClass.html
SCR_CharacterStanceCondition	interfaceSCR__CharacterStanceCondition.html
SCR_CharacterTriggerEntity	interfaceSCR__CharacterTriggerEntity.html
SCR_CharacterTriggerEntityClass	interfaceSCR__CharacterTriggerEntityClass.html
SCR_CharacterUIComponent	interfaceSCR__CharacterUIComponent.html
SCR_CharacterVicinityComponent	interfaceSCR__CharacterVicinityComponent.html
SCR_CharacterVicinityComponentClass	interfaceSCR__CharacterVicinityComponentClass.html
SCR_CharacterWeaponTypeCondition	interfaceSCR__CharacterWeaponTypeCondition.html
SCR_ChatChannel	interfaceSCR__ChatChannel.html
SCR_ChatComponent	interfaceSCR__ChatComponent.html
SCR_ChatComponentClass	interfaceSCR__ChatComponentClass.html
SCR_ChatHud	interfaceSCR__ChatHud.html
SCR_ChatMessage	interfaceSCR__ChatMessage.html
SCR_ChatMessageGeneral	interfaceSCR__ChatMessageGeneral.html
SCR_ChatMessageLineComponent	interfaceSCR__ChatMessageLineComponent.html
SCR_ChatMessageLineWidgets	interfaceSCR__ChatMessageLineWidgets.html
SCR_ChatMessagePrivate	interfaceSCR__ChatMessagePrivate.html
SCR_ChatMessageRadioProtocol	interfaceSCR__ChatMessageRadioProtocol.html
SCR_ChatMessageStyle	interfaceSCR__ChatMessageStyle.html
SCR_ChatPanel	interfaceSCR__ChatPanel.html
SCR_ChatPanelManager	interfaceSCR__ChatPanelManager.html
SCR_ChatPanelWidgets	interfaceSCR__ChatPanelWidgets.html
SCR_CheckFuelAction	interfaceSCR__CheckFuelAction.html
SCR_CheckRuinModelsAndUsagePlugin	interfaceSCR__CheckRuinModelsAndUsagePlugin.html
SCR_CheckboxComponent	interfaceSCR__CheckboxComponent.html
SCR_CheckboxEditorAttributeUIComponent	interfaceSCR__CheckboxEditorAttributeUIComponent.html
SCR_ChimeraAIAgent	interfaceSCR__ChimeraAIAgent.html
SCR_ChimeraAIAgentClass	interfaceSCR__ChimeraAIAgentClass.html
SCR_ChimeraCharacter	interfaceSCR__ChimeraCharacter.html
SCR_ChimeraCharacterClass	interfaceSCR__ChimeraCharacterClass.html
SCR_ChooseAndSpawnOccupantsContextAction	interfaceSCR__ChooseAndSpawnOccupantsContextAction.html
SCR_CinematicParticleSourceEntity	interfaceSCR__CinematicParticleSourceEntity.html
SCR_CinematicParticleSourceEntityClass	interfaceSCR__CinematicParticleSourceEntityClass.html
SCR_CinematicTrackBase	interfaceSCR__CinematicTrackBase.html
SCR_ClassRenamingParam	interfaceSCR__ClassRenamingParam.html
SCR_ClassRenamingPlugin	interfaceSCR__ClassRenamingPlugin.html
SCR_CleanSweepArea	interfaceSCR__CleanSweepArea.html
SCR_CleanSweepAreaClass	interfaceSCR__CleanSweepAreaClass.html
SCR_CleanSweepAreaSelectionButtonComponent	interfaceSCR__CleanSweepAreaSelectionButtonComponent.html
SCR_CleanSweepNetworkComponent	interfaceSCR__CleanSweepNetworkComponent.html
SCR_CleanSweepNetworkComponentClass	interfaceSCR__CleanSweepNetworkComponentClass.html
SCR_ClearTaskEntity	interfaceSCR__ClearTaskEntity.html
SCR_ClearTaskEntityClass	interfaceSCR__ClearTaskEntityClass.html
SCR_ClockHandComponent	interfaceSCR__ClockHandComponent.html
SCR_ClockHandComponentClass	interfaceSCR__ClockHandComponentClass.html
SCR_CloseVehicleDoorUserAction	interfaceSCR__CloseVehicleDoorUserAction.html
SCR_ClothingLoadoutData	interfaceSCR__ClothingLoadoutData.html
SCR_CollapseWidgetComponent	interfaceSCR__CollapseWidgetComponent.html
SCR_CollimatorControllerComponent	interfaceSCR__CollimatorControllerComponent.html
SCR_CollimatorControllerComponentClass	interfaceSCR__CollimatorControllerComponentClass.html
SCR_CollimatorSightsComponent	interfaceSCR__CollimatorSightsComponent.html
SCR_CollimatorSightsComponentClass	interfaceSCR__CollimatorSightsComponentClass.html
SCR_CollisionDamageContainer	interfaceSCR__CollisionDamageContainer.html
SCR_CollisionDamageEffect	interfaceSCR__CollisionDamageEffect.html
SCR_ColorAHSV	interfaceSCR__ColorAHSV.html
SCR_ColorComponent	interfaceSCR__ColorComponent.html
SCR_ColorUIInfo	interfaceSCR__ColorUIInfo.html
SCR_ColoredTextNotificationUIInfo	interfaceSCR__ColoredTextNotificationUIInfo.html
SCR_ColorizationComponent	interfaceSCR__ColorizationComponent.html
SCR_CombinedDSConfig	interfaceSCR__CombinedDSConfig.html
SCR_CombiningInventoryItemHintUIInfo	interfaceSCR__CombiningInventoryItemHintUIInfo.html
SCR_ComboBoxComponent	interfaceSCR__ComboBoxComponent.html
SCR_ComboBoxIconComponent	interfaceSCR__ComboBoxIconComponent.html
SCR_ComboModalHandler	interfaceSCR__ComboModalHandler.html
SCR_ComboRequiredDeployableParts	interfaceSCR__ComboRequiredDeployableParts.html
SCR_CommandActionsEditorComponent	interfaceSCR__CommandActionsEditorComponent.html
SCR_CommandActionsEditorComponentClass	interfaceSCR__CommandActionsEditorComponentClass.html
SCR_CommandActionsEditorUIComponent	interfaceSCR__CommandActionsEditorUIComponent.html
SCR_CommandMenuOpenCondition	interfaceSCR__CommandMenuOpenCondition.html
SCR_CommandMenuSelectedCondition	interfaceSCR__CommandMenuSelectedCondition.html
SCR_CommandModeEditorUIComponent	interfaceSCR__CommandModeEditorUIComponent.html
SCR_CommandPostMapCampaignUI	interfaceSCR__CommandPostMapCampaignUI.html
SCR_CommandPostMapMenuUI	interfaceSCR__CommandPostMapMenuUI.html
SCR_CommandToolbarEditorUIComponent	interfaceSCR__CommandToolbarEditorUIComponent.html
SCR_CommanderAdditionalXPRewardInfo	interfaceSCR__CommanderAdditionalXPRewardInfo.html
SCR_CommanderGraphLinesData	interfaceSCR__CommanderGraphLinesData.html
SCR_CommandingManagerComponent	interfaceSCR__CommandingManagerComponent.html
SCR_CommandingManagerComponentClass	interfaceSCR__CommandingManagerComponentClass.html
SCR_CommandingMenuEntry	interfaceSCR__CommandingMenuEntry.html
SCR_CommentEditableEntityUIComponent	interfaceSCR__CommentEditableEntityUIComponent.html
SCR_CommentPlacablePrefabDetail	interfaceSCR__CommentPlacablePrefabDetail.html
SCR_CommonDialogs	interfaceSCR__CommonDialogs.html
SCR_CommonItemTypeSearchPredicate	interfaceSCR__CommonItemTypeSearchPredicate.html
SCR_CommunicationSoundComponent	interfaceSCR__CommunicationSoundComponent.html
SCR_CommunicationSoundComponentClass	interfaceSCR__CommunicationSoundComponentClass.html
SCR_CommunitySubMenu	interfaceSCR__CommunitySubMenu.html
SCR_CompareGroupRadioFreq	interfaceSCR__CompareGroupRadioFreq.html
SCR_CompareLocalizeProperty	interfaceSCR__CompareLocalizeProperty.html
SCR_CompareMissionAddonName	interfaceSCR__CompareMissionAddonName.html
SCR_CompareMissionFavourite	interfaceSCR__CompareMissionFavourite.html
SCR_CompareMissionName	interfaceSCR__CompareMissionName.html
SCR_CompareMissionPlayerCount	interfaceSCR__CompareMissionPlayerCount.html
SCR_CompareMissionTimeSinceLastPlay	interfaceSCR__CompareMissionTimeSinceLastPlay.html
SCR_CompareWorkshopItemName	interfaceSCR__CompareWorkshopItemName.html
SCR_CompareWorkshopItemTargetSize	interfaceSCR__CompareWorkshopItemTargetSize.html
SCR_CompareWorkshopItemTimeSinceFirstDownload	interfaceSCR__CompareWorkshopItemTimeSinceFirstDownload.html
SCR_CompareWorkshopItemTimeSinceLastPlay	interfaceSCR__CompareWorkshopItemTimeSinceLastPlay.html
SCR_CompartmentAccessComponent	interfaceSCR__CompartmentAccessComponent.html
SCR_CompartmentAccessComponentClass	interfaceSCR__CompartmentAccessComponentClass.html
SCR_CompartmentDoorInfo	interfaceSCR__CompartmentDoorInfo.html
SCR_CompartmentUserAction	interfaceSCR__CompartmentUserAction.html
SCR_CompassComponent	interfaceSCR__CompassComponent.html
SCR_CompassComponentClass	interfaceSCR__CompassComponentClass.html
SCR_CompassUIComponent	interfaceSCR__CompassUIComponent.html
SCR_CompatibleAttachmentPredicate	interfaceSCR__CompatibleAttachmentPredicate.html
SCR_CompatibleSlotEditableEntityFilter	interfaceSCR__CompatibleSlotEditableEntityFilter.html
SCR_ComponentHelper	interfaceSCR__ComponentHelper.html
SCR_CompositionDetails	interfaceSCR__CompositionDetails.html
SCR_CompositionInfoDisplay	interfaceSCR__CompositionInfoDisplay.html
SCR_CompositionInfoHandlerComponent	interfaceSCR__CompositionInfoHandlerComponent.html
SCR_CompositionInfoHandlerComponentClass	interfaceSCR__CompositionInfoHandlerComponentClass.html
SCR_CompositionInfoWidgets	interfaceSCR__CompositionInfoWidgets.html
SCR_CompositionSlotManagerComponent	interfaceSCR__CompositionSlotManagerComponent.html
SCR_CompositionSlotManagerComponentClass	interfaceSCR__CompositionSlotManagerComponentClass.html
SCR_CompositionValidationEntity	interfaceSCR__CompositionValidationEntity.html
SCR_CompositionValidationEntityClass	interfaceSCR__CompositionValidationEntityClass.html
SCR_ConcussionDamageEffect	interfaceSCR__ConcussionDamageEffect.html
SCR_ConditionCheckUIEntry	interfaceSCR__ConditionCheckUIEntry.html
SCR_ConfigHelper	interfaceSCR__ConfigHelper.html
SCR_ConfigListComponent	interfaceSCR__ConfigListComponent.html
SCR_ConfigListEntries	interfaceSCR__ConfigListEntries.html
SCR_ConfigListEntry	interfaceSCR__ConfigListEntry.html
SCR_ConfigListEntryCustomTitle	interfaceSCR__ConfigListEntryCustomTitle.html
SCR_ConfigUIComponent	interfaceSCR__ConfigUIComponent.html
SCR_ConfigurableDialogUi	interfaceSCR__ConfigurableDialogUi.html
SCR_ConfigurableDialogUiButtonPreset	interfaceSCR__ConfigurableDialogUiButtonPreset.html
SCR_ConfigurableDialogUiPreset	interfaceSCR__ConfigurableDialogUiPreset.html
SCR_ConfigurableDialogUiPresets	interfaceSCR__ConfigurableDialogUiPresets.html
SCR_ConfigurableDialogUiProxy	interfaceSCR__ConfigurableDialogUiProxy.html
SCR_ConfirmBasesSignalsWidgetComponent	interfaceSCR__ConfirmBasesSignalsWidgetComponent.html
SCR_ConfirmationDialogWorkbench	interfaceSCR__ConfirmationDialogWorkbench.html
SCR_ConflictCurrentTaskUIComponent	interfaceSCR__ConflictCurrentTaskUIComponent.html
SCR_ConflictTaskListEntryDescriptionUIComponent	interfaceSCR__ConflictTaskListEntryDescriptionUIComponent.html
SCR_ConflictTaskListEntryUIComponent	interfaceSCR__ConflictTaskListEntryUIComponent.html
SCR_ConflictTaskMapUIComponent	interfaceSCR__ConflictTaskMapUIComponent.html
SCR_ConnectionStateButtonComponent	interfaceSCR__ConnectionStateButtonComponent.html
SCR_ConnectionStateButtonComponent_StatusPreset	interfaceSCR__ConnectionStateButtonComponent__StatusPreset.html
SCR_ConnectionUICommon	interfaceSCR__ConnectionUICommon.html
SCR_ConsumableBandage	interfaceSCR__ConsumableBandage.html
SCR_ConsumableEffectBase	interfaceSCR__ConsumableEffectBase.html
SCR_ConsumableEffectHealthItems	interfaceSCR__ConsumableEffectHealthItems.html
SCR_ConsumableItemComponent	interfaceSCR__ConsumableItemComponent.html
SCR_ConsumableItemComponentClass	interfaceSCR__ConsumableItemComponentClass.html
SCR_ConsumableMorphine	interfaceSCR__ConsumableMorphine.html
SCR_ConsumableSalineBag	interfaceSCR__ConsumableSalineBag.html
SCR_ConsumableTourniquet	interfaceSCR__ConsumableTourniquet.html
SCR_ConsumableType	interfaceSCR__ConsumableType.html
SCR_ContainerAIActionTitle	interfaceSCR__ContainerAIActionTitle.html
SCR_ContainerActionTitle	interfaceSCR__ContainerActionTitle.html
SCR_ContainerMedicalActionTitle	interfaceSCR__ContainerMedicalActionTitle.html
SCR_ContentBrowserActiveFilterEditorUIComponent	interfaceSCR__ContentBrowserActiveFilterEditorUIComponent.html
SCR_ContentBrowserActiveFiltersEditorUIComponent	interfaceSCR__ContentBrowserActiveFiltersEditorUIComponent.html
SCR_ContentBrowserDetails_GalleryComponent	interfaceSCR__ContentBrowserDetails__GalleryComponent.html
SCR_ContentBrowserDetails_OverviewSubMenu	interfaceSCR__ContentBrowserDetails__OverviewSubMenu.html
SCR_ContentBrowserDetails_OverviewSubMenuWidgets	interfaceSCR__ContentBrowserDetails__OverviewSubMenuWidgets.html
SCR_ContentBrowserDetails_SaveOverviewSubMenu	interfaceSCR__ContentBrowserDetails__SaveOverviewSubMenu.html
SCR_ContentBrowserEditorCard	interfaceSCR__ContentBrowserEditorCard.html
SCR_ContentBrowserEditorComponent	interfaceSCR__ContentBrowserEditorComponent.html
SCR_ContentBrowserEditorComponentClass	interfaceSCR__ContentBrowserEditorComponentClass.html
SCR_ContentBrowserEditorUIComponent	interfaceSCR__ContentBrowserEditorUIComponent.html
SCR_ContentBrowserFilterTag	interfaceSCR__ContentBrowserFilterTag.html
SCR_ContentBrowserFiltersEditorUIComponent	interfaceSCR__ContentBrowserFiltersEditorUIComponent.html
SCR_ContentBrowserSortingBar	interfaceSCR__ContentBrowserSortingBar.html
SCR_ContentBrowserStateManagerEditorUIComponent	interfaceSCR__ContentBrowserStateManagerEditorUIComponent.html
SCR_ContentBrowserTileComponent	interfaceSCR__ContentBrowserTileComponent.html
SCR_ContentBrowser_AddonsFilteredSubMenu	interfaceSCR__ContentBrowser__AddonsFilteredSubMenu.html
SCR_ContentBrowser_AddonsSubMenu	interfaceSCR__ContentBrowser__AddonsSubMenu.html
SCR_ContentBrowser_AddonsSubMenuBaseWidgets	interfaceSCR__ContentBrowser__AddonsSubMenuBaseWidgets.html
SCR_ContentBrowser_AddonsTooltipComponent	interfaceSCR__ContentBrowser__AddonsTooltipComponent.html
SCR_ContentBrowser_GMSaveLineComponent	interfaceSCR__ContentBrowser__GMSaveLineComponent.html
SCR_ContentBrowser_GMSaveLineWidgets	interfaceSCR__ContentBrowser__GMSaveLineWidgets.html
SCR_ContentBrowser_GalleryDialog	interfaceSCR__ContentBrowser__GalleryDialog.html
SCR_ContentBrowser_GalleryDialogWidgets	interfaceSCR__ContentBrowser__GalleryDialogWidgets.html
SCR_ContentBrowser_GalleryWidgets	interfaceSCR__ContentBrowser__GalleryWidgets.html
SCR_ContentBrowser_GetAssetListParams	interfaceSCR__ContentBrowser__GetAssetListParams.html
SCR_ContentBrowser_SavesSubMenu	interfaceSCR__ContentBrowser__SavesSubMenu.html
SCR_ContentBrowser_ScenarioLineComponent	interfaceSCR__ContentBrowser__ScenarioLineComponent.html
SCR_ContentBrowser_ScenarioLineWidgets	interfaceSCR__ContentBrowser__ScenarioLineWidgets.html
SCR_ContentBrowser_ScenarioSubMenu	interfaceSCR__ContentBrowser__ScenarioSubMenu.html
SCR_ContentBrowser_ScenarioSubMenuBase	interfaceSCR__ContentBrowser__ScenarioSubMenuBase.html
SCR_ContentBrowser_ScenarioSubMenuWidgets	interfaceSCR__ContentBrowser__ScenarioSubMenuWidgets.html
SCR_ContentDetailsPanelBase	interfaceSCR__ContentDetailsPanelBase.html
SCR_ContentDetailsPanelBaseWidgets	interfaceSCR__ContentDetailsPanelBaseWidgets.html
SCR_ContentEntryComponent	interfaceSCR__ContentEntryComponent.html
SCR_ContextActionsEditorComponent	interfaceSCR__ContextActionsEditorComponent.html
SCR_ContextActionsEditorComponentClass	interfaceSCR__ContextActionsEditorComponentClass.html
SCR_ContextBasicInteractionBlipWidgets	interfaceSCR__ContextBasicInteractionBlipWidgets.html
SCR_ContextGetIngroupCommand	interfaceSCR__ContextGetIngroupCommand.html
SCR_ContextMenuActionsEditorUIComponent	interfaceSCR__ContextMenuActionsEditorUIComponent.html
SCR_ContextMenuButtonEditorUIComponent	interfaceSCR__ContextMenuButtonEditorUIComponent.html
SCR_ContinuousLoiterCommand	interfaceSCR__ContinuousLoiterCommand.html
SCR_ContourPropsConfig	interfaceSCR__ContourPropsConfig.html
SCR_ControlModeEditableEntityFilter	interfaceSCR__ControlModeEditableEntityFilter.html
SCR_ControlPlayerCameraComponent	interfaceSCR__ControlPlayerCameraComponent.html
SCR_ControllerPreset	interfaceSCR__ControllerPreset.html
SCR_ControllerPresetsConfig	interfaceSCR__ControllerPresetsConfig.html
SCR_ControllerPresetsSettingsSubmenu	interfaceSCR__ControllerPresetsSettingsSubmenu.html
SCR_ControllerSettings	interfaceSCR__ControllerSettings.html
SCR_ConvexPolygonDamageAreaShape	interfaceSCR__ConvexPolygonDamageAreaShape.html
SCR_CooldownData	interfaceSCR__CooldownData.html
SCR_CoordsTool	interfaceSCR__CoordsTool.html
SCR_CoordsTool_CoordsEntry	interfaceSCR__CoordsTool__CoordsEntry.html
SCR_CopyAttributesContextAction	interfaceSCR__CopyAttributesContextAction.html
SCR_CopyClassAndMethodPlugin	interfaceSCR__CopyClassAndMethodPlugin.html
SCR_CopyContextAction	interfaceSCR__CopyContextAction.html
SCR_CopyIngameTimestampContextAction	interfaceSCR__CopyIngameTimestampContextAction.html
SCR_CopyPrefabNameContextAction	interfaceSCR__CopyPrefabNameContextAction.html
SCR_CopyServerTimestampContextAction	interfaceSCR__CopyServerTimestampContextAction.html
SCR_CopyWorldPositionContextAction	interfaceSCR__CopyWorldPositionContextAction.html
SCR_CoreMenuHeaderButtonComponent	interfaceSCR__CoreMenuHeaderButtonComponent.html
SCR_CoreMenuHeaderComponent	interfaceSCR__CoreMenuHeaderComponent.html
SCR_CountingTimerUI	interfaceSCR__CountingTimerUI.html
SCR_CourseEndData	interfaceSCR__CourseEndData.html
SCR_CoverageRadioComponent	interfaceSCR__CoverageRadioComponent.html
SCR_CoverageRadioComponentClass	interfaceSCR__CoverageRadioComponentClass.html
SCR_CreateAIExtraMoveParams	interfaceSCR__CreateAIExtraMoveParams.html
SCR_CreateAIExtraMoveParams_CombatMove	interfaceSCR__CreateAIExtraMoveParams__CombatMove.html
SCR_CreateEditablePrefabsPlugin	interfaceSCR__CreateEditablePrefabsPlugin.html
SCR_CreateEditablePrefabsPluginResourceManager	interfaceSCR__CreateEditablePrefabsPluginResourceManager.html
SCR_CreateLayerContextAction	interfaceSCR__CreateLayerContextAction.html
SCR_CreateLayerWithSelectionContextAction	interfaceSCR__CreateLayerWithSelectionContextAction.html
SCR_CreateNewGroupContextAction	interfaceSCR__CreateNewGroupContextAction.html
SCR_CreateNewSaveDialog	interfaceSCR__CreateNewSaveDialog.html
SCR_CreationDateTooltipDetail	interfaceSCR__CreationDateTooltipDetail.html
SCR_Credits	interfaceSCR__Credits.html
SCR_CreditsDepartmentHeader	interfaceSCR__CreditsDepartmentHeader.html
SCR_CreditsHeader	interfaceSCR__CreditsHeader.html
SCR_CreditsLicenses	interfaceSCR__CreditsLicenses.html
SCR_CreditsPersonName	interfaceSCR__CreditsPersonName.html
SCR_CriticalExplosionDamageEffect	interfaceSCR__CriticalExplosionDamageEffect.html
SCR_Crosshair	interfaceSCR__Crosshair.html
SCR_CrosshairDebug	interfaceSCR__CrosshairDebug.html
SCR_CurrentLayerEditableEntityFilter	interfaceSCR__CurrentLayerEditableEntityFilter.html
SCR_CurrentTaskUIComponent	interfaceSCR__CurrentTaskUIComponent.html
SCR_CurrentTaskWidgets	interfaceSCR__CurrentTaskWidgets.html
SCR_CursorCustom	interfaceSCR__CursorCustom.html
SCR_CursorEditor	interfaceSCR__CursorEditor.html
SCR_CursorEditorUIComponent	interfaceSCR__CursorEditorUIComponent.html
SCR_CursorStateTitle	interfaceSCR__CursorStateTitle.html
SCR_CursorVisualState	interfaceSCR__CursorVisualState.html
SCR_CustomAreaMeshComponent	interfaceSCR__CustomAreaMeshComponent.html
SCR_CustomAreaMeshComponentClass	interfaceSCR__CustomAreaMeshComponentClass.html
SCR_CustomArrayEditableEntityUIComponent	interfaceSCR__CustomArrayEditableEntityUIComponent.html
SCR_CustomDropdownEditorUIComponent	interfaceSCR__CustomDropdownEditorUIComponent.html
SCR_CustomEditableEntityUIComponent	interfaceSCR__CustomEditableEntityUIComponent.html
SCR_CustomMaterialAnimatorEntity	interfaceSCR__CustomMaterialAnimatorEntity.html
SCR_CustomMaterialAnimatorEntityClass	interfaceSCR__CustomMaterialAnimatorEntityClass.html
SCR_CustomReconMarkerEntry	interfaceSCR__CustomReconMarkerEntry.html
SCR_CustomReconMarkerEntryTitle	interfaceSCR__CustomReconMarkerEntryTitle.html
SCR_CustomTooltipTargetEditorUIComponent	interfaceSCR__CustomTooltipTargetEditorUIComponent.html
SCR_CustomTriggerConditions	interfaceSCR__CustomTriggerConditions.html
SCR_CustomTriggerConditionsAltitude	interfaceSCR__CustomTriggerConditionsAltitude.html
SCR_CustomTriggerConditionsCheckVehicleEngineRunning	interfaceSCR__CustomTriggerConditionsCheckVehicleEngineRunning.html
SCR_CustomTriggerConditionsCheckVehicleForAI	interfaceSCR__CustomTriggerConditionsCheckVehicleForAI.html
SCR_CustomTriggerConditionsFactionControl	interfaceSCR__CustomTriggerConditionsFactionControl.html
SCR_CustomTriggerConditionsGeneric	interfaceSCR__CustomTriggerConditionsGeneric.html
SCR_CustomTriggerConditionsSpecificClassNameCount	interfaceSCR__CustomTriggerConditionsSpecificClassNameCount.html
SCR_CustomTriggerConditionsSpecificPrefabCount	interfaceSCR__CustomTriggerConditionsSpecificPrefabCount.html
SCR_CutContextAction	interfaceSCR__CutContextAction.html
SCR_CycleContextAction	interfaceSCR__CycleContextAction.html
SCR_CycleWaypointEditorUIComponent	interfaceSCR__CycleWaypointEditorUIComponent.html
SCR_DSConfig	interfaceSCR__DSConfig.html
SCR_DSGameProperties	interfaceSCR__DSGameProperties.html
SCR_DSJoinQueue	interfaceSCR__DSJoinQueue.html
SCR_DSOperating	interfaceSCR__DSOperating.html
SCR_DamageArea	interfaceSCR__DamageArea.html
SCR_DamageAreaComponent	interfaceSCR__DamageAreaComponent.html
SCR_DamageAreaComponentClass	interfaceSCR__DamageAreaComponentClass.html
SCR_DamageAreaShapesPlugin	interfaceSCR__DamageAreaShapesPlugin.html
SCR_DamageBlurEffect	interfaceSCR__DamageBlurEffect.html
SCR_DamageContext	interfaceSCR__DamageContext.html
SCR_DamageDisabledTooltipDetail	interfaceSCR__DamageDisabledTooltipDetail.html
SCR_DamageEffect	interfaceSCR__DamageEffect.html
SCR_DamageIntensityEntry	interfaceSCR__DamageIntensityEntry.html
SCR_DamageIntensityHolder	interfaceSCR__DamageIntensityHolder.html
SCR_DamageManagerComponent	interfaceSCR__DamageManagerComponent.html
SCR_DamageManagerComponentClass	interfaceSCR__DamageManagerComponentClass.html
SCR_DamageManagerData	interfaceSCR__DamageManagerData.html
SCR_DamagePassRule	interfaceSCR__DamagePassRule.html
SCR_DamagePassRuleContainerTitle	interfaceSCR__DamagePassRuleContainerTitle.html
SCR_DamagePhaseData	interfaceSCR__DamagePhaseData.html
SCR_DamagePhaseTitle	interfaceSCR__DamagePhaseTitle.html
SCR_DamageRemapData	interfaceSCR__DamageRemapData.html
SCR_DamageRemapTitle	interfaceSCR__DamageRemapTitle.html
SCR_DamageStateConfig	interfaceSCR__DamageStateConfig.html
SCR_DamageStateInfo	interfaceSCR__DamageStateInfo.html
SCR_DamageStateUIComponent	interfaceSCR__DamageStateUIComponent.html
SCR_DamageStateUIInfo	interfaceSCR__DamageStateUIInfo.html
SCR_DamageSufferingSystem	interfaceSCR__DamageSufferingSystem.html
SCR_DataCollectorAchievementsModule	interfaceSCR__DataCollectorAchievementsModule.html
SCR_DataCollectorBasicActionsModule	interfaceSCR__DataCollectorBasicActionsModule.html
SCR_DataCollectorCommunicationComponent	interfaceSCR__DataCollectorCommunicationComponent.html
SCR_DataCollectorCommunicationComponentClass	interfaceSCR__DataCollectorCommunicationComponentClass.html
SCR_DataCollectorComponent	interfaceSCR__DataCollectorComponent.html
SCR_DataCollectorComponentClass	interfaceSCR__DataCollectorComponentClass.html
SCR_DataCollectorCrimesModule	interfaceSCR__DataCollectorCrimesModule.html
SCR_DataCollectorDiagComponent	interfaceSCR__DataCollectorDiagComponent.html
SCR_DataCollectorDiagComponentClass	interfaceSCR__DataCollectorDiagComponentClass.html
SCR_DataCollectorDriverModule	interfaceSCR__DataCollectorDriverModule.html
SCR_DataCollectorDriverModuleContext	interfaceSCR__DataCollectorDriverModuleContext.html
SCR_DataCollectorHealingItemsModule	interfaceSCR__DataCollectorHealingItemsModule.html
SCR_DataCollectorModule	interfaceSCR__DataCollectorModule.html
SCR_DataCollectorShootingModule	interfaceSCR__DataCollectorShootingModule.html
SCR_DataCollectorStoreDataModule	interfaceSCR__DataCollectorStoreDataModule.html
SCR_DataCollectorSupplyTruckDriverModule	interfaceSCR__DataCollectorSupplyTruckDriverModule.html
SCR_DataCollectorUI	interfaceSCR__DataCollectorUI.html
SCR_DataDisplayGadgetComponent	interfaceSCR__DataDisplayGadgetComponent.html
SCR_DataDisplayGadgetComponentClass	interfaceSCR__DataDisplayGadgetComponentClass.html
SCR_DataToSpreadsheetElement	interfaceSCR__DataToSpreadsheetElement.html
SCR_DataToSpreadsheetPlugin	interfaceSCR__DataToSpreadsheetPlugin.html
SCR_DataToSpreadsheetTemplates	interfaceSCR__DataToSpreadsheetTemplates.html
SCR_DataToSpreadsheetTemplatesAttribute	interfaceSCR__DataToSpreadsheetTemplatesAttribute.html
SCR_DataToSpreadsheetTemplatesBase	interfaceSCR__DataToSpreadsheetTemplatesBase.html
SCR_DataToSpreadsheetTemplatesComponent	interfaceSCR__DataToSpreadsheetTemplatesComponent.html
SCR_DataToSpreadsheetTemplatesObject	interfaceSCR__DataToSpreadsheetTemplatesObject.html
SCR_DataToSpreadsheetTemplatesObjectArray	interfaceSCR__DataToSpreadsheetTemplatesObjectArray.html
SCR_DataToSpreadsheetTemplatesObjectIndex	interfaceSCR__DataToSpreadsheetTemplatesObjectIndex.html
SCR_DateAttributeDynamicDescription	interfaceSCR__DateAttributeDynamicDescription.html
SCR_DateAttributeUIComponent	interfaceSCR__DateAttributeUIComponent.html
SCR_DateEditorAttribute	interfaceSCR__DateEditorAttribute.html
SCR_DateTimeHelper	interfaceSCR__DateTimeHelper.html
SCR_DayDurationAttributeDynamicDescription	interfaceSCR__DayDurationAttributeDynamicDescription.html
SCR_DayDurationEditorAttribute	interfaceSCR__DayDurationEditorAttribute.html
SCR_DayTimeCurveDef	interfaceSCR__DayTimeCurveDef.html
SCR_DayTimeCurveDefConfig	interfaceSCR__DayTimeCurveDefConfig.html
SCR_DayTimeInfoAuto	interfaceSCR__DayTimeInfoAuto.html
SCR_DayTimeInfoBase	interfaceSCR__DayTimeInfoBase.html
SCR_DayTimeInfoBetween	interfaceSCR__DayTimeInfoBetween.html
SCR_DayTimeInfoStatic	interfaceSCR__DayTimeInfoStatic.html
SCR_DaytimeCondition	interfaceSCR__DaytimeCondition.html
SCR_DaytimeEditorAttribute	interfaceSCR__DaytimeEditorAttribute.html
SCR_DbgUI	interfaceSCR__DbgUI.html
SCR_DeathDateToolDetail	interfaceSCR__DeathDateToolDetail.html
SCR_DeathGameOverManagerComponent	interfaceSCR__DeathGameOverManagerComponent.html
SCR_DeathGameOverManagerComponentClass	interfaceSCR__DeathGameOverManagerComponentClass.html
SCR_DeathMatchGameOverScreenInfo	interfaceSCR__DeathMatchGameOverScreenInfo.html
SCR_DeathMusic	interfaceSCR__DeathMusic.html
SCR_DeathScreenEffect	interfaceSCR__DeathScreenEffect.html
SCR_DeathScreenUIComponent	interfaceSCR__DeathScreenUIComponent.html
SCR_DebriefingScreenBigImageContent	interfaceSCR__DebriefingScreenBigImageContent.html
SCR_DebriefingScreenComponent	interfaceSCR__DebriefingScreenComponent.html
SCR_DebriefingScreenComponentClass	interfaceSCR__DebriefingScreenComponentClass.html
SCR_DebriefingScreenFinishedObjectivesContent	interfaceSCR__DebriefingScreenFinishedObjectivesContent.html
SCR_DebriefingScreenMenu	interfaceSCR__DebriefingScreenMenu.html
SCR_DebriefingScreenStatisticBaseClass	interfaceSCR__DebriefingScreenStatisticBaseClass.html
SCR_DebriefingScreenStatisticDeaths	interfaceSCR__DebriefingScreenStatisticDeaths.html
SCR_DebriefingScreenStatisticDistanceDriven	interfaceSCR__DebriefingScreenStatisticDistanceDriven.html
SCR_DebriefingScreenStatisticDistanceWalked	interfaceSCR__DebriefingScreenStatisticDistanceWalked.html
SCR_DebriefingScreenStatisticKills	interfaceSCR__DebriefingScreenStatisticKills.html
SCR_DebriefingScreenStatisticShotsFired	interfaceSCR__DebriefingScreenStatisticShotsFired.html
SCR_DebriefingScreenStatisticsContent	interfaceSCR__DebriefingScreenStatisticsContent.html
SCR_DebriefingScreenSummaryContent	interfaceSCR__DebriefingScreenSummaryContent.html
SCR_DebriefingScreenUnevenFourTiles	interfaceSCR__DebriefingScreenUnevenFourTiles.html
SCR_DebrisBuildingEntity	interfaceSCR__DebrisBuildingEntity.html
SCR_DebrisBuildingEntityClass	interfaceSCR__DebrisBuildingEntityClass.html
SCR_DebrisSmallEntity	interfaceSCR__DebrisSmallEntity.html
SCR_DebrisSmallEntityClass	interfaceSCR__DebrisSmallEntityClass.html
SCR_DebrisSpawnable	interfaceSCR__DebrisSpawnable.html
SCR_DebugCameraCore	interfaceSCR__DebugCameraCore.html
SCR_DebugCameraEntity	interfaceSCR__DebugCameraEntity.html
SCR_DebugCameraEntityClass	interfaceSCR__DebugCameraEntityClass.html
SCR_DebugEditorComponent	interfaceSCR__DebugEditorComponent.html
SCR_DebugEditorComponentClass	interfaceSCR__DebugEditorComponentClass.html
SCR_DebugIdentityTooltipDetail	interfaceSCR__DebugIdentityTooltipDetail.html
SCR_DebugLinePlugin	interfaceSCR__DebugLinePlugin.html
SCR_DebugShapeHelperComponent	interfaceSCR__DebugShapeHelperComponent.html
SCR_DebugShapeHelperComponentClass	interfaceSCR__DebugShapeHelperComponentClass.html
SCR_DebugShapeManager	interfaceSCR__DebugShapeManager.html
SCR_DebugShootComponent	interfaceSCR__DebugShootComponent.html
SCR_DebugShootComponentClass	interfaceSCR__DebugShootComponentClass.html
SCR_DebugTooltipDetail	interfaceSCR__DebugTooltipDetail.html
SCR_DedicatedServerPlugin	interfaceSCR__DedicatedServerPlugin.html
SCR_DefaultOccupantData	interfaceSCR__DefaultOccupantData.html
SCR_DefaultScenarios	interfaceSCR__DefaultScenarios.html
SCR_DefendContextAction	interfaceSCR__DefendContextAction.html
SCR_DefendWaypoint	interfaceSCR__DefendWaypoint.html
SCR_DefendWaypointClass	interfaceSCR__DefendWaypointClass.html
SCR_DefendWaypointPreset	interfaceSCR__DefendWaypointPreset.html
SCR_DefendWaypointPresetClass	interfaceSCR__DefendWaypointPresetClass.html
SCR_DefenderSpawnerComponent	interfaceSCR__DefenderSpawnerComponent.html
SCR_DefenderSpawnerComponentClass	interfaceSCR__DefenderSpawnerComponentClass.html
SCR_DelegateFactionManagerComponent	interfaceSCR__DelegateFactionManagerComponent.html
SCR_DelegateFactionManagerComponentClass	interfaceSCR__DelegateFactionManagerComponentClass.html
SCR_DeleteAddonDependentAddonsDetected	interfaceSCR__DeleteAddonDependentAddonsDetected.html
SCR_DeleteAddonDialog	interfaceSCR__DeleteAddonDialog.html
SCR_DeleteAddonsListDialog	interfaceSCR__DeleteAddonsListDialog.html
SCR_DeleteContextAction	interfaceSCR__DeleteContextAction.html
SCR_DeleteDestroyedToolbarAction	interfaceSCR__DeleteDestroyedToolbarAction.html
SCR_DeleteSelectedContextAction	interfaceSCR__DeleteSelectedContextAction.html
SCR_DeployButton	interfaceSCR__DeployButton.html
SCR_DeployButtonBase	interfaceSCR__DeployButtonBase.html
SCR_DeployCollimatorAction	interfaceSCR__DeployCollimatorAction.html
SCR_DeployInventoryItemAction	interfaceSCR__DeployInventoryItemAction.html
SCR_DeployInventoryItemBaseAction	interfaceSCR__DeployInventoryItemBaseAction.html
SCR_DeployInventoryItemRestrictedAction	interfaceSCR__DeployInventoryItemRestrictedAction.html
SCR_DeployMenuBase	interfaceSCR__DeployMenuBase.html
SCR_DeployMenuBaseScreenComponent	interfaceSCR__DeployMenuBaseScreenComponent.html
SCR_DeployMenuBaseScreenComponentClass	interfaceSCR__DeployMenuBaseScreenComponentClass.html
SCR_DeployMenuBaseScreenLayout	interfaceSCR__DeployMenuBaseScreenLayout.html
SCR_DeployMenuHandler	interfaceSCR__DeployMenuHandler.html
SCR_DeployMenuMain	interfaceSCR__DeployMenuMain.html
SCR_DeployMenuSettings	interfaceSCR__DeployMenuSettings.html
SCR_DeployMultiPartInventoryItemAction	interfaceSCR__DeployMultiPartInventoryItemAction.html
SCR_DeployRequestUIBaseComponent	interfaceSCR__DeployRequestUIBaseComponent.html
SCR_DeploySmokeCoverWaypoint	interfaceSCR__DeploySmokeCoverWaypoint.html
SCR_DeploySmokeCoverWaypointClass	interfaceSCR__DeploySmokeCoverWaypointClass.html
SCR_DeploySmokeCoverWaypointState	interfaceSCR__DeploySmokeCoverWaypointState.html
SCR_DeployableHintUIInfo	interfaceSCR__DeployableHintUIInfo.html
SCR_DeployableInventoryItemEquipClothAction	interfaceSCR__DeployableInventoryItemEquipClothAction.html
SCR_DeployableInventoryItemInventoryComponent	interfaceSCR__DeployableInventoryItemInventoryComponent.html
SCR_DeployableInventoryItemInventoryComponentClass	interfaceSCR__DeployableInventoryItemInventoryComponentClass.html
SCR_DeployableInventoryItemPickUpAction	interfaceSCR__DeployableInventoryItemPickUpAction.html
SCR_DeployableInventoryItemReplacementComponent	interfaceSCR__DeployableInventoryItemReplacementComponent.html
SCR_DeployableInventoryItemReplacementComponentClass	interfaceSCR__DeployableInventoryItemReplacementComponentClass.html
SCR_DeployableItemSearchPredicate	interfaceSCR__DeployableItemSearchPredicate.html
SCR_DeployablePlaceableItemComponent	interfaceSCR__DeployablePlaceableItemComponent.html
SCR_DeployablePlaceableItemComponentClass	interfaceSCR__DeployablePlaceableItemComponentClass.html
SCR_DeployableRadioTicketEditorAttribute	interfaceSCR__DeployableRadioTicketEditorAttribute.html
SCR_DeployableSpawnPoint	interfaceSCR__DeployableSpawnPoint.html
SCR_DeployableSpawnPointClass	interfaceSCR__DeployableSpawnPointClass.html
SCR_DeployableSpawnPointSystem	interfaceSCR__DeployableSpawnPointSystem.html
SCR_DeployableSurfaceValidation	interfaceSCR__DeployableSurfaceValidation.html
SCR_DeployableVariantContainer	interfaceSCR__DeployableVariantContainer.html
SCR_DepthOfFieldEffect	interfaceSCR__DepthOfFieldEffect.html
SCR_DesaturationEffect	interfaceSCR__DesaturationEffect.html
SCR_DescriptionTooltipDetail	interfaceSCR__DescriptionTooltipDetail.html
SCR_DescriptorDefIcon	interfaceSCR__DescriptorDefIcon.html
SCR_DescriptorDefIconText	interfaceSCR__DescriptorDefIconText.html
SCR_DescriptorDefInvisible	interfaceSCR__DescriptorDefInvisible.html
SCR_DescriptorDefText	interfaceSCR__DescriptorDefText.html
SCR_DescriptorDefaultsBase	interfaceSCR__DescriptorDefaultsBase.html
SCR_DescriptorViewLayer	interfaceSCR__DescriptorViewLayer.html
SCR_DescriptorViewTitle	interfaceSCR__DescriptorViewTitle.html
SCR_DestroyedEditableEntityFilter	interfaceSCR__DestroyedEditableEntityFilter.html
SCR_DestroyedTreePartsData	interfaceSCR__DestroyedTreePartsData.html
SCR_DestroyedTreesData	interfaceSCR__DestroyedTreesData.html
SCR_DestructibleBuildingComponent	interfaceSCR__DestructibleBuildingComponent.html
SCR_DestructibleBuildingComponentClass	interfaceSCR__DestructibleBuildingComponentClass.html
SCR_DestructibleBuildingEntity	interfaceSCR__DestructibleBuildingEntity.html
SCR_DestructibleBuildingEntityClass	interfaceSCR__DestructibleBuildingEntityClass.html
SCR_DestructibleEntity	interfaceSCR__DestructibleEntity.html
SCR_DestructibleEntityClass	interfaceSCR__DestructibleEntityClass.html
SCR_DestructibleHitzone	interfaceSCR__DestructibleHitzone.html
SCR_DestructibleIdentificator	interfaceSCR__DestructibleIdentificator.html
SCR_DestructiblePrefabFinderTool	interfaceSCR__DestructiblePrefabFinderTool.html
SCR_DestructibleTreeV2	interfaceSCR__DestructibleTreeV2.html
SCR_DestructibleTreeV2Class	interfaceSCR__DestructibleTreeV2Class.html
SCR_DestructibleTreesSynchManager	interfaceSCR__DestructibleTreesSynchManager.html
SCR_DestructibleTreesSynchManagerClass	interfaceSCR__DestructibleTreesSynchManagerClass.html
SCR_DestructionBaseData	interfaceSCR__DestructionBaseData.html
SCR_DestructionBaseHandler	interfaceSCR__DestructionBaseHandler.html
SCR_DestructionCommon	interfaceSCR__DestructionCommon.html
SCR_DestructionDamageManagerComponent	interfaceSCR__DestructionDamageManagerComponent.html
SCR_DestructionDamageManagerComponentClass	interfaceSCR__DestructionDamageManagerComponentClass.html
SCR_DestructionData	interfaceSCR__DestructionData.html
SCR_DestructionDiagComponent	interfaceSCR__DestructionDiagComponent.html
SCR_DestructionDiagComponentClass	interfaceSCR__DestructionDiagComponentClass.html
SCR_DestructionFractalComponent	interfaceSCR__DestructionFractalComponent.html
SCR_DestructionFractalComponentClass	interfaceSCR__DestructionFractalComponentClass.html
SCR_DestructionHeatmapEntry	interfaceSCR__DestructionHeatmapEntry.html
SCR_DestructionHeatmapRegion	interfaceSCR__DestructionHeatmapRegion.html
SCR_DestructionHitInfo	interfaceSCR__DestructionHitInfo.html
SCR_DestructionIndicesAssignTool	interfaceSCR__DestructionIndicesAssignTool.html
SCR_DestructionInteriorBoundingBox	interfaceSCR__DestructionInteriorBoundingBox.html
SCR_DestructionManager	interfaceSCR__DestructionManager.html
SCR_DestructionManagerClass	interfaceSCR__DestructionManagerClass.html
SCR_DestructionManagerComponent	interfaceSCR__DestructionManagerComponent.html
SCR_DestructionManagerComponentClass	interfaceSCR__DestructionManagerComponentClass.html
SCR_DestructionMultiPhaseComponent	interfaceSCR__DestructionMultiPhaseComponent.html
SCR_DestructionMultiPhaseComponentClass	interfaceSCR__DestructionMultiPhaseComponentClass.html
SCR_DestructionMultiPhaseData	interfaceSCR__DestructionMultiPhaseData.html
SCR_DestructionSynchronizationComponent	interfaceSCR__DestructionSynchronizationComponent.html
SCR_DestructionSynchronizationComponentClass	interfaceSCR__DestructionSynchronizationComponentClass.html
SCR_DestructionTireComponent	interfaceSCR__DestructionTireComponent.html
SCR_DestructionTireComponentClass	interfaceSCR__DestructionTireComponentClass.html
SCR_DestructionTireInitialDamageDataComponentClass	interfaceSCR__DestructionTireInitialDamageDataComponentClass.html
SCR_DestructionUtility	interfaceSCR__DestructionUtility.html
SCR_DetachContextAction	interfaceSCR__DetachContextAction.html
SCR_DetachMagazineUserAction	interfaceSCR__DetachMagazineUserAction.html
SCR_DetonateChargesAction	interfaceSCR__DetonateChargesAction.html
SCR_DetonatorGadgetComponent	interfaceSCR__DetonatorGadgetComponent.html
SCR_DetonatorGadgetComponentClass	interfaceSCR__DetonatorGadgetComponentClass.html
SCR_DetonatorHasConnectedChargesCondition	interfaceSCR__DetonatorHasConnectedChargesCondition.html
SCR_DeviceBlockUIName	interfaceSCR__DeviceBlockUIName.html
SCR_DeviceSpecificComponent	interfaceSCR__DeviceSpecificComponent.html
SCR_DialogDataComponent	interfaceSCR__DialogDataComponent.html
SCR_DialogEditorUIComponent	interfaceSCR__DialogEditorUIComponent.html
SCR_DisableDependentAddonsDialog	interfaceSCR__DisableDependentAddonsDialog.html
SCR_DisableSimulationContextAction	interfaceSCR__DisableSimulationContextAction.html
SCR_DisabledEntitiesEditorUIEffect	interfaceSCR__DisabledEntitiesEditorUIEffect.html
SCR_DisarmExplosiveChargeAction	interfaceSCR__DisarmExplosiveChargeAction.html
SCR_DisarmMineAction	interfaceSCR__DisarmMineAction.html
SCR_DisarmRocketPodsContextAction	interfaceSCR__DisarmRocketPodsContextAction.html
SCR_DisconnectChargesAction	interfaceSCR__DisconnectChargesAction.html
SCR_DisembarkContextAction	interfaceSCR__DisembarkContextAction.html
SCR_DismantleCampaignMilitaryBaseTaskEntity	interfaceSCR__DismantleCampaignMilitaryBaseTaskEntity.html
SCR_DismantleCampaignMilitaryBaseTaskEntityClass	interfaceSCR__DismantleCampaignMilitaryBaseTaskEntityClass.html
SCR_DismantleInventoryItemBaseAction	interfaceSCR__DismantleInventoryItemBaseAction.html
SCR_DoctorCompartmentSlot	interfaceSCR__DoctorCompartmentSlot.html
SCR_DoorOpenerEntity	interfaceSCR__DoorOpenerEntity.html
SCR_DoorOpenerEntityClass	interfaceSCR__DoorOpenerEntityClass.html
SCR_DoorUserAction	interfaceSCR__DoorUserAction.html
SCR_DotDamageArea	interfaceSCR__DotDamageArea.html
SCR_DotDamageEffect	interfaceSCR__DotDamageEffect.html
SCR_DoubleClickAction	interfaceSCR__DoubleClickAction.html
SCR_DownloadConfirmationDialog	interfaceSCR__DownloadConfirmationDialog.html
SCR_DownloadConfirmationDialogContentWidgets	interfaceSCR__DownloadConfirmationDialogContentWidgets.html
SCR_DownloadConfirmationDialogWidgets	interfaceSCR__DownloadConfirmationDialogWidgets.html
SCR_DownloadFailDialog	interfaceSCR__DownloadFailDialog.html
SCR_DownloadManager	interfaceSCR__DownloadManager.html
SCR_DownloadManagerClass	interfaceSCR__DownloadManagerClass.html
SCR_DownloadManagerDialogWidgets	interfaceSCR__DownloadManagerDialogWidgets.html
SCR_DownloadManagerEntry	interfaceSCR__DownloadManagerEntry.html
SCR_DownloadManagerEntryWidgets	interfaceSCR__DownloadManagerEntryWidgets.html
SCR_DownloadManagerListCategory	interfaceSCR__DownloadManagerListCategory.html
SCR_DownloadManagerListComponent	interfaceSCR__DownloadManagerListComponent.html
SCR_DownloadManagerTabActiveWidgets	interfaceSCR__DownloadManagerTabActiveWidgets.html
SCR_DownloadManager_AddonDownloadLine	interfaceSCR__DownloadManager__AddonDownloadLine.html
SCR_DownloadManager_AddonDownloadLineBaseWidgets	interfaceSCR__DownloadManager__AddonDownloadLineBaseWidgets.html
SCR_DownloadManager_CircleProgressIndicatorWidgets	interfaceSCR__DownloadManager__CircleProgressIndicatorWidgets.html
SCR_DownloadManager_CircularIndicatorComponent	interfaceSCR__DownloadManager__CircularIndicatorComponent.html
SCR_DownloadManager_Dialog	interfaceSCR__DownloadManager__Dialog.html
SCR_DownloadManager_Entry	interfaceSCR__DownloadManager__Entry.html
SCR_DownloadManager_OpenDownloadManagerComponent	interfaceSCR__DownloadManager__OpenDownloadManagerComponent.html
SCR_DownloadManager_PanelComponent	interfaceSCR__DownloadManager__PanelComponent.html
SCR_DownloadManager_PanelWidgets	interfaceSCR__DownloadManager__PanelWidgets.html
SCR_DownloadManager_ProgressIndicatorComponent	interfaceSCR__DownloadManager__ProgressIndicatorComponent.html
SCR_DownloadManager_ProgressIndicatorWidgets	interfaceSCR__DownloadManager__ProgressIndicatorWidgets.html
SCR_DownloadSequence	interfaceSCR__DownloadSequence.html
SCR_DoxygenFillerPlugin	interfaceSCR__DoxygenFillerPlugin.html
SCR_DoxygenFillerPlugin_Method	interfaceSCR__DoxygenFillerPlugin__Method.html
SCR_DoxygenFillerPlugin_MethodParameter	interfaceSCR__DoxygenFillerPlugin__MethodParameter.html
SCR_DpsConditionBarBaseTooltipDetail	interfaceSCR__DpsConditionBarBaseTooltipDetail.html
SCR_DrainFuelUserAction	interfaceSCR__DrainFuelUserAction.html
SCR_DrawingPropsConfig	interfaceSCR__DrawingPropsConfig.html
SCR_DriverTooltipDetail	interfaceSCR__DriverTooltipDetail.html
SCR_DropdownEditorAttributeUIComponent	interfaceSCR__DropdownEditorAttributeUIComponent.html
SCR_DropdownWithParamAttributeUIComponent	interfaceSCR__DropdownWithParamAttributeUIComponent.html
SCR_DrowningDamageEffect	interfaceSCR__DrowningDamageEffect.html
SCR_DrowningScreenEffect	interfaceSCR__DrowningScreenEffect.html
SCR_DummyEditableEntityFilter	interfaceSCR__DummyEditableEntityFilter.html
SCR_DummyTargetEntity	interfaceSCR__DummyTargetEntity.html
SCR_DummyTargetEntityClass	interfaceSCR__DummyTargetEntityClass.html
SCR_DuplicateContextAction	interfaceSCR__DuplicateContextAction.html
SCR_DynamicFooterComponent	interfaceSCR__DynamicFooterComponent.html
SCR_DynamicIconComponent	interfaceSCR__DynamicIconComponent.html
SCR_DynamicSimulationEditorComponent	interfaceSCR__DynamicSimulationEditorComponent.html
SCR_DynamicSimulationEditorComponentClass	interfaceSCR__DynamicSimulationEditorComponentClass.html
SCR_EScenarioFrameworkLogicOperatorHelper	interfaceSCR__EScenarioFrameworkLogicOperatorHelper.html
SCR_Easing	interfaceSCR__Easing.html
SCR_EditAttributesEditorUIComponent	interfaceSCR__EditAttributesEditorUIComponent.html
SCR_EditBoxComponent	interfaceSCR__EditBoxComponent.html
SCR_EditBoxSearchComponent	interfaceSCR__EditBoxSearchComponent.html
SCR_EditModeEditorUIComponent	interfaceSCR__EditModeEditorUIComponent.html
SCR_EditableAttachableEntityInteraction	interfaceSCR__EditableAttachableEntityInteraction.html
SCR_EditableCharacterComponent	interfaceSCR__EditableCharacterComponent.html
SCR_EditableCharacterComponentClass	interfaceSCR__EditableCharacterComponentClass.html
SCR_EditableCharacterInteraction	interfaceSCR__EditableCharacterInteraction.html
SCR_EditableCommentComponent	interfaceSCR__EditableCommentComponent.html
SCR_EditableCommentComponentClass	interfaceSCR__EditableCommentComponentClass.html
SCR_EditableCommentUIInfo	interfaceSCR__EditableCommentUIInfo.html
SCR_EditableDecalComponent	interfaceSCR__EditableDecalComponent.html
SCR_EditableDecalComponentClass	interfaceSCR__EditableDecalComponentClass.html
SCR_EditableDescriptorComponent	interfaceSCR__EditableDescriptorComponent.html
SCR_EditableDescriptorComponentClass	interfaceSCR__EditableDescriptorComponentClass.html
SCR_EditableDescriptorUIInfo	interfaceSCR__EditableDescriptorUIInfo.html
SCR_EditableEffectsModuleComponent	interfaceSCR__EditableEffectsModuleComponent.html
SCR_EditableEffectsModuleComponentClass	interfaceSCR__EditableEffectsModuleComponentClass.html
SCR_EditableEntityAuthor	interfaceSCR__EditableEntityAuthor.html
SCR_EditableEntityBaseChildComponent	interfaceSCR__EditableEntityBaseChildComponent.html
SCR_EditableEntityBaseChildComponentClass	interfaceSCR__EditableEntityBaseChildComponentClass.html
SCR_EditableEntityBaseSlotUIComponent	interfaceSCR__EditableEntityBaseSlotUIComponent.html
SCR_EditableEntityCache	interfaceSCR__EditableEntityCache.html
SCR_EditableEntityCampaignBuildingLabelSetting	interfaceSCR__EditableEntityCampaignBuildingLabelSetting.html
SCR_EditableEntityCampaignBuildingModeLabelData	interfaceSCR__EditableEntityCampaignBuildingModeLabelData.html
SCR_EditableEntityComponent	interfaceSCR__EditableEntityComponent.html
SCR_EditableEntityComponentClass	interfaceSCR__EditableEntityComponentClass.html
SCR_EditableEntityComponentSerializer	interfaceSCR__EditableEntityComponentSerializer.html
SCR_EditableEntityCore	interfaceSCR__EditableEntityCore.html
SCR_EditableEntityCoreData	interfaceSCR__EditableEntityCoreData.html
SCR_EditableEntityCoreLabelGroupSetting	interfaceSCR__EditableEntityCoreLabelGroupSetting.html
SCR_EditableEntityCoreLabelSetting	interfaceSCR__EditableEntityCoreLabelSetting.html
SCR_EditableEntityCoreLabelSettingExtended	interfaceSCR__EditableEntityCoreLabelSettingExtended.html
SCR_EditableEntityCoreSerializer	interfaceSCR__EditableEntityCoreSerializer.html
SCR_EditableEntityCoreTypeInteraction	interfaceSCR__EditableEntityCoreTypeInteraction.html
SCR_EditableEntityCoreTypeInteractionTitle	interfaceSCR__EditableEntityCoreTypeInteractionTitle.html
SCR_EditableEntityCoreTypeSetting	interfaceSCR__EditableEntityCoreTypeSetting.html
SCR_EditableEntityCustomSlotUIComponent	interfaceSCR__EditableEntityCustomSlotUIComponent.html
SCR_EditableEntityInteraction	interfaceSCR__EditableEntityInteraction.html
SCR_EditableEntityLinkUIComponent	interfaceSCR__EditableEntityLinkUIComponent.html
SCR_EditableEntityMaintenancePlugin	interfaceSCR__EditableEntityMaintenancePlugin.html
SCR_EditableEntityMaterialChildComponent	interfaceSCR__EditableEntityMaterialChildComponent.html
SCR_EditableEntityMaterialChildComponentClass	interfaceSCR__EditableEntityMaterialChildComponentClass.html
SCR_EditableEntitySceneSlotUIComponent	interfaceSCR__EditableEntitySceneSlotUIComponent.html
SCR_EditableEntitySlotManagerUIComponent	interfaceSCR__EditableEntitySlotManagerUIComponent.html
SCR_EditableEntityUIConfig	interfaceSCR__EditableEntityUIConfig.html
SCR_EditableEntityUIInfo	interfaceSCR__EditableEntityUIInfo.html
SCR_EditableEntityUIInfoColored	interfaceSCR__EditableEntityUIInfoColored.html
SCR_EditableEntityUIRuleTracker	interfaceSCR__EditableEntityUIRuleTracker.html
SCR_EditableEntityUISlotSize	interfaceSCR__EditableEntityUISlotSize.html
SCR_EditableEntityVariant	interfaceSCR__EditableEntityVariant.html
SCR_EditableEntityVariantData	interfaceSCR__EditableEntityVariantData.html
SCR_EditableEntityVehicleCompartmentVisibilityChildComponent	interfaceSCR__EditableEntityVehicleCompartmentVisibilityChildComponent.html
SCR_EditableEntityVehicleCompartmentVisibilityChildComponentClass	interfaceSCR__EditableEntityVehicleCompartmentVisibilityChildComponentClass.html
SCR_EditableEntityVisibilityChildComponent	interfaceSCR__EditableEntityVisibilityChildComponent.html
SCR_EditableEntityVisibilityChildComponentClass	interfaceSCR__EditableEntityVisibilityChildComponentClass.html
SCR_EditableExplosiveChargeComponent	interfaceSCR__EditableExplosiveChargeComponent.html
SCR_EditableExplosiveChargeComponentClass	interfaceSCR__EditableExplosiveChargeComponentClass.html
SCR_EditableFactionComponent	interfaceSCR__EditableFactionComponent.html
SCR_EditableFactionComponentClass	interfaceSCR__EditableFactionComponentClass.html
SCR_EditableGroupComponent	interfaceSCR__EditableGroupComponent.html
SCR_EditableGroupComponentClass	interfaceSCR__EditableGroupComponentClass.html
SCR_EditableGroupInteraction	interfaceSCR__EditableGroupInteraction.html
SCR_EditableGroupUIInfo	interfaceSCR__EditableGroupUIInfo.html
SCR_EditableLinkedContentBrowserUIInfo	interfaceSCR__EditableLinkedContentBrowserUIInfo.html
SCR_EditableMineComponent	interfaceSCR__EditableMineComponent.html
SCR_EditableMineComponentClass	interfaceSCR__EditableMineComponentClass.html
SCR_EditablePlayerDelegateComponent	interfaceSCR__EditablePlayerDelegateComponent.html
SCR_EditablePlayerDelegateComponentClass	interfaceSCR__EditablePlayerDelegateComponentClass.html
SCR_EditablePreviewComponent	interfaceSCR__EditablePreviewComponent.html
SCR_EditablePreviewComponentClass	interfaceSCR__EditablePreviewComponentClass.html
SCR_EditablePreviewEntity	interfaceSCR__EditablePreviewEntity.html
SCR_EditablePreviewEntityClass	interfaceSCR__EditablePreviewEntityClass.html
SCR_EditableSpawnPointComponent	interfaceSCR__EditableSpawnPointComponent.html
SCR_EditableSpawnPointComponentClass	interfaceSCR__EditableSpawnPointComponentClass.html
SCR_EditableSystemComponent	interfaceSCR__EditableSystemComponent.html
SCR_EditableSystemComponentClass	interfaceSCR__EditableSystemComponentClass.html
SCR_EditableTaskComponent	interfaceSCR__EditableTaskComponent.html
SCR_EditableTaskComponentClass	interfaceSCR__EditableTaskComponentClass.html
SCR_EditableVehicleComponent	interfaceSCR__EditableVehicleComponent.html
SCR_EditableVehicleComponentClass	interfaceSCR__EditableVehicleComponentClass.html
SCR_EditableVehicleUIInfo	interfaceSCR__EditableVehicleUIInfo.html
SCR_EditableWaypointComponent	interfaceSCR__EditableWaypointComponent.html
SCR_EditableWaypointComponentClass	interfaceSCR__EditableWaypointComponentClass.html
SCR_EditableWaypointInteraction	interfaceSCR__EditableWaypointInteraction.html
SCR_EditableWorldEntityComponent	interfaceSCR__EditableWorldEntityComponent.html
SCR_EditableWorldEntityComponentClass	interfaceSCR__EditableWorldEntityComponentClass.html
SCR_EditboxDialogUi	interfaceSCR__EditboxDialogUi.html
SCR_EditedEditableEntityFilter	interfaceSCR__EditedEditableEntityFilter.html
SCR_EditedSaveUIComponent	interfaceSCR__EditedSaveUIComponent.html
SCR_EditorActionData	interfaceSCR__EditorActionData.html
SCR_EditorActionGroup	interfaceSCR__EditorActionGroup.html
SCR_EditorActionList	interfaceSCR__EditorActionList.html
SCR_EditorActionRadialEntry	interfaceSCR__EditorActionRadialEntry.html
SCR_EditorActionSelectionMenuEntry	interfaceSCR__EditorActionSelectionMenuEntry.html
SCR_EditorActionsManagerComponent	interfaceSCR__EditorActionsManagerComponent.html
SCR_EditorActionsManagerComponentClass	interfaceSCR__EditorActionsManagerComponentClass.html
SCR_EditorAttributeBaseValues	interfaceSCR__EditorAttributeBaseValues.html
SCR_EditorAttributeCategory	interfaceSCR__EditorAttributeCategory.html
SCR_EditorAttributeEntryBool	interfaceSCR__EditorAttributeEntryBool.html
SCR_EditorAttributeEntryInt	interfaceSCR__EditorAttributeEntryInt.html
SCR_EditorAttributeEntryIntArray	interfaceSCR__EditorAttributeEntryIntArray.html
SCR_EditorAttributeEntryOverride	interfaceSCR__EditorAttributeEntryOverride.html
SCR_EditorAttributeEntryStringArray	interfaceSCR__EditorAttributeEntryStringArray.html
SCR_EditorAttributeFloatStringValueHolder	interfaceSCR__EditorAttributeFloatStringValueHolder.html
SCR_EditorAttributeHolderUIComponent	interfaceSCR__EditorAttributeHolderUIComponent.html
SCR_EditorAttributeList	interfaceSCR__EditorAttributeList.html
SCR_EditorAttributePresetEntry	interfaceSCR__EditorAttributePresetEntry.html
SCR_EditorAttributePresetMultiSelectEntry	interfaceSCR__EditorAttributePresetMultiSelectEntry.html
SCR_EditorAttributeUIInfo	interfaceSCR__EditorAttributeUIInfo.html
SCR_EditorAttributesHintCondition	interfaceSCR__EditorAttributesHintCondition.html
SCR_EditorBaseEntity	interfaceSCR__EditorBaseEntity.html
SCR_EditorBaseEntityClass	interfaceSCR__EditorBaseEntityClass.html
SCR_EditorBudgetHintCondition	interfaceSCR__EditorBudgetHintCondition.html
SCR_EditorButtonUIComponent	interfaceSCR__EditorButtonUIComponent.html
SCR_EditorCameraDefaultsComponent	interfaceSCR__EditorCameraDefaultsComponent.html
SCR_EditorCameraDefaultsComponentClass	interfaceSCR__EditorCameraDefaultsComponentClass.html
SCR_EditorCanEnterLayerActionCondition	interfaceSCR__EditorCanEnterLayerActionCondition.html
SCR_EditorContentBrowserActiveDisplayLabel	interfaceSCR__EditorContentBrowserActiveDisplayLabel.html
SCR_EditorContentBrowserDisplayConfig	interfaceSCR__EditorContentBrowserDisplayConfig.html
SCR_EditorContentBrowserDisplayGroupLabel	interfaceSCR__EditorContentBrowserDisplayGroupLabel.html
SCR_EditorContentBrowserDisplayLabel	interfaceSCR__EditorContentBrowserDisplayLabel.html
SCR_EditorContentBrowserSaveStateData	interfaceSCR__EditorContentBrowserSaveStateData.html
SCR_EditorContentBrowserSaveStateDataUI	interfaceSCR__EditorContentBrowserSaveStateDataUI.html
SCR_EditorContentBrowserSaveStateDataUIHQ	interfaceSCR__EditorContentBrowserSaveStateDataUIHQ.html
SCR_EditorContextMenuHintCondition	interfaceSCR__EditorContextMenuHintCondition.html
SCR_EditorCountOrMoreEntitiesSelectedActionCondition	interfaceSCR__EditorCountOrMoreEntitiesSelectedActionCondition.html
SCR_EditorCursorManualCameraComponent	interfaceSCR__EditorCursorManualCameraComponent.html
SCR_EditorEntityToEntityHintCondition	interfaceSCR__EditorEntityToEntityHintCondition.html
SCR_EditorFactionGameOverScreenInfo	interfaceSCR__EditorFactionGameOverScreenInfo.html
SCR_EditorFilterActionCondition	interfaceSCR__EditorFilterActionCondition.html
SCR_EditorFilterHintCondition	interfaceSCR__EditorFilterHintCondition.html
SCR_EditorHasLastNotificationLocationActionCondition	interfaceSCR__EditorHasLastNotificationLocationActionCondition.html
SCR_EditorHoveredEntityIsSelectedActionCondition	interfaceSCR__EditorHoveredEntityIsSelectedActionCondition.html
SCR_EditorHoveredManualCameraComponent	interfaceSCR__EditorHoveredManualCameraComponent.html
SCR_EditorImageGeneratorEntity	interfaceSCR__EditorImageGeneratorEntity.html
SCR_EditorImageGeneratorEntityClass	interfaceSCR__EditorImageGeneratorEntityClass.html
SCR_EditorImageGeneratorPrefab	interfaceSCR__EditorImageGeneratorPrefab.html
SCR_EditorImagePositionCharacterPose	interfaceSCR__EditorImagePositionCharacterPose.html
SCR_EditorImagePositionEntity	interfaceSCR__EditorImagePositionEntity.html
SCR_EditorImagePositionEntityClass	interfaceSCR__EditorImagePositionEntityClass.html
SCR_EditorIsStateActionCondition	interfaceSCR__EditorIsStateActionCondition.html
SCR_EditorLayerHintCondition	interfaceSCR__EditorLayerHintCondition.html
SCR_EditorLessThenCountWaypointsActionCondition	interfaceSCR__EditorLessThenCountWaypointsActionCondition.html
SCR_EditorLinkComponent	interfaceSCR__EditorLinkComponent.html
SCR_EditorLinkComponentClass	interfaceSCR__EditorLinkComponentClass.html
SCR_EditorLinkComponentSerializer	interfaceSCR__EditorLinkComponentSerializer.html
SCR_EditorLinkEntry	interfaceSCR__EditorLinkEntry.html
SCR_EditorManagerCore	interfaceSCR__EditorManagerCore.html
SCR_EditorManagerDisconnectData	interfaceSCR__EditorManagerDisconnectData.html
SCR_EditorManagerEntity	interfaceSCR__EditorManagerEntity.html
SCR_EditorManagerEntityClass	interfaceSCR__EditorManagerEntityClass.html
SCR_EditorMenuOverlay	interfaceSCR__EditorMenuOverlay.html
SCR_EditorMenuOverlayLayer	interfaceSCR__EditorMenuOverlayLayer.html
SCR_EditorMetaStruct	interfaceSCR__EditorMetaStruct.html
SCR_EditorModeActiveActionCondition	interfaceSCR__EditorModeActiveActionCondition.html
SCR_EditorModeEntity	interfaceSCR__EditorModeEntity.html
SCR_EditorModeEntityClass	interfaceSCR__EditorModeEntityClass.html
SCR_EditorModeHintCondition	interfaceSCR__EditorModeHintCondition.html
SCR_EditorModePrefab	interfaceSCR__EditorModePrefab.html
SCR_EditorModeRadialEntry	interfaceSCR__EditorModeRadialEntry.html
SCR_EditorModeUIInfo	interfaceSCR__EditorModeUIInfo.html
SCR_EditorNotificationEditorOnlyHintCondition	interfaceSCR__EditorNotificationEditorOnlyHintCondition.html
SCR_EditorOpenedActionCondition	interfaceSCR__EditorOpenedActionCondition.html
SCR_EditorOpenedHintCondition	interfaceSCR__EditorOpenedHintCondition.html
SCR_EditorPersistentData	interfaceSCR__EditorPersistentData.html
SCR_EditorPingEntity	interfaceSCR__EditorPingEntity.html
SCR_EditorPingEntityClass	interfaceSCR__EditorPingEntityClass.html
SCR_EditorPingInfoDisplay	interfaceSCR__EditorPingInfoDisplay.html
SCR_EditorPlaceCharacterAvailableActionCondition	interfaceSCR__EditorPlaceCharacterAvailableActionCondition.html
SCR_EditorPlacedEntityFlagsCondition	interfaceSCR__EditorPlacedEntityFlagsCondition.html
SCR_EditorPlacingHintCondition	interfaceSCR__EditorPlacingHintCondition.html
SCR_EditorPreviewParams	interfaceSCR__EditorPreviewParams.html
SCR_EditorRespawnBriefingComponent	interfaceSCR__EditorRespawnBriefingComponent.html
SCR_EditorRespawnBriefingComponentClass	interfaceSCR__EditorRespawnBriefingComponentClass.html
SCR_EditorRestrictionZoneEntity	interfaceSCR__EditorRestrictionZoneEntity.html
SCR_EditorRestrictionZoneEntityClass	interfaceSCR__EditorRestrictionZoneEntityClass.html
SCR_EditorSaveDialog	interfaceSCR__EditorSaveDialog.html
SCR_EditorSaveDialogWidgets	interfaceSCR__EditorSaveDialogWidgets.html
SCR_EditorSaveLoadUIComponent	interfaceSCR__EditorSaveLoadUIComponent.html
SCR_EditorServerEntity	interfaceSCR__EditorServerEntity.html
SCR_EditorServerEntityClass	interfaceSCR__EditorServerEntityClass.html
SCR_EditorSettings	interfaceSCR__EditorSettings.html
SCR_EditorSettingsEntity	interfaceSCR__EditorSettingsEntity.html
SCR_EditorSettingsEntityClass	interfaceSCR__EditorSettingsEntityClass.html
SCR_EditorSettingsSubMenu	interfaceSCR__EditorSettingsSubMenu.html
SCR_EditorSnapManualCameraComponent	interfaceSCR__EditorSnapManualCameraComponent.html
SCR_EditorStateConditionUIComponent	interfaceSCR__EditorStateConditionUIComponent.html
SCR_EditorTask	interfaceSCR__EditorTask.html
SCR_EditorTaskClass	interfaceSCR__EditorTaskClass.html
SCR_EditorToggleUIComponent	interfaceSCR__EditorToggleUIComponent.html
SCR_EditorToggleUIManualCameraComponent	interfaceSCR__EditorToggleUIManualCameraComponent.html
SCR_EditorToolbarAction	interfaceSCR__EditorToolbarAction.html
SCR_EditorTransformHintCondition	interfaceSCR__EditorTransformHintCondition.html
SCR_EditorVONControllerComponent	interfaceSCR__EditorVONControllerComponent.html
SCR_EditorVONControllerComponentClass	interfaceSCR__EditorVONControllerComponentClass.html
SCR_EffectModule	interfaceSCR__EffectModule.html
SCR_EffectModuleHelicopterExhaust	interfaceSCR__EffectModuleHelicopterExhaust.html
SCR_EffectsModule	interfaceSCR__EffectsModule.html
SCR_EffectsModuleAreaMeshComponent	interfaceSCR__EffectsModuleAreaMeshComponent.html
SCR_EffectsModuleAreaMeshComponentClass	interfaceSCR__EffectsModuleAreaMeshComponentClass.html
SCR_EffectsModuleChildComponent	interfaceSCR__EffectsModuleChildComponent.html
SCR_EffectsModuleChildComponentClass	interfaceSCR__EffectsModuleChildComponentClass.html
SCR_EffectsModuleComponent	interfaceSCR__EffectsModuleComponent.html
SCR_EffectsModuleComponentClass	interfaceSCR__EffectsModuleComponentClass.html
SCR_EffectsModuleComponentSerializer	interfaceSCR__EffectsModuleComponentSerializer.html
SCR_EffectsModuleHitEffectComponent	interfaceSCR__EffectsModuleHitEffectComponent.html
SCR_EffectsModuleHitEffectComponentClass	interfaceSCR__EffectsModuleHitEffectComponentClass.html
SCR_EffectsModuleParticleChildComponent	interfaceSCR__EffectsModuleParticleChildComponent.html
SCR_EffectsModuleParticleChildComponentClass	interfaceSCR__EffectsModuleParticleChildComponentClass.html
SCR_EffectsModulePositionData_OwnerPosition	interfaceSCR__EffectsModulePositionData__OwnerPosition.html
SCR_EffectsModulePositionData_Radius	interfaceSCR__EffectsModulePositionData__Radius.html
SCR_EffectsModulePositionData_Rectangle	interfaceSCR__EffectsModulePositionData__Rectangle.html
SCR_EmissiveLightSurfaceSlot	interfaceSCR__EmissiveLightSurfaceSlot.html
SCR_EmoteBaseCommand	interfaceSCR__EmoteBaseCommand.html
SCR_EmptyPositionHelper	interfaceSCR__EmptyPositionHelper.html
SCR_EnableArsenalAttribute	interfaceSCR__EnableArsenalAttribute.html
SCR_EnableDefendersAction	interfaceSCR__EnableDefendersAction.html
SCR_EnableDeployableSpawnPointsEditorAttribute	interfaceSCR__EnableDeployableSpawnPointsEditorAttribute.html
SCR_EnableGlobalResourceTypeEditorAttribute	interfaceSCR__EnableGlobalResourceTypeEditorAttribute.html
SCR_EnableMilitarySupplyAllocationByRankEditorAttribute	interfaceSCR__EnableMilitarySupplyAllocationByRankEditorAttribute.html
SCR_EnableSimulationContextAction	interfaceSCR__EnableSimulationContextAction.html
SCR_EnableSpawnPointEditorAttribute	interfaceSCR__EnableSpawnPointEditorAttribute.html
SCR_EnableTeamKillingPunishmentEditorAttribute	interfaceSCR__EnableTeamKillingPunishmentEditorAttribute.html
SCR_EndGameToolbarAction	interfaceSCR__EndGameToolbarAction.html
SCR_EngineAction	interfaceSCR__EngineAction.html
SCR_EngineHitZone	interfaceSCR__EngineHitZone.html
SCR_EngineHitZoneInfo	interfaceSCR__EngineHitZoneInfo.html
SCR_EnterEnemyMilitaryBaseMusic	interfaceSCR__EnterEnemyMilitaryBaseMusic.html
SCR_EntitiesEditorUIComponent	interfaceSCR__EntitiesEditorUIComponent.html
SCR_EntitiesEditorUIPrefab	interfaceSCR__EntitiesEditorUIPrefab.html
SCR_EntitiesEditorUIRule	interfaceSCR__EntitiesEditorUIRule.html
SCR_EntitiesManagerEditorComponent	interfaceSCR__EntitiesManagerEditorComponent.html
SCR_EntitiesManagerEditorComponentClass	interfaceSCR__EntitiesManagerEditorComponentClass.html
SCR_EntitiesToolbarEditorUIComponent	interfaceSCR__EntitiesToolbarEditorUIComponent.html
SCR_EntityAttributeTitleType	interfaceSCR__EntityAttributeTitleType.html
SCR_EntityBudgetValue	interfaceSCR__EntityBudgetValue.html
SCR_EntityCatalog	interfaceSCR__EntityCatalog.html
SCR_EntityCatalogAmbientPatrolData	interfaceSCR__EntityCatalogAmbientPatrolData.html
SCR_EntityCatalogEditorData	interfaceSCR__EntityCatalogEditorData.html
SCR_EntityCatalogEntry	interfaceSCR__EntityCatalogEntry.html
SCR_EntityCatalogEntryCustomInfo	interfaceSCR__EntityCatalogEntryCustomInfo.html
SCR_EntityCatalogEntryNonEditable	interfaceSCR__EntityCatalogEntryNonEditable.html
SCR_EntityCatalogIdentityItemData	interfaceSCR__EntityCatalogIdentityItemData.html
SCR_EntityCatalogInventoryItem	interfaceSCR__EntityCatalogInventoryItem.html
SCR_EntityCatalogLoadoutData	interfaceSCR__EntityCatalogLoadoutData.html
SCR_EntityCatalogManagerComponent	interfaceSCR__EntityCatalogManagerComponent.html
SCR_EntityCatalogManagerComponentClass	interfaceSCR__EntityCatalogManagerComponentClass.html
SCR_EntityCatalogMultiList	interfaceSCR__EntityCatalogMultiList.html
SCR_EntityCatalogMultiListEntry	interfaceSCR__EntityCatalogMultiListEntry.html
SCR_EntityCatalogSpawnerData	interfaceSCR__EntityCatalogSpawnerData.html
SCR_EntityCatalogSpawnerOverrideData	interfaceSCR__EntityCatalogSpawnerOverrideData.html
SCR_EntityCatalogSupportStationResupplyData	interfaceSCR__EntityCatalogSupportStationResupplyData.html
SCR_EntityConditionTooltipDetail	interfaceSCR__EntityConditionTooltipDetail.html
SCR_EntityEditorEffect	interfaceSCR__EntityEditorEffect.html
SCR_EntityEnableResourceEditorAttribute	interfaceSCR__EntityEnableResourceEditorAttribute.html
SCR_EntityFactionEditorAttribute	interfaceSCR__EntityFactionEditorAttribute.html
SCR_EntityFlagsManagerPlugin	interfaceSCR__EntityFlagsManagerPlugin.html
SCR_EntityHelper	interfaceSCR__EntityHelper.html
SCR_EntityLabelPointComponent	interfaceSCR__EntityLabelPointComponent.html
SCR_EntityLabelPointComponentClass	interfaceSCR__EntityLabelPointComponentClass.html
SCR_EntityReplacerTool	interfaceSCR__EntityReplacerTool.html
SCR_EntitySourceHelper	interfaceSCR__EntitySourceHelper.html
SCR_EntitySpawnerCharacterSlotComponent	interfaceSCR__EntitySpawnerCharacterSlotComponent.html
SCR_EntitySpawnerCharacterSlotComponentClass	interfaceSCR__EntitySpawnerCharacterSlotComponentClass.html
SCR_EntitySpawnerPlugin	interfaceSCR__EntitySpawnerPlugin.html
SCR_EntitySpawnerSlotComponent	interfaceSCR__EntitySpawnerSlotComponent.html
SCR_EntitySpawnerSlotComponentClass	interfaceSCR__EntitySpawnerSlotComponentClass.html
SCR_EntityToolbarItemEditorUIComponent	interfaceSCR__EntityToolbarItemEditorUIComponent.html
SCR_EntityToolbarStateOffset	interfaceSCR__EntityToolbarStateOffset.html
SCR_EntityToolbarTypeList	interfaceSCR__EntityToolbarTypeList.html
SCR_EntityTooltipConfig	interfaceSCR__EntityTooltipConfig.html
SCR_EntityTooltipDetail	interfaceSCR__EntityTooltipDetail.html
SCR_EntityTooltipDetailType	interfaceSCR__EntityTooltipDetailType.html
SCR_EntityTooltipEditorUIComponent	interfaceSCR__EntityTooltipEditorUIComponent.html
SCR_EntityTypesEditableEntityFilter	interfaceSCR__EntityTypesEditableEntityFilter.html
SCR_EntityWaypoint	interfaceSCR__EntityWaypoint.html
SCR_EntityWaypointClass	interfaceSCR__EntityWaypointClass.html
SCR_Enum	interfaceSCR__Enum.html
SCR_EquipClothAction	interfaceSCR__EquipClothAction.html
SCR_EquipDeployableItemAction	interfaceSCR__EquipDeployableItemAction.html
SCR_EquipGadgetAction	interfaceSCR__EquipGadgetAction.html
SCR_EquipGearCB	interfaceSCR__EquipGearCB.html
SCR_EquipItemAction	interfaceSCR__EquipItemAction.html
SCR_EquipNextGrenadeCB	interfaceSCR__EquipNextGrenadeCB.html
SCR_EquipPickedWeapon	interfaceSCR__EquipPickedWeapon.html
SCR_EquipWeaponAction	interfaceSCR__EquipWeaponAction.html
SCR_EquipWeaponAttachment	interfaceSCR__EquipWeaponAttachment.html
SCR_EquipWeaponHolsterAction	interfaceSCR__EquipWeaponHolsterAction.html
SCR_EquipedLoadoutStorageComponent	interfaceSCR__EquipedLoadoutStorageComponent.html
SCR_EquipedLoadoutStorageComponentClass	interfaceSCR__EquipedLoadoutStorageComponentClass.html
SCR_EquipmentStorageComponent	interfaceSCR__EquipmentStorageComponent.html
SCR_EquipmentStorageComponentClass	interfaceSCR__EquipmentStorageComponentClass.html
SCR_EquipmentStorageSlot	interfaceSCR__EquipmentStorageSlot.html
SCR_ErrorDialog	interfaceSCR__ErrorDialog.html
SCR_ErrorDialogDataComponent	interfaceSCR__ErrorDialogDataComponent.html
SCR_ErrorDialogMessageEntry	interfaceSCR__ErrorDialogMessageEntry.html
SCR_ErrorDialogMessageGroup	interfaceSCR__ErrorDialogMessageGroup.html
SCR_ErrorDialogMessages	interfaceSCR__ErrorDialogMessages.html
SCR_EstablishBaseAIFactionCommander	interfaceSCR__EstablishBaseAIFactionCommander.html
SCR_EstablishBaseMapCommandCursor	interfaceSCR__EstablishBaseMapCommandCursor.html
SCR_EstablishBaseRequestedTaskEntity	interfaceSCR__EstablishBaseRequestedTaskEntity.html
SCR_EstablishBaseRequestedTaskEntityClass	interfaceSCR__EstablishBaseRequestedTaskEntityClass.html
SCR_EstablishBaseTaskEntity	interfaceSCR__EstablishBaseTaskEntity.html
SCR_EstablishBaseTaskEntityClass	interfaceSCR__EstablishBaseTaskEntityClass.html
SCR_EventHandlerComponent	interfaceSCR__EventHandlerComponent.html
SCR_Example1Subject	interfaceSCR__Example1Subject.html
SCR_ExitGameDialog	interfaceSCR__ExitGameDialog.html
SCR_ExitGameWhileDownloadingDialog	interfaceSCR__ExitGameWhileDownloadingDialog.html
SCR_ExplosionAmmoEffect	interfaceSCR__ExplosionAmmoEffect.html
SCR_ExplosionDamageEffect	interfaceSCR__ExplosionDamageEffect.html
SCR_ExplosionGenerator	interfaceSCR__ExplosionGenerator.html
SCR_ExplosionGeneratorClass	interfaceSCR__ExplosionGeneratorClass.html
SCR_ExplosiveChargeAction	interfaceSCR__ExplosiveChargeAction.html
SCR_ExplosiveChargeComponent	interfaceSCR__ExplosiveChargeComponent.html
SCR_ExplosiveChargeComponentClass	interfaceSCR__ExplosiveChargeComponentClass.html
SCR_ExplosiveChargeDetail	interfaceSCR__ExplosiveChargeDetail.html
SCR_ExplosiveChargeInventoryItemComponent	interfaceSCR__ExplosiveChargeInventoryItemComponent.html
SCR_ExplosiveChargeInventoryItemComponentClass	interfaceSCR__ExplosiveChargeInventoryItemComponentClass.html
SCR_ExplosiveFuzeArmingAttribute	interfaceSCR__ExplosiveFuzeArmingAttribute.html
SCR_ExplosiveFuzeTimerAttribute	interfaceSCR__ExplosiveFuzeTimerAttribute.html
SCR_ExplosiveTriggerComponent	interfaceSCR__ExplosiveTriggerComponent.html
SCR_ExplosiveTriggerComponentClass	interfaceSCR__ExplosiveTriggerComponentClass.html
SCR_ExportGeoDataPlugin	interfaceSCR__ExportGeoDataPlugin.html
SCR_ExtendedCharacterIdentity	interfaceSCR__ExtendedCharacterIdentity.html
SCR_ExtendedCharacterIdentityComponent	interfaceSCR__ExtendedCharacterIdentityComponent.html
SCR_ExtendedCharacterIdentityComponentClass	interfaceSCR__ExtendedCharacterIdentityComponentClass.html
SCR_ExtendedDamageManagerComponent	interfaceSCR__ExtendedDamageManagerComponent.html
SCR_ExtendedDamageManagerComponentClass	interfaceSCR__ExtendedDamageManagerComponentClass.html
SCR_ExtendedIdentity	interfaceSCR__ExtendedIdentity.html
SCR_ExtendedIdentityComponent	interfaceSCR__ExtendedIdentityComponent.html
SCR_ExtendedIdentityComponentClass	interfaceSCR__ExtendedIdentityComponentClass.html
SCR_ExtendedTask	interfaceSCR__ExtendedTask.html
SCR_ExtendedTaskClass	interfaceSCR__ExtendedTaskClass.html
SCR_ExtendedTaskData	interfaceSCR__ExtendedTaskData.html
SCR_ExtendedTaskSave	interfaceSCR__ExtendedTaskSave.html
SCR_ExternalPaginationUIComponent	interfaceSCR__ExternalPaginationUIComponent.html
SCR_FPSDiagnosticPlugin	interfaceSCR__FPSDiagnosticPlugin.html
SCR_FPSNetworkedStat	interfaceSCR__FPSNetworkedStat.html
SCR_Faction	interfaceSCR__Faction.html
SCR_FactionAffiliationComponent	interfaceSCR__FactionAffiliationComponent.html
SCR_FactionAffiliationComponentClass	interfaceSCR__FactionAffiliationComponentClass.html
SCR_FactionAliasComponent	interfaceSCR__FactionAliasComponent.html
SCR_FactionAliasComponentClass	interfaceSCR__FactionAliasComponentClass.html
SCR_FactionBaseResourceComponent	interfaceSCR__FactionBaseResourceComponent.html
SCR_FactionBaseResourceComponentClass	interfaceSCR__FactionBaseResourceComponentClass.html
SCR_FactionButton	interfaceSCR__FactionButton.html
SCR_FactionCallsignData	interfaceSCR__FactionCallsignData.html
SCR_FactionCallsignInfo	interfaceSCR__FactionCallsignInfo.html
SCR_FactionColorDefaults	interfaceSCR__FactionColorDefaults.html
SCR_FactionCommanderBaseCancelRequestMenuHandler	interfaceSCR__FactionCommanderBaseCancelRequestMenuHandler.html
SCR_FactionCommanderBaseLogicComponent	interfaceSCR__FactionCommanderBaseLogicComponent.html
SCR_FactionCommanderBaseLogicComponentClass	interfaceSCR__FactionCommanderBaseLogicComponentClass.html
SCR_FactionCommanderBaseMenuHandler	interfaceSCR__FactionCommanderBaseMenuHandler.html
SCR_FactionCommanderBaseRequestMenuHandler	interfaceSCR__FactionCommanderBaseRequestMenuHandler.html
SCR_FactionCommanderBaseTaskMenuHandler	interfaceSCR__FactionCommanderBaseTaskMenuHandler.html
SCR_FactionCommanderCancelConflictBaseMenuHandler	interfaceSCR__FactionCommanderCancelConflictBaseMenuHandler.html
SCR_FactionCommanderCancelMenuHandler	interfaceSCR__FactionCommanderCancelMenuHandler.html
SCR_FactionCommanderCommandConflictBaseMenuHandler	interfaceSCR__FactionCommanderCommandConflictBaseMenuHandler.html
SCR_FactionCommanderCommandConflictMenuHandler	interfaceSCR__FactionCommanderCommandConflictMenuHandler.html
SCR_FactionCommanderConfirmMenuHandler	interfaceSCR__FactionCommanderConfirmMenuHandler.html
SCR_FactionCommanderConflictBaseMenuHandler	interfaceSCR__FactionCommanderConflictBaseMenuHandler.html
SCR_FactionCommanderDismantleCommandMenuHandler	interfaceSCR__FactionCommanderDismantleCommandMenuHandler.html
SCR_FactionCommanderEstablishBaseMenuHandlerHelper	interfaceSCR__FactionCommanderEstablishBaseMenuHandlerHelper.html
SCR_FactionCommanderEstablishBaseRequestCancelMenuHandler	interfaceSCR__FactionCommanderEstablishBaseRequestCancelMenuHandler.html
SCR_FactionCommanderEstablishBaseRequestConfirmMenuHandler	interfaceSCR__FactionCommanderEstablishBaseRequestConfirmMenuHandler.html
SCR_FactionCommanderEstablishBaseRequestDenyMenuHandler	interfaceSCR__FactionCommanderEstablishBaseRequestDenyMenuHandler.html
SCR_FactionCommanderEstablishBaseRequestMenuHandler	interfaceSCR__FactionCommanderEstablishBaseRequestMenuHandler.html
SCR_FactionCommanderEstablishCommandMenuHandler	interfaceSCR__FactionCommanderEstablishCommandMenuHandler.html
SCR_FactionCommanderHandlerComponent	interfaceSCR__FactionCommanderHandlerComponent.html
SCR_FactionCommanderHandlerComponentClass	interfaceSCR__FactionCommanderHandlerComponentClass.html
SCR_FactionCommanderMainCommandMenuHandler	interfaceSCR__FactionCommanderMainCommandMenuHandler.html
SCR_FactionCommanderMainRequestMenuHandler	interfaceSCR__FactionCommanderMainRequestMenuHandler.html
SCR_FactionCommanderMenuConfig	interfaceSCR__FactionCommanderMenuConfig.html
SCR_FactionCommanderMenuEntry	interfaceSCR__FactionCommanderMenuEntry.html
SCR_FactionCommanderMenuHierarchy	interfaceSCR__FactionCommanderMenuHierarchy.html
SCR_FactionCommanderOpenMapUserAction	interfaceSCR__FactionCommanderOpenMapUserAction.html
SCR_FactionCommanderPlayerComponent	interfaceSCR__FactionCommanderPlayerComponent.html
SCR_FactionCommanderPlayerComponentClass	interfaceSCR__FactionCommanderPlayerComponentClass.html
SCR_FactionCommanderSignupComponent	interfaceSCR__FactionCommanderSignupComponent.html
SCR_FactionCommanderSignupComponentClass	interfaceSCR__FactionCommanderSignupComponentClass.html
SCR_FactionCommanderTaskRootMenuEntry	interfaceSCR__FactionCommanderTaskRootMenuEntry.html
SCR_FactionCommanderVolunteerUserAction	interfaceSCR__FactionCommanderVolunteerUserAction.html
SCR_FactionCommanderWithdrawUserAction	interfaceSCR__FactionCommanderWithdrawUserAction.html
SCR_FactionControlTriggerEntity	interfaceSCR__FactionControlTriggerEntity.html
SCR_FactionControlTriggerEntityClass	interfaceSCR__FactionControlTriggerEntityClass.html
SCR_FactionDominanceTriggerEntity	interfaceSCR__FactionDominanceTriggerEntity.html
SCR_FactionDominanceTriggerEntityClass	interfaceSCR__FactionDominanceTriggerEntityClass.html
SCR_FactionGameOverScreenInfo	interfaceSCR__FactionGameOverScreenInfo.html
SCR_FactionGroupRoleSpecificCallsignInfo	interfaceSCR__FactionGroupRoleSpecificCallsignInfo.html
SCR_FactionGroupsTooltipDetail	interfaceSCR__FactionGroupsTooltipDetail.html
SCR_FactionHintTooltipDetail	interfaceSCR__FactionHintTooltipDetail.html
SCR_FactionHomeTerritory	interfaceSCR__FactionHomeTerritory.html
SCR_FactionHomeTerritoryConfig	interfaceSCR__FactionHomeTerritoryConfig.html
SCR_FactionKillPunishmentTypes	interfaceSCR__FactionKillPunishmentTypes.html
SCR_FactionLimit	interfaceSCR__FactionLimit.html
SCR_FactionLoadoutBaseEditorAttribute	interfaceSCR__FactionLoadoutBaseEditorAttribute.html
SCR_FactionLoadoutEquipmentEditorAttribute	interfaceSCR__FactionLoadoutEquipmentEditorAttribute.html
SCR_FactionLoadoutOutfitEditorAttribute	interfaceSCR__FactionLoadoutOutfitEditorAttribute.html
SCR_FactionLoadoutWeaponsEditorAttribute	interfaceSCR__FactionLoadoutWeaponsEditorAttribute.html
SCR_FactionManager	interfaceSCR__FactionManager.html
SCR_FactionManagerClass	interfaceSCR__FactionManagerClass.html
SCR_FactionManagerSerializer	interfaceSCR__FactionManagerSerializer.html
SCR_FactionOutfitItemHintUIInfo	interfaceSCR__FactionOutfitItemHintUIInfo.html
SCR_FactionPlayerList	interfaceSCR__FactionPlayerList.html
SCR_FactionPlayerLoadout	interfaceSCR__FactionPlayerLoadout.html
SCR_FactionPlayerTriggerEntity	interfaceSCR__FactionPlayerTriggerEntity.html
SCR_FactionPlayerTriggerEntityClass	interfaceSCR__FactionPlayerTriggerEntityClass.html
SCR_FactionPlayersTooltipDetail	interfaceSCR__FactionPlayersTooltipDetail.html
SCR_FactionReconMarkerEntry	interfaceSCR__FactionReconMarkerEntry.html
SCR_FactionRelationshipEditorAttribute	interfaceSCR__FactionRelationshipEditorAttribute.html
SCR_FactionRequestUIComponent	interfaceSCR__FactionRequestUIComponent.html
SCR_FactionTasksAndSpawnPointsTooltipDetail	interfaceSCR__FactionTasksAndSpawnPointsTooltipDetail.html
SCR_FactionTooltipDetail	interfaceSCR__FactionTooltipDetail.html
SCR_FactionUIInfo	interfaceSCR__FactionUIInfo.html
SCR_FactionVictoryGameOverScreenInfo	interfaceSCR__FactionVictoryGameOverScreenInfo.html
SCR_FactionViewTitle	interfaceSCR__FactionViewTitle.html
SCR_FactionWarningManagerEditorComponent	interfaceSCR__FactionWarningManagerEditorComponent.html
SCR_FactionWarningManagerEditorComponentClass	interfaceSCR__FactionWarningManagerEditorComponentClass.html
SCR_FactionsToolbarEditorUIComponent	interfaceSCR__FactionsToolbarEditorUIComponent.html
SCR_FactionsToolbarItemEditorUIComponent	interfaceSCR__FactionsToolbarItemEditorUIComponent.html
SCR_FadeInOutAnimator	interfaceSCR__FadeInOutAnimator.html
SCR_FadeInOutEffect	interfaceSCR__FadeInOutEffect.html
SCR_FadeUIComponent	interfaceSCR__FadeUIComponent.html
SCR_FailedModsDownloadDialog	interfaceSCR__FailedModsDownloadDialog.html
SCR_FallDamageEffect	interfaceSCR__FallDamageEffect.html
SCR_FastTravelAction	interfaceSCR__FastTravelAction.html
SCR_FastTravelComponent	interfaceSCR__FastTravelComponent.html
SCR_FastTravelComponentClass	interfaceSCR__FastTravelComponentClass.html
SCR_FastTravelComponentSerializer	interfaceSCR__FastTravelComponentSerializer.html
SCR_FeedbackDialogContentWidgets	interfaceSCR__FeedbackDialogContentWidgets.html
SCR_FeedbackDialogPredefinedSentences	interfaceSCR__FeedbackDialogPredefinedSentences.html
SCR_FeedbackDialogUI	interfaceSCR__FeedbackDialogUI.html
SCR_FieldManualConfigCategory	interfaceSCR__FieldManualConfigCategory.html
SCR_FieldManualConfigEntry	interfaceSCR__FieldManualConfigEntry.html
SCR_FieldManualConfigEntry_Standard	interfaceSCR__FieldManualConfigEntry__Standard.html
SCR_FieldManualConfigEntry_Weapon	interfaceSCR__FieldManualConfigEntry__Weapon.html
SCR_FieldManualConfigLoader	interfaceSCR__FieldManualConfigLoader.html
SCR_FieldManualConfigRoot	interfaceSCR__FieldManualConfigRoot.html
SCR_FieldManualEntryScriptedWidgetEventHandler	interfaceSCR__FieldManualEntryScriptedWidgetEventHandler.html
SCR_FieldManualPiece	interfaceSCR__FieldManualPiece.html
SCR_FieldManualPiece_ConfigEntry	interfaceSCR__FieldManualPiece__ConfigEntry.html
SCR_FieldManualPiece_ConfigEntryList	interfaceSCR__FieldManualPiece__ConfigEntryList.html
SCR_FieldManualPiece_Header	interfaceSCR__FieldManualPiece__Header.html
SCR_FieldManualPiece_Image	interfaceSCR__FieldManualPiece__Image.html
SCR_FieldManualPiece_ImageGallery	interfaceSCR__FieldManualPiece__ImageGallery.html
SCR_FieldManualPiece_Keybind	interfaceSCR__FieldManualPiece__Keybind.html
SCR_FieldManualPiece_KeybindList	interfaceSCR__FieldManualPiece__KeybindList.html
SCR_FieldManualPiece_LineBreak	interfaceSCR__FieldManualPiece__LineBreak.html
SCR_FieldManualPiece_Separator	interfaceSCR__FieldManualPiece__Separator.html
SCR_FieldManualPiece_Text	interfaceSCR__FieldManualPiece__Text.html
SCR_FieldManualSubCategoryScriptedWidgetEventHandler	interfaceSCR__FieldManualSubCategoryScriptedWidgetEventHandler.html
SCR_FieldManualTimeSpentData	interfaceSCR__FieldManualTimeSpentData.html
SCR_FieldManualUI	interfaceSCR__FieldManualUI.html
SCR_FieldManualUI_WeaponStatsHelper	interfaceSCR__FieldManualUI__WeaponStatsHelper.html
SCR_FieldManual_ImageData	interfaceSCR__FieldManual__ImageData.html
SCR_FieldManual_ImageGalleryComponent	interfaceSCR__FieldManual__ImageGalleryComponent.html
SCR_FieldManual_ImageGalleryLayoutInfo	interfaceSCR__FieldManual__ImageGalleryLayoutInfo.html
SCR_FieldManual_StatisticsLineComponent	interfaceSCR__FieldManual__StatisticsLineComponent.html
SCR_FieldOfViewSettings	interfaceSCR__FieldOfViewSettings.html
SCR_FileIOHelper	interfaceSCR__FileIOHelper.html
SCR_FileInfo	interfaceSCR__FileInfo.html
SCR_FillVehicleContextAction	interfaceSCR__FillVehicleContextAction.html
SCR_FilterCategory	interfaceSCR__FilterCategory.html
SCR_FilterEntry	interfaceSCR__FilterEntry.html
SCR_FilterEntryRoom	interfaceSCR__FilterEntryRoom.html
SCR_FilterEntryRoomValue	interfaceSCR__FilterEntryRoomValue.html
SCR_FilterEntryTitle	interfaceSCR__FilterEntryTitle.html
SCR_FilterPanelComponent	interfaceSCR__FilterPanelComponent.html
SCR_FilterPanelWidgets	interfaceSCR__FilterPanelWidgets.html
SCR_FilterSet	interfaceSCR__FilterSet.html
SCR_FilterSetStorage	interfaceSCR__FilterSetStorage.html
SCR_FilteredInventoryStorageComponent	interfaceSCR__FilteredInventoryStorageComponent.html
SCR_FilteredInventoryStorageComponentClass	interfaceSCR__FilteredInventoryStorageComponentClass.html
SCR_FindInContentBrowserContextAction	interfaceSCR__FindInContentBrowserContextAction.html
SCR_FindInWorkshopContextAction	interfaceSCR__FindInWorkshopContextAction.html
SCR_FindResourcesPlugin	interfaceSCR__FindResourcesPlugin.html
SCR_FireModeManagerComponent	interfaceSCR__FireModeManagerComponent.html
SCR_FireModeManagerComponentClass	interfaceSCR__FireModeManagerComponentClass.html
SCR_FireModeSwitchUserAction	interfaceSCR__FireModeSwitchUserAction.html
SCR_FireSupportRequestedTaskEntity	interfaceSCR__FireSupportRequestedTaskEntity.html
SCR_FireSupportRequestedTaskEntityClass	interfaceSCR__FireSupportRequestedTaskEntityClass.html
SCR_FireplaceComponent	interfaceSCR__FireplaceComponent.html
SCR_FireplaceComponentClass	interfaceSCR__FireplaceComponentClass.html
SCR_FiringRangeController	interfaceSCR__FiringRangeController.html
SCR_FiringRangeControllerClass	interfaceSCR__FiringRangeControllerClass.html
SCR_FiringRangeLineArea	interfaceSCR__FiringRangeLineArea.html
SCR_FiringRangeLineAreaClass	interfaceSCR__FiringRangeLineAreaClass.html
SCR_FiringRangeManager	interfaceSCR__FiringRangeManager.html
SCR_FiringRangeManagerClass	interfaceSCR__FiringRangeManagerClass.html
SCR_FiringRangeNetworkEntity	interfaceSCR__FiringRangeNetworkEntity.html
SCR_FiringRangeNetworkEntityClass	interfaceSCR__FiringRangeNetworkEntityClass.html
SCR_FiringRangeScoringComponent	interfaceSCR__FiringRangeScoringComponent.html
SCR_FiringRangeScoringComponentClass	interfaceSCR__FiringRangeScoringComponentClass.html
SCR_FiringRangeTarget	interfaceSCR__FiringRangeTarget.html
SCR_FiringRangeTargetClass	interfaceSCR__FiringRangeTargetClass.html
SCR_FixedFOVInfo	interfaceSCR__FixedFOVInfo.html
SCR_FlagComponent	interfaceSCR__FlagComponent.html
SCR_FlagComponentClass	interfaceSCR__FlagComponentClass.html
SCR_FlammableHitZone	interfaceSCR__FlammableHitZone.html
SCR_FlareAnimationComponent	interfaceSCR__FlareAnimationComponent.html
SCR_FlareAnimationComponentClass	interfaceSCR__FlareAnimationComponentClass.html
SCR_FlareEffectComponent	interfaceSCR__FlareEffectComponent.html
SCR_FlareEffectComponentClass	interfaceSCR__FlareEffectComponentClass.html
SCR_FlashlightComponent	interfaceSCR__FlashlightComponent.html
SCR_FlashlightComponentClass	interfaceSCR__FlashlightComponentClass.html
SCR_FlashlightToolbarAction	interfaceSCR__FlashlightToolbarAction.html
SCR_FloatersFinderPlugin	interfaceSCR__FloatersFinderPlugin.html
SCR_FloatersFixerPlugin	interfaceSCR__FloatersFixerPlugin.html
SCR_FlushToilet	interfaceSCR__FlushToilet.html
SCR_FocusHereContextAction	interfaceSCR__FocusHereContextAction.html
SCR_FocusManualCameraComponent	interfaceSCR__FocusManualCameraComponent.html
SCR_FocusedEditableEntityFilter	interfaceSCR__FocusedEditableEntityFilter.html
SCR_FollowGroupCommand	interfaceSCR__FollowGroupCommand.html
SCR_ForceAspectRatioComponent	interfaceSCR__ForceAspectRatioComponent.html
SCR_ForceImpulseCallback	interfaceSCR__ForceImpulseCallback.html
SCR_ForestGeneratorLine	interfaceSCR__ForestGeneratorLine.html
SCR_ForestGeneratorOutlinePositionChecker	interfaceSCR__ForestGeneratorOutlinePositionChecker.html
SCR_ForestGeneratorPoint	interfaceSCR__ForestGeneratorPoint.html
SCR_ForestGeneratorRectangle	interfaceSCR__ForestGeneratorRectangle.html
SCR_ForestGeneratorTreeBase	interfaceSCR__ForestGeneratorTreeBase.html
SCR_ForestGeneratorTreeLevel	interfaceSCR__ForestGeneratorTreeLevel.html
SCR_FormatHelper	interfaceSCR__FormatHelper.html
SCR_FormatUIInfo	interfaceSCR__FormatUIInfo.html
SCR_FormatedUIInfo	interfaceSCR__FormatedUIInfo.html
SCR_FractalVariation	interfaceSCR__FractalVariation.html
SCR_FractalVariationTitle	interfaceSCR__FractalVariationTitle.html
SCR_FragmentDebris	interfaceSCR__FragmentDebris.html
SCR_FragmentEntity	interfaceSCR__FragmentEntity.html
SCR_FragmentEntityClass	interfaceSCR__FragmentEntityClass.html
SCR_FragmentHierarchy	interfaceSCR__FragmentHierarchy.html
SCR_FragmentHierarchyTitle	interfaceSCR__FragmentHierarchyTitle.html
SCR_FragmentLinkage	interfaceSCR__FragmentLinkage.html
SCR_FragmentLinkageTitle	interfaceSCR__FragmentLinkageTitle.html
SCR_FragmentationDamageEffect	interfaceSCR__FragmentationDamageEffect.html
SCR_FreeForAllFaction	interfaceSCR__FreeForAllFaction.html
SCR_FreeRoamBuildingBaseTriggerEntity	interfaceSCR__FreeRoamBuildingBaseTriggerEntity.html
SCR_FreeRoamBuildingBaseTriggerEntityClass	interfaceSCR__FreeRoamBuildingBaseTriggerEntityClass.html
SCR_FreeRoamBuildingClientTriggerEntity	interfaceSCR__FreeRoamBuildingClientTriggerEntity.html
SCR_FreeRoamBuildingClientTriggerEntityClass	interfaceSCR__FreeRoamBuildingClientTriggerEntityClass.html
SCR_FreeSpawnData	interfaceSCR__FreeSpawnData.html
SCR_FreeSpawnHandlerComponent	interfaceSCR__FreeSpawnHandlerComponent.html
SCR_FreeSpawnHandlerComponentClass	interfaceSCR__FreeSpawnHandlerComponentClass.html
SCR_FreeSpawnRequestComponent	interfaceSCR__FreeSpawnRequestComponent.html
SCR_FreeSpawnRequestComponentClass	interfaceSCR__FreeSpawnRequestComponentClass.html
SCR_FrequencyTooltipDetail	interfaceSCR__FrequencyTooltipDetail.html
SCR_FriendlyEditableEntityFilter	interfaceSCR__FriendlyEditableEntityFilter.html
SCR_FriendlyFireKillfeedTypeEditorAttribute	interfaceSCR__FriendlyFireKillfeedTypeEditorAttribute.html
SCR_FriendlyPlayerEditableEntityFilter	interfaceSCR__FriendlyPlayerEditableEntityFilter.html
SCR_FuelConsumptionComponent	interfaceSCR__FuelConsumptionComponent.html
SCR_FuelConsumptionComponentClass	interfaceSCR__FuelConsumptionComponentClass.html
SCR_FuelEditorAttribute	interfaceSCR__FuelEditorAttribute.html
SCR_FuelEntityContextAction	interfaceSCR__FuelEntityContextAction.html
SCR_FuelHitZone	interfaceSCR__FuelHitZone.html
SCR_FuelInventoryItemComponent	interfaceSCR__FuelInventoryItemComponent.html
SCR_FuelInventoryItemComponentClass	interfaceSCR__FuelInventoryItemComponentClass.html
SCR_FuelItemHintsUIInfo	interfaceSCR__FuelItemHintsUIInfo.html
SCR_FuelManagerComponent	interfaceSCR__FuelManagerComponent.html
SCR_FuelManagerComponentClass	interfaceSCR__FuelManagerComponentClass.html
SCR_FuelManagerComponentSerializer	interfaceSCR__FuelManagerComponentSerializer.html
SCR_FuelNode	interfaceSCR__FuelNode.html
SCR_FuelNozzle	interfaceSCR__FuelNozzle.html
SCR_FuelNozzleClass	interfaceSCR__FuelNozzleClass.html
SCR_FuelNozzleHolderComponent	interfaceSCR__FuelNozzleHolderComponent.html
SCR_FuelNozzleHolderComponentClass	interfaceSCR__FuelNozzleHolderComponentClass.html
SCR_FuelProviderEditorAttribute	interfaceSCR__FuelProviderEditorAttribute.html
SCR_FuelSupportStationComponent	interfaceSCR__FuelSupportStationComponent.html
SCR_FuelSupportStationComponentClass	interfaceSCR__FuelSupportStationComponentClass.html
SCR_FuelTankInfo	interfaceSCR__FuelTankInfo.html
SCR_FuelTooltipDetail	interfaceSCR__FuelTooltipDetail.html
SCR_FullBioIdentityTooltipDetail	interfaceSCR__FullBioIdentityTooltipDetail.html
SCR_GMMenu	interfaceSCR__GMMenu.html
SCR_GMMenuConfiguration	interfaceSCR__GMMenuConfiguration.html
SCR_GMMenuTileComponent	interfaceSCR__GMMenuTileComponent.html
SCR_GMSaveDialog	interfaceSCR__GMSaveDialog.html
SCR_GadgetComponent	interfaceSCR__GadgetComponent.html
SCR_GadgetComponentClass	interfaceSCR__GadgetComponentClass.html
SCR_GadgetInvokersInitState	interfaceSCR__GadgetInvokersInitState.html
SCR_GadgetManagerComponent	interfaceSCR__GadgetManagerComponent.html
SCR_GadgetManagerComponentClass	interfaceSCR__GadgetManagerComponentClass.html
SCR_GadgetManagerComponentSerializer	interfaceSCR__GadgetManagerComponentSerializer.html
SCR_GadgetSelectionCondition	interfaceSCR__GadgetSelectionCondition.html
SCR_GalleryComponent	interfaceSCR__GalleryComponent.html
SCR_GameCoresManager	interfaceSCR__GameCoresManager.html
SCR_GameEndMusic	interfaceSCR__GameEndMusic.html
SCR_GameErrorMessage	interfaceSCR__GameErrorMessage.html
SCR_GameGameModeStateComponent	interfaceSCR__GameGameModeStateComponent.html
SCR_GameGameModeStateComponentClass	interfaceSCR__GameGameModeStateComponentClass.html
SCR_GameLogHelper	interfaceSCR__GameLogHelper.html
SCR_GameMasterActionDamageEffect	interfaceSCR__GameMasterActionDamageEffect.html
SCR_GameMasterMetaData	interfaceSCR__GameMasterMetaData.html
SCR_GameMasterMetaDataLoader	interfaceSCR__GameMasterMetaDataLoader.html
SCR_GameMasterMetaDataSerializer	interfaceSCR__GameMasterMetaDataSerializer.html
SCR_GameModeCampaign	interfaceSCR__GameModeCampaign.html
SCR_GameModeCampaignClass	interfaceSCR__GameModeCampaignClass.html
SCR_GameModeCampaignSerializer	interfaceSCR__GameModeCampaignSerializer.html
SCR_GameModeCleanSweep	interfaceSCR__GameModeCleanSweep.html
SCR_GameModeCleanSweepClass	interfaceSCR__GameModeCleanSweepClass.html
SCR_GameModeCombatOpsManager	interfaceSCR__GameModeCombatOpsManager.html
SCR_GameModeCombatOpsManagerClass	interfaceSCR__GameModeCombatOpsManagerClass.html
SCR_GameModeEditor	interfaceSCR__GameModeEditor.html
SCR_GameModeEditorClass	interfaceSCR__GameModeEditorClass.html
SCR_GameModeEndData	interfaceSCR__GameModeEndData.html
SCR_GameModeHUDComponent	interfaceSCR__GameModeHUDComponent.html
SCR_GameModeHUDComponentClass	interfaceSCR__GameModeHUDComponentClass.html
SCR_GameModeHealthSettings	interfaceSCR__GameModeHealthSettings.html
SCR_GameModeHealthSettingsClass	interfaceSCR__GameModeHealthSettingsClass.html
SCR_GameModeHealthSettingsSerializer	interfaceSCR__GameModeHealthSettingsSerializer.html
SCR_GameModeLastStand	interfaceSCR__GameModeLastStand.html
SCR_GameModeLastStandClass	interfaceSCR__GameModeLastStandClass.html
SCR_GameModeSFManager	interfaceSCR__GameModeSFManager.html
SCR_GameModeSFManagerClass	interfaceSCR__GameModeSFManagerClass.html
SCR_GameModeSectorControl	interfaceSCR__GameModeSectorControl.html
SCR_GameModeSectorControlClass	interfaceSCR__GameModeSectorControlClass.html
SCR_GameModeSerializer	interfaceSCR__GameModeSerializer.html
SCR_GameModeSetupPlugin	interfaceSCR__GameModeSetupPlugin.html
SCR_GameModeSetupPluginError	interfaceSCR__GameModeSetupPluginError.html
SCR_GameModeSetupPluginGeneration	interfaceSCR__GameModeSetupPluginGeneration.html
SCR_GameModeSetupPluginGenerationResults	interfaceSCR__GameModeSetupPluginGenerationResults.html
SCR_GameModeSetupPluginMissionHeader	interfaceSCR__GameModeSetupPluginMissionHeader.html
SCR_GameModeSetupPluginOutro	interfaceSCR__GameModeSetupPluginOutro.html
SCR_GameModeSetupPluginResults	interfaceSCR__GameModeSetupPluginResults.html
SCR_GameModeSetupPluginValidation	interfaceSCR__GameModeSetupPluginValidation.html
SCR_GameOverFactionsEditorAttribute	interfaceSCR__GameOverFactionsEditorAttribute.html
SCR_GameOverScreenCombatControlPatrolUIComponent	interfaceSCR__GameOverScreenCombatControlPatrolUIComponent.html
SCR_GameOverScreenConfig	interfaceSCR__GameOverScreenConfig.html
SCR_GameOverScreenContentUIComponent	interfaceSCR__GameOverScreenContentUIComponent.html
SCR_GameOverScreenManagerComponent	interfaceSCR__GameOverScreenManagerComponent.html
SCR_GameOverScreenManagerComponentClass	interfaceSCR__GameOverScreenManagerComponentClass.html
SCR_GameOverScreenUIComponent	interfaceSCR__GameOverScreenUIComponent.html
SCR_GameOverScreenUIContentData	interfaceSCR__GameOverScreenUIContentData.html
SCR_GameOverTypeAttributeDynamicDescription	interfaceSCR__GameOverTypeAttributeDynamicDescription.html
SCR_GameOverTypeAttributeUIComponent	interfaceSCR__GameOverTypeAttributeUIComponent.html
SCR_GameOverTypeEditorAttribute	interfaceSCR__GameOverTypeEditorAttribute.html
SCR_GameVersion	interfaceSCR__GameVersion.html
SCR_GamepadRemovalUI	interfaceSCR__GamepadRemovalUI.html
SCR_GamepadScrollComponent	interfaceSCR__GamepadScrollComponent.html
SCR_GameplaySettings	interfaceSCR__GameplaySettings.html
SCR_GameplaySettingsSubMenu	interfaceSCR__GameplaySettingsSubMenu.html
SCR_GarbageSystem	interfaceSCR__GarbageSystem.html
SCR_GearShiftInfo	interfaceSCR__GearShiftInfo.html
SCR_GearboxHitZone	interfaceSCR__GearboxHitZone.html
SCR_GearboxHitZoneInfo	interfaceSCR__GearboxHitZoneInfo.html
SCR_GenderSpecificIdentityBios	interfaceSCR__GenderSpecificIdentityBios.html
SCR_GeneralContextAction	interfaceSCR__GeneralContextAction.html
SCR_GeneralHintStorage	interfaceSCR__GeneralHintStorage.html
SCR_GenerateControlsSchemeGamepadLabel	interfaceSCR__GenerateControlsSchemeGamepadLabel.html
SCR_GenerateControlsSchemePlugin	interfaceSCR__GenerateControlsSchemePlugin.html
SCR_GenerateLayoutClassPlugin	interfaceSCR__GenerateLayoutClassPlugin.html
SCR_GenerateWindowsPrefabsTool	interfaceSCR__GenerateWindowsPrefabsTool.html
SCR_GeneratorBaseEntity	interfaceSCR__GeneratorBaseEntity.html
SCR_GeneratorBaseEntityClass	interfaceSCR__GeneratorBaseEntityClass.html
SCR_GeneratorShapeImportData	interfaceSCR__GeneratorShapeImportData.html
SCR_GenericBoxEntity	interfaceSCR__GenericBoxEntity.html
SCR_GenericBoxEntityClass	interfaceSCR__GenericBoxEntityClass.html
SCR_GenericCameraShakeProgress	interfaceSCR__GenericCameraShakeProgress.html
SCR_GenericPreviewEntity	interfaceSCR__GenericPreviewEntity.html
SCR_GenericPreviewEntityClass	interfaceSCR__GenericPreviewEntityClass.html
SCR_GeoExporter	interfaceSCR__GeoExporter.html
SCR_GeoJSONExporter	interfaceSCR__GeoJSONExporter.html
SCR_GeoPointData	interfaceSCR__GeoPointData.html
SCR_GeoProperty	interfaceSCR__GeoProperty.html
SCR_GeoSVGExporter	interfaceSCR__GeoSVGExporter.html
SCR_GestureGroupCommand	interfaceSCR__GestureGroupCommand.html
SCR_GetINtoSelectedVehicleGroupCommand	interfaceSCR__GetINtoSelectedVehicleGroupCommand.html
SCR_GetInContextAction	interfaceSCR__GetInContextAction.html
SCR_GetInUserAction	interfaceSCR__GetInUserAction.html
SCR_GetLinkedStorageChildren	interfaceSCR__GetLinkedStorageChildren.html
SCR_GetOutAction	interfaceSCR__GetOutAction.html
SCR_GetOutContextAction	interfaceSCR__GetOutContextAction.html
SCR_GetOutGroupCommand	interfaceSCR__GetOutGroupCommand.html
SCR_GetRoomsIds	interfaceSCR__GetRoomsIds.html
SCR_Global	interfaceSCR__Global.html
SCR_GlobalAttributesToolbarAction	interfaceSCR__GlobalAttributesToolbarAction.html
SCR_GlobalCharBleedingEditorAttribute	interfaceSCR__GlobalCharBleedingEditorAttribute.html
SCR_GlobalCharRegenEditorAttribute	interfaceSCR__GlobalCharRegenEditorAttribute.html
SCR_GlobalDeployableRadioSettingEditorAttribute	interfaceSCR__GlobalDeployableRadioSettingEditorAttribute.html
SCR_GlobalFuelConsumptionScaleEditorAttribute	interfaceSCR__GlobalFuelConsumptionScaleEditorAttribute.html
SCR_GlobalUnconsciousnessEditorAttribute	interfaceSCR__GlobalUnconsciousnessEditorAttribute.html
SCR_GlobalVariableTrack	interfaceSCR__GlobalVariableTrack.html
SCR_GraphLinesData	interfaceSCR__GraphLinesData.html
SCR_GridPropsConfig	interfaceSCR__GridPropsConfig.html
SCR_GridSpawnerEntity	interfaceSCR__GridSpawnerEntity.html
SCR_GridSpawnerEntityClass	interfaceSCR__GridSpawnerEntityClass.html
SCR_GroupButton	interfaceSCR__GroupButton.html
SCR_GroupEditableEntityTextureUIComponent	interfaceSCR__GroupEditableEntityTextureUIComponent.html
SCR_GroupEditableEntityUIComponent	interfaceSCR__GroupEditableEntityUIComponent.html
SCR_GroupFlagImageComponent	interfaceSCR__GroupFlagImageComponent.html
SCR_GroupFlagSelectionMenu	interfaceSCR__GroupFlagSelectionMenu.html
SCR_GroupHelperUI	interfaceSCR__GroupHelperUI.html
SCR_GroupIdentityComponent	interfaceSCR__GroupIdentityComponent.html
SCR_GroupIdentityComponentClass	interfaceSCR__GroupIdentityComponentClass.html
SCR_GroupIdentityCore	interfaceSCR__GroupIdentityCore.html
SCR_GroupIdentityRule	interfaceSCR__GroupIdentityRule.html
SCR_GroupIdentityRuleAmplifier	interfaceSCR__GroupIdentityRuleAmplifier.html
SCR_GroupIdentityRuleAmplifierCount	interfaceSCR__GroupIdentityRuleAmplifierCount.html
SCR_GroupIdentityRuleData	interfaceSCR__GroupIdentityRuleData.html
SCR_GroupIdentityRuleDimension	interfaceSCR__GroupIdentityRuleDimension.html
SCR_GroupIdentityRuleIcon	interfaceSCR__GroupIdentityRuleIcon.html
SCR_GroupIdentityRuleIconLabel	interfaceSCR__GroupIdentityRuleIconLabel.html
SCR_GroupIdentityRuleIconVehicle	interfaceSCR__GroupIdentityRuleIconVehicle.html
SCR_GroupIdentityRuleIconWeapon	interfaceSCR__GroupIdentityRuleIconWeapon.html
SCR_GroupIdentityRuleIdentity	interfaceSCR__GroupIdentityRuleIdentity.html
SCR_GroupIdentityRuleIdentityFaction	interfaceSCR__GroupIdentityRuleIdentityFaction.html
SCR_GroupInviteStickyNotificationUIComponent	interfaceSCR__GroupInviteStickyNotificationUIComponent.html
SCR_GroupLeaderVolunteerDialogUI	interfaceSCR__GroupLeaderVolunteerDialogUI.html
SCR_GroupMenu	interfaceSCR__GroupMenu.html
SCR_GroupNameConfig	interfaceSCR__GroupNameConfig.html
SCR_GroupNameConfigEntry	interfaceSCR__GroupNameConfigEntry.html
SCR_GroupOwnerTooltipDetail	interfaceSCR__GroupOwnerTooltipDetail.html
SCR_GroupPlayerList	interfaceSCR__GroupPlayerList.html
SCR_GroupPreset	interfaceSCR__GroupPreset.html
SCR_GroupRequestUIComponent	interfaceSCR__GroupRequestUIComponent.html
SCR_GroupRolePresetConfig	interfaceSCR__GroupRolePresetConfig.html
SCR_GroupRoleRelevance	interfaceSCR__GroupRoleRelevance.html
SCR_GroupSizeTooltipDetail	interfaceSCR__GroupSizeTooltipDetail.html
SCR_GroupSubMenu	interfaceSCR__GroupSubMenu.html
SCR_GroupSubMenuBase	interfaceSCR__GroupSubMenuBase.html
SCR_GroupSubMenuPlayerlist	interfaceSCR__GroupSubMenuPlayerlist.html
SCR_GroupTaskManagerComponent	interfaceSCR__GroupTaskManagerComponent.html
SCR_GroupTaskManagerComponentClass	interfaceSCR__GroupTaskManagerComponentClass.html
SCR_GroupTaskRelevance	interfaceSCR__GroupTaskRelevance.html
SCR_GroupTaskRelevanceConfig	interfaceSCR__GroupTaskRelevanceConfig.html
SCR_GroupTileButton	interfaceSCR__GroupTileButton.html
SCR_GroupToolbarItemEditorUIComponent	interfaceSCR__GroupToolbarItemEditorUIComponent.html
SCR_GroupWeaponEntry	interfaceSCR__GroupWeaponEntry.html
SCR_GroupsManagerComponent	interfaceSCR__GroupsManagerComponent.html
SCR_GroupsManagerComponentClass	interfaceSCR__GroupsManagerComponentClass.html
SCR_GunnersTooltipDetail	interfaceSCR__GunnersTooltipDetail.html
SCR_HQRadioSoundEntity	interfaceSCR__HQRadioSoundEntity.html
SCR_HQRadioSoundEntityClass	interfaceSCR__HQRadioSoundEntityClass.html
SCR_HUDElement	interfaceSCR__HUDElement.html
SCR_HUDGroupUIComponent	interfaceSCR__HUDGroupUIComponent.html
SCR_HUDLayer	interfaceSCR__HUDLayer.html
SCR_HUDLayout	interfaceSCR__HUDLayout.html
SCR_HUDManagerComponent	interfaceSCR__HUDManagerComponent.html
SCR_HUDManagerComponentClass	interfaceSCR__HUDManagerComponentClass.html
SCR_HUDManagerEditorVisibilityHandler	interfaceSCR__HUDManagerEditorVisibilityHandler.html
SCR_HUDManagerHandler	interfaceSCR__HUDManagerHandler.html
SCR_HUDManagerLayoutHandler	interfaceSCR__HUDManagerLayoutHandler.html
SCR_HUDMenuComponent	interfaceSCR__HUDMenuComponent.html
SCR_HUDSizeCalculator	interfaceSCR__HUDSizeCalculator.html
SCR_HUDSlotUIComponent	interfaceSCR__HUDSlotUIComponent.html
SCR_HZInfoEngineHeli	interfaceSCR__HZInfoEngineHeli.html
SCR_HZInfoGearboxHeli	interfaceSCR__HZInfoGearboxHeli.html
SCR_HZInfoHeli	interfaceSCR__HZInfoHeli.html
SCR_HZInfoRotorMain	interfaceSCR__HZInfoRotorMain.html
SCR_HZInfoRotorRear	interfaceSCR__HZInfoRotorRear.html
SCR_HandBrakeInfo	interfaceSCR__HandBrakeInfo.html
SCR_HandSlotPickUpItemAction	interfaceSCR__HandSlotPickUpItemAction.html
SCR_HandSlotStorageComponent	interfaceSCR__HandSlotStorageComponent.html
SCR_HandSlotStorageComponentClass	interfaceSCR__HandSlotStorageComponentClass.html
SCR_HandSlotStorageSlot	interfaceSCR__HandSlotStorageSlot.html
SCR_HasFactionEditableEntityFilter	interfaceSCR__HasFactionEditableEntityFilter.html
SCR_HasMultipleMuzzles	interfaceSCR__HasMultipleMuzzles.html
SCR_HasMultipleWeaponsCondition	interfaceSCR__HasMultipleWeaponsCondition.html
SCR_HasWoundTypeCondition	interfaceSCR__HasWoundTypeCondition.html
SCR_HeadTrackingSettings	interfaceSCR__HeadTrackingSettings.html
SCR_HeaderNavigationWidgets	interfaceSCR__HeaderNavigationWidgets.html
SCR_HeadgearInventoryItemComponent	interfaceSCR__HeadgearInventoryItemComponent.html
SCR_HeadgearInventoryItemComponentClass	interfaceSCR__HeadgearInventoryItemComponentClass.html
SCR_HeadgearPhysicsObserverAttribute	interfaceSCR__HeadgearPhysicsObserverAttribute.html
SCR_HealEntitiesContextAction	interfaceSCR__HealEntitiesContextAction.html
SCR_HealSupportStationAction	interfaceSCR__HealSupportStationAction.html
SCR_HealSupportStationComponent	interfaceSCR__HealSupportStationComponent.html
SCR_HealSupportStationComponentClass	interfaceSCR__HealSupportStationComponentClass.html
SCR_HealingUserAction	interfaceSCR__HealingUserAction.html
SCR_HealthAndBurn	interfaceSCR__HealthAndBurn.html
SCR_HealthCharacterEditorAttribute	interfaceSCR__HealthCharacterEditorAttribute.html
SCR_HealthEditorAttribute	interfaceSCR__HealthEditorAttribute.html
SCR_HealthOtherEditorAttribute	interfaceSCR__HealthOtherEditorAttribute.html
SCR_HealthTooltipDetail	interfaceSCR__HealthTooltipDetail.html
SCR_HealthVehicleEditorAttribute	interfaceSCR__HealthVehicleEditorAttribute.html
SCR_HeatMap_Autotest	interfaceSCR__HeatMap__Autotest.html
SCR_HeatMap_AutotestClass	interfaceSCR__HeatMap__AutotestClass.html
SCR_HeatmapHelper	interfaceSCR__HeatmapHelper.html
SCR_HeldItemAvailableActionContext	interfaceSCR__HeldItemAvailableActionContext.html
SCR_HelicopterAutohoverCondition	interfaceSCR__HelicopterAutohoverCondition.html
SCR_HelicopterCinematicFlyComponent	interfaceSCR__HelicopterCinematicFlyComponent.html
SCR_HelicopterCinematicFlyComponentClass	interfaceSCR__HelicopterCinematicFlyComponentClass.html
SCR_HelicopterCollimatorSightComponent	interfaceSCR__HelicopterCollimatorSightComponent.html
SCR_HelicopterCollimatorSightComponentClass	interfaceSCR__HelicopterCollimatorSightComponentClass.html
SCR_HelicopterControllerComponent	interfaceSCR__HelicopterControllerComponent.html
SCR_HelicopterControllerComponentClass	interfaceSCR__HelicopterControllerComponentClass.html
SCR_HelicopterDamageManagerComponent	interfaceSCR__HelicopterDamageManagerComponent.html
SCR_HelicopterDamageManagerComponentClass	interfaceSCR__HelicopterDamageManagerComponentClass.html
SCR_HelicopterEffectManagerComponent	interfaceSCR__HelicopterEffectManagerComponent.html
SCR_HelicopterEffectManagerComponentClass	interfaceSCR__HelicopterEffectManagerComponentClass.html
SCR_HelicopterEngineAction	interfaceSCR__HelicopterEngineAction.html
SCR_HelicopterHoverAction	interfaceSCR__HelicopterHoverAction.html
SCR_HelicopterSoundComponent	interfaceSCR__HelicopterSoundComponent.html
SCR_HelicopterSoundComponentClass	interfaceSCR__HelicopterSoundComponentClass.html
SCR_HelicopterWheelBrakesCondition	interfaceSCR__HelicopterWheelBrakesCondition.html
SCR_HideEditorUIComponent	interfaceSCR__HideEditorUIComponent.html
SCR_HideHUDManualCameraComponent	interfaceSCR__HideHUDManualCameraComponent.html
SCR_HideSelectionContextAction	interfaceSCR__HideSelectionContextAction.html
SCR_HideWidgetPlatformBased	interfaceSCR__HideWidgetPlatformBased.html
SCR_HideoutDeployableSpawnPointComponent	interfaceSCR__HideoutDeployableSpawnPointComponent.html
SCR_HideoutDeployableSpawnPointComponentClass	interfaceSCR__HideoutDeployableSpawnPointComponentClass.html
SCR_HighlightVisual	interfaceSCR__HighlightVisual.html
SCR_HighlightedEditableEntityFilter	interfaceSCR__HighlightedEditableEntityFilter.html
SCR_HighlightedEditorComponent	interfaceSCR__HighlightedEditorComponent.html
SCR_HighlightedEditorComponentClass	interfaceSCR__HighlightedEditorComponentClass.html
SCR_HighlightedEditorUIComponent	interfaceSCR__HighlightedEditorUIComponent.html
SCR_HillPropsConfig	interfaceSCR__HillPropsConfig.html
SCR_HintConditionComponent	interfaceSCR__HintConditionComponent.html
SCR_HintConditionComponentClass	interfaceSCR__HintConditionComponentClass.html
SCR_HintConditionList	interfaceSCR__HintConditionList.html
SCR_HintEditorComponent	interfaceSCR__HintEditorComponent.html
SCR_HintEditorComponentClass	interfaceSCR__HintEditorComponentClass.html
SCR_HintEntry	interfaceSCR__HintEntry.html
SCR_HintInfoDisplay	interfaceSCR__HintInfoDisplay.html
SCR_HintManagerComponent	interfaceSCR__HintManagerComponent.html
SCR_HintManagerComponentClass	interfaceSCR__HintManagerComponentClass.html
SCR_HintSequenceComponent	interfaceSCR__HintSequenceComponent.html
SCR_HintSequenceComponentClass	interfaceSCR__HintSequenceComponentClass.html
SCR_HintSequenceList	interfaceSCR__HintSequenceList.html
SCR_HintSequenceToolbarAction	interfaceSCR__HintSequenceToolbarAction.html
SCR_HintSettings	interfaceSCR__HintSettings.html
SCR_HintUIComponent	interfaceSCR__HintUIComponent.html
SCR_HintUIInfo	interfaceSCR__HintUIInfo.html
SCR_HitInfo	interfaceSCR__HitInfo.html
SCR_HitZone	interfaceSCR__HitZone.html
SCR_HitZoneGroupName	interfaceSCR__HitZoneGroupName.html
SCR_HitZoneGroupNameHolder	interfaceSCR__HitZoneGroupNameHolder.html
SCR_HitZoneInfo	interfaceSCR__HitZoneInfo.html
SCR_HitZoneStateSignal	interfaceSCR__HitZoneStateSignal.html
SCR_HitZoneStateSignalData	interfaceSCR__HitZoneStateSignalData.html
SCR_HoldCampaignMilitaryBaseTaskEntity	interfaceSCR__HoldCampaignMilitaryBaseTaskEntity.html
SCR_HoldCampaignMilitaryBaseTaskEntityClass	interfaceSCR__HoldCampaignMilitaryBaseTaskEntityClass.html
SCR_HoldableItemPredicate	interfaceSCR__HoldableItemPredicate.html
SCR_HorizontalAlignComponent	interfaceSCR__HorizontalAlignComponent.html
SCR_HorizontalAlignComponentClass	interfaceSCR__HorizontalAlignComponentClass.html
SCR_HorizontalScrollAnimationComponent	interfaceSCR__HorizontalScrollAnimationComponent.html
SCR_HostButtonComponent	interfaceSCR__HostButtonComponent.html
SCR_HostScenarioWhileDownloadingDialog	interfaceSCR__HostScenarioWhileDownloadingDialog.html
SCR_HoverEditableEntityFilter	interfaceSCR__HoverEditableEntityFilter.html
SCR_HoveredEntityHasFlagsActionCondition	interfaceSCR__HoveredEntityHasFlagsActionCondition.html
SCR_HoveredEntityIsLockedActionCondition	interfaceSCR__HoveredEntityIsLockedActionCondition.html
SCR_HybridPhysicsComponent	interfaceSCR__HybridPhysicsComponent.html
SCR_HybridPhysicsComponentClass	interfaceSCR__HybridPhysicsComponentClass.html
SCR_HybridPhysicsInfo	interfaceSCR__HybridPhysicsInfo.html
SCR_IdentityBio	interfaceSCR__IdentityBio.html
SCR_IdentityBioCharacterExtendedOverwrite	interfaceSCR__IdentityBioCharacterExtendedOverwrite.html
SCR_IdentityBioExtendedOverwrite	interfaceSCR__IdentityBioExtendedOverwrite.html
SCR_IdentityBioGroupConfig	interfaceSCR__IdentityBioGroupConfig.html
SCR_IdentityBioTypeHolderConfig	interfaceSCR__IdentityBioTypeHolderConfig.html
SCR_IdentityDividerTooltipDetail	interfaceSCR__IdentityDividerTooltipDetail.html
SCR_IdentityInventoryItemComponent	interfaceSCR__IdentityInventoryItemComponent.html
SCR_IdentityInventoryItemComponentClass	interfaceSCR__IdentityInventoryItemComponentClass.html
SCR_IdentityItemAttributeCollection	interfaceSCR__IdentityItemAttributeCollection.html
SCR_IdentityItemInventoryUIInfo	interfaceSCR__IdentityItemInventoryUIInfo.html
SCR_IdentityItemLoadoutArea	interfaceSCR__IdentityItemLoadoutArea.html
SCR_IdentityItemStorageComponent	interfaceSCR__IdentityItemStorageComponent.html
SCR_IdentityItemStorageComponentClass	interfaceSCR__IdentityItemStorageComponentClass.html
SCR_IdentityManagerComponent	interfaceSCR__IdentityManagerComponent.html
SCR_IdentityManagerComponentClass	interfaceSCR__IdentityManagerComponentClass.html
SCR_ImageBlockUIName	interfaceSCR__ImageBlockUIName.html
SCR_ImageFrameAnimationComponent	interfaceSCR__ImageFrameAnimationComponent.html
SCR_ImageGalleryButtonComponent	interfaceSCR__ImageGalleryButtonComponent.html
SCR_ImageGalleryComponent	interfaceSCR__ImageGalleryComponent.html
SCR_ImageHelper	interfaceSCR__ImageHelper.html
SCR_ImagePickerComponent	interfaceSCR__ImagePickerComponent.html
SCR_ImageRadialProgressBarUIComponent	interfaceSCR__ImageRadialProgressBarUIComponent.html
SCR_ImageSetFormatParam	interfaceSCR__ImageSetFormatParam.html
SCR_ImageSetGenerator	interfaceSCR__ImageSetGenerator.html
SCR_ImageSetResource	interfaceSCR__ImageSetResource.html
SCR_ImpactEffectComponent	interfaceSCR__ImpactEffectComponent.html
SCR_ImpactEffectComponentClass	interfaceSCR__ImpactEffectComponentClass.html
SCR_ImportShapefilePlugin	interfaceSCR__ImportShapefilePlugin.html
SCR_IncendiaryBulletDamageEffect	interfaceSCR__IncendiaryBulletDamageEffect.html
SCR_IncendiaryDamageEffect	interfaceSCR__IncendiaryDamageEffect.html
SCR_IndestructibleEnvironmentalEntity	interfaceSCR__IndestructibleEnvironmentalEntity.html
SCR_IndestructibleEnvironmentalEntityClass	interfaceSCR__IndestructibleEnvironmentalEntityClass.html
SCR_InfoDisplay	interfaceSCR__InfoDisplay.html
SCR_InfoDisplayExtended	interfaceSCR__InfoDisplayExtended.html
SCR_InfoDisplayHandler	interfaceSCR__InfoDisplayHandler.html
SCR_InfoDisplayLayerHandler	interfaceSCR__InfoDisplayLayerHandler.html
SCR_InfoDisplaySlotHandler	interfaceSCR__InfoDisplaySlotHandler.html
SCR_IngameClockUIComponent	interfaceSCR__IngameClockUIComponent.html
SCR_IngameDateUIComponent	interfaceSCR__IngameDateUIComponent.html
SCR_InitInputManualCameraComponent	interfaceSCR__InitInputManualCameraComponent.html
SCR_InitWeatherComponent	interfaceSCR__InitWeatherComponent.html
SCR_InitWeatherComponentClass	interfaceSCR__InitWeatherComponentClass.html
SCR_InputActionUIInfo	interfaceSCR__InputActionUIInfo.html
SCR_InputButtonAlphaMaskAnimation	interfaceSCR__InputButtonAlphaMaskAnimation.html
SCR_InputButtonAnimations	interfaceSCR__InputButtonAnimations.html
SCR_InputButtonColorAnimation	interfaceSCR__InputButtonColorAnimation.html
SCR_InputButtonComponent	interfaceSCR__InputButtonComponent.html
SCR_InputButtonData	interfaceSCR__InputButtonData.html
SCR_InputButtonDisplay	interfaceSCR__InputButtonDisplay.html
SCR_InputButtonLayoutConfig	interfaceSCR__InputButtonLayoutConfig.html
SCR_InputButtonLayoutEntry	interfaceSCR__InputButtonLayoutEntry.html
SCR_InputButtonStyle	interfaceSCR__InputButtonStyle.html
SCR_InputHintCondition	interfaceSCR__InputHintCondition.html
SCR_InputLayoutEditorComponent	interfaceSCR__InputLayoutEditorComponent.html
SCR_InputLayoutEditorComponentClass	interfaceSCR__InputLayoutEditorComponentClass.html
SCR_InsectDef	interfaceSCR__InsectDef.html
SCR_InsectGroup	interfaceSCR__InsectGroup.html
SCR_InsectParticle	interfaceSCR__InsectParticle.html
SCR_InsectSpawnDef	interfaceSCR__InsectSpawnDef.html
SCR_InsectType	interfaceSCR__InsectType.html
SCR_InspectCasualtyUserAction	interfaceSCR__InspectCasualtyUserAction.html
SCR_InspectCasualtyWidget	interfaceSCR__InspectCasualtyWidget.html
SCR_InspectionUserAction	interfaceSCR__InspectionUserAction.html
SCR_InstantActionTest	interfaceSCR__InstantActionTest.html
SCR_InstantDamageEffect	interfaceSCR__InstantDamageEffect.html
SCR_InstantTriggerComponent	interfaceSCR__InstantTriggerComponent.html
SCR_InstantTriggerComponentClass	interfaceSCR__InstantTriggerComponentClass.html
SCR_InstigatorContextData	interfaceSCR__InstigatorContextData.html
SCR_InteractableBoxComponent	interfaceSCR__InteractableBoxComponent.html
SCR_InteractableBoxComponentClass	interfaceSCR__InteractableBoxComponentClass.html
SCR_InteractionHandlerComponent	interfaceSCR__InteractionHandlerComponent.html
SCR_InteractionHandlerComponentClass	interfaceSCR__InteractionHandlerComponentClass.html
SCR_InterfaceSettings	interfaceSCR__InterfaceSettings.html
SCR_InterfaceSettingsSubMenu	interfaceSCR__InterfaceSettingsSubMenu.html
SCR_InteriorBoundingBox	interfaceSCR__InteriorBoundingBox.html
SCR_InteriorRequestCallback	interfaceSCR__InteriorRequestCallback.html
SCR_IntroSplashScreen2Component	interfaceSCR__IntroSplashScreen2Component.html
SCR_IntroSplashScreenComponent	interfaceSCR__IntroSplashScreenComponent.html
SCR_IntroSplashScreenWidgets	interfaceSCR__IntroSplashScreenWidgets.html
SCR_InvCallBack	interfaceSCR__InvCallBack.html
SCR_InvCallBackCheck	interfaceSCR__InvCallBackCheck.html
SCR_InvEquipAnyItemCB	interfaceSCR__InvEquipAnyItemCB.html
SCR_InvEquipCB	interfaceSCR__InvEquipCB.html
SCR_InventoryAction	interfaceSCR__InventoryAction.html
SCR_InventoryAmmoTypeIndicator	interfaceSCR__InventoryAmmoTypeIndicator.html
SCR_InventoryAttachmentPointUI	interfaceSCR__InventoryAttachmentPointUI.html
SCR_InventoryAttachmentSlotUI	interfaceSCR__InventoryAttachmentSlotUI.html
SCR_InventoryAttachmentStorageUI	interfaceSCR__InventoryAttachmentStorageUI.html
SCR_InventoryAvailableCondition	interfaceSCR__InventoryAvailableCondition.html
SCR_InventoryButton	interfaceSCR__InventoryButton.html
SCR_InventoryCharacterWidgetHelper	interfaceSCR__InventoryCharacterWidgetHelper.html
SCR_InventoryConfig	interfaceSCR__InventoryConfig.html
SCR_InventoryDamageInfoUI	interfaceSCR__InventoryDamageInfoUI.html
SCR_InventoryDamageUIInfo	interfaceSCR__InventoryDamageUIInfo.html
SCR_InventoryData	interfaceSCR__InventoryData.html
SCR_InventoryGearInspectionPointUI	interfaceSCR__InventoryGearInspectionPointUI.html
SCR_InventoryHintSettings	interfaceSCR__InventoryHintSettings.html
SCR_InventoryHitZonePointContainerUI	interfaceSCR__InventoryHitZonePointContainerUI.html
SCR_InventoryHitZonePointUI	interfaceSCR__InventoryHitZonePointUI.html
SCR_InventoryHitZoneSlotUI	interfaceSCR__InventoryHitZoneSlotUI.html
SCR_InventoryHitZoneUI	interfaceSCR__InventoryHitZoneUI.html
SCR_InventoryIdentityItemWidgetComponent	interfaceSCR__InventoryIdentityItemWidgetComponent.html
SCR_InventoryInspectionUI	interfaceSCR__InventoryInspectionUI.html
SCR_InventoryItemHintUIInfo	interfaceSCR__InventoryItemHintUIInfo.html
SCR_InventoryItemInfoUI	interfaceSCR__InventoryItemInfoUI.html
SCR_InventoryMenuUI	interfaceSCR__InventoryMenuUI.html
SCR_InventoryNavigationButtonBack	interfaceSCR__InventoryNavigationButtonBack.html
SCR_InventoryOpenedStorageArsenalUI	interfaceSCR__InventoryOpenedStorageArsenalUI.html
SCR_InventoryOpenedStorageUI	interfaceSCR__InventoryOpenedStorageUI.html
SCR_InventoryProgressBar	interfaceSCR__InventoryProgressBar.html
SCR_InventorySlotGadgetUI	interfaceSCR__InventorySlotGadgetUI.html
SCR_InventorySlotGearInspectionUI	interfaceSCR__InventorySlotGearInspectionUI.html
SCR_InventorySlotLBSUI	interfaceSCR__InventorySlotLBSUI.html
SCR_InventorySlotQuickSlotUI	interfaceSCR__InventorySlotQuickSlotUI.html
SCR_InventorySlotStorageEmbeddedUI	interfaceSCR__InventorySlotStorageEmbeddedUI.html
SCR_InventorySlotStorageUI	interfaceSCR__InventorySlotStorageUI.html
SCR_InventorySlotUI	interfaceSCR__InventorySlotUI.html
SCR_InventorySlotWeaponSlotsUI	interfaceSCR__InventorySlotWeaponSlotsUI.html
SCR_InventorySlotWeaponUI	interfaceSCR__InventorySlotWeaponUI.html
SCR_InventorySpinBoxComponent	interfaceSCR__InventorySpinBoxComponent.html
SCR_InventoryStorageBackpackUI	interfaceSCR__InventoryStorageBackpackUI.html
SCR_InventoryStorageBaseUI	interfaceSCR__InventoryStorageBaseUI.html
SCR_InventoryStorageButton	interfaceSCR__InventoryStorageButton.html
SCR_InventoryStorageContainerUI	interfaceSCR__InventoryStorageContainerUI.html
SCR_InventoryStorageGadgetsUI	interfaceSCR__InventoryStorageGadgetsUI.html
SCR_InventoryStorageLBSUI	interfaceSCR__InventoryStorageLBSUI.html
SCR_InventoryStorageLootUI	interfaceSCR__InventoryStorageLootUI.html
SCR_InventoryStorageManagerComponent	interfaceSCR__InventoryStorageManagerComponent.html
SCR_InventoryStorageManagerComponentClass	interfaceSCR__InventoryStorageManagerComponentClass.html
SCR_InventoryStorageQuickSlotsUI	interfaceSCR__InventoryStorageQuickSlotsUI.html
SCR_InventoryStorageVestUI	interfaceSCR__InventoryStorageVestUI.html
SCR_InventoryStorageWeaponsUI	interfaceSCR__InventoryStorageWeaponsUI.html
SCR_InventoryStoragesListUI	interfaceSCR__InventoryStoragesListUI.html
SCR_InventoryUIInfo	interfaceSCR__InventoryUIInfo.html
SCR_InventoryVehicleVisibilityAttribute	interfaceSCR__InventoryVehicleVisibilityAttribute.html
SCR_InventoryWeaponSlotsUI	interfaceSCR__InventoryWeaponSlotsUI.html
SCR_IsActionTriggeredCondition	interfaceSCR__IsActionTriggeredCondition.html
SCR_IsBallisticDataDisplayVisibleCondition	interfaceSCR__IsBallisticDataDisplayVisibleCondition.html
SCR_IsCharacterADSCondition	interfaceSCR__IsCharacterADSCondition.html
SCR_IsCharacterConsciousCondition	interfaceSCR__IsCharacterConsciousCondition.html
SCR_IsCharacterInControlCondition	interfaceSCR__IsCharacterInControlCondition.html
SCR_IsCharacterUsingLRRCondition	interfaceSCR__IsCharacterUsingLRRCondition.html
SCR_IsCharacterUsingRadioCondition	interfaceSCR__IsCharacterUsingRadioCondition.html
SCR_IsContextEnabledCondition	interfaceSCR__IsContextEnabledCondition.html
SCR_IsUsingMouseAndKeyboardCondition	interfaceSCR__IsUsingMouseAndKeyboardCondition.html
SCR_IsUsingVariableSightsCondition	interfaceSCR__IsUsingVariableSightsCondition.html
SCR_ItemAttributeCollection	interfaceSCR__ItemAttributeCollection.html
SCR_ItemHintUIInfo	interfaceSCR__ItemHintUIInfo.html
SCR_ItemInsertionCallback	interfaceSCR__ItemInsertionCallback.html
SCR_ItemOfInterestAttribute	interfaceSCR__ItemOfInterestAttribute.html
SCR_ItemOutfitFactionComponent	interfaceSCR__ItemOutfitFactionComponent.html
SCR_ItemOutfitFactionComponentClass	interfaceSCR__ItemOutfitFactionComponentClass.html
SCR_ItemPlacementActionsDisplay	interfaceSCR__ItemPlacementActionsDisplay.html
SCR_ItemPlacementComponent	interfaceSCR__ItemPlacementComponent.html
SCR_ItemPlacementComponentClass	interfaceSCR__ItemPlacementComponentClass.html
SCR_ItemPlacementCondition	interfaceSCR__ItemPlacementCondition.html
SCR_ItemSelectionMenuEntry	interfaceSCR__ItemSelectionMenuEntry.html
SCR_ItemSplitDialog	interfaceSCR__ItemSplitDialog.html
SCR_ItemTypeSearchPredicate	interfaceSCR__ItemTypeSearchPredicate.html
SCR_JoinRequestEntry	interfaceSCR__JoinRequestEntry.html
SCR_Joint6DOFEntity	interfaceSCR__Joint6DOFEntity.html
SCR_Joint6DOFEntityClass	interfaceSCR__Joint6DOFEntityClass.html
SCR_JointBaseEntity	interfaceSCR__JointBaseEntity.html
SCR_JointBaseEntityClass	interfaceSCR__JointBaseEntityClass.html
SCR_JointConeTwistEntity	interfaceSCR__JointConeTwistEntity.html
SCR_JointConeTwistEntityClass	interfaceSCR__JointConeTwistEntityClass.html
SCR_JointDummyHolderEntity	interfaceSCR__JointDummyHolderEntity.html
SCR_JointDummyHolderEntityClass	interfaceSCR__JointDummyHolderEntityClass.html
SCR_JointFixedEntity	interfaceSCR__JointFixedEntity.html
SCR_JointFixedEntityClass	interfaceSCR__JointFixedEntityClass.html
SCR_JointHingeEntity	interfaceSCR__JointHingeEntity.html
SCR_JointHingeEntityClass	interfaceSCR__JointHingeEntityClass.html
SCR_JointSliderEntity	interfaceSCR__JointSliderEntity.html
SCR_JointSliderEntityClass	interfaceSCR__JointSliderEntityClass.html
SCR_JournalButtonWidgets	interfaceSCR__JournalButtonWidgets.html
SCR_JournalConfig	interfaceSCR__JournalConfig.html
SCR_JournalEntry	interfaceSCR__JournalEntry.html
SCR_JournalSetupConfig	interfaceSCR__JournalSetupConfig.html
SCR_JournalWidgets	interfaceSCR__JournalWidgets.html
SCR_JsonApiStruct	interfaceSCR__JsonApiStruct.html
SCR_JsonApiStructHandler	interfaceSCR__JsonApiStructHandler.html
SCR_JsonLoadContext	interfaceSCR__JsonLoadContext.html
SCR_JsonSaveContext	interfaceSCR__JsonSaveContext.html
SCR_JumpOutAction	interfaceSCR__JumpOutAction.html
SCR_JunctionPowerPole	interfaceSCR__JunctionPowerPole.html
SCR_JunctionPowerPoleClass	interfaceSCR__JunctionPowerPoleClass.html
SCR_KeyBindingBind	interfaceSCR__KeyBindingBind.html
SCR_KeyBindingCategory	interfaceSCR__KeyBindingCategory.html
SCR_KeyBindingCombo	interfaceSCR__KeyBindingCombo.html
SCR_KeyBindingEntry	interfaceSCR__KeyBindingEntry.html
SCR_KeyBindingEntryTitleField	interfaceSCR__KeyBindingEntryTitleField.html
SCR_KeyBindingFilter	interfaceSCR__KeyBindingFilter.html
SCR_KeyBindingMenuConfig	interfaceSCR__KeyBindingMenuConfig.html
SCR_KeyBlockEntry	interfaceSCR__KeyBlockEntry.html
SCR_KeyBlockUIName	interfaceSCR__KeyBlockUIName.html
SCR_KeybindActionDisplayComponent	interfaceSCR__KeybindActionDisplayComponent.html
SCR_KeybindActionDisplayData	interfaceSCR__KeybindActionDisplayData.html
SCR_KeybindActionDisplayRowComponent	interfaceSCR__KeybindActionDisplayRowComponent.html
SCR_KeybindDialogBase	interfaceSCR__KeybindDialogBase.html
SCR_KeybindDialogs	interfaceSCR__KeybindDialogs.html
SCR_KeybindRowComponent	interfaceSCR__KeybindRowComponent.html
SCR_KeybindSetting	interfaceSCR__KeybindSetting.html
SCR_KickDialogCutomTitle	interfaceSCR__KickDialogCutomTitle.html
SCR_KickDialogUiPreset	interfaceSCR__KickDialogUiPreset.html
SCR_KickDialogs	interfaceSCR__KickDialogs.html
SCR_KickHintComponent	interfaceSCR__KickHintComponent.html
SCR_KickHintComponentClass	interfaceSCR__KickHintComponentClass.html
SCR_KickPlayerContextAction	interfaceSCR__KickPlayerContextAction.html
SCR_KillfeedReceiveTypeEditorAttribute	interfaceSCR__KillfeedReceiveTypeEditorAttribute.html
SCR_KillfeedTypeEditorAttribute	interfaceSCR__KillfeedTypeEditorAttribute.html
SCR_LabelComponent	interfaceSCR__LabelComponent.html
SCR_LabelDescriptionTooltipDetail	interfaceSCR__LabelDescriptionTooltipDetail.html
SCR_LadderDoorUserAction	interfaceSCR__LadderDoorUserAction.html
SCR_LadderUserAction	interfaceSCR__LadderUserAction.html
SCR_LampComponent	interfaceSCR__LampComponent.html
SCR_LampComponentClass	interfaceSCR__LampComponentClass.html
SCR_LargeDestructibleEntity	interfaceSCR__LargeDestructibleEntity.html
SCR_LargeDestructibleEntityClass	interfaceSCR__LargeDestructibleEntityClass.html
SCR_LastUsedInputDevice	interfaceSCR__LastUsedInputDevice.html
SCR_LayerAutoEnterUIComponent	interfaceSCR__LayerAutoEnterUIComponent.html
SCR_LayerConfiguration	interfaceSCR__LayerConfiguration.html
SCR_LayerContextAction	interfaceSCR__LayerContextAction.html
SCR_LayerEditableEntityFilter	interfaceSCR__LayerEditableEntityFilter.html
SCR_LayerEditableEntityUIComponent	interfaceSCR__LayerEditableEntityUIComponent.html
SCR_LayersEditorComponent	interfaceSCR__LayersEditorComponent.html
SCR_LayersEditorComponentClass	interfaceSCR__LayersEditorComponentClass.html
SCR_LayersEditorUIComponent	interfaceSCR__LayersEditorUIComponent.html
SCR_LayoutTemplateComponent	interfaceSCR__LayoutTemplateComponent.html
SCR_LeaderRoleCallsign	interfaceSCR__LeaderRoleCallsign.html
SCR_LeaveModeToolbarAction	interfaceSCR__LeaveModeToolbarAction.html
SCR_LegendPropsConfig	interfaceSCR__LegendPropsConfig.html
SCR_LensFlareEditorAttribute	interfaceSCR__LensFlareEditorAttribute.html
SCR_LensFlareManualCameraComponent	interfaceSCR__LensFlareManualCameraComponent.html
SCR_LenseColor	interfaceSCR__LenseColor.html
SCR_LifetimeComponent	interfaceSCR__LifetimeComponent.html
SCR_LifetimeComponentClass	interfaceSCR__LifetimeComponentClass.html
SCR_LightFireplaceUserAction	interfaceSCR__LightFireplaceUserAction.html
SCR_LightHitZone	interfaceSCR__LightHitZone.html
SCR_LightManagerInfo	interfaceSCR__LightManagerInfo.html
SCR_LightManagerInfoEntry	interfaceSCR__LightManagerInfoEntry.html
SCR_LightManagerInfoMulti	interfaceSCR__LightManagerInfoMulti.html
SCR_LightManualCameraComponent	interfaceSCR__LightManualCameraComponent.html
SCR_LightSlot	interfaceSCR__LightSlot.html
SCR_LightningComponent	interfaceSCR__LightningComponent.html
SCR_LightningComponentClass	interfaceSCR__LightningComponentClass.html
SCR_LightningContextAction	interfaceSCR__LightningContextAction.html
SCR_LightsDashboardUserAction	interfaceSCR__LightsDashboardUserAction.html
SCR_LightsHazardUserAction	interfaceSCR__LightsHazardUserAction.html
SCR_LightsHiBeamsUserAction	interfaceSCR__LightsHiBeamsUserAction.html
SCR_LightsPresenceUserAction	interfaceSCR__LightsPresenceUserAction.html
SCR_LightsSearchLightUserAction	interfaceSCR__LightsSearchLightUserAction.html
SCR_LightsTurnLeftUserAction	interfaceSCR__LightsTurnLeftUserAction.html
SCR_LightsTurnRightUserAction	interfaceSCR__LightsTurnRightUserAction.html
SCR_LimbDamagePassRule	interfaceSCR__LimbDamagePassRule.html
SCR_LimitBoxManualCameraComponent	interfaceSCR__LimitBoxManualCameraComponent.html
SCR_LimitCylinderManualCameraComponent	interfaceSCR__LimitCylinderManualCameraComponent.html
SCR_LimitTextLength	interfaceSCR__LimitTextLength.html
SCR_LineGeneratorBaseEntity	interfaceSCR__LineGeneratorBaseEntity.html
SCR_LineGeneratorBaseEntityClass	interfaceSCR__LineGeneratorBaseEntityClass.html
SCR_LineTerrainShaperGeneratorBaseEntity	interfaceSCR__LineTerrainShaperGeneratorBaseEntity.html
SCR_LineTerrainShaperGeneratorBaseEntityClass	interfaceSCR__LineTerrainShaperGeneratorBaseEntityClass.html
SCR_LineTerrainShaperGeneratorEntity	interfaceSCR__LineTerrainShaperGeneratorEntity.html
SCR_LineTerrainShaperGeneratorEntityClass	interfaceSCR__LineTerrainShaperGeneratorEntityClass.html
SCR_LinkTooltipTargetEditorUIComponent	interfaceSCR__LinkTooltipTargetEditorUIComponent.html
SCR_ListAddonsSubMenuWidgets	interfaceSCR__ListAddonsSubMenuWidgets.html
SCR_ListBoxComponent	interfaceSCR__ListBoxComponent.html
SCR_ListBoxElementComponent	interfaceSCR__ListBoxElementComponent.html
SCR_ListEntryHelper	interfaceSCR__ListEntryHelper.html
SCR_ListMenuEntryComponent	interfaceSCR__ListMenuEntryComponent.html
SCR_ListTooltipComponent	interfaceSCR__ListTooltipComponent.html
SCR_ListViewComponent	interfaceSCR__ListViewComponent.html
SCR_LoadCasualtySupportStationComponent	interfaceSCR__LoadCasualtySupportStationComponent.html
SCR_LoadCasualtySupportStationComponentClass	interfaceSCR__LoadCasualtySupportStationComponentClass.html
SCR_LoadCasualtySupportStationUserAction	interfaceSCR__LoadCasualtySupportStationUserAction.html
SCR_LoadItemsAction	interfaceSCR__LoadItemsAction.html
SCR_LoadSessionToolbarAction	interfaceSCR__LoadSessionToolbarAction.html
SCR_LoadSuppliesWaypoint	interfaceSCR__LoadSuppliesWaypoint.html
SCR_LoadSuppliesWaypointClass	interfaceSCR__LoadSuppliesWaypointClass.html
SCR_LoadSuppliesWaypointState	interfaceSCR__LoadSuppliesWaypointState.html
SCR_LoadingCircleComponent	interfaceSCR__LoadingCircleComponent.html
SCR_LoadingHintComponent	interfaceSCR__LoadingHintComponent.html
SCR_LoadingHints	interfaceSCR__LoadingHints.html
SCR_LoadingOverlay	interfaceSCR__LoadingOverlay.html
SCR_LoadingOverlayDialog	interfaceSCR__LoadingOverlayDialog.html
SCR_LoadingOverlayHelperComponent	interfaceSCR__LoadingOverlayHelperComponent.html
SCR_LoadingOverlayWidgets	interfaceSCR__LoadingOverlayWidgets.html
SCR_LoadingScreenComponent	interfaceSCR__LoadingScreenComponent.html
SCR_LoadingScreenHints	interfaceSCR__LoadingScreenHints.html
SCR_LoadingSpinner	interfaceSCR__LoadingSpinner.html
SCR_LoadoutArea	interfaceSCR__LoadoutArea.html
SCR_LoadoutBaseEditorAttribute	interfaceSCR__LoadoutBaseEditorAttribute.html
SCR_LoadoutButton	interfaceSCR__LoadoutButton.html
SCR_LoadoutGallery	interfaceSCR__LoadoutGallery.html
SCR_LoadoutHandSlotArea	interfaceSCR__LoadoutHandSlotArea.html
SCR_LoadoutManager	interfaceSCR__LoadoutManager.html
SCR_LoadoutManagerClass	interfaceSCR__LoadoutManagerClass.html
SCR_LoadoutPreviewComponent	interfaceSCR__LoadoutPreviewComponent.html
SCR_LoadoutRequestUIComponent	interfaceSCR__LoadoutRequestUIComponent.html
SCR_LoadoutSaveBlackList	interfaceSCR__LoadoutSaveBlackList.html
SCR_LoadoutSaveBlackListHolder	interfaceSCR__LoadoutSaveBlackListHolder.html
SCR_LoadoutSaveBlackListItem	interfaceSCR__LoadoutSaveBlackListItem.html
SCR_LoadoutSaveBlackListItemType	interfaceSCR__LoadoutSaveBlackListItemType.html
SCR_LoadoutSavingBlackListAttributeDynamicDescription	interfaceSCR__LoadoutSavingBlackListAttributeDynamicDescription.html
SCR_LoadoutSavingBlackListEditorAttribute	interfaceSCR__LoadoutSavingBlackListEditorAttribute.html
SCR_LoadoutSavingClearOnChangeEditorAttribute	interfaceSCR__LoadoutSavingClearOnChangeEditorAttribute.html
SCR_LoadoutStatisticsComponent	interfaceSCR__LoadoutStatisticsComponent.html
SCR_LoadoutSupplyCostMultiplierEditorAttribute	interfaceSCR__LoadoutSupplyCostMultiplierEditorAttribute.html
SCR_LocEditedTextPlugin	interfaceSCR__LocEditedTextPlugin.html
SCR_LocExportPlugin	interfaceSCR__LocExportPlugin.html
SCR_LocLengthPlugin	interfaceSCR__LocLengthPlugin.html
SCR_LocLinkImagePlugin	interfaceSCR__LocLinkImagePlugin.html
SCR_LocLinkImagePluginResult	interfaceSCR__LocLinkImagePluginResult.html
SCR_LocModifiedPlugin	interfaceSCR__LocModifiedPlugin.html
SCR_LocParserPlugin	interfaceSCR__LocParserPlugin.html
SCR_LocStatusPlugin	interfaceSCR__LocStatusPlugin.html
SCR_LocalPerceivedFactionWidgetComponent	interfaceSCR__LocalPerceivedFactionWidgetComponent.html
SCR_LocalPlayerPenalty	interfaceSCR__LocalPlayerPenalty.html
SCR_LocalPlayerPenaltyClass	interfaceSCR__LocalPlayerPenaltyClass.html
SCR_LocalPlayerPenaltyData	interfaceSCR__LocalPlayerPenaltyData.html
SCR_LocalizationTools	interfaceSCR__LocalizationTools.html
SCR_LocalizedProperty	interfaceSCR__LocalizedProperty.html
SCR_LocalizedPropertyExtended	interfaceSCR__LocalizedPropertyExtended.html
SCR_LocalizedPropertyTitle	interfaceSCR__LocalizedPropertyTitle.html
SCR_LocationMusic	interfaceSCR__LocationMusic.html
SCR_LockLayerContextAction	interfaceSCR__LockLayerContextAction.html
SCR_Login2FADialogConsoleUI	interfaceSCR__Login2FADialogConsoleUI.html
SCR_Login2FADialogUI	interfaceSCR__Login2FADialogUI.html
SCR_LoginDialogConsoleUI	interfaceSCR__LoginDialogConsoleUI.html
SCR_LoginDialogUI	interfaceSCR__LoginDialogUI.html
SCR_LoginProcessDialogUI	interfaceSCR__LoginProcessDialogUI.html
SCR_LogitechLEDManager	interfaceSCR__LogitechLEDManager.html
SCR_LogoOverlayEditorAttribute	interfaceSCR__LogoOverlayEditorAttribute.html
SCR_LogoOverlayPositionEditorAttribute	interfaceSCR__LogoOverlayPositionEditorAttribute.html
SCR_LoiterCustomAnimData	interfaceSCR__LoiterCustomAnimData.html
SCR_LoiterUserAction	interfaceSCR__LoiterUserAction.html
SCR_LongRangeSoundSystem	interfaceSCR__LongRangeSoundSystem.html
SCR_LookAtGroupCommand	interfaceSCR__LookAtGroupCommand.html
SCR_LoopedPositionalSounds	interfaceSCR__LoopedPositionalSounds.html
SCR_LootAction	interfaceSCR__LootAction.html
SCR_LootDeadBodyAction	interfaceSCR__LootDeadBodyAction.html
SCR_MANW_Banner	interfaceSCR__MANW__Banner.html
SCR_MANW_BannerButton	interfaceSCR__MANW__BannerButton.html
SCR_MANW_BannerDialog	interfaceSCR__MANW__BannerDialog.html
SCR_MANW_ContentBrowser_AddonsSubMenu	interfaceSCR__MANW__ContentBrowser__AddonsSubMenu.html
SCR_MANW_Dialogs	interfaceSCR__MANW__Dialogs.html
SCR_MANW_RankCategoryData	interfaceSCR__MANW__RankCategoryData.html
SCR_MANW_RankComponent	interfaceSCR__MANW__RankComponent.html
SCR_MANW_RankIconData	interfaceSCR__MANW__RankIconData.html
SCR_MANW_RankLabelWidgets	interfaceSCR__MANW__RankLabelWidgets.html
SCR_MANW_RankTagCategoryData	interfaceSCR__MANW__RankTagCategoryData.html
SCR_MANW_RankTagRankData	interfaceSCR__MANW__RankTagRankData.html
SCR_MOBSelectedData	interfaceSCR__MOBSelectedData.html
SCR_MPDestructionManager	interfaceSCR__MPDestructionManager.html
SCR_MPDestructionManagerClass	interfaceSCR__MPDestructionManagerClass.html
SCR_MagazineIndicatorConfiguration	interfaceSCR__MagazineIndicatorConfiguration.html
SCR_MagazinePredicate	interfaceSCR__MagazinePredicate.html
SCR_MailboxComponent	interfaceSCR__MailboxComponent.html
SCR_MailboxComponentClass	interfaceSCR__MailboxComponentClass.html
SCR_MainMenuConfigEntry	interfaceSCR__MainMenuConfigEntry.html
SCR_MainMenuConfiguration	interfaceSCR__MainMenuConfiguration.html
SCR_MainMenuEntity	interfaceSCR__MainMenuEntity.html
SCR_MainMenuEntityClass	interfaceSCR__MainMenuEntityClass.html
SCR_MainMenuNewsToast	interfaceSCR__MainMenuNewsToast.html
SCR_MainMenuTileComponent	interfaceSCR__MainMenuTileComponent.html
SCR_MainMenuTile_MenuComponent	interfaceSCR__MainMenuTile__MenuComponent.html
SCR_MajorBaseTaskNotificationData	interfaceSCR__MajorBaseTaskNotificationData.html
SCR_MajorRequestedTaskNotificationData	interfaceSCR__MajorRequestedTaskNotificationData.html
SCR_MajorTaskNotificationData	interfaceSCR__MajorTaskNotificationData.html
SCR_ManagedDamageEffectsContainer	interfaceSCR__ManagedDamageEffectsContainer.html
SCR_ManualCamera	interfaceSCR__ManualCamera.html
SCR_ManualCameraAdjustSpeedHintCondition	interfaceSCR__ManualCameraAdjustSpeedHintCondition.html
SCR_ManualCameraAttachHintCondition	interfaceSCR__ManualCameraAttachHintCondition.html
SCR_ManualCameraClass	interfaceSCR__ManualCameraClass.html
SCR_ManualCameraComponentSave	interfaceSCR__ManualCameraComponentSave.html
SCR_ManualCameraFocusHintCondition	interfaceSCR__ManualCameraFocusHintCondition.html
SCR_ManualCameraLightHintCondition	interfaceSCR__ManualCameraLightHintCondition.html
SCR_ManualCameraNightModeHintCondition	interfaceSCR__ManualCameraNightModeHintCondition.html
SCR_ManualCameraParam	interfaceSCR__ManualCameraParam.html
SCR_ManualCameraSave	interfaceSCR__ManualCameraSave.html
SCR_ManualCameraSettings	interfaceSCR__ManualCameraSettings.html
SCR_ManualCameraZoomHintCondition	interfaceSCR__ManualCameraZoomHintCondition.html
SCR_MapCampaignBuildingUI	interfaceSCR__MapCampaignBuildingUI.html
SCR_MapCampaignUI	interfaceSCR__MapCampaignUI.html
SCR_MapCanActivateCondition	interfaceSCR__MapCanActivateCondition.html
SCR_MapCanDragCondition	interfaceSCR__MapCanDragCondition.html
SCR_MapCanResetRotationCondition	interfaceSCR__MapCanResetRotationCondition.html
SCR_MapCanRotateCondition	interfaceSCR__MapCanRotateCondition.html
SCR_MapCommandCursor	interfaceSCR__MapCommandCursor.html
SCR_MapCommandPostUI	interfaceSCR__MapCommandPostUI.html
SCR_MapCompassUI	interfaceSCR__MapCompassUI.html
SCR_MapCompassUIDeploy	interfaceSCR__MapCompassUIDeploy.html
SCR_MapConfig	interfaceSCR__MapConfig.html
SCR_MapConfigComponent	interfaceSCR__MapConfigComponent.html
SCR_MapConfigComponentClass	interfaceSCR__MapConfigComponentClass.html
SCR_MapConstants	interfaceSCR__MapConstants.html
SCR_MapCursorInfo	interfaceSCR__MapCursorInfo.html
SCR_MapCursorModule	interfaceSCR__MapCursorModule.html
SCR_MapDebugUI	interfaceSCR__MapDebugUI.html
SCR_MapDescriptorComponent	interfaceSCR__MapDescriptorComponent.html
SCR_MapDescriptorComponentClass	interfaceSCR__MapDescriptorComponentClass.html
SCR_MapDescriptorDefaults	interfaceSCR__MapDescriptorDefaults.html
SCR_MapDescriptorManualCameraComponent	interfaceSCR__MapDescriptorManualCameraComponent.html
SCR_MapDescriptorVisibilityBase	interfaceSCR__MapDescriptorVisibilityBase.html
SCR_MapDotCircleHandler	interfaceSCR__MapDotCircleHandler.html
SCR_MapDrawingUI	interfaceSCR__MapDrawingUI.html
SCR_MapEditorComponent	interfaceSCR__MapEditorComponent.html
SCR_MapEditorComponentClass	interfaceSCR__MapEditorComponentClass.html
SCR_MapEditorUIComponent	interfaceSCR__MapEditorUIComponent.html
SCR_MapElementMoveComponent	interfaceSCR__MapElementMoveComponent.html
SCR_MapEntity	interfaceSCR__MapEntity.html
SCR_MapEntityClass	interfaceSCR__MapEntityClass.html
SCR_MapFactionCommanderRadialMenu	interfaceSCR__MapFactionCommanderRadialMenu.html
SCR_MapGadgetComponent	interfaceSCR__MapGadgetComponent.html
SCR_MapGadgetComponentClass	interfaceSCR__MapGadgetComponentClass.html
SCR_MapGridTooltipDetail	interfaceSCR__MapGridTooltipDetail.html
SCR_MapHintCondition	interfaceSCR__MapHintCondition.html
SCR_MapJournalUI	interfaceSCR__MapJournalUI.html
SCR_MapJournalUIButton	interfaceSCR__MapJournalUIButton.html
SCR_MapLayersBase	interfaceSCR__MapLayersBase.html
SCR_MapLightConfig	interfaceSCR__MapLightConfig.html
SCR_MapLightMode	interfaceSCR__MapLightMode.html
SCR_MapLightUI	interfaceSCR__MapLightUI.html
SCR_MapLocationQuadHint	interfaceSCR__MapLocationQuadHint.html
SCR_MapLocator	interfaceSCR__MapLocator.html
SCR_MapLocatorClass	interfaceSCR__MapLocatorClass.html
SCR_MapLogisticUI	interfaceSCR__MapLogisticUI.html
SCR_MapMarkerBase	interfaceSCR__MapMarkerBase.html
SCR_MapMarkerConfig	interfaceSCR__MapMarkerConfig.html
SCR_MapMarkerDotCircle	interfaceSCR__MapMarkerDotCircle.html
SCR_MapMarkerDotCircleClass	interfaceSCR__MapMarkerDotCircleClass.html
SCR_MapMarkerDynamicWComponent	interfaceSCR__MapMarkerDynamicWComponent.html
SCR_MapMarkerEntity	interfaceSCR__MapMarkerEntity.html
SCR_MapMarkerEntityClass	interfaceSCR__MapMarkerEntityClass.html
SCR_MapMarkerEntryConfig	interfaceSCR__MapMarkerEntryConfig.html
SCR_MapMarkerEntryDotCircle	interfaceSCR__MapMarkerEntryDotCircle.html
SCR_MapMarkerEntryDynamic	interfaceSCR__MapMarkerEntryDynamic.html
SCR_MapMarkerEntryDynamicExample	interfaceSCR__MapMarkerEntryDynamicExample.html
SCR_MapMarkerEntryImageText	interfaceSCR__MapMarkerEntryImageText.html
SCR_MapMarkerEntryMilitary	interfaceSCR__MapMarkerEntryMilitary.html
SCR_MapMarkerEntryPlaced	interfaceSCR__MapMarkerEntryPlaced.html
SCR_MapMarkerEntryRecon	interfaceSCR__MapMarkerEntryRecon.html
SCR_MapMarkerEntrySquadLeader	interfaceSCR__MapMarkerEntrySquadLeader.html
SCR_MapMarkerEntrySquadMember	interfaceSCR__MapMarkerEntrySquadMember.html
SCR_MapMarkerFactionTitle	interfaceSCR__MapMarkerFactionTitle.html
SCR_MapMarkerIconEntryTitle	interfaceSCR__MapMarkerIconEntryTitle.html
SCR_MapMarkerManagerComponent	interfaceSCR__MapMarkerManagerComponent.html
SCR_MapMarkerManagerComponentClass	interfaceSCR__MapMarkerManagerComponentClass.html
SCR_MapMarkerManagerSystem	interfaceSCR__MapMarkerManagerSystem.html
SCR_MapMarkerMenuCategory	interfaceSCR__MapMarkerMenuCategory.html
SCR_MapMarkerMenuEntry	interfaceSCR__MapMarkerMenuEntry.html
SCR_MapMarkerMilitaryDimensionTitle	interfaceSCR__MapMarkerMilitaryDimensionTitle.html
SCR_MapMarkerMilitaryTypeTitle	interfaceSCR__MapMarkerMilitaryTypeTitle.html
SCR_MapMarkerSimpleTitle	interfaceSCR__MapMarkerSimpleTitle.html
SCR_MapMarkerSquadLeader	interfaceSCR__MapMarkerSquadLeader.html
SCR_MapMarkerSquadLeaderClass	interfaceSCR__MapMarkerSquadLeaderClass.html
SCR_MapMarkerSquadLeaderComponent	interfaceSCR__MapMarkerSquadLeaderComponent.html
SCR_MapMarkerSquadMember	interfaceSCR__MapMarkerSquadMember.html
SCR_MapMarkerSquadMemberClass	interfaceSCR__MapMarkerSquadMemberClass.html
SCR_MapMarkerSquadMemberComponent	interfaceSCR__MapMarkerSquadMemberComponent.html
SCR_MapMarkerSyncComponent	interfaceSCR__MapMarkerSyncComponent.html
SCR_MapMarkerSyncComponentClass	interfaceSCR__MapMarkerSyncComponentClass.html
SCR_MapMarkerTitle	interfaceSCR__MapMarkerTitle.html
SCR_MapMarkerWidgetComponent	interfaceSCR__MapMarkerWidgetComponent.html
SCR_MapMarkersUI	interfaceSCR__MapMarkersUI.html
SCR_MapMenuCommandingEntry	interfaceSCR__MapMenuCommandingEntry.html
SCR_MapMenuUI	interfaceSCR__MapMenuUI.html
SCR_MapModuleBase	interfaceSCR__MapModuleBase.html
SCR_MapPropsBase	interfaceSCR__MapPropsBase.html
SCR_MapPropsConfig	interfaceSCR__MapPropsConfig.html
SCR_MapRTWBaseUI	interfaceSCR__MapRTWBaseUI.html
SCR_MapRadialDisplay	interfaceSCR__MapRadialDisplay.html
SCR_MapRadialUI	interfaceSCR__MapRadialUI.html
SCR_MapRulerUI	interfaceSCR__MapRulerUI.html
SCR_MapSelectionModule	interfaceSCR__MapSelectionModule.html
SCR_MapSuppliesTransportSystemUI	interfaceSCR__MapSuppliesTransportSystemUI.html
SCR_MapTaskListUI	interfaceSCR__MapTaskListUI.html
SCR_MapToolEntry	interfaceSCR__MapToolEntry.html
SCR_MapToolInteractionUI	interfaceSCR__MapToolInteractionUI.html
SCR_MapToolMenuUI	interfaceSCR__MapToolMenuUI.html
SCR_MapToolbarAction	interfaceSCR__MapToolbarAction.html
SCR_MapUIBaseComponent	interfaceSCR__MapUIBaseComponent.html
SCR_MapUIElement	interfaceSCR__MapUIElement.html
SCR_MapUIElementContainer	interfaceSCR__MapUIElementContainer.html
SCR_MapUISpawnPoint	interfaceSCR__MapUISpawnPoint.html
SCR_MapWatchUI	interfaceSCR__MapWatchUI.html
SCR_MapWatchUIDeploy	interfaceSCR__MapWatchUIDeploy.html
SCR_MapWeatherUI	interfaceSCR__MapWeatherUI.html
SCR_MarkShapesEditorOnlyPlugin	interfaceSCR__MarkShapesEditorOnlyPlugin.html
SCR_MarkerColorEntry	interfaceSCR__MarkerColorEntry.html
SCR_MarkerIconCategory	interfaceSCR__MarkerIconCategory.html
SCR_MarkerIconEntry	interfaceSCR__MarkerIconEntry.html
SCR_MarkerMilitaryDimension	interfaceSCR__MarkerMilitaryDimension.html
SCR_MarkerMilitaryFactionEntry	interfaceSCR__MarkerMilitaryFactionEntry.html
SCR_MarkerMilitaryType	interfaceSCR__MarkerMilitaryType.html
SCR_MarkerSimpleConfig	interfaceSCR__MarkerSimpleConfig.html
SCR_MassResponseIndexPair	interfaceSCR__MassResponseIndexPair.html
SCR_Math	interfaceSCR__Math.html
SCR_Math2D	interfaceSCR__Math2D.html
SCR_Math3D	interfaceSCR__Math3D.html
SCR_Matrix	interfaceSCR__Matrix.html
SCR_MatrixRow	interfaceSCR__MatrixRow.html
SCR_MedicalItemsCountCondition	interfaceSCR__MedicalItemsCountCondition.html
SCR_MeleeComponent	interfaceSCR__MeleeComponent.html
SCR_MeleeComponentClass	interfaceSCR__MeleeComponentClass.html
SCR_MeleeDamageEffect	interfaceSCR__MeleeDamageEffect.html
SCR_MeleeHitDataClass	interfaceSCR__MeleeHitDataClass.html
SCR_MeleeWeaponProperties	interfaceSCR__MeleeWeaponProperties.html
SCR_MeleeWeaponPropertiesClass	interfaceSCR__MeleeWeaponPropertiesClass.html
SCR_MemoryNetworkedStat	interfaceSCR__MemoryNetworkedStat.html
SCR_MenuActionPreset	interfaceSCR__MenuActionPreset.html
SCR_MenuActionsComponent	interfaceSCR__MenuActionsComponent.html
SCR_MenuEditorComponent	interfaceSCR__MenuEditorComponent.html
SCR_MenuEditorComponentClass	interfaceSCR__MenuEditorComponentClass.html
SCR_MenuEditorUIComponent	interfaceSCR__MenuEditorUIComponent.html
SCR_MenuHelper	interfaceSCR__MenuHelper.html
SCR_MenuInteractedData	interfaceSCR__MenuInteractedData.html
SCR_MenuLayoutEditorComponent	interfaceSCR__MenuLayoutEditorComponent.html
SCR_MenuLayoutEditorComponentClass	interfaceSCR__MenuLayoutEditorComponentClass.html
SCR_MenuLoadingComponent	interfaceSCR__MenuLoadingComponent.html
SCR_MenuMainTileComponent	interfaceSCR__MenuMainTileComponent.html
SCR_MenuNavigationHeaderComponent	interfaceSCR__MenuNavigationHeaderComponent.html
SCR_MenuNavigationItem	interfaceSCR__MenuNavigationItem.html
SCR_MenuNavigationItemComponent	interfaceSCR__MenuNavigationItemComponent.html
SCR_MenuOverlayEditorAttribute	interfaceSCR__MenuOverlayEditorAttribute.html
SCR_MenuOverlaysEditorComponent	interfaceSCR__MenuOverlaysEditorComponent.html
SCR_MenuOverlaysEditorComponentClass	interfaceSCR__MenuOverlaysEditorComponentClass.html
SCR_MenuSpawnLogic	interfaceSCR__MenuSpawnLogic.html
SCR_MenuTileComponent	interfaceSCR__MenuTileComponent.html
SCR_MenuTimeSpentData	interfaceSCR__MenuTimeSpentData.html
SCR_MenuToolsLib	interfaceSCR__MenuToolsLib.html
SCR_MessageDialogContent	interfaceSCR__MessageDialogContent.html
SCR_MilitaryBaseAreaMeshComponent	interfaceSCR__MilitaryBaseAreaMeshComponent.html
SCR_MilitaryBaseAreaMeshComponentClass	interfaceSCR__MilitaryBaseAreaMeshComponentClass.html
SCR_MilitaryBaseCallsign	interfaceSCR__MilitaryBaseCallsign.html
SCR_MilitaryBaseComponent	interfaceSCR__MilitaryBaseComponent.html
SCR_MilitaryBaseComponentClass	interfaceSCR__MilitaryBaseComponentClass.html
SCR_MilitaryBaseLogicComponent	interfaceSCR__MilitaryBaseLogicComponent.html
SCR_MilitaryBaseLogicComponentClass	interfaceSCR__MilitaryBaseLogicComponentClass.html
SCR_MilitaryBaseMapDescriptorComponent	interfaceSCR__MilitaryBaseMapDescriptorComponent.html
SCR_MilitaryBaseMapDescriptorComponentClass	interfaceSCR__MilitaryBaseMapDescriptorComponentClass.html
SCR_MilitaryBaseSystem	interfaceSCR__MilitaryBaseSystem.html
SCR_MilitaryReconMarkerEntry	interfaceSCR__MilitaryReconMarkerEntry.html
SCR_MilitarySupplyAllocationConfig	interfaceSCR__MilitarySupplyAllocationConfig.html
SCR_MilitarySupplyAllocationRankInfo	interfaceSCR__MilitarySupplyAllocationRankInfo.html
SCR_MilitarySymbol	interfaceSCR__MilitarySymbol.html
SCR_MilitarySymbolArea	interfaceSCR__MilitarySymbolArea.html
SCR_MilitarySymbolAreaConflict	interfaceSCR__MilitarySymbolAreaConflict.html
SCR_MilitarySymbolAreaImageSet	interfaceSCR__MilitarySymbolAreaImageSet.html
SCR_MilitarySymbolAreaTextures	interfaceSCR__MilitarySymbolAreaTextures.html
SCR_MilitarySymbolConfig	interfaceSCR__MilitarySymbolConfig.html
SCR_MilitarySymbolLayout	interfaceSCR__MilitarySymbolLayout.html
SCR_MilitarySymbolRuleSet	interfaceSCR__MilitarySymbolRuleSet.html
SCR_MilitarySymbolUIComponent	interfaceSCR__MilitarySymbolUIComponent.html
SCR_MilitarySymbol_QuadAmplifier	interfaceSCR__MilitarySymbol__QuadAmplifier.html
SCR_MilitarySymbol_QuadBase	interfaceSCR__MilitarySymbol__QuadBase.html
SCR_MilitarySymbol_QuadIcon	interfaceSCR__MilitarySymbol__QuadIcon.html
SCR_MilitarySymbol_TextureAmplifier	interfaceSCR__MilitarySymbol__TextureAmplifier.html
SCR_MilitarySymbol_TextureBase	interfaceSCR__MilitarySymbol__TextureBase.html
SCR_MilitarySymbol_TextureIcon	interfaceSCR__MilitarySymbol__TextureIcon.html
SCR_MinBaseDistanceConfig	interfaceSCR__MinBaseDistanceConfig.html
SCR_MinBaseDistanceInfo	interfaceSCR__MinBaseDistanceInfo.html
SCR_MineAddFlagAction	interfaceSCR__MineAddFlagAction.html
SCR_MineAnimationComponent	interfaceSCR__MineAnimationComponent.html
SCR_MineAnimationComponentClass	interfaceSCR__MineAnimationComponentClass.html
SCR_MineAwarenessComponent	interfaceSCR__MineAwarenessComponent.html
SCR_MineAwarenessComponentClass	interfaceSCR__MineAwarenessComponentClass.html
SCR_MineDamageManager	interfaceSCR__MineDamageManager.html
SCR_MineDamageManagerClass	interfaceSCR__MineDamageManagerClass.html
SCR_MineDetectionData	interfaceSCR__MineDetectionData.html
SCR_MineDistanceParticleEffect	interfaceSCR__MineDistanceParticleEffect.html
SCR_MineEquipHolsterAction	interfaceSCR__MineEquipHolsterAction.html
SCR_MineEquipWeaponAction	interfaceSCR__MineEquipWeaponAction.html
SCR_MineFlagComponent	interfaceSCR__MineFlagComponent.html
SCR_MineFlagComponentClass	interfaceSCR__MineFlagComponentClass.html
SCR_MineFlagPickUpAction	interfaceSCR__MineFlagPickUpAction.html
SCR_MineHitZone	interfaceSCR__MineHitZone.html
SCR_MineInventoryItemComponent	interfaceSCR__MineInventoryItemComponent.html
SCR_MineInventoryItemComponentClass	interfaceSCR__MineInventoryItemComponentClass.html
SCR_MinePickUpItemAction	interfaceSCR__MinePickUpItemAction.html
SCR_MineWeaponComponent	interfaceSCR__MineWeaponComponent.html
SCR_MineWeaponComponentClass	interfaceSCR__MineWeaponComponentClass.html
SCR_MineWeaponComponentSerializer	interfaceSCR__MineWeaponComponentSerializer.html
SCR_MinorRequestedTaskNotificationData	interfaceSCR__MinorRequestedTaskNotificationData.html
SCR_MinorTaskNotificationData	interfaceSCR__MinorTaskNotificationData.html
SCR_MirrorLinkStorageToParent	interfaceSCR__MirrorLinkStorageToParent.html
SCR_MissionHeader	interfaceSCR__MissionHeader.html
SCR_MissionHeaderCampaign	interfaceSCR__MissionHeaderCampaign.html
SCR_MissionHeaderCombatOps	interfaceSCR__MissionHeaderCombatOps.html
SCR_MissionHeaderScenarioFramework	interfaceSCR__MissionHeaderScenarioFramework.html
SCR_MissionHeaderSequence	interfaceSCR__MissionHeaderSequence.html
SCR_MissionMetaData	interfaceSCR__MissionMetaData.html
SCR_ModDetailsAdditionalInfoDialog	interfaceSCR__ModDetailsAdditionalInfoDialog.html
SCR_ModDetailsAdditionalInfoDialogContentWidgets	interfaceSCR__ModDetailsAdditionalInfoDialogContentWidgets.html
SCR_ModDetailsSuperMenuComponent	interfaceSCR__ModDetailsSuperMenuComponent.html
SCR_ModEntryComponent	interfaceSCR__ModEntryComponent.html
SCR_ModHandlerLib	interfaceSCR__ModHandlerLib.html
SCR_ModReportDialogComponent	interfaceSCR__ModReportDialogComponent.html
SCR_ModdedScenarioComponent	interfaceSCR__ModdedScenarioComponent.html
SCR_ModeInfoBarEditorUIComponent	interfaceSCR__ModeInfoBarEditorUIComponent.html
SCR_ModeOverrideEditorAttribute	interfaceSCR__ModeOverrideEditorAttribute.html
SCR_ModelAutotestCamera	interfaceSCR__ModelAutotestCamera.html
SCR_ModelAutotestEntity	interfaceSCR__ModelAutotestEntity.html
SCR_ModelAutotestEntityClass	interfaceSCR__ModelAutotestEntityClass.html
SCR_ModesEditorAttribute	interfaceSCR__ModesEditorAttribute.html
SCR_ModesEditorUIComponent	interfaceSCR__ModesEditorUIComponent.html
SCR_ModularButtonComponent	interfaceSCR__ModularButtonComponent.html
SCR_MoonPhaseInfo	interfaceSCR__MoonPhaseInfo.html
SCR_MoonPhaseUIInfo	interfaceSCR__MoonPhaseUIInfo.html
SCR_MorphineDamageEffect	interfaceSCR__MorphineDamageEffect.html
SCR_MorphineUserAction	interfaceSCR__MorphineUserAction.html
SCR_MortarAdvancedAimingEditorAttribute	interfaceSCR__MortarAdvancedAimingEditorAttribute.html
SCR_MortarAzimuthDisplay	interfaceSCR__MortarAzimuthDisplay.html
SCR_MortarElevationDisplay	interfaceSCR__MortarElevationDisplay.html
SCR_MortarHasChargeConfigsCondition	interfaceSCR__MortarHasChargeConfigsCondition.html
SCR_MortarHasMoreBallisticDataCondition	interfaceSCR__MortarHasMoreBallisticDataCondition.html
SCR_MortarInfo	interfaceSCR__MortarInfo.html
SCR_MortarInfoWidgets	interfaceSCR__MortarInfoWidgets.html
SCR_MortarMuzzleComponent	interfaceSCR__MortarMuzzleComponent.html
SCR_MortarMuzzleComponentClass	interfaceSCR__MortarMuzzleComponentClass.html
SCR_MortarShellGadgetComponent	interfaceSCR__MortarShellGadgetComponent.html
SCR_MortarShellGadgetComponentClass	interfaceSCR__MortarShellGadgetComponentClass.html
SCR_MortarShootAction	interfaceSCR__MortarShootAction.html
SCR_MotionControlCalibrationProcessDialog	interfaceSCR__MotionControlCalibrationProcessDialog.html
SCR_MotionControlCalibrationPromptDialog	interfaceSCR__MotionControlCalibrationPromptDialog.html
SCR_MotorExhaustEffectGeneralComponent	interfaceSCR__MotorExhaustEffectGeneralComponent.html
SCR_MotorExhaustEffectGeneralComponentClass	interfaceSCR__MotorExhaustEffectGeneralComponentClass.html
SCR_MouseAreaEditorUIComponent	interfaceSCR__MouseAreaEditorUIComponent.html
SCR_MouseMoveManualCameraComponent	interfaceSCR__MouseMoveManualCameraComponent.html
SCR_MoveData	interfaceSCR__MoveData.html
SCR_MoveInFormationContextAction	interfaceSCR__MoveInFormationContextAction.html
SCR_MoveManualCameraComponent	interfaceSCR__MoveManualCameraComponent.html
SCR_MoveRelativeManualCameraComponent	interfaceSCR__MoveRelativeManualCameraComponent.html
SCR_MoveTask	interfaceSCR__MoveTask.html
SCR_MoveTaskClass	interfaceSCR__MoveTaskClass.html
SCR_MoveToCursorManualCameraComponent	interfaceSCR__MoveToCursorManualCameraComponent.html
SCR_MoveToFlightAltitudeContextAction	interfaceSCR__MoveToFlightAltitudeContextAction.html
SCR_MoveToRootContextAction	interfaceSCR__MoveToRootContextAction.html
SCR_MoveToSeatPositionContextAction	interfaceSCR__MoveToSeatPositionContextAction.html
SCR_MovementInertiaManualCameraComponent	interfaceSCR__MovementInertiaManualCameraComponent.html
SCR_MovingSoundSourceEntity	interfaceSCR__MovingSoundSourceEntity.html
SCR_MovingSoundSourceEntityClass	interfaceSCR__MovingSoundSourceEntityClass.html
SCR_MultiExecuteListArsenalRefundEffect	interfaceSCR__MultiExecuteListArsenalRefundEffect.html
SCR_MultiOccupantVehcileTooltipDetail	interfaceSCR__MultiOccupantVehcileTooltipDetail.html
SCR_MultiPartDeployableItemComponent	interfaceSCR__MultiPartDeployableItemComponent.html
SCR_MultiPartDeployableItemComponentClass	interfaceSCR__MultiPartDeployableItemComponentClass.html
SCR_MultiPhaseDestructionSoundlessPrefabSearchPlugin	interfaceSCR__MultiPhaseDestructionSoundlessPrefabSearchPlugin.html
SCR_MultiTextTooltipUIComponent	interfaceSCR__MultiTextTooltipUIComponent.html
SCR_MultiWeaponTurretDataHolder	interfaceSCR__MultiWeaponTurretDataHolder.html
SCR_MultiplayerMenuComponent	interfaceSCR__MultiplayerMenuComponent.html
SCR_MultipleStatesButtonComponent	interfaceSCR__MultipleStatesButtonComponent.html
SCR_MusicCinematicTrack	interfaceSCR__MusicCinematicTrack.html
SCR_MusicEditorComponent	interfaceSCR__MusicEditorComponent.html
SCR_MusicEditorComponentClass	interfaceSCR__MusicEditorComponentClass.html
SCR_MuzzleBlastDamageEffect	interfaceSCR__MuzzleBlastDamageEffect.html
SCR_MuzzleEffectComponent	interfaceSCR__MuzzleEffectComponent.html
SCR_MuzzleEffectComponentClass	interfaceSCR__MuzzleEffectComponentClass.html
SCR_MuzzleInMagComponent	interfaceSCR__MuzzleInMagComponent.html
SCR_MuzzleInMagComponentClass	interfaceSCR__MuzzleInMagComponentClass.html
SCR_MuzzleTypeCondition	interfaceSCR__MuzzleTypeCondition.html
SCR_NTElementBase	interfaceSCR__NTElementBase.html
SCR_NTIconBase	interfaceSCR__NTIconBase.html
SCR_NTIconPlatform	interfaceSCR__NTIconPlatform.html
SCR_NTIconState	interfaceSCR__NTIconState.html
SCR_NTName	interfaceSCR__NTName.html
SCR_NTStateConfigBase	interfaceSCR__NTStateConfigBase.html
SCR_NTStateIcon	interfaceSCR__NTStateIcon.html
SCR_NTStateText	interfaceSCR__NTStateText.html
SCR_NTTextBase	interfaceSCR__NTTextBase.html
SCR_NTTextDebug	interfaceSCR__NTTextDebug.html
SCR_NameTagCollectorBase	interfaceSCR__NameTagCollectorBase.html
SCR_NameTagCollectorGroup	interfaceSCR__NameTagCollectorGroup.html
SCR_NameTagConfig	interfaceSCR__NameTagConfig.html
SCR_NameTagData	interfaceSCR__NameTagData.html
SCR_NameTagDisplay	interfaceSCR__NameTagDisplay.html
SCR_NameTagElementTitle	interfaceSCR__NameTagElementTitle.html
SCR_NameTagRulesetBase	interfaceSCR__NameTagRulesetBase.html
SCR_NameTagRulesetFriendlies	interfaceSCR__NameTagRulesetFriendlies.html
SCR_NameTagRulesetSingle	interfaceSCR__NameTagRulesetSingle.html
SCR_NameTagStateTitle	interfaceSCR__NameTagStateTitle.html
SCR_NameTagZone	interfaceSCR__NameTagZone.html
SCR_NameTagZoneTitle	interfaceSCR__NameTagZoneTitle.html
SCR_NametagConfigComponent	interfaceSCR__NametagConfigComponent.html
SCR_NametagConfigComponentClass	interfaceSCR__NametagConfigComponentClass.html
SCR_NametagControllerFiltersEditorAttribute	interfaceSCR__NametagControllerFiltersEditorAttribute.html
SCR_NametagRelationFiltersEditorAttribute	interfaceSCR__NametagRelationFiltersEditorAttribute.html
SCR_NarrativeComponent	interfaceSCR__NarrativeComponent.html
SCR_NarrativeComponentClass	interfaceSCR__NarrativeComponentClass.html
SCR_NavigationBarConfig	interfaceSCR__NavigationBarConfig.html
SCR_NavigationBarUI	interfaceSCR__NavigationBarUI.html
SCR_NearbyContextCachingConfig	interfaceSCR__NearbyContextCachingConfig.html
SCR_NearbyContextCachingData	interfaceSCR__NearbyContextCachingData.html
SCR_NearbyContextColorsComponentInteract	interfaceSCR__NearbyContextColorsComponentInteract.html
SCR_NearbyContextDisplay	interfaceSCR__NearbyContextDisplay.html
SCR_NearbyContextTitle	interfaceSCR__NearbyContextTitle.html
SCR_NearbyContextWidgetComponentBase	interfaceSCR__NearbyContextWidgetComponentBase.html
SCR_NearbyContextWidgetComponentInteract	interfaceSCR__NearbyContextWidgetComponentInteract.html
SCR_NetworkedStatsComponent	interfaceSCR__NetworkedStatsComponent.html
SCR_NetworkedStatsComponentClass	interfaceSCR__NetworkedStatsComponentClass.html
SCR_NetworkedStatsTestComponent	interfaceSCR__NetworkedStatsTestComponent.html
SCR_NetworkedStatsTestComponentClass	interfaceSCR__NetworkedStatsTestComponentClass.html
SCR_NeutralizeEntityContextAction	interfaceSCR__NeutralizeEntityContextAction.html
SCR_NewGroupButton	interfaceSCR__NewGroupButton.html
SCR_NewScriptPlugin	interfaceSCR__NewScriptPlugin.html
SCR_NewScriptPlugin_AbsoluteUI	interfaceSCR__NewScriptPlugin__AbsoluteUI.html
SCR_NewScriptPlugin_RelativeUI	interfaceSCR__NewScriptPlugin__RelativeUI.html
SCR_NewSessionDialog	interfaceSCR__NewSessionDialog.html
SCR_NewSessionToolbarAction	interfaceSCR__NewSessionToolbarAction.html
SCR_NewsEntry	interfaceSCR__NewsEntry.html
SCR_NewsSubMenu	interfaceSCR__NewsSubMenu.html
SCR_NewsTileComponent	interfaceSCR__NewsTileComponent.html
SCR_NightModeEditorAttribute	interfaceSCR__NightModeEditorAttribute.html
SCR_NightModeGameModeComponent	interfaceSCR__NightModeGameModeComponent.html
SCR_NightModeGameModeComponentClass	interfaceSCR__NightModeGameModeComponentClass.html
SCR_NightModeGameModeComponentSerializer	interfaceSCR__NightModeGameModeComponentSerializer.html
SCR_NoGameMasterStickyNotificationUIComponent	interfaceSCR__NoGameMasterStickyNotificationUIComponent.html
SCR_NoVehicleSurfaceValidation	interfaceSCR__NoVehicleSurfaceValidation.html
SCR_NoiseFilterEffect	interfaceSCR__NoiseFilterEffect.html
SCR_NoisyCameraShakeProgress	interfaceSCR__NoisyCameraShakeProgress.html
SCR_NonArsenalItemCostCatalogData	interfaceSCR__NonArsenalItemCostCatalogData.html
SCR_NonrefundableItemHintUIInfo	interfaceSCR__NonrefundableItemHintUIInfo.html
SCR_NormalAlignedFloatersFinderPlugin	interfaceSCR__NormalAlignedFloatersFinderPlugin.html
SCR_NotEnoughStorageDialog	interfaceSCR__NotEnoughStorageDialog.html
SCR_NotificationAproxDisplayContainer	interfaceSCR__NotificationAproxDisplayContainer.html
SCR_NotificationAproxNumber	interfaceSCR__NotificationAproxNumber.html
SCR_NotificationArsenalGameModeType	interfaceSCR__NotificationArsenalGameModeType.html
SCR_NotificationCharacterName	interfaceSCR__NotificationCharacterName.html
SCR_NotificationConfig	interfaceSCR__NotificationConfig.html
SCR_NotificationData	interfaceSCR__NotificationData.html
SCR_NotificationDisplayColor	interfaceSCR__NotificationDisplayColor.html
SCR_NotificationDisplayData	interfaceSCR__NotificationDisplayData.html
SCR_NotificationEditableEntity	interfaceSCR__NotificationEditableEntity.html
SCR_NotificationEditableEntityAndNumber	interfaceSCR__NotificationEditableEntityAndNumber.html
SCR_NotificationEditableEntityEditableEntityTarget	interfaceSCR__NotificationEditableEntityEditableEntityTarget.html
SCR_NotificationEditableEntityTargetPlayer	interfaceSCR__NotificationEditableEntityTargetPlayer.html
SCR_NotificationEntityCallsign	interfaceSCR__NotificationEntityCallsign.html
SCR_NotificationFaction	interfaceSCR__NotificationFaction.html
SCR_NotificationFriendlyFireKillfeedTypeName	interfaceSCR__NotificationFriendlyFireKillfeedTypeName.html
SCR_NotificationGroupName	interfaceSCR__NotificationGroupName.html
SCR_NotificationInventoryItemName	interfaceSCR__NotificationInventoryItemName.html
SCR_NotificationKillfeedTypeName	interfaceSCR__NotificationKillfeedTypeName.html
SCR_NotificationKillfeedreceiveTypeName	interfaceSCR__NotificationKillfeedreceiveTypeName.html
SCR_NotificationMessageUIComponent	interfaceSCR__NotificationMessageUIComponent.html
SCR_NotificationNumber	interfaceSCR__NotificationNumber.html
SCR_NotificationOnKillfeedChanged	interfaceSCR__NotificationOnKillfeedChanged.html
SCR_NotificationPerceivedFactionKillPunishment	interfaceSCR__NotificationPerceivedFactionKillPunishment.html
SCR_NotificationPlayer	interfaceSCR__NotificationPlayer.html
SCR_NotificationPlayerAndAproxNumber	interfaceSCR__NotificationPlayerAndAproxNumber.html
SCR_NotificationPlayerAndEntityCallsign	interfaceSCR__NotificationPlayerAndEntityCallsign.html
SCR_NotificationPlayerAndFaction	interfaceSCR__NotificationPlayerAndFaction.html
SCR_NotificationPlayerAndGroupName	interfaceSCR__NotificationPlayerAndGroupName.html
SCR_NotificationPlayerAndLocation	interfaceSCR__NotificationPlayerAndLocation.html
SCR_NotificationPlayerAndNumber	interfaceSCR__NotificationPlayerAndNumber.html
SCR_NotificationPlayerBanned	interfaceSCR__NotificationPlayerBanned.html
SCR_NotificationPlayerBuildService	interfaceSCR__NotificationPlayerBuildService.html
SCR_NotificationPlayerKicked	interfaceSCR__NotificationPlayerKicked.html
SCR_NotificationPlayerTargetEditableEntity	interfaceSCR__NotificationPlayerTargetEditableEntity.html
SCR_NotificationPlayerTargetFaction	interfaceSCR__NotificationPlayerTargetFaction.html
SCR_NotificationPlayerTargetPlayer	interfaceSCR__NotificationPlayerTargetPlayer.html
SCR_NotificationPlayerTargetTwoEditableEntity	interfaceSCR__NotificationPlayerTargetTwoEditableEntity.html
SCR_NotificationPlayerTargetTwoFactions	interfaceSCR__NotificationPlayerTargetTwoFactions.html
SCR_NotificationRank	interfaceSCR__NotificationRank.html
SCR_NotificationSenderComponent	interfaceSCR__NotificationSenderComponent.html
SCR_NotificationSenderComponentClass	interfaceSCR__NotificationSenderComponentClass.html
SCR_NotificationSenderComponentSerializer	interfaceSCR__NotificationSenderComponentSerializer.html
SCR_NotificationSupportStationHitZoneGroup	interfaceSCR__NotificationSupportStationHitZoneGroup.html
SCR_NotificationTaskCreationText	interfaceSCR__NotificationTaskCreationText.html
SCR_NotificationTaskName	interfaceSCR__NotificationTaskName.html
SCR_NotificationTaskNameGroupName	interfaceSCR__NotificationTaskNameGroupName.html
SCR_NotificationTaskStateChanged	interfaceSCR__NotificationTaskStateChanged.html
SCR_NotificationVoting	interfaceSCR__NotificationVoting.html
SCR_NotificationWeatherChanged	interfaceSCR__NotificationWeatherChanged.html
SCR_NotificationWindChanged	interfaceSCR__NotificationWindChanged.html
SCR_NotificationsComponent	interfaceSCR__NotificationsComponent.html
SCR_NotificationsComponentClass	interfaceSCR__NotificationsComponentClass.html
SCR_NotificationsLogComponent	interfaceSCR__NotificationsLogComponent.html
SCR_NotificationsLogDisplay	interfaceSCR__NotificationsLogDisplay.html
SCR_Nozzle	interfaceSCR__Nozzle.html
SCR_OKCancelWorkbenchDialog	interfaceSCR__OKCancelWorkbenchDialog.html
SCR_OKWorkbenchDialog	interfaceSCR__OKWorkbenchDialog.html
SCR_ORCondition	interfaceSCR__ORCondition.html
SCR_ObjectBrushArrayConfig	interfaceSCR__ObjectBrushArrayConfig.html
SCR_ObjectBrushObjectBase	interfaceSCR__ObjectBrushObjectBase.html
SCR_ObjectBrushTool	interfaceSCR__ObjectBrushTool.html
SCR_ObjectImportPlugin	interfaceSCR__ObjectImportPlugin.html
SCR_ObjectPositionalInsects	interfaceSCR__ObjectPositionalInsects.html
SCR_ObjectiveTaskUIColorPresetList	interfaceSCR__ObjectiveTaskUIColorPresetList.html
SCR_ObstacleDetector	interfaceSCR__ObstacleDetector.html
SCR_ObstacleDetectorSplineInfo	interfaceSCR__ObstacleDetectorSplineInfo.html
SCR_OnFocusUIComponent	interfaceSCR__OnFocusUIComponent.html
SCR_OpacityEntitiesEditorUIEffect	interfaceSCR__OpacityEntitiesEditorUIEffect.html
SCR_OpenAttributeWindowContextAction	interfaceSCR__OpenAttributeWindowContextAction.html
SCR_OpenDeployableSpawnPointStorageAction	interfaceSCR__OpenDeployableSpawnPointStorageAction.html
SCR_OpenStorageAction	interfaceSCR__OpenStorageAction.html
SCR_OpenTurretStorageAction	interfaceSCR__OpenTurretStorageAction.html
SCR_OpenVehicleDoorUserAction	interfaceSCR__OpenVehicleDoorUserAction.html
SCR_OpenVehicleStorageAction	interfaceSCR__OpenVehicleStorageAction.html
SCR_OpenWorldToolbarAction	interfaceSCR__OpenWorldToolbarAction.html
SCR_OptimizedMuzzleEffectComponent	interfaceSCR__OptimizedMuzzleEffectComponent.html
SCR_OptimizedMuzzleEffectComponentClass	interfaceSCR__OptimizedMuzzleEffectComponentClass.html
SCR_OrbitingManualCameraComponent	interfaceSCR__OrbitingManualCameraComponent.html
SCR_OrientToSeaNormalContextAction	interfaceSCR__OrientToSeaNormalContextAction.html
SCR_OrientToTerrainContextAction	interfaceSCR__OrientToTerrainContextAction.html
SCR_OutfitFactionData	interfaceSCR__OutfitFactionData.html
SCR_OutfitFactionDataHolder	interfaceSCR__OutfitFactionDataHolder.html
SCR_OverridableUIInfo	interfaceSCR__OverridableUIInfo.html
SCR_OverrideCharacterMedicalEditorAttribute	interfaceSCR__OverrideCharacterMedicalEditorAttribute.html
SCR_OverrideEditorAttributeUIComponent	interfaceSCR__OverrideEditorAttributeUIComponent.html
SCR_OverrideModesEditorAttributeUIComponent	interfaceSCR__OverrideModesEditorAttributeUIComponent.html
SCR_PIPCamera	interfaceSCR__PIPCamera.html
SCR_PIPCameraClass	interfaceSCR__PIPCameraClass.html
SCR_PIPSightsComponent	interfaceSCR__PIPSightsComponent.html
SCR_PIPSightsComponentClass	interfaceSCR__PIPSightsComponentClass.html
SCR_PSNActivityComponent	interfaceSCR__PSNActivityComponent.html
SCR_PSNActivityComponentClass	interfaceSCR__PSNActivityComponentClass.html
SCR_PagingButtonComponent	interfaceSCR__PagingButtonComponent.html
SCR_ParallelShapeHelper	interfaceSCR__ParallelShapeHelper.html
SCR_ParallelShapeTool	interfaceSCR__ParallelShapeTool.html
SCR_ParallelShapeToolSettings	interfaceSCR__ParallelShapeToolSettings.html
SCR_ParamEnumArray	interfaceSCR__ParamEnumArray.html
SCR_ParticleContactComponent	interfaceSCR__ParticleContactComponent.html
SCR_ParticleContactComponentClass	interfaceSCR__ParticleContactComponentClass.html
SCR_ParticleEditorEffect	interfaceSCR__ParticleEditorEffect.html
SCR_ParticleHelper	interfaceSCR__ParticleHelper.html
SCR_ParticleSpawnable	interfaceSCR__ParticleSpawnable.html
SCR_PassagerTooltipDetail	interfaceSCR__PassagerTooltipDetail.html
SCR_PassiveHitZoneRegenDamageEffect	interfaceSCR__PassiveHitZoneRegenDamageEffect.html
SCR_PasswordDialogComponent	interfaceSCR__PasswordDialogComponent.html
SCR_PasteAttributesContextAction	interfaceSCR__PasteAttributesContextAction.html
SCR_PasteContextAction	interfaceSCR__PasteContextAction.html
SCR_PasteOnOriginalPositionContextAction	interfaceSCR__PasteOnOriginalPositionContextAction.html
SCR_PatientCompartmentSlot	interfaceSCR__PatientCompartmentSlot.html
SCR_PatrolContextAction	interfaceSCR__PatrolContextAction.html
SCR_PatrolGroupCommand	interfaceSCR__PatrolGroupCommand.html
SCR_PauseGameTimeEditorComponent	interfaceSCR__PauseGameTimeEditorComponent.html
SCR_PauseGameTimeEditorComponentClass	interfaceSCR__PauseGameTimeEditorComponentClass.html
SCR_PauseGameTimeToolbarAction	interfaceSCR__PauseGameTimeToolbarAction.html
SCR_PerceivedFactionManagerComponent	interfaceSCR__PerceivedFactionManagerComponent.html
SCR_PerceivedFactionManagerComponentClass	interfaceSCR__PerceivedFactionManagerComponentClass.html
SCR_PerceivedFactionManagerComponentSerializer	interfaceSCR__PerceivedFactionManagerComponentSerializer.html
SCR_PersistenceBinLoadContext	interfaceSCR__PersistenceBinLoadContext.html
SCR_PersistenceBinSaveContext	interfaceSCR__PersistenceBinSaveContext.html
SCR_PersistenceBinaryLoadContext	interfaceSCR__PersistenceBinaryLoadContext.html
SCR_PersistenceBinarySaveContext	interfaceSCR__PersistenceBinarySaveContext.html
SCR_PersistenceJsonLoadContext	interfaceSCR__PersistenceJsonLoadContext.html
SCR_PersistenceJsonSaveContext	interfaceSCR__PersistenceJsonSaveContext.html
SCR_PersistencePrettyJsonSaveContext	interfaceSCR__PersistencePrettyJsonSaveContext.html
SCR_PersistenceSystem	interfaceSCR__PersistenceSystem.html
SCR_PersistentBarbedWireDamageEffect	interfaceSCR__PersistentBarbedWireDamageEffect.html
SCR_PersistentDamageEffect	interfaceSCR__PersistentDamageEffect.html
SCR_PersistentEditableEntityAuthor	interfaceSCR__PersistentEditableEntityAuthor.html
SCR_PersistentFaction	interfaceSCR__PersistentFaction.html
SCR_PersistentFactionDialog	interfaceSCR__PersistentFactionDialog.html
SCR_PersistentQuickSlotItem	interfaceSCR__PersistentQuickSlotItem.html
SCR_PersistentReconnectData	interfaceSCR__PersistentReconnectData.html
SCR_PersistentResource	interfaceSCR__PersistentResource.html
SCR_PersistentThreatSector	interfaceSCR__PersistentThreatSector.html
SCR_PhotoModeEditorUIComponent	interfaceSCR__PhotoModeEditorUIComponent.html
SCR_PhotoSaveModeEditorUIComponent	interfaceSCR__PhotoSaveModeEditorUIComponent.html
SCR_PhysicalHitZonesRegenDamageEffect	interfaceSCR__PhysicalHitZonesRegenDamageEffect.html
SCR_PhysicsHelper	interfaceSCR__PhysicsHelper.html
SCR_PhysicsObserverAttribute	interfaceSCR__PhysicsObserverAttribute.html
SCR_PhysicsObserverSystem	interfaceSCR__PhysicsObserverSystem.html
SCR_PickUpItemAction	interfaceSCR__PickUpItemAction.html
SCR_PickUpLooseItemAction	interfaceSCR__PickUpLooseItemAction.html
SCR_PickupRequestedTaskEntity	interfaceSCR__PickupRequestedTaskEntity.html
SCR_PickupRequestedTaskEntityClass	interfaceSCR__PickupRequestedTaskEntityClass.html
SCR_PingContextAction	interfaceSCR__PingContextAction.html
SCR_PingEditorComponent	interfaceSCR__PingEditorComponent.html
SCR_PingEditorComponentClass	interfaceSCR__PingEditorComponentClass.html
SCR_PingEditorUIComponent	interfaceSCR__PingEditorUIComponent.html
SCR_PingEffectsEditorUIComponent	interfaceSCR__PingEffectsEditorUIComponent.html
SCR_PingedEditableEntityFilter	interfaceSCR__PingedEditableEntityFilter.html
SCR_PlaceEntityContextAction	interfaceSCR__PlaceEntityContextAction.html
SCR_PlaceableEntitiesGameModeRegistry	interfaceSCR__PlaceableEntitiesGameModeRegistry.html
SCR_PlaceableEntitiesMeta	interfaceSCR__PlaceableEntitiesMeta.html
SCR_PlaceableEntitiesRegistry	interfaceSCR__PlaceableEntitiesRegistry.html
SCR_PlaceableEntitiesRegistryFromCatalog	interfaceSCR__PlaceableEntitiesRegistryFromCatalog.html
SCR_PlaceableEntitiesRegistryTitleField	interfaceSCR__PlaceableEntitiesRegistryTitleField.html
SCR_PlaceableInventoryItemComponent	interfaceSCR__PlaceableInventoryItemComponent.html
SCR_PlaceableInventoryItemComponentClass	interfaceSCR__PlaceableInventoryItemComponentClass.html
SCR_PlaceableItemComponent	interfaceSCR__PlaceableItemComponent.html
SCR_PlaceableItemComponentClass	interfaceSCR__PlaceableItemComponentClass.html
SCR_PlacedCommandInfoDisplay	interfaceSCR__PlacedCommandInfoDisplay.html
SCR_PlaceholderWidgetComponent	interfaceSCR__PlaceholderWidgetComponent.html
SCR_PlacementCallback	interfaceSCR__PlacementCallback.html
SCR_PlacementInventoryOperationCallback	interfaceSCR__PlacementInventoryOperationCallback.html
SCR_PlacingEditorComponent	interfaceSCR__PlacingEditorComponent.html
SCR_PlacingEditorComponentClass	interfaceSCR__PlacingEditorComponentClass.html
SCR_PlacingEditorUIComponent	interfaceSCR__PlacingEditorUIComponent.html
SCR_PlacingFlagToolbarAction	interfaceSCR__PlacingFlagToolbarAction.html
SCR_PlacingToolbarEditorUIComponent	interfaceSCR__PlacingToolbarEditorUIComponent.html
SCR_PlatformGridOverride	interfaceSCR__PlatformGridOverride.html
SCR_PlayInstrument	interfaceSCR__PlayInstrument.html
SCR_PlayMenu	interfaceSCR__PlayMenu.html
SCR_PlayMenuComponent	interfaceSCR__PlayMenuComponent.html
SCR_PlayMenuConfiguration	interfaceSCR__PlayMenuConfiguration.html
SCR_PlayMenuEntry	interfaceSCR__PlayMenuEntry.html
SCR_PlayMenuTileComponent	interfaceSCR__PlayMenuTileComponent.html
SCR_PlayableFactionEditorAttribute	interfaceSCR__PlayableFactionEditorAttribute.html
SCR_PlayableFactionKillingAttributeDynamicDescription	interfaceSCR__PlayableFactionKillingAttributeDynamicDescription.html
SCR_PlayableFactionsEditorAttribute	interfaceSCR__PlayableFactionsEditorAttribute.html
SCR_PlayerAIAgent	interfaceSCR__PlayerAIAgent.html
SCR_PlayerAIAgentClass	interfaceSCR__PlayerAIAgentClass.html
SCR_PlayerArsenalLoadout	interfaceSCR__PlayerArsenalLoadout.html
SCR_PlayerBudgetAIEditorAttribute	interfaceSCR__PlayerBudgetAIEditorAttribute.html
SCR_PlayerBudgetAIEnableEditorAttribute	interfaceSCR__PlayerBudgetAIEnableEditorAttribute.html
SCR_PlayerBudgetPropEditorAttribute	interfaceSCR__PlayerBudgetPropEditorAttribute.html
SCR_PlayerBudgetPropEnableEditorAttribute	interfaceSCR__PlayerBudgetPropEnableEditorAttribute.html
SCR_PlayerBudgetSystemEditorAttribute	interfaceSCR__PlayerBudgetSystemEditorAttribute.html
SCR_PlayerBudgetSystemEnableEditorAttribute	interfaceSCR__PlayerBudgetSystemEnableEditorAttribute.html
SCR_PlayerBudgetVehicleEditorAttribute	interfaceSCR__PlayerBudgetVehicleEditorAttribute.html
SCR_PlayerBudgetVehicleEnableEditorAttribute	interfaceSCR__PlayerBudgetVehicleEnableEditorAttribute.html
SCR_PlayerCallsignData	interfaceSCR__PlayerCallsignData.html
SCR_PlayerCommandingConfigActionPair	interfaceSCR__PlayerCommandingConfigActionPair.html
SCR_PlayerCommandingMenuActionsSetup	interfaceSCR__PlayerCommandingMenuActionsSetup.html
SCR_PlayerCommandingMenuBaseElement	interfaceSCR__PlayerCommandingMenuBaseElement.html
SCR_PlayerCommandingMenuCategoryElement	interfaceSCR__PlayerCommandingMenuCategoryElement.html
SCR_PlayerCommandingMenuCommand	interfaceSCR__PlayerCommandingMenuCommand.html
SCR_PlayerCommandingMenuConfig	interfaceSCR__PlayerCommandingMenuConfig.html
SCR_PlayerCommandsConfig	interfaceSCR__PlayerCommandsConfig.html
SCR_PlayerController	interfaceSCR__PlayerController.html
SCR_PlayerControllerClass	interfaceSCR__PlayerControllerClass.html
SCR_PlayerControllerCommandingComponent	interfaceSCR__PlayerControllerCommandingComponent.html
SCR_PlayerControllerCommandingComponentClass	interfaceSCR__PlayerControllerCommandingComponentClass.html
SCR_PlayerControllerGroupComponent	interfaceSCR__PlayerControllerGroupComponent.html
SCR_PlayerControllerGroupComponentClass	interfaceSCR__PlayerControllerGroupComponentClass.html
SCR_PlayerControllerSerializer	interfaceSCR__PlayerControllerSerializer.html
SCR_PlayerData	interfaceSCR__PlayerData.html
SCR_PlayerDataConfigs	interfaceSCR__PlayerDataConfigs.html
SCR_PlayerDataEvent	interfaceSCR__PlayerDataEvent.html
SCR_PlayerDataSpecializationDisplay	interfaceSCR__PlayerDataSpecializationDisplay.html
SCR_PlayerDelegateEditableEntityFilter	interfaceSCR__PlayerDelegateEditableEntityFilter.html
SCR_PlayerDelegateEditorComponent	interfaceSCR__PlayerDelegateEditorComponent.html
SCR_PlayerDelegateEditorComponentClass	interfaceSCR__PlayerDelegateEditorComponentClass.html
SCR_PlayerDeployMenuHandlerComponent	interfaceSCR__PlayerDeployMenuHandlerComponent.html
SCR_PlayerDeployMenuHandlerComponentClass	interfaceSCR__PlayerDeployMenuHandlerComponentClass.html
SCR_PlayerEditableEntityFilter	interfaceSCR__PlayerEditableEntityFilter.html
SCR_PlayerEditableEntityUIComponent	interfaceSCR__PlayerEditableEntityUIComponent.html
SCR_PlayerFactionAffiliationComponent	interfaceSCR__PlayerFactionAffiliationComponent.html
SCR_PlayerFactionAffiliationComponentClass	interfaceSCR__PlayerFactionAffiliationComponentClass.html
SCR_PlayerFactionAffiliationComponentSerializer	interfaceSCR__PlayerFactionAffiliationComponentSerializer.html
SCR_PlayerFactionInfo	interfaceSCR__PlayerFactionInfo.html
SCR_PlayerHubAreaTriggerEntity	interfaceSCR__PlayerHubAreaTriggerEntity.html
SCR_PlayerHubAreaTriggerEntityClass	interfaceSCR__PlayerHubAreaTriggerEntityClass.html
SCR_PlayerHubWarningEditorUIComponent	interfaceSCR__PlayerHubWarningEditorUIComponent.html
SCR_PlayerIdentityUtils	interfaceSCR__PlayerIdentityUtils.html
SCR_PlayerLeaderRoleCallsign	interfaceSCR__PlayerLeaderRoleCallsign.html
SCR_PlayerList	interfaceSCR__PlayerList.html
SCR_PlayerListButtonNotificationUIComponent	interfaceSCR__PlayerListButtonNotificationUIComponent.html
SCR_PlayerListComboEntryData	interfaceSCR__PlayerListComboEntryData.html
SCR_PlayerListEntry	interfaceSCR__PlayerListEntry.html
SCR_PlayerListMenu	interfaceSCR__PlayerListMenu.html
SCR_PlayerListedAdminManagerComponent	interfaceSCR__PlayerListedAdminManagerComponent.html
SCR_PlayerListedAdminManagerComponentClass	interfaceSCR__PlayerListedAdminManagerComponentClass.html
SCR_PlayerLoadout	interfaceSCR__PlayerLoadout.html
SCR_PlayerLoadoutComponent	interfaceSCR__PlayerLoadoutComponent.html
SCR_PlayerLoadoutComponentClass	interfaceSCR__PlayerLoadoutComponentClass.html
SCR_PlayerLoadoutComponentSerializer	interfaceSCR__PlayerLoadoutComponentSerializer.html
SCR_PlayerLoadoutData	interfaceSCR__PlayerLoadoutData.html
SCR_PlayerLoadoutInfo	interfaceSCR__PlayerLoadoutInfo.html
SCR_PlayerModesEditorAttribute	interfaceSCR__PlayerModesEditorAttribute.html
SCR_PlayerName	interfaceSCR__PlayerName.html
SCR_PlayerNamesFilterCache	interfaceSCR__PlayerNamesFilterCache.html
SCR_PlayerProfile	interfaceSCR__PlayerProfile.html
SCR_PlayerProfileDialogUI	interfaceSCR__PlayerProfileDialogUI.html
SCR_PlayerProfileManagerComponent	interfaceSCR__PlayerProfileManagerComponent.html
SCR_PlayerProfileManagerComponentClass	interfaceSCR__PlayerProfileManagerComponentClass.html
SCR_PlayerRadioSpawnPoint	interfaceSCR__PlayerRadioSpawnPoint.html
SCR_PlayerRadioSpawnPointCampaign	interfaceSCR__PlayerRadioSpawnPointCampaign.html
SCR_PlayerRadioSpawnPointCampaignClass	interfaceSCR__PlayerRadioSpawnPointCampaignClass.html
SCR_PlayerRadioSpawnPointClass	interfaceSCR__PlayerRadioSpawnPointClass.html
SCR_PlayerReconnectData	interfaceSCR__PlayerReconnectData.html
SCR_PlayerReconnectDataSerializer	interfaceSCR__PlayerReconnectDataSerializer.html
SCR_PlayerRestrictionZoneData	interfaceSCR__PlayerRestrictionZoneData.html
SCR_PlayerRestrictionZoneWarningComponent	interfaceSCR__PlayerRestrictionZoneWarningComponent.html
SCR_PlayerRestrictionZoneWarningComponentClass	interfaceSCR__PlayerRestrictionZoneWarningComponentClass.html
SCR_PlayerScoreInfoFiringRange	interfaceSCR__PlayerScoreInfoFiringRange.html
SCR_PlayerSpawnPoint	interfaceSCR__PlayerSpawnPoint.html
SCR_PlayerSpawnPointClass	interfaceSCR__PlayerSpawnPointClass.html
SCR_PlayerSpawnPointManagerComponent	interfaceSCR__PlayerSpawnPointManagerComponent.html
SCR_PlayerSpawnPointManagerComponentClass	interfaceSCR__PlayerSpawnPointManagerComponentClass.html
SCR_PlayerSpawnPointManagerComponentSerializer	interfaceSCR__PlayerSpawnPointManagerComponentSerializer.html
SCR_PlayerSupplyAllocationComponent	interfaceSCR__PlayerSupplyAllocationComponent.html
SCR_PlayerSupplyAllocationComponentClass	interfaceSCR__PlayerSupplyAllocationComponentClass.html
SCR_PlayerSupplyAllocationComponentSerializer	interfaceSCR__PlayerSupplyAllocationComponentSerializer.html
SCR_PlayerSupplyAllocationItemHintUIInfo	interfaceSCR__PlayerSupplyAllocationItemHintUIInfo.html
SCR_PlayerSupplyAllocationUI	interfaceSCR__PlayerSupplyAllocationUI.html
SCR_PlayerTeleportFeedbackUIComponent	interfaceSCR__PlayerTeleportFeedbackUIComponent.html
SCR_PlayerTeleportedFeedbackComponent	interfaceSCR__PlayerTeleportedFeedbackComponent.html
SCR_PlayerTeleportedFeedbackComponentClass	interfaceSCR__PlayerTeleportedFeedbackComponentClass.html
SCR_PlayerTileButtonComponent	interfaceSCR__PlayerTileButtonComponent.html
SCR_PlayerToolbarItemEditorUIComponent	interfaceSCR__PlayerToolbarItemEditorUIComponent.html
SCR_PlayerUIInfo	interfaceSCR__PlayerUIInfo.html
SCR_PlayerXPHandlerComponent	interfaceSCR__PlayerXPHandlerComponent.html
SCR_PlayerXPHandlerComponentClass	interfaceSCR__PlayerXPHandlerComponentClass.html
SCR_PlayerXPHandlerComponentSerializer	interfaceSCR__PlayerXPHandlerComponentSerializer.html
SCR_PlayersListEditorUIComponent	interfaceSCR__PlayersListEditorUIComponent.html
SCR_PlayersListEntryEditorUIComponent	interfaceSCR__PlayersListEntryEditorUIComponent.html
SCR_PlayersManagerEditorComponent	interfaceSCR__PlayersManagerEditorComponent.html
SCR_PlayersManagerEditorComponentClass	interfaceSCR__PlayersManagerEditorComponentClass.html
SCR_PlayersPresentTriggerEntity	interfaceSCR__PlayersPresentTriggerEntity.html
SCR_PlayersPresentTriggerEntityClass	interfaceSCR__PlayersPresentTriggerEntityClass.html
SCR_PlayersRestrictionZoneManagerComponent	interfaceSCR__PlayersRestrictionZoneManagerComponent.html
SCR_PlayersRestrictionZoneManagerComponentClass	interfaceSCR__PlayersRestrictionZoneManagerComponentClass.html
SCR_PluginCategory	interfaceSCR__PluginCategory.html
SCR_PoisonDamageEffect	interfaceSCR__PoisonDamageEffect.html
SCR_PoisonScreenEffect	interfaceSCR__PoisonScreenEffect.html
SCR_PoleCable	interfaceSCR__PoleCable.html
SCR_PoleCableSlot	interfaceSCR__PoleCableSlot.html
SCR_PoleCableSlotGroup	interfaceSCR__PoleCableSlotGroup.html
SCR_PooledListComponent	interfaceSCR__PooledListComponent.html
SCR_PooledServerListComponent	interfaceSCR__PooledServerListComponent.html
SCR_PopUpNotification	interfaceSCR__PopUpNotification.html
SCR_PopUpNotificationClass	interfaceSCR__PopUpNotificationClass.html
SCR_PopupMessage	interfaceSCR__PopupMessage.html
SCR_Position	interfaceSCR__Position.html
SCR_PositionClass	interfaceSCR__PositionClass.html
SCR_PositionEditorAttribute	interfaceSCR__PositionEditorAttribute.html
SCR_PositionEditorAttributeUIComponent	interfaceSCR__PositionEditorAttributeUIComponent.html
SCR_PositionSoundGroup	interfaceSCR__PositionSoundGroup.html
SCR_PositionalAmbientLeafParticles	interfaceSCR__PositionalAmbientLeafParticles.html
SCR_PositionalGenericInsect	interfaceSCR__PositionalGenericInsect.html
SCR_PositionalInsectType	interfaceSCR__PositionalInsectType.html
SCR_PositionalLightSourceInsect	interfaceSCR__PositionalLightSourceInsect.html
SCR_PossessSpawnData	interfaceSCR__PossessSpawnData.html
SCR_PossessSpawnHandlerComponent	interfaceSCR__PossessSpawnHandlerComponent.html
SCR_PossessSpawnHandlerComponentClass	interfaceSCR__PossessSpawnHandlerComponentClass.html
SCR_PossessSpawnRequestComponent	interfaceSCR__PossessSpawnRequestComponent.html
SCR_PossessSpawnRequestComponentClass	interfaceSCR__PossessSpawnRequestComponentClass.html
SCR_PossessingManagerComponent	interfaceSCR__PossessingManagerComponent.html
SCR_PossessingManagerComponentClass	interfaceSCR__PossessingManagerComponentClass.html
SCR_PostGameGameModeStateComponent	interfaceSCR__PostGameGameModeStateComponent.html
SCR_PostGameGameModeStateComponentClass	interfaceSCR__PostGameGameModeStateComponentClass.html
SCR_PostProcessCameraComponent	interfaceSCR__PostProcessCameraComponent.html
SCR_PostProcessCameraComponentClass	interfaceSCR__PostProcessCameraComponentClass.html
SCR_PowerComponent	interfaceSCR__PowerComponent.html
SCR_PowerComponentClass	interfaceSCR__PowerComponentClass.html
SCR_PowerLineJointEntity	interfaceSCR__PowerLineJointEntity.html
SCR_PowerLineJointEntityClass	interfaceSCR__PowerLineJointEntityClass.html
SCR_PowerPole	interfaceSCR__PowerPole.html
SCR_PowerPoleClass	interfaceSCR__PowerPoleClass.html
SCR_PowerPoleSlot	interfaceSCR__PowerPoleSlot.html
SCR_PowerPoleSlotBase	interfaceSCR__PowerPoleSlotBase.html
SCR_PowerPoleSlotSingle	interfaceSCR__PowerPoleSlotSingle.html
SCR_PowerlineGeneratorEntity	interfaceSCR__PowerlineGeneratorEntity.html
SCR_PowerlineGeneratorEntityClass	interfaceSCR__PowerlineGeneratorEntityClass.html
SCR_PowerlineGeneratorJunctionData	interfaceSCR__PowerlineGeneratorJunctionData.html
SCR_PowerlineGeneratorPointData	interfaceSCR__PowerlineGeneratorPointData.html
SCR_PowerlinePropsConfig	interfaceSCR__PowerlinePropsConfig.html
SCR_PowerlineTypeProps	interfaceSCR__PowerlineTypeProps.html
SCR_PowerlineViewTitle	interfaceSCR__PowerlineViewTitle.html
SCR_PreGameGameModeStateComponent	interfaceSCR__PreGameGameModeStateComponent.html
SCR_PreGameGameModeStateComponentClass	interfaceSCR__PreGameGameModeStateComponentClass.html
SCR_PrefabBoneSnappingTool	interfaceSCR__PrefabBoneSnappingTool.html
SCR_PrefabCategory	interfaceSCR__PrefabCategory.html
SCR_PrefabDataPredicate	interfaceSCR__PrefabDataPredicate.html
SCR_PrefabDeleterEntity	interfaceSCR__PrefabDeleterEntity.html
SCR_PrefabDeleterEntityClass	interfaceSCR__PrefabDeleterEntityClass.html
SCR_PrefabEditingPlugin	interfaceSCR__PrefabEditingPlugin.html
SCR_PrefabEditingPluginBase	interfaceSCR__PrefabEditingPluginBase.html
SCR_PrefabEditingPluginResourceManager	interfaceSCR__PrefabEditingPluginResourceManager.html
SCR_PrefabGeneratorAssetPoint	interfaceSCR__PrefabGeneratorAssetPoint.html
SCR_PrefabGeneratorPointMeta	interfaceSCR__PrefabGeneratorPointMeta.html
SCR_PrefabHelper	interfaceSCR__PrefabHelper.html
SCR_PrefabHelper_Structure	interfaceSCR__PrefabHelper__Structure.html
SCR_PrefabHelper_StructureDirectory	interfaceSCR__PrefabHelper__StructureDirectory.html
SCR_PrefabHelper_StructureFile	interfaceSCR__PrefabHelper__StructureFile.html
SCR_PrefabManagementTool	interfaceSCR__PrefabManagementTool.html
SCR_PrefabNamePredicate	interfaceSCR__PrefabNamePredicate.html
SCR_PrefabPreviewEntity	interfaceSCR__PrefabPreviewEntity.html
SCR_PrefabPreviewEntityClass	interfaceSCR__PrefabPreviewEntityClass.html
SCR_PrefabSpawnCallback	interfaceSCR__PrefabSpawnCallback.html
SCR_PrefabSpawnPoint	interfaceSCR__PrefabSpawnPoint.html
SCR_PrefabSpawnPointClass	interfaceSCR__PrefabSpawnPointClass.html
SCR_PrefabSpawnable	interfaceSCR__PrefabSpawnable.html
SCR_PrefabStructureCreationPlugin	interfaceSCR__PrefabStructureCreationPlugin.html
SCR_PrefabStructureFillingPlugin	interfaceSCR__PrefabStructureFillingPlugin.html
SCR_PrefabStructureFillingPlugin_Car	interfaceSCR__PrefabStructureFillingPlugin__Car.html
SCR_PrefabStructureFillingPlugin_TypeBase	interfaceSCR__PrefabStructureFillingPlugin__TypeBase.html
SCR_PrefabStructureFillingPlugin_TypeSelection	interfaceSCR__PrefabStructureFillingPlugin__TypeSelection.html
SCR_PrefabTemplateClassCheckPlugin	interfaceSCR__PrefabTemplateClassCheckPlugin.html
SCR_PrefabValidatorPlugin	interfaceSCR__PrefabValidatorPlugin.html
SCR_PrefabsCacheEditorComponent	interfaceSCR__PrefabsCacheEditorComponent.html
SCR_PrefabsCacheEditorComponentClass	interfaceSCR__PrefabsCacheEditorComponentClass.html
SCR_PrefabsCategory	interfaceSCR__PrefabsCategory.html
SCR_PrefabsSpawner	interfaceSCR__PrefabsSpawner.html
SCR_PrefabsSpawnerManager	interfaceSCR__PrefabsSpawnerManager.html
SCR_PrefabsSpawnerManagerClass	interfaceSCR__PrefabsSpawnerManagerClass.html
SCR_PreloadScreenComponent	interfaceSCR__PreloadScreenComponent.html
SCR_PressureTriggerComponent	interfaceSCR__PressureTriggerComponent.html
SCR_PressureTriggerComponentClass	interfaceSCR__PressureTriggerComponentClass.html
SCR_PreviewEditableEntityFilter	interfaceSCR__PreviewEditableEntityFilter.html
SCR_PreviewEntity	interfaceSCR__PreviewEntity.html
SCR_PreviewEntityClass	interfaceSCR__PreviewEntityClass.html
SCR_PreviewEntityComponent	interfaceSCR__PreviewEntityComponent.html
SCR_PreviewEntityComponentClass	interfaceSCR__PreviewEntityComponentClass.html
SCR_PreviewEntityEditorComponent	interfaceSCR__PreviewEntityEditorComponent.html
SCR_PreviewEntityEditorComponentClass	interfaceSCR__PreviewEntityEditorComponentClass.html
SCR_PreviewEntityEditorUIComponent	interfaceSCR__PreviewEntityEditorUIComponent.html
SCR_PreviewRichText	interfaceSCR__PreviewRichText.html
SCR_PrivacyPolicy	interfaceSCR__PrivacyPolicy.html
SCR_ProfaneFilter	interfaceSCR__ProfaneFilter.html
SCR_ProfanityFilterRequestCallback	interfaceSCR__ProfanityFilterRequestCallback.html
SCR_ProfileSuperMenu	interfaceSCR__ProfileSuperMenu.html
SCR_ProgressBarColorsEntry	interfaceSCR__ProgressBarColorsEntry.html
SCR_ProgressBarColorsUIComponent	interfaceSCR__ProgressBarColorsUIComponent.html
SCR_ProgressBarWithInactiveColor	interfaceSCR__ProgressBarWithInactiveColor.html
SCR_ProgressBarWithSegments	interfaceSCR__ProgressBarWithSegments.html
SCR_ProgressDialog	interfaceSCR__ProgressDialog.html
SCR_ProjectileWindData	interfaceSCR__ProjectileWindData.html
SCR_ProjectileWindTable	interfaceSCR__ProjectileWindTable.html
SCR_ProjectileWindageDataGeneratorPlugin	interfaceSCR__ProjectileWindageDataGeneratorPlugin.html
SCR_PublishSaveDialog	interfaceSCR__PublishSaveDialog.html
SCR_PulsateUIComponent	interfaceSCR__PulsateUIComponent.html
SCR_PunishKillingWhenDesguisedEditorAttribute	interfaceSCR__PunishKillingWhenDesguisedEditorAttribute.html
SCR_PushVehicleAction	interfaceSCR__PushVehicleAction.html
SCR_QRFGroupConfig	interfaceSCR__QRFGroupConfig.html
SCR_QRFSpawnSafeZone	interfaceSCR__QRFSpawnSafeZone.html
SCR_QRFTypeMaxDistance	interfaceSCR__QRFTypeMaxDistance.html
SCR_QRFVehicleSpawnConfig	interfaceSCR__QRFVehicleSpawnConfig.html
SCR_QRFWaypointConfig	interfaceSCR__QRFWaypointConfig.html
SCR_QuickPlacingEditorUIComponent	interfaceSCR__QuickPlacingEditorUIComponent.html
SCR_QuickSlotRefreshCB	interfaceSCR__QuickSlotRefreshCB.html
SCR_QuickslotBaseContainer	interfaceSCR__QuickslotBaseContainer.html
SCR_QuickslotCommandContainer	interfaceSCR__QuickslotCommandContainer.html
SCR_QuickslotEntityContainer	interfaceSCR__QuickslotEntityContainer.html
SCR_RadialMenu	interfaceSCR__RadialMenu.html
SCR_RadialMenuActiveActionCondition	interfaceSCR__RadialMenuActiveActionCondition.html
SCR_RadialMenuController	interfaceSCR__RadialMenuController.html
SCR_RadialMenuControllerInputs	interfaceSCR__RadialMenuControllerInputs.html
SCR_RadialMenuDisplay	interfaceSCR__RadialMenuDisplay.html
SCR_RadialMenuGameModeComponent	interfaceSCR__RadialMenuGameModeComponent.html
SCR_RadialMenuGameModeComponentClass	interfaceSCR__RadialMenuGameModeComponentClass.html
SCR_RadialMenuIcons	interfaceSCR__RadialMenuIcons.html
SCR_RadialMenuInputs	interfaceSCR__RadialMenuInputs.html
SCR_RadialMenuItemsComponent	interfaceSCR__RadialMenuItemsComponent.html
SCR_RadialMenuItemsComponentClass	interfaceSCR__RadialMenuItemsComponentClass.html
SCR_RadialMenuNumberHintComponent	interfaceSCR__RadialMenuNumberHintComponent.html
SCR_RadialMenuPair	interfaceSCR__RadialMenuPair.html
SCR_RadialMenuSegmentComponent	interfaceSCR__RadialMenuSegmentComponent.html
SCR_RadialMenuTypeActiveActionCondition	interfaceSCR__RadialMenuTypeActiveActionCondition.html
SCR_RadialMenuWidgetPairList	interfaceSCR__RadialMenuWidgetPairList.html
SCR_RadialProgressBarUIComponent	interfaceSCR__RadialProgressBarUIComponent.html
SCR_RadioBaseUserAction	interfaceSCR__RadioBaseUserAction.html
SCR_RadioComponent	interfaceSCR__RadioComponent.html
SCR_RadioComponentClass	interfaceSCR__RadioComponentClass.html
SCR_RadioCoverageMapDescriptorComponent	interfaceSCR__RadioCoverageMapDescriptorComponent.html
SCR_RadioCoverageMapDescriptorComponentClass	interfaceSCR__RadioCoverageMapDescriptorComponentClass.html
SCR_RadioCoverageSystem	interfaceSCR__RadioCoverageSystem.html
SCR_RadioOperatorRoleCallsign	interfaceSCR__RadioOperatorRoleCallsign.html
SCR_RadioProcAnimCtx	interfaceSCR__RadioProcAnimCtx.html
SCR_RadioRelayBuildingDisassemblyUserAction	interfaceSCR__RadioRelayBuildingDisassemblyUserAction.html
SCR_RadioToggleUserAction	interfaceSCR__RadioToggleUserAction.html
SCR_RadioTuningUserAction	interfaceSCR__RadioTuningUserAction.html
SCR_RadioVehicleSpawnPoint	interfaceSCR__RadioVehicleSpawnPoint.html
SCR_RadioVehicleSpawnPointClass	interfaceSCR__RadioVehicleSpawnPointClass.html
SCR_RagdollFallDamageEffect	interfaceSCR__RagdollFallDamageEffect.html
SCR_RandomMessageGameOverScreenInfo	interfaceSCR__RandomMessageGameOverScreenInfo.html
SCR_RandomParticleSpawnable	interfaceSCR__RandomParticleSpawnable.html
SCR_RandomPositionalInsects	interfaceSCR__RandomPositionalInsects.html
SCR_RandomPositionalInsectsDef	interfaceSCR__RandomPositionalInsectsDef.html
SCR_RandomPositionalSounds	interfaceSCR__RandomPositionalSounds.html
SCR_RandomPositionalSoundsDef	interfaceSCR__RandomPositionalSoundsDef.html
SCR_RandomSpawnManagerComponent	interfaceSCR__RandomSpawnManagerComponent.html
SCR_RandomSpawnManagerComponentClass	interfaceSCR__RandomSpawnManagerComponentClass.html
SCR_RandomisationEditorData	interfaceSCR__RandomisationEditorData.html
SCR_RankContainer	interfaceSCR__RankContainer.html
SCR_RankInfo	interfaceSCR__RankInfo.html
SCR_RankInfoCampaign	interfaceSCR__RankInfoCampaign.html
SCR_Ray	interfaceSCR__Ray.html
SCR_RearmRequestedTaskEntity	interfaceSCR__RearmRequestedTaskEntity.html
SCR_RearmRequestedTaskEntityClass	interfaceSCR__RearmRequestedTaskEntityClass.html
SCR_RearmRocketPodsContextAction	interfaceSCR__RearmRocketPodsContextAction.html
SCR_RecentGames	interfaceSCR__RecentGames.html
SCR_RecoilCameraShakeParams	interfaceSCR__RecoilCameraShakeParams.html
SCR_RecoilCameraShakeProgress	interfaceSCR__RecoilCameraShakeProgress.html
SCR_RecoilForceAimModifier	interfaceSCR__RecoilForceAimModifier.html
SCR_ReconTaskEntity	interfaceSCR__ReconTaskEntity.html
SCR_ReconTaskEntityClass	interfaceSCR__ReconTaskEntityClass.html
SCR_ReconnectComponent	interfaceSCR__ReconnectComponent.html
SCR_ReconnectComponentClass	interfaceSCR__ReconnectComponentClass.html
SCR_ReconnectData	interfaceSCR__ReconnectData.html
SCR_ReconnectSynchronizationComponent	interfaceSCR__ReconnectSynchronizationComponent.html
SCR_ReconnectSynchronizationComponentClass	interfaceSCR__ReconnectSynchronizationComponentClass.html
SCR_RecruitAIGroupCommand	interfaceSCR__RecruitAIGroupCommand.html
SCR_Rect2D	interfaceSCR__Rect2D.html
SCR_RefPreviewEntity	interfaceSCR__RefPreviewEntity.html
SCR_RefPreviewEntityClass	interfaceSCR__RefPreviewEntityClass.html
SCR_RefillMagazineContextAction	interfaceSCR__RefillMagazineContextAction.html
SCR_ReforgerEngineSettingsPlugin	interfaceSCR__ReforgerEngineSettingsPlugin.html
SCR_ReforgerGameSettingsPlugin	interfaceSCR__ReforgerGameSettingsPlugin.html
SCR_RefuelAtSupportStationAction	interfaceSCR__RefuelAtSupportStationAction.html
SCR_RefuelContextAction	interfaceSCR__RefuelContextAction.html
SCR_RefundPylonSupportStationAction	interfaceSCR__RefundPylonSupportStationAction.html
SCR_RefundVehicleAmmoSupportStationAction	interfaceSCR__RefundVehicleAmmoSupportStationAction.html
SCR_RegeneratingHitZone	interfaceSCR__RegeneratingHitZone.html
SCR_RegenerationScreenEffect	interfaceSCR__RegenerationScreenEffect.html
SCR_RegionIntersectDebrisEntity	interfaceSCR__RegionIntersectDebrisEntity.html
SCR_RegionIntersectDebrisEntityClass	interfaceSCR__RegionIntersectDebrisEntityClass.html
SCR_RegionalDestructionManager	interfaceSCR__RegionalDestructionManager.html
SCR_RegionalDestructionManagerClass	interfaceSCR__RegionalDestructionManagerClass.html
SCR_RegisterPlaceableEntitiesPlugin	interfaceSCR__RegisterPlaceableEntitiesPlugin.html
SCR_ReinforceRequestedTaskEntity	interfaceSCR__ReinforceRequestedTaskEntity.html
SCR_ReinforceRequestedTaskEntityClass	interfaceSCR__ReinforceRequestedTaskEntityClass.html
SCR_RejoinDialog	interfaceSCR__RejoinDialog.html
SCR_RemoteDetonatorAction	interfaceSCR__RemoteDetonatorAction.html
SCR_RemoveAIGroupCommand	interfaceSCR__RemoveAIGroupCommand.html
SCR_RemoveBleedCharacterContextAction	interfaceSCR__RemoveBleedCharacterContextAction.html
SCR_RemoveCasualtyUserAction	interfaceSCR__RemoveCasualtyUserAction.html
SCR_RemoveEquippedWeapon	interfaceSCR__RemoveEquippedWeapon.html
SCR_RemoveTarget	interfaceSCR__RemoveTarget.html
SCR_RemoveWeaponContextAction	interfaceSCR__RemoveWeaponContextAction.html
SCR_RenderedEditableEntityFilter	interfaceSCR__RenderedEditableEntityFilter.html
SCR_RepairAtSupportStationAction	interfaceSCR__RepairAtSupportStationAction.html
SCR_RepairConfig	interfaceSCR__RepairConfig.html
SCR_RepairRequestedTaskEntity	interfaceSCR__RepairRequestedTaskEntity.html
SCR_RepairRequestedTaskEntityClass	interfaceSCR__RepairRequestedTaskEntityClass.html
SCR_RepairSupportStationComponent	interfaceSCR__RepairSupportStationComponent.html
SCR_RepairSupportStationComponentClass	interfaceSCR__RepairSupportStationComponentClass.html
SCR_RepeatingParticleEffectEntity	interfaceSCR__RepeatingParticleEffectEntity.html
SCR_RepeatingParticleEffectEntityClass	interfaceSCR__RepeatingParticleEffectEntityClass.html
SCR_ReplaceWheelUserAction	interfaceSCR__ReplaceWheelUserAction.html
SCR_ReplaceWithContextAction	interfaceSCR__ReplaceWithContextAction.html
SCR_ReplicatedParticleEffectEntity	interfaceSCR__ReplicatedParticleEffectEntity.html
SCR_ReplicatedParticleEffectEntityClass	interfaceSCR__ReplicatedParticleEffectEntityClass.html
SCR_ReportPlayerDialog	interfaceSCR__ReportPlayerDialog.html
SCR_ReportReasonComponent	interfaceSCR__ReportReasonComponent.html
SCR_ReportedAddonsDialog	interfaceSCR__ReportedAddonsDialog.html
SCR_RequestToJoinSubmenu	interfaceSCR__RequestToJoinSubmenu.html
SCR_RequestedTaskNotificationComponent	interfaceSCR__RequestedTaskNotificationComponent.html
SCR_RequestedTaskNotificationComponentClass	interfaceSCR__RequestedTaskNotificationComponentClass.html
SCR_RequestedTaskUIColorPresetList	interfaceSCR__RequestedTaskUIColorPresetList.html
SCR_RequestedTaskUIInfo	interfaceSCR__RequestedTaskUIInfo.html
SCR_RequiredDeployablePart	interfaceSCR__RequiredDeployablePart.html
SCR_ResetEditorComponentsToolbarAction	interfaceSCR__ResetEditorComponentsToolbarAction.html
SCR_ResourceActor	interfaceSCR__ResourceActor.html
SCR_ResourceActorLinkComponent	interfaceSCR__ResourceActorLinkComponent.html
SCR_ResourceActorLinkComponentClass	interfaceSCR__ResourceActorLinkComponentClass.html
SCR_ResourceAvailableTooltipDetail	interfaceSCR__ResourceAvailableTooltipDetail.html
SCR_ResourceComponent	interfaceSCR__ResourceComponent.html
SCR_ResourceComponentClass	interfaceSCR__ResourceComponentClass.html
SCR_ResourceComponentSerializer	interfaceSCR__ResourceComponentSerializer.html
SCR_ResourceConsumer	interfaceSCR__ResourceConsumer.html
SCR_ResourceConsumerContainerQueue	interfaceSCR__ResourceConsumerContainerQueue.html
SCR_ResourceConsumerContainerStorageQueue	interfaceSCR__ResourceConsumerContainerStorageQueue.html
SCR_ResourceConsumerContainerStorageQueueExtended	interfaceSCR__ResourceConsumerContainerStorageQueueExtended.html
SCR_ResourceConsumerMilitaryBase	interfaceSCR__ResourceConsumerMilitaryBase.html
SCR_ResourceConsumerServicePoint	interfaceSCR__ResourceConsumerServicePoint.html
SCR_ResourceConsumerStoragePolicy	interfaceSCR__ResourceConsumerStoragePolicy.html
SCR_ResourceConsumerStoragePolicyGeneric	interfaceSCR__ResourceConsumerStoragePolicyGeneric.html
SCR_ResourceConsumtionResponse	interfaceSCR__ResourceConsumtionResponse.html
SCR_ResourceContainer	interfaceSCR__ResourceContainer.html
SCR_ResourceContainerItemData	interfaceSCR__ResourceContainerItemData.html
SCR_ResourceContainerQueue	interfaceSCR__ResourceContainerQueue.html
SCR_ResourceContainerQueueBase	interfaceSCR__ResourceContainerQueueBase.html
SCR_ResourceContainerStorageQueue	interfaceSCR__ResourceContainerStorageQueue.html
SCR_ResourceContainerStoreAction	interfaceSCR__ResourceContainerStoreAction.html
SCR_ResourceContainerVehicleLoadAction	interfaceSCR__ResourceContainerVehicleLoadAction.html
SCR_ResourceContainerVehicleUnloadAction	interfaceSCR__ResourceContainerVehicleUnloadAction.html
SCR_ResourceContainerVirtual	interfaceSCR__ResourceContainerVirtual.html
SCR_ResourceEncapsulator	interfaceSCR__ResourceEncapsulator.html
SCR_ResourceEncapsulatorActionBase	interfaceSCR__ResourceEncapsulatorActionBase.html
SCR_ResourceEncapsulatorActionChangeDecay	interfaceSCR__ResourceEncapsulatorActionChangeDecay.html
SCR_ResourceEncapsulatorActionChangeGain	interfaceSCR__ResourceEncapsulatorActionChangeGain.html
SCR_ResourceEncapsulatorActionChangeOnEmptyBehavior	interfaceSCR__ResourceEncapsulatorActionChangeOnEmptyBehavior.html
SCR_ResourceEncapsulatorActionChangeResourceValue	interfaceSCR__ResourceEncapsulatorActionChangeResourceValue.html
SCR_ResourceEncapsulatorActionChangeRights	interfaceSCR__ResourceEncapsulatorActionChangeRights.html
SCR_ResourceEncapsulatorActionDisableInventoryStorage	interfaceSCR__ResourceEncapsulatorActionDisableInventoryStorage.html
SCR_ResourceEncapsulatorActionDisableUserActions	interfaceSCR__ResourceEncapsulatorActionDisableUserActions.html
SCR_ResourceEncapsulatorActionTypeTitle	interfaceSCR__ResourceEncapsulatorActionTypeTitle.html
SCR_ResourceEncapsulatorAssimilated	interfaceSCR__ResourceEncapsulatorAssimilated.html
SCR_ResourceEncapsulatorContainerQueue	interfaceSCR__ResourceEncapsulatorContainerQueue.html
SCR_ResourceEncapsulatorContainerStorageQueue	interfaceSCR__ResourceEncapsulatorContainerStorageQueue.html
SCR_ResourceEncapsulatorContainerStorageQueueExtended	interfaceSCR__ResourceEncapsulatorContainerStorageQueueExtended.html
SCR_ResourceEncapsulatorDelegated	interfaceSCR__ResourceEncapsulatorDelegated.html
SCR_ResourceEncapsulatorStoragePolicy	interfaceSCR__ResourceEncapsulatorStoragePolicy.html
SCR_ResourceEncapsulatorStoragePolicyGeneric	interfaceSCR__ResourceEncapsulatorStoragePolicyGeneric.html
SCR_ResourceEntityRefundAction	interfaceSCR__ResourceEntityRefundAction.html
SCR_ResourceGenerationResponse	interfaceSCR__ResourceGenerationResponse.html
SCR_ResourceGenerator	interfaceSCR__ResourceGenerator.html
SCR_ResourceGeneratorActionBase	interfaceSCR__ResourceGeneratorActionBase.html
SCR_ResourceGeneratorActionDropContainers	interfaceSCR__ResourceGeneratorActionDropContainers.html
SCR_ResourceGeneratorActionStore	interfaceSCR__ResourceGeneratorActionStore.html
SCR_ResourceGeneratorContainerQueue	interfaceSCR__ResourceGeneratorContainerQueue.html
SCR_ResourceGeneratorContainerStorageQueue	interfaceSCR__ResourceGeneratorContainerStorageQueue.html
SCR_ResourceGeneratorContainerStorageQueueExtended	interfaceSCR__ResourceGeneratorContainerStorageQueueExtended.html
SCR_ResourceGeneratorMilitaryBase	interfaceSCR__ResourceGeneratorMilitaryBase.html
SCR_ResourceGeneratorServicePoint	interfaceSCR__ResourceGeneratorServicePoint.html
SCR_ResourceGeneratorStoragePolicy	interfaceSCR__ResourceGeneratorStoragePolicy.html
SCR_ResourceGeneratorStoragePolicyGeneric	interfaceSCR__ResourceGeneratorStoragePolicyGeneric.html
SCR_ResourceGrid	interfaceSCR__ResourceGrid.html
SCR_ResourceInteractor	interfaceSCR__ResourceInteractor.html
SCR_ResourceNamePredicate	interfaceSCR__ResourceNamePredicate.html
SCR_ResourceNameUtils	interfaceSCR__ResourceNameUtils.html
SCR_ResourcePlayerControllerInventoryComponent	interfaceSCR__ResourcePlayerControllerInventoryComponent.html
SCR_ResourceStorageOpenAction	interfaceSCR__ResourceStorageOpenAction.html
SCR_ResourceStoragePolicyBase	interfaceSCR__ResourceStoragePolicyBase.html
SCR_ResourceStorageTooltipDetail	interfaceSCR__ResourceStorageTooltipDetail.html
SCR_ResourceStorageTypeTitle	interfaceSCR__ResourceStorageTypeTitle.html
SCR_ResourceStoredContainerStoragePartialHelper	interfaceSCR__ResourceStoredContainerStoragePartialHelper.html
SCR_ResourceSystem	interfaceSCR__ResourceSystem.html
SCR_ResourceSystemHelper	interfaceSCR__ResourceSystemHelper.html
SCR_ResourceSystemSubscriptionHandle	interfaceSCR__ResourceSystemSubscriptionHandle.html
SCR_ResourceSystemSubscriptionHandleBase	interfaceSCR__ResourceSystemSubscriptionHandleBase.html
SCR_ResourceSystemSubscriptionListing	interfaceSCR__ResourceSystemSubscriptionListing.html
SCR_ResourceSystemSubscriptionManager	interfaceSCR__ResourceSystemSubscriptionManager.html
SCR_RespawnBriefingComponent	interfaceSCR__RespawnBriefingComponent.html
SCR_RespawnBriefingComponentClass	interfaceSCR__RespawnBriefingComponentClass.html
SCR_RespawnComponent	interfaceSCR__RespawnComponent.html
SCR_RespawnComponentClass	interfaceSCR__RespawnComponentClass.html
SCR_RespawnEnabledEditorAttribute	interfaceSCR__RespawnEnabledEditorAttribute.html
SCR_RespawnMenuWidgetHandler	interfaceSCR__RespawnMenuWidgetHandler.html
SCR_RespawnMusic	interfaceSCR__RespawnMusic.html
SCR_RespawnSystemComponent	interfaceSCR__RespawnSystemComponent.html
SCR_RespawnSystemComponentClass	interfaceSCR__RespawnSystemComponentClass.html
SCR_RespawnSystemComponentSerializer	interfaceSCR__RespawnSystemComponentSerializer.html
SCR_RespawnTicketsEditorAttribute	interfaceSCR__RespawnTicketsEditorAttribute.html
SCR_RespawnTimeEditorAttribute	interfaceSCR__RespawnTimeEditorAttribute.html
SCR_RespawnTimer	interfaceSCR__RespawnTimer.html
SCR_RespawnTimerComponent	interfaceSCR__RespawnTimerComponent.html
SCR_RespawnTimerComponentClass	interfaceSCR__RespawnTimerComponentClass.html
SCR_RestoreEditorModesComponent	interfaceSCR__RestoreEditorModesComponent.html
SCR_RestoreEditorModesComponentClass	interfaceSCR__RestoreEditorModesComponentClass.html
SCR_RestrictedDeployableSpawnPoint	interfaceSCR__RestrictedDeployableSpawnPoint.html
SCR_RestrictedDeployableSpawnPointClass	interfaceSCR__RestrictedDeployableSpawnPointClass.html
SCR_RestrictedDeployableSpawnPointComponent	interfaceSCR__RestrictedDeployableSpawnPointComponent.html
SCR_RestrictedDeployableSpawnPointComponentClass	interfaceSCR__RestrictedDeployableSpawnPointComponentClass.html
SCR_RestrictedDeployableSpawnPointComponentSerializer	interfaceSCR__RestrictedDeployableSpawnPointComponentSerializer.html
SCR_RestrictionZoneWarningHUDComponent	interfaceSCR__RestrictionZoneWarningHUDComponent.html
SCR_RestrictionZoneWarningInfo	interfaceSCR__RestrictionZoneWarningInfo.html
SCR_ResupplyCampaignMilitaryBaseTaskEntity	interfaceSCR__ResupplyCampaignMilitaryBaseTaskEntity.html
SCR_ResupplyCampaignMilitaryBaseTaskEntityClass	interfaceSCR__ResupplyCampaignMilitaryBaseTaskEntityClass.html
SCR_ResupplyCatalogItemSupportStationData	interfaceSCR__ResupplyCatalogItemSupportStationData.html
SCR_ResupplyContextAction	interfaceSCR__ResupplyContextAction.html
SCR_ResupplyHeldWeaponSupportStationData	interfaceSCR__ResupplyHeldWeaponSupportStationData.html
SCR_ResupplyItemSupportStationData	interfaceSCR__ResupplyItemSupportStationData.html
SCR_ResupplyMagazinesCallback	interfaceSCR__ResupplyMagazinesCallback.html
SCR_ResupplyMedicalGadgetSupportStationComponent	interfaceSCR__ResupplyMedicalGadgetSupportStationComponent.html
SCR_ResupplyMedicalGadgetSupportStationComponentClass	interfaceSCR__ResupplyMedicalGadgetSupportStationComponentClass.html
SCR_ResupplyOtherSupportStationAction	interfaceSCR__ResupplyOtherSupportStationAction.html
SCR_ResupplyRocketPodSupportStationAction	interfaceSCR__ResupplyRocketPodSupportStationAction.html
SCR_ResupplySelfSupportStationAction	interfaceSCR__ResupplySelfSupportStationAction.html
SCR_ResupplySupportStationComponent	interfaceSCR__ResupplySupportStationComponent.html
SCR_ResupplySupportStationComponentClass	interfaceSCR__ResupplySupportStationComponentClass.html
SCR_ResupplySupportStationData	interfaceSCR__ResupplySupportStationData.html
SCR_ResupplyTaskCreator	interfaceSCR__ResupplyTaskCreator.html
SCR_ResupplyTaskSolver	interfaceSCR__ResupplyTaskSolver.html
SCR_ResupplyTaskSolverContext	interfaceSCR__ResupplyTaskSolverContext.html
SCR_ResupplyTaskSolverEntry	interfaceSCR__ResupplyTaskSolverEntry.html
SCR_ResupplyTurretBeltSupportStationAction	interfaceSCR__ResupplyTurretBeltSupportStationAction.html
SCR_ResupplyVehicleWeaponSupportStationAction	interfaceSCR__ResupplyVehicleWeaponSupportStationAction.html
SCR_ReticleColor	interfaceSCR__ReticleColor.html
SCR_RewindComponent	interfaceSCR__RewindComponent.html
SCR_RewindComponentClass	interfaceSCR__RewindComponentClass.html
SCR_RewindDialog	interfaceSCR__RewindDialog.html
SCR_RewindToolbarAction	interfaceSCR__RewindToolbarAction.html
SCR_RichTextTags	interfaceSCR__RichTextTags.html
SCR_RippleFireIntervalAction	interfaceSCR__RippleFireIntervalAction.html
SCR_RippleFireQuantityAction	interfaceSCR__RippleFireQuantityAction.html
SCR_RoadGeneratorEntity	interfaceSCR__RoadGeneratorEntity.html
SCR_RoadGeneratorEntityClass	interfaceSCR__RoadGeneratorEntityClass.html
SCR_RoadPropsConfig	interfaceSCR__RoadPropsConfig.html
SCR_RoadTypeProps	interfaceSCR__RoadTypeProps.html
SCR_RoadViewTitle	interfaceSCR__RoadViewTitle.html
SCR_RocketEjectorMuzzleComponent	interfaceSCR__RocketEjectorMuzzleComponent.html
SCR_RocketEjectorMuzzleComponentClass	interfaceSCR__RocketEjectorMuzzleComponentClass.html
SCR_RoleSelectionMenu	interfaceSCR__RoleSelectionMenu.html
SCR_RoomCallback	interfaceSCR__RoomCallback.html
SCR_RoomModsManager	interfaceSCR__RoomModsManager.html
SCR_RoomPasswordVerification	interfaceSCR__RoomPasswordVerification.html
SCR_RotateManualCameraComponent	interfaceSCR__RotateManualCameraComponent.html
SCR_RotateModifierManualCameraComponent	interfaceSCR__RotateModifierManualCameraComponent.html
SCR_RotateRollManualCameraComponent	interfaceSCR__RotateRollManualCameraComponent.html
SCR_RotationEditorAttribute	interfaceSCR__RotationEditorAttribute.html
SCR_RotationInertiaManualCameraComponent	interfaceSCR__RotationInertiaManualCameraComponent.html
SCR_RotorDamageManagerComponent	interfaceSCR__RotorDamageManagerComponent.html
SCR_RotorDamageManagerComponentClass	interfaceSCR__RotorDamageManagerComponentClass.html
SCR_RotorHitZone	interfaceSCR__RotorHitZone.html
SCR_RowTooltipEditorUIComponent	interfaceSCR__RowTooltipEditorUIComponent.html
SCR_RplTestComponent	interfaceSCR__RplTestComponent.html
SCR_RplTestComponentClass	interfaceSCR__RplTestComponentClass.html
SCR_RplTestComponentWrong	interfaceSCR__RplTestComponentWrong.html
SCR_RplTestComponentWrongClass	interfaceSCR__RplTestComponentWrongClass.html
SCR_RplTestEntity	interfaceSCR__RplTestEntity.html
SCR_RplTestEntityClass	interfaceSCR__RplTestEntityClass.html
SCR_RuinPrefabAssignerPlugin	interfaceSCR__RuinPrefabAssignerPlugin.html
SCR_RuinPrefabCreatorPlugin	interfaceSCR__RuinPrefabCreatorPlugin.html
SCR_SHPPrefabData	interfaceSCR__SHPPrefabData.html
SCR_SHPPrefabDataList	interfaceSCR__SHPPrefabDataList.html
SCR_SalineBagStorageSlot	interfaceSCR__SalineBagStorageSlot.html
SCR_SalineBagUserAction	interfaceSCR__SalineBagUserAction.html
SCR_SalineDamageEffect	interfaceSCR__SalineDamageEffect.html
SCR_SalineMovedCallback	interfaceSCR__SalineMovedCallback.html
SCR_SalinePredicate	interfaceSCR__SalinePredicate.html
SCR_SalineStorageComponent	interfaceSCR__SalineStorageComponent.html
SCR_SalineStorageComponentClass	interfaceSCR__SalineStorageComponentClass.html
SCR_SalvageVehicleSlotInfo	interfaceSCR__SalvageVehicleSlotInfo.html
SCR_SaveArsenalLoadout	interfaceSCR__SaveArsenalLoadout.html
SCR_SaveDialogUIComponent	interfaceSCR__SaveDialogUIComponent.html
SCR_SaveEditorUIComponent	interfaceSCR__SaveEditorUIComponent.html
SCR_SaveImageGalleryPickerComponent	interfaceSCR__SaveImageGalleryPickerComponent.html
SCR_SaveLoadEntryComponent	interfaceSCR__SaveLoadEntryComponent.html
SCR_SaveManualCameraComponent	interfaceSCR__SaveManualCameraComponent.html
SCR_SaveSessionToolbarAction	interfaceSCR__SaveSessionToolbarAction.html
SCR_SaveWarningComponent	interfaceSCR__SaveWarningComponent.html
SCR_SaveWidgets	interfaceSCR__SaveWidgets.html
SCR_SaveWorkshopManagerUI	interfaceSCR__SaveWorkshopManagerUI.html
SCR_Save_EntryWidgets	interfaceSCR__Save__EntryWidgets.html
SCR_ScenarioBackendImageComponent	interfaceSCR__ScenarioBackendImageComponent.html
SCR_ScenarioConfirmationDialogUi	interfaceSCR__ScenarioConfirmationDialogUi.html
SCR_ScenarioDetailsPanelComponent	interfaceSCR__ScenarioDetailsPanelComponent.html
SCR_ScenarioDialogs	interfaceSCR__ScenarioDialogs.html
SCR_ScenarioFrameworEntitykDamageStateCondition	interfaceSCR__ScenarioFrameworEntitykDamageStateCondition.html
SCR_ScenarioFrameworkADSCondition	interfaceSCR__ScenarioFrameworkADSCondition.html
SCR_ScenarioFrameworkAIAction	interfaceSCR__ScenarioFrameworkAIAction.html
SCR_ScenarioFrameworkAIActionChangeAttachedAI	interfaceSCR__ScenarioFrameworkAIActionChangeAttachedAI.html
SCR_ScenarioFrameworkAIActionDisableLOD	interfaceSCR__ScenarioFrameworkAIActionDisableLOD.html
SCR_ScenarioFrameworkAIActionEnableAI	interfaceSCR__ScenarioFrameworkAIActionEnableAI.html
SCR_ScenarioFrameworkAIActionJoinGroup	interfaceSCR__ScenarioFrameworkAIActionJoinGroup.html
SCR_ScenarioFrameworkAIActionMoveAIIntoVehicle	interfaceSCR__ScenarioFrameworkAIActionMoveAIIntoVehicle.html
SCR_ScenarioFrameworkAIActionOnAgentCountChanged	interfaceSCR__ScenarioFrameworkAIActionOnAgentCountChanged.html
SCR_ScenarioFrameworkAIActionOnAnimationWaypointStarted	interfaceSCR__ScenarioFrameworkAIActionOnAnimationWaypointStarted.html
SCR_ScenarioFrameworkAIActionOnThreatStateChanged	interfaceSCR__ScenarioFrameworkAIActionOnThreatStateChanged.html
SCR_ScenarioFrameworkAIActionOnWaypointCompleted	interfaceSCR__ScenarioFrameworkAIActionOnWaypointCompleted.html
SCR_ScenarioFrameworkAIActionSetCombatType	interfaceSCR__ScenarioFrameworkAIActionSetCombatType.html
SCR_ScenarioFrameworkAIActionSetFormation	interfaceSCR__ScenarioFrameworkAIActionSetFormation.html
SCR_ScenarioFrameworkAIActionSetGroupCombatMode	interfaceSCR__ScenarioFrameworkAIActionSetGroupCombatMode.html
SCR_ScenarioFrameworkAIActionSetHoldFire	interfaceSCR__ScenarioFrameworkAIActionSetHoldFire.html
SCR_ScenarioFrameworkAIActionSetMaxAutonomousDistance	interfaceSCR__ScenarioFrameworkAIActionSetMaxAutonomousDistance.html
SCR_ScenarioFrameworkAIActionSetPerceptionFactor	interfaceSCR__ScenarioFrameworkAIActionSetPerceptionFactor.html
SCR_ScenarioFrameworkAIActionSetRadioFrequency	interfaceSCR__ScenarioFrameworkAIActionSetRadioFrequency.html
SCR_ScenarioFrameworkAIActionSetSkill	interfaceSCR__ScenarioFrameworkAIActionSetSkill.html
SCR_ScenarioFrameworkAIActionShootFlare	interfaceSCR__ScenarioFrameworkAIActionShootFlare.html
SCR_ScenarioFrameworkAIActionSplitGroup	interfaceSCR__ScenarioFrameworkAIActionSplitGroup.html
SCR_ScenarioFrameworkAIActionToggleLights	interfaceSCR__ScenarioFrameworkAIActionToggleLights.html
SCR_ScenarioFrameworkAIAddDummyPriorityAction	interfaceSCR__ScenarioFrameworkAIAddDummyPriorityAction.html
SCR_ScenarioFrameworkAIAddSetting	interfaceSCR__ScenarioFrameworkAIAddSetting.html
SCR_ScenarioFrameworkAIAddWaypoint	interfaceSCR__ScenarioFrameworkAIAddWaypoint.html
SCR_ScenarioFrameworkAIFailDummyPriorityAction	interfaceSCR__ScenarioFrameworkAIFailDummyPriorityAction.html
SCR_ScenarioFrameworkAIThreatStateCondition	interfaceSCR__ScenarioFrameworkAIThreatStateCondition.html
SCR_ScenarioFrameworkActionAI	interfaceSCR__ScenarioFrameworkActionAI.html
SCR_ScenarioFrameworkActionAddItemToInventory	interfaceSCR__ScenarioFrameworkActionAddItemToInventory.html
SCR_ScenarioFrameworkActionAddNotoriety	interfaceSCR__ScenarioFrameworkActionAddNotoriety.html
SCR_ScenarioFrameworkActionAddScoreToCAHFaction	interfaceSCR__ScenarioFrameworkActionAddScoreToCAHFaction.html
SCR_ScenarioFrameworkActionAddTaskProgress	interfaceSCR__ScenarioFrameworkActionAddTaskProgress.html
SCR_ScenarioFrameworkActionAppendBriefingEntryText	interfaceSCR__ScenarioFrameworkActionAppendBriefingEntryText.html
SCR_ScenarioFrameworkActionAppendBriefingEntryTextBasedOnTask	interfaceSCR__ScenarioFrameworkActionAppendBriefingEntryTextBasedOnTask.html
SCR_ScenarioFrameworkActionAssignTask	interfaceSCR__ScenarioFrameworkActionAssignTask.html
SCR_ScenarioFrameworkActionAttachToSlotManager	interfaceSCR__ScenarioFrameworkActionAttachToSlotManager.html
SCR_ScenarioFrameworkActionAudioSystemPauseResume	interfaceSCR__ScenarioFrameworkActionAudioSystemPauseResume.html
SCR_ScenarioFrameworkActionAudioSystemSetMasterVolume	interfaceSCR__ScenarioFrameworkActionAudioSystemSetMasterVolume.html
SCR_ScenarioFrameworkActionBase	interfaceSCR__ScenarioFrameworkActionBase.html
SCR_ScenarioFrameworkActionBasedOnConditions	interfaceSCR__ScenarioFrameworkActionBasedOnConditions.html
SCR_ScenarioFrameworkActionCOKLocationSelector	interfaceSCR__ScenarioFrameworkActionCOKLocationSelector.html
SCR_ScenarioFrameworkActionCallAnimationCommand	interfaceSCR__ScenarioFrameworkActionCallAnimationCommand.html
SCR_ScenarioFrameworkActionChangeAllTaskState	interfaceSCR__ScenarioFrameworkActionChangeAllTaskState.html
SCR_ScenarioFrameworkActionChangeLayerActivationType	interfaceSCR__ScenarioFrameworkActionChangeLayerActivationType.html
SCR_ScenarioFrameworkActionChangeLayerTerminationStatus	interfaceSCR__ScenarioFrameworkActionChangeLayerTerminationStatus.html
SCR_ScenarioFrameworkActionChangeTaskIcon	interfaceSCR__ScenarioFrameworkActionChangeTaskIcon.html
SCR_ScenarioFrameworkActionChangeTaskOwnership	interfaceSCR__ScenarioFrameworkActionChangeTaskOwnership.html
SCR_ScenarioFrameworkActionChangeTaskState	interfaceSCR__ScenarioFrameworkActionChangeTaskState.html
SCR_ScenarioFrameworkActionChangeTaskTaskUIVisibility	interfaceSCR__ScenarioFrameworkActionChangeTaskTaskUIVisibility.html
SCR_ScenarioFrameworkActionChangeTaskTaskVisibility	interfaceSCR__ScenarioFrameworkActionChangeTaskTaskVisibility.html
SCR_ScenarioFrameworkActionChangeTaskTitleOrDescription	interfaceSCR__ScenarioFrameworkActionChangeTaskTitleOrDescription.html
SCR_ScenarioFrameworkActionChangeTime	interfaceSCR__ScenarioFrameworkActionChangeTime.html
SCR_ScenarioFrameworkActionChangeTriggerActivationPresence	interfaceSCR__ScenarioFrameworkActionChangeTriggerActivationPresence.html
SCR_ScenarioFrameworkActionChangeUserActionVisibility	interfaceSCR__ScenarioFrameworkActionChangeUserActionVisibility.html
SCR_ScenarioFrameworkActionChangeWeather	interfaceSCR__ScenarioFrameworkActionChangeWeather.html
SCR_ScenarioFrameworkActionCompareCounterAndExecute	interfaceSCR__ScenarioFrameworkActionCompareCounterAndExecute.html
SCR_ScenarioFrameworkActionCountInventoryItemsAndExecuteAction	interfaceSCR__ScenarioFrameworkActionCountInventoryItemsAndExecuteAction.html
SCR_ScenarioFrameworkActionDamageWheel	interfaceSCR__ScenarioFrameworkActionDamageWheel.html
SCR_ScenarioFrameworkActionDecreaseLogicCounter	interfaceSCR__ScenarioFrameworkActionDecreaseLogicCounter.html
SCR_ScenarioFrameworkActionDeleteEntity	interfaceSCR__ScenarioFrameworkActionDeleteEntity.html
SCR_ScenarioFrameworkActionDeleteMarker	interfaceSCR__ScenarioFrameworkActionDeleteMarker.html
SCR_ScenarioFrameworkActionDestruction	interfaceSCR__ScenarioFrameworkActionDestruction.html
SCR_ScenarioFrameworkActionEnableDamageHandling	interfaceSCR__ScenarioFrameworkActionEnableDamageHandling.html
SCR_ScenarioFrameworkActionEndMission	interfaceSCR__ScenarioFrameworkActionEndMission.html
SCR_ScenarioFrameworkActionEventOnProjectileShot	interfaceSCR__ScenarioFrameworkActionEventOnProjectileShot.html
SCR_ScenarioFrameworkActionExecuteFunction	interfaceSCR__ScenarioFrameworkActionExecuteFunction.html
SCR_ScenarioFrameworkActionFailTaskIfVehiclesInTriggerDestroyed	interfaceSCR__ScenarioFrameworkActionFailTaskIfVehiclesInTriggerDestroyed.html
SCR_ScenarioFrameworkActionFeedParamToTaskDescription	interfaceSCR__ScenarioFrameworkActionFeedParamToTaskDescription.html
SCR_ScenarioFrameworkActionHideHint	interfaceSCR__ScenarioFrameworkActionHideHint.html
SCR_ScenarioFrameworkActionIncrementCounter	interfaceSCR__ScenarioFrameworkActionIncrementCounter.html
SCR_ScenarioFrameworkActionInputBase	interfaceSCR__ScenarioFrameworkActionInputBase.html
SCR_ScenarioFrameworkActionInputCheckEntitiesInAreaTrigger	interfaceSCR__ScenarioFrameworkActionInputCheckEntitiesInAreaTrigger.html
SCR_ScenarioFrameworkActionInputCheckEntitiesInTrigger	interfaceSCR__ScenarioFrameworkActionInputCheckEntitiesInTrigger.html
SCR_ScenarioFrameworkActionInputOnControllableDestroyed	interfaceSCR__ScenarioFrameworkActionInputOnControllableDestroyed.html
SCR_ScenarioFrameworkActionInputOnTaskEventIncreaseCounter	interfaceSCR__ScenarioFrameworkActionInputOnTaskEventIncreaseCounter.html
SCR_ScenarioFrameworkActionIntroVoicelineBasedOnTasks	interfaceSCR__ScenarioFrameworkActionIntroVoicelineBasedOnTasks.html
SCR_ScenarioFrameworkActionItemSafeguard	interfaceSCR__ScenarioFrameworkActionItemSafeguard.html
SCR_ScenarioFrameworkActionKillEntity	interfaceSCR__ScenarioFrameworkActionKillEntity.html
SCR_ScenarioFrameworkActionLimiter	interfaceSCR__ScenarioFrameworkActionLimiter.html
SCR_ScenarioFrameworkActionLimiterSave	interfaceSCR__ScenarioFrameworkActionLimiterSave.html
SCR_ScenarioFrameworkActionLockOrUnlockAllTargetVehiclesInTrigger	interfaceSCR__ScenarioFrameworkActionLockOrUnlockAllTargetVehiclesInTrigger.html
SCR_ScenarioFrameworkActionLockOrUnlockVehicle	interfaceSCR__ScenarioFrameworkActionLockOrUnlockVehicle.html
SCR_ScenarioFrameworkActionLoopOverNotRandomlySelectedLayers	interfaceSCR__ScenarioFrameworkActionLoopOverNotRandomlySelectedLayers.html
SCR_ScenarioFrameworkActionMapPanZoom	interfaceSCR__ScenarioFrameworkActionMapPanZoom.html
SCR_ScenarioFrameworkActionMedical	interfaceSCR__ScenarioFrameworkActionMedical.html
SCR_ScenarioFrameworkActionMoveIntoCompartment	interfaceSCR__ScenarioFrameworkActionMoveIntoCompartment.html
SCR_ScenarioFrameworkActionMoveIntoInventory	interfaceSCR__ScenarioFrameworkActionMoveIntoInventory.html
SCR_ScenarioFrameworkActionOnAllChildrenSpawned	interfaceSCR__ScenarioFrameworkActionOnAllChildrenSpawned.html
SCR_ScenarioFrameworkActionOnAnimationEvent	interfaceSCR__ScenarioFrameworkActionOnAnimationEvent.html
SCR_ScenarioFrameworkActionOnCharacterEnteredOrLeftCompartment	interfaceSCR__ScenarioFrameworkActionOnCharacterEnteredOrLeftCompartment.html
SCR_ScenarioFrameworkActionOnCinematicFinished	interfaceSCR__ScenarioFrameworkActionOnCinematicFinished.html
SCR_ScenarioFrameworkActionOnCompartmentEnteredOrLeft	interfaceSCR__ScenarioFrameworkActionOnCompartmentEnteredOrLeft.html
SCR_ScenarioFrameworkActionOnDamage	interfaceSCR__ScenarioFrameworkActionOnDamage.html
SCR_ScenarioFrameworkActionOnDamageStateChanged	interfaceSCR__ScenarioFrameworkActionOnDamageStateChanged.html
SCR_ScenarioFrameworkActionOnEngineStartedOrStop	interfaceSCR__ScenarioFrameworkActionOnEngineStartedOrStop.html
SCR_ScenarioFrameworkActionOnGroupAgentEntities	interfaceSCR__ScenarioFrameworkActionOnGroupAgentEntities.html
SCR_ScenarioFrameworkActionOnResourceChanged	interfaceSCR__ScenarioFrameworkActionOnResourceChanged.html
SCR_ScenarioFrameworkActionOnResourceConsumerChange	interfaceSCR__ScenarioFrameworkActionOnResourceConsumerChange.html
SCR_ScenarioFrameworkActionOnUserActionEvent	interfaceSCR__ScenarioFrameworkActionOnUserActionEvent.html
SCR_ScenarioFrameworkActionOnUserActionEventSave	interfaceSCR__ScenarioFrameworkActionOnUserActionEventSave.html
SCR_ScenarioFrameworkActionPlayCinematic	interfaceSCR__ScenarioFrameworkActionPlayCinematic.html
SCR_ScenarioFrameworkActionPlayCommunicationSoundOnEntity	interfaceSCR__ScenarioFrameworkActionPlayCommunicationSoundOnEntity.html
SCR_ScenarioFrameworkActionPlayMusic	interfaceSCR__ScenarioFrameworkActionPlayMusic.html
SCR_ScenarioFrameworkActionPlaySound	interfaceSCR__ScenarioFrameworkActionPlaySound.html
SCR_ScenarioFrameworkActionPlaySoundOnEntity	interfaceSCR__ScenarioFrameworkActionPlaySoundOnEntity.html
SCR_ScenarioFrameworkActionPrepareAreaFromDynamicDespawn	interfaceSCR__ScenarioFrameworkActionPrepareAreaFromDynamicDespawn.html
SCR_ScenarioFrameworkActionPrepareLayerFromDynamicDespawn	interfaceSCR__ScenarioFrameworkActionPrepareLayerFromDynamicDespawn.html
SCR_ScenarioFrameworkActionProcessVoicelineEnumAndString	interfaceSCR__ScenarioFrameworkActionProcessVoicelineEnumAndString.html
SCR_ScenarioFrameworkActionQRFDispacher	interfaceSCR__ScenarioFrameworkActionQRFDispacher.html
SCR_ScenarioFrameworkActionRandomAction	interfaceSCR__ScenarioFrameworkActionRandomAction.html
SCR_ScenarioFrameworkActionRemoveAreaFromDynamicDespawn	interfaceSCR__ScenarioFrameworkActionRemoveAreaFromDynamicDespawn.html
SCR_ScenarioFrameworkActionRemoveItemFromInventory	interfaceSCR__ScenarioFrameworkActionRemoveItemFromInventory.html
SCR_ScenarioFrameworkActionRemoveLayerFromDynamicDespawn	interfaceSCR__ScenarioFrameworkActionRemoveLayerFromDynamicDespawn.html
SCR_ScenarioFrameworkActionRemoveTaskProgress	interfaceSCR__ScenarioFrameworkActionRemoveTaskProgress.html
SCR_ScenarioFrameworkActionResetCounter	interfaceSCR__ScenarioFrameworkActionResetCounter.html
SCR_ScenarioFrameworkActionRestoreLayerToDefault	interfaceSCR__ScenarioFrameworkActionRestoreLayerToDefault.html
SCR_ScenarioFrameworkActionSave	interfaceSCR__ScenarioFrameworkActionSave.html
SCR_ScenarioFrameworkActionSetBriefingEntryText	interfaceSCR__ScenarioFrameworkActionSetBriefingEntryText.html
SCR_ScenarioFrameworkActionSetBriefingEntryTextBasedOnGeneratedTasks	interfaceSCR__ScenarioFrameworkActionSetBriefingEntryTextBasedOnGeneratedTasks.html
SCR_ScenarioFrameworkActionSetCharacterStance	interfaceSCR__ScenarioFrameworkActionSetCharacterStance.html
SCR_ScenarioFrameworkActionSetCharacterUnconscious	interfaceSCR__ScenarioFrameworkActionSetCharacterUnconscious.html
SCR_ScenarioFrameworkActionSetEntityFaction	interfaceSCR__ScenarioFrameworkActionSetEntityFaction.html
SCR_ScenarioFrameworkActionSetEntityName	interfaceSCR__ScenarioFrameworkActionSetEntityName.html
SCR_ScenarioFrameworkActionSetEntityPosition	interfaceSCR__ScenarioFrameworkActionSetEntityPosition.html
SCR_ScenarioFrameworkActionSetEntityScale	interfaceSCR__ScenarioFrameworkActionSetEntityScale.html
SCR_ScenarioFrameworkActionSetEntityTransformation	interfaceSCR__ScenarioFrameworkActionSetEntityTransformation.html
SCR_ScenarioFrameworkActionSetExecutionEntryTextBasedOnGeneratedTasks	interfaceSCR__ScenarioFrameworkActionSetExecutionEntryTextBasedOnGeneratedTasks.html
SCR_ScenarioFrameworkActionSetFactionToCAHArea	interfaceSCR__ScenarioFrameworkActionSetFactionToCAHArea.html
SCR_ScenarioFrameworkActionSetFuelConsumption	interfaceSCR__ScenarioFrameworkActionSetFuelConsumption.html
SCR_ScenarioFrameworkActionSetFuelPercentage	interfaceSCR__ScenarioFrameworkActionSetFuelPercentage.html
SCR_ScenarioFrameworkActionSetGrenadeLive	interfaceSCR__ScenarioFrameworkActionSetGrenadeLive.html
SCR_ScenarioFrameworkActionSetMissionEndScreen	interfaceSCR__ScenarioFrameworkActionSetMissionEndScreen.html
SCR_ScenarioFrameworkActionSetParentTask	interfaceSCR__ScenarioFrameworkActionSetParentTask.html
SCR_ScenarioFrameworkActionSetResourceTypeEnabled	interfaceSCR__ScenarioFrameworkActionSetResourceTypeEnabled.html
SCR_ScenarioFrameworkActionSetSupplyPercentage	interfaceSCR__ScenarioFrameworkActionSetSupplyPercentage.html
SCR_ScenarioFrameworkActionSetTaskProgress	interfaceSCR__ScenarioFrameworkActionSetTaskProgress.html
SCR_ScenarioFrameworkActionSetVehicleCruiseSpeed	interfaceSCR__ScenarioFrameworkActionSetVehicleCruiseSpeed.html
SCR_ScenarioFrameworkActionSetWoundState	interfaceSCR__ScenarioFrameworkActionSetWoundState.html
SCR_ScenarioFrameworkActionShowHint	interfaceSCR__ScenarioFrameworkActionShowHint.html
SCR_ScenarioFrameworkActionShowItemSlotHint	interfaceSCR__ScenarioFrameworkActionShowItemSlotHint.html
SCR_ScenarioFrameworkActionShowLayout	interfaceSCR__ScenarioFrameworkActionShowLayout.html
SCR_ScenarioFrameworkActionShowPopupNotification	interfaceSCR__ScenarioFrameworkActionShowPopupNotification.html
SCR_ScenarioFrameworkActionShowWidget	interfaceSCR__ScenarioFrameworkActionShowWidget.html
SCR_ScenarioFrameworkActionSpawnClosestObjectFromList	interfaceSCR__ScenarioFrameworkActionSpawnClosestObjectFromList.html
SCR_ScenarioFrameworkActionSpawnObjectBasedOnDistance	interfaceSCR__ScenarioFrameworkActionSpawnObjectBasedOnDistance.html
SCR_ScenarioFrameworkActionSpawnObjects	interfaceSCR__ScenarioFrameworkActionSpawnObjects.html
SCR_ScenarioFrameworkActionSpawnObjectsFromVariable	interfaceSCR__ScenarioFrameworkActionSpawnObjectsFromVariable.html
SCR_ScenarioFrameworkActionStartAnimation	interfaceSCR__ScenarioFrameworkActionStartAnimation.html
SCR_ScenarioFrameworkActionStartSimpleAnimation	interfaceSCR__ScenarioFrameworkActionStartSimpleAnimation.html
SCR_ScenarioFrameworkActionStopAnimation	interfaceSCR__ScenarioFrameworkActionStopAnimation.html
SCR_ScenarioFrameworkActionToggleEngine	interfaceSCR__ScenarioFrameworkActionToggleEngine.html
SCR_ScenarioFrameworkActionToggleLights	interfaceSCR__ScenarioFrameworkActionToggleLights.html
SCR_ScenarioFrameworkActionUnlockAchievement	interfaceSCR__ScenarioFrameworkActionUnlockAchievement.html
SCR_ScenarioFrameworkActionVehicle	interfaceSCR__ScenarioFrameworkActionVehicle.html
SCR_ScenarioFrameworkActionVoiceOverPlayLine	interfaceSCR__ScenarioFrameworkActionVoiceOverPlayLine.html
SCR_ScenarioFrameworkActionVoiceOverPlaySequence	interfaceSCR__ScenarioFrameworkActionVoiceOverPlaySequence.html
SCR_ScenarioFrameworkActionWaitAndExecute	interfaceSCR__ScenarioFrameworkActionWaitAndExecute.html
SCR_ScenarioFrameworkActionWaitAndExecuteSave	interfaceSCR__ScenarioFrameworkActionWaitAndExecuteSave.html
SCR_ScenarioFrameworkActivationConditionBase	interfaceSCR__ScenarioFrameworkActivationConditionBase.html
SCR_ScenarioFrameworkArea	interfaceSCR__ScenarioFrameworkArea.html
SCR_ScenarioFrameworkAreaClass	interfaceSCR__ScenarioFrameworkAreaClass.html
SCR_ScenarioFrameworkAreaSave	interfaceSCR__ScenarioFrameworkAreaSave.html
SCR_ScenarioFrameworkCallQueueSystem	interfaceSCR__ScenarioFrameworkCallQueueSystem.html
SCR_ScenarioFrameworkCharacterInVehicleCondition	interfaceSCR__ScenarioFrameworkCharacterInVehicleCondition.html
SCR_ScenarioFrameworkCheckEntityType	interfaceSCR__ScenarioFrameworkCheckEntityType.html
SCR_ScenarioFrameworkCinematicEntityComponent	interfaceSCR__ScenarioFrameworkCinematicEntityComponent.html
SCR_ScenarioFrameworkCinematicEntityComponentClass	interfaceSCR__ScenarioFrameworkCinematicEntityComponentClass.html
SCR_ScenarioFrameworkConversionPlugin_Phase1	interfaceSCR__ScenarioFrameworkConversionPlugin__Phase1.html
SCR_ScenarioFrameworkConversionPlugin_Phase2	interfaceSCR__ScenarioFrameworkConversionPlugin__Phase2.html
SCR_ScenarioFrameworkConversionPlugin_Rune	interfaceSCR__ScenarioFrameworkConversionPlugin__Rune.html
SCR_ScenarioFrameworkCreateVariable	interfaceSCR__ScenarioFrameworkCreateVariable.html
SCR_ScenarioFrameworkDamageContextConditionBase	interfaceSCR__ScenarioFrameworkDamageContextConditionBase.html
SCR_ScenarioFrameworkDamageContextConditionCollider	interfaceSCR__ScenarioFrameworkDamageContextConditionCollider.html
SCR_ScenarioFrameworkDamageContextConditionDamageType	interfaceSCR__ScenarioFrameworkDamageContextConditionDamageType.html
SCR_ScenarioFrameworkDamageContextConditionHitZone	interfaceSCR__ScenarioFrameworkDamageContextConditionHitZone.html
SCR_ScenarioFrameworkDamageContextConditionInsigatorEntity	interfaceSCR__ScenarioFrameworkDamageContextConditionInsigatorEntity.html
SCR_ScenarioFrameworkDamageContextConditionProjectilePrefab	interfaceSCR__ScenarioFrameworkDamageContextConditionProjectilePrefab.html
SCR_ScenarioFrameworkDamageContextConditionValue	interfaceSCR__ScenarioFrameworkDamageContextConditionValue.html
SCR_ScenarioFrameworkDamageContextEnumType	interfaceSCR__ScenarioFrameworkDamageContextEnumType.html
SCR_ScenarioFrameworkDamageContextHitZoneGroupBase	interfaceSCR__ScenarioFrameworkDamageContextHitZoneGroupBase.html
SCR_ScenarioFrameworkDamageContextHitZoneGroupCharacter	interfaceSCR__ScenarioFrameworkDamageContextHitZoneGroupCharacter.html
SCR_ScenarioFrameworkDamageContextHitZoneGroupVehicle	interfaceSCR__ScenarioFrameworkDamageContextHitZoneGroupVehicle.html
SCR_ScenarioFrameworkDayTimeCondition	interfaceSCR__ScenarioFrameworkDayTimeCondition.html
SCR_ScenarioFrameworkDayTimeHourCondition	interfaceSCR__ScenarioFrameworkDayTimeHourCondition.html
SCR_ScenarioFrameworkDebug	interfaceSCR__ScenarioFrameworkDebug.html
SCR_ScenarioFrameworkDebugAction	interfaceSCR__ScenarioFrameworkDebugAction.html
SCR_ScenarioFrameworkDebugArea	interfaceSCR__ScenarioFrameworkDebugArea.html
SCR_ScenarioFrameworkEntityDistanceCondition	interfaceSCR__ScenarioFrameworkEntityDistanceCondition.html
SCR_ScenarioFrameworkExistCondition	interfaceSCR__ScenarioFrameworkExistCondition.html
SCR_ScenarioFrameworkFactionAliasConfig	interfaceSCR__ScenarioFrameworkFactionAliasConfig.html
SCR_ScenarioFrameworkFactionSwitchedObject	interfaceSCR__ScenarioFrameworkFactionSwitchedObject.html
SCR_ScenarioFrameworkGet	interfaceSCR__ScenarioFrameworkGet.html
SCR_ScenarioFrameworkGetArea	interfaceSCR__ScenarioFrameworkGetArea.html
SCR_ScenarioFrameworkGetAreaTrigger	interfaceSCR__ScenarioFrameworkGetAreaTrigger.html
SCR_ScenarioFrameworkGetArrayOfAIsFromArea	interfaceSCR__ScenarioFrameworkGetArrayOfAIsFromArea.html
SCR_ScenarioFrameworkGetArrayOfEntities	interfaceSCR__ScenarioFrameworkGetArrayOfEntities.html
SCR_ScenarioFrameworkGetArrayOfLayerBases	interfaceSCR__ScenarioFrameworkGetArrayOfLayerBases.html
SCR_ScenarioFrameworkGetArrayOfMatchingPrefabsInHiearchy	interfaceSCR__ScenarioFrameworkGetArrayOfMatchingPrefabsInHiearchy.html
SCR_ScenarioFrameworkGetArrayOfPlayers	interfaceSCR__ScenarioFrameworkGetArrayOfPlayers.html
SCR_ScenarioFrameworkGetChildEntityByClassName	interfaceSCR__ScenarioFrameworkGetChildEntityByClassName.html
SCR_ScenarioFrameworkGetChildEntityByPrefabName	interfaceSCR__ScenarioFrameworkGetChildEntityByPrefabName.html
SCR_ScenarioFrameworkGetChildEntityByXOB	interfaceSCR__ScenarioFrameworkGetChildEntityByXOB.html
SCR_ScenarioFrameworkGetClosestAIEntity	interfaceSCR__ScenarioFrameworkGetClosestAIEntity.html
SCR_ScenarioFrameworkGetClosestPlayerEntity	interfaceSCR__ScenarioFrameworkGetClosestPlayerEntity.html
SCR_ScenarioFrameworkGetCountEntitiesInTrigger	interfaceSCR__ScenarioFrameworkGetCountEntitiesInTrigger.html
SCR_ScenarioFrameworkGetEntityByName	interfaceSCR__ScenarioFrameworkGetEntityByName.html
SCR_ScenarioFrameworkGetEntityByNameFromVariable	interfaceSCR__ScenarioFrameworkGetEntityByNameFromVariable.html
SCR_ScenarioFrameworkGetEntityFromSlotManager	interfaceSCR__ScenarioFrameworkGetEntityFromSlotManager.html
SCR_ScenarioFrameworkGetLastFinishedTaskEnity	interfaceSCR__ScenarioFrameworkGetLastFinishedTaskEnity.html
SCR_ScenarioFrameworkGetLastFinishedTaskLayer	interfaceSCR__ScenarioFrameworkGetLastFinishedTaskLayer.html
SCR_ScenarioFrameworkGetLayerBase	interfaceSCR__ScenarioFrameworkGetLayerBase.html
SCR_ScenarioFrameworkGetLayerBaseFromVariable	interfaceSCR__ScenarioFrameworkGetLayerBaseFromVariable.html
SCR_ScenarioFrameworkGetLayerTask	interfaceSCR__ScenarioFrameworkGetLayerTask.html
SCR_ScenarioFrameworkGetListEntitiesInTrigger	interfaceSCR__ScenarioFrameworkGetListEntitiesInTrigger.html
SCR_ScenarioFrameworkGetNearestEntity	interfaceSCR__ScenarioFrameworkGetNearestEntity.html
SCR_ScenarioFrameworkGetPlayerEntity	interfaceSCR__ScenarioFrameworkGetPlayerEntity.html
SCR_ScenarioFrameworkGetPlayerGroup	interfaceSCR__ScenarioFrameworkGetPlayerGroup.html
SCR_ScenarioFrameworkGetRandomLayerBase	interfaceSCR__ScenarioFrameworkGetRandomLayerBase.html
SCR_ScenarioFrameworkGetSpawnedEntity	interfaceSCR__ScenarioFrameworkGetSpawnedEntity.html
SCR_ScenarioFrameworkGetSpawnedEntityFromVariable	interfaceSCR__ScenarioFrameworkGetSpawnedEntityFromVariable.html
SCR_ScenarioFrameworkGetTask	interfaceSCR__ScenarioFrameworkGetTask.html
SCR_ScenarioFrameworkGetTopParentEntity	interfaceSCR__ScenarioFrameworkGetTopParentEntity.html
SCR_ScenarioFrameworkGetVariableValue	interfaceSCR__ScenarioFrameworkGetVariableValue.html
SCR_ScenarioFrameworkGetVoiceOverActorEntity	interfaceSCR__ScenarioFrameworkGetVoiceOverActorEntity.html
SCR_ScenarioFrameworkInstigatorContextConditionBase	interfaceSCR__ScenarioFrameworkInstigatorContextConditionBase.html
SCR_ScenarioFrameworkInstigatorContextConditionKillerEntity	interfaceSCR__ScenarioFrameworkInstigatorContextConditionKillerEntity.html
SCR_ScenarioFrameworkInstigatorContextConditionRelation	interfaceSCR__ScenarioFrameworkInstigatorContextConditionRelation.html
SCR_ScenarioFrameworkInstigatorContextConditionVictimEntity	interfaceSCR__ScenarioFrameworkInstigatorContextConditionVictimEntity.html
SCR_ScenarioFrameworkInstigatorContextConditionVictimTypename	interfaceSCR__ScenarioFrameworkInstigatorContextConditionVictimTypename.html
SCR_ScenarioFrameworkIsInitialized	interfaceSCR__ScenarioFrameworkIsInitialized.html
SCR_ScenarioFrameworkItemInStorageCondition	interfaceSCR__ScenarioFrameworkItemInStorageCondition.html
SCR_ScenarioFrameworkLayerBase	interfaceSCR__ScenarioFrameworkLayerBase.html
SCR_ScenarioFrameworkLayerBaseClass	interfaceSCR__ScenarioFrameworkLayerBaseClass.html
SCR_ScenarioFrameworkLayerSave	interfaceSCR__ScenarioFrameworkLayerSave.html
SCR_ScenarioFrameworkLayerTask	interfaceSCR__ScenarioFrameworkLayerTask.html
SCR_ScenarioFrameworkLayerTaskClass	interfaceSCR__ScenarioFrameworkLayerTaskClass.html
SCR_ScenarioFrameworkLayerTaskClearArea	interfaceSCR__ScenarioFrameworkLayerTaskClearArea.html
SCR_ScenarioFrameworkLayerTaskClearAreaClass	interfaceSCR__ScenarioFrameworkLayerTaskClearAreaClass.html
SCR_ScenarioFrameworkLayerTaskDefend	interfaceSCR__ScenarioFrameworkLayerTaskDefend.html
SCR_ScenarioFrameworkLayerTaskDefendClass	interfaceSCR__ScenarioFrameworkLayerTaskDefendClass.html
SCR_ScenarioFrameworkLayerTaskDefendSave	interfaceSCR__ScenarioFrameworkLayerTaskDefendSave.html
SCR_ScenarioFrameworkLayerTaskDeliver	interfaceSCR__ScenarioFrameworkLayerTaskDeliver.html
SCR_ScenarioFrameworkLayerTaskDeliverClass	interfaceSCR__ScenarioFrameworkLayerTaskDeliverClass.html
SCR_ScenarioFrameworkLayerTaskDestroy	interfaceSCR__ScenarioFrameworkLayerTaskDestroy.html
SCR_ScenarioFrameworkLayerTaskDestroyClass	interfaceSCR__ScenarioFrameworkLayerTaskDestroyClass.html
SCR_ScenarioFrameworkLayerTaskKill	interfaceSCR__ScenarioFrameworkLayerTaskKill.html
SCR_ScenarioFrameworkLayerTaskKillClass	interfaceSCR__ScenarioFrameworkLayerTaskKillClass.html
SCR_ScenarioFrameworkLayerTaskMove	interfaceSCR__ScenarioFrameworkLayerTaskMove.html
SCR_ScenarioFrameworkLayerTaskMoveClass	interfaceSCR__ScenarioFrameworkLayerTaskMoveClass.html
SCR_ScenarioFrameworkLayerTaskSave	interfaceSCR__ScenarioFrameworkLayerTaskSave.html
SCR_ScenarioFrameworkLayerTaskSaveLoadContext	interfaceSCR__ScenarioFrameworkLayerTaskSaveLoadContext.html
SCR_ScenarioFrameworkLogic	interfaceSCR__ScenarioFrameworkLogic.html
SCR_ScenarioFrameworkLogicClass	interfaceSCR__ScenarioFrameworkLogicClass.html
SCR_ScenarioFrameworkLogicCounter	interfaceSCR__ScenarioFrameworkLogicCounter.html
SCR_ScenarioFrameworkLogicCounterClass	interfaceSCR__ScenarioFrameworkLogicCounterClass.html
SCR_ScenarioFrameworkLogicCounterSave	interfaceSCR__ScenarioFrameworkLogicCounterSave.html
SCR_ScenarioFrameworkLogicDistance	interfaceSCR__ScenarioFrameworkLogicDistance.html
SCR_ScenarioFrameworkLogicDistanceClass	interfaceSCR__ScenarioFrameworkLogicDistanceClass.html
SCR_ScenarioFrameworkLogicInput	interfaceSCR__ScenarioFrameworkLogicInput.html
SCR_ScenarioFrameworkLogicOR	interfaceSCR__ScenarioFrameworkLogicOR.html
SCR_ScenarioFrameworkLogicORClass	interfaceSCR__ScenarioFrameworkLogicORClass.html
SCR_ScenarioFrameworkLogicSave	interfaceSCR__ScenarioFrameworkLogicSave.html
SCR_ScenarioFrameworkLogicSwitch	interfaceSCR__ScenarioFrameworkLogicSwitch.html
SCR_ScenarioFrameworkLogicSwitchClass	interfaceSCR__ScenarioFrameworkLogicSwitchClass.html
SCR_ScenarioFrameworkMarkerCustom	interfaceSCR__ScenarioFrameworkMarkerCustom.html
SCR_ScenarioFrameworkMarkerDotCircle	interfaceSCR__ScenarioFrameworkMarkerDotCircle.html
SCR_ScenarioFrameworkMarkerMilitary	interfaceSCR__ScenarioFrameworkMarkerMilitary.html
SCR_ScenarioFrameworkMarkerType	interfaceSCR__ScenarioFrameworkMarkerType.html
SCR_ScenarioFrameworkMedicalAction	interfaceSCR__ScenarioFrameworkMedicalAction.html
SCR_ScenarioFrameworkMedicalActionAddFallDamage	interfaceSCR__ScenarioFrameworkMedicalActionAddFallDamage.html
SCR_ScenarioFrameworkMedicalActionAddParticularBleeding	interfaceSCR__ScenarioFrameworkMedicalActionAddParticularBleeding.html
SCR_ScenarioFrameworkMedicalActionAddRandomBleeding	interfaceSCR__ScenarioFrameworkMedicalActionAddRandomBleeding.html
SCR_ScenarioFrameworkMedicalActionEnableDamageHandling	interfaceSCR__ScenarioFrameworkMedicalActionEnableDamageHandling.html
SCR_ScenarioFrameworkMedicalActionRemoveAllBleedings	interfaceSCR__ScenarioFrameworkMedicalActionRemoveAllBleedings.html
SCR_ScenarioFrameworkMedicalActionRemoveGroupBleeding	interfaceSCR__ScenarioFrameworkMedicalActionRemoveGroupBleeding.html
SCR_ScenarioFrameworkMedicalActionSetBleedingRate	interfaceSCR__ScenarioFrameworkMedicalActionSetBleedingRate.html
SCR_ScenarioFrameworkMedicalActionSetBlood	interfaceSCR__ScenarioFrameworkMedicalActionSetBlood.html
SCR_ScenarioFrameworkMedicalActionSetPermitUnconsciousness	interfaceSCR__ScenarioFrameworkMedicalActionSetPermitUnconsciousness.html
SCR_ScenarioFrameworkMedicalActionSetRegenerationRate	interfaceSCR__ScenarioFrameworkMedicalActionSetRegenerationRate.html
SCR_ScenarioFrameworkMedicalActionSetResilience	interfaceSCR__ScenarioFrameworkMedicalActionSetResilience.html
SCR_ScenarioFrameworkMedicalActionSetSalineBaggedGroup	interfaceSCR__ScenarioFrameworkMedicalActionSetSalineBaggedGroup.html
SCR_ScenarioFrameworkMedicalActionSetTourniquettedGroup	interfaceSCR__ScenarioFrameworkMedicalActionSetTourniquettedGroup.html
SCR_ScenarioFrameworkMedicalCondition	interfaceSCR__ScenarioFrameworkMedicalCondition.html
SCR_ScenarioFrameworkMedicalConditionBase	interfaceSCR__ScenarioFrameworkMedicalConditionBase.html
SCR_ScenarioFrameworkMedicalConditionBleeding	interfaceSCR__ScenarioFrameworkMedicalConditionBleeding.html
SCR_ScenarioFrameworkMedicalConditionHealth	interfaceSCR__ScenarioFrameworkMedicalConditionHealth.html
SCR_ScenarioFrameworkMedicalConditionTourniquet	interfaceSCR__ScenarioFrameworkMedicalConditionTourniquet.html
SCR_ScenarioFrameworkNotorietyComponent	interfaceSCR__ScenarioFrameworkNotorietyComponent.html
SCR_ScenarioFrameworkNotorietyComponentClass	interfaceSCR__ScenarioFrameworkNotorietyComponentClass.html
SCR_ScenarioFrameworkNotorietyCondition	interfaceSCR__ScenarioFrameworkNotorietyCondition.html
SCR_ScenarioFrameworkNotorietyLevel	interfaceSCR__ScenarioFrameworkNotorietyLevel.html
SCR_ScenarioFrameworkOnProjectileShotConditionBase	interfaceSCR__ScenarioFrameworkOnProjectileShotConditionBase.html
SCR_ScenarioFrameworkOnProjectileShotConditionIsSuppressed	interfaceSCR__ScenarioFrameworkOnProjectileShotConditionIsSuppressed.html
SCR_ScenarioFrameworkOnProjectileShotConditionPlayerId	interfaceSCR__ScenarioFrameworkOnProjectileShotConditionPlayerId.html
SCR_ScenarioFrameworkOnProjectileShotConditionProjectilePrefab	interfaceSCR__ScenarioFrameworkOnProjectileShotConditionProjectilePrefab.html
SCR_ScenarioFrameworkOnProjectileShotConditionWeaponEntity	interfaceSCR__ScenarioFrameworkOnProjectileShotConditionWeaponEntity.html
SCR_ScenarioFrameworkOnProjectileShotConditionWeaponPrefab	interfaceSCR__ScenarioFrameworkOnProjectileShotConditionWeaponPrefab.html
SCR_ScenarioFrameworkOnProjectileShotConditionWeaponType	interfaceSCR__ScenarioFrameworkOnProjectileShotConditionWeaponType.html
SCR_ScenarioFrameworkOnWeaponAmmoCountChangedAction	interfaceSCR__ScenarioFrameworkOnWeaponAmmoCountChangedAction.html
SCR_ScenarioFrameworkParamBase	interfaceSCR__ScenarioFrameworkParamBase.html
SCR_ScenarioFrameworkParentCondition	interfaceSCR__ScenarioFrameworkParentCondition.html
SCR_ScenarioFrameworkPlugin	interfaceSCR__ScenarioFrameworkPlugin.html
SCR_ScenarioFrameworkPluginOnDestroyEvent	interfaceSCR__ScenarioFrameworkPluginOnDestroyEvent.html
SCR_ScenarioFrameworkPluginOnDestroyEventSave	interfaceSCR__ScenarioFrameworkPluginOnDestroyEventSave.html
SCR_ScenarioFrameworkPluginOnInventoryChange	interfaceSCR__ScenarioFrameworkPluginOnInventoryChange.html
SCR_ScenarioFrameworkPluginOnInventoryChangeSave	interfaceSCR__ScenarioFrameworkPluginOnInventoryChangeSave.html
SCR_ScenarioFrameworkPluginSave	interfaceSCR__ScenarioFrameworkPluginSave.html
SCR_ScenarioFrameworkPluginSpawnPoint	interfaceSCR__ScenarioFrameworkPluginSpawnPoint.html
SCR_ScenarioFrameworkPluginSpawnPointSave	interfaceSCR__ScenarioFrameworkPluginSpawnPointSave.html
SCR_ScenarioFrameworkPluginTrigger	interfaceSCR__ScenarioFrameworkPluginTrigger.html
SCR_ScenarioFrameworkPluginTriggerSave	interfaceSCR__ScenarioFrameworkPluginTriggerSave.html
SCR_ScenarioFrameworkPrefabFilter	interfaceSCR__ScenarioFrameworkPrefabFilter.html
SCR_ScenarioFrameworkPrefabFilterCount	interfaceSCR__ScenarioFrameworkPrefabFilterCount.html
SCR_ScenarioFrameworkPrefabFilterCountNoInheritance	interfaceSCR__ScenarioFrameworkPrefabFilterCountNoInheritance.html
SCR_ScenarioFrameworkQRFSlotAI	interfaceSCR__ScenarioFrameworkQRFSlotAI.html
SCR_ScenarioFrameworkQRFSlotAIClass	interfaceSCR__ScenarioFrameworkQRFSlotAIClass.html
SCR_ScenarioFrameworkRadioBaseUserAction	interfaceSCR__ScenarioFrameworkRadioBaseUserAction.html
SCR_ScenarioFrameworkResourceComponentAction	interfaceSCR__ScenarioFrameworkResourceComponentAction.html
SCR_ScenarioFrameworkResourceComponentActionBase	interfaceSCR__ScenarioFrameworkResourceComponentActionBase.html
SCR_ScenarioFrameworkResourceComponentActionTransfer	interfaceSCR__ScenarioFrameworkResourceComponentActionTransfer.html
SCR_ScenarioFrameworkResourceCondition	interfaceSCR__ScenarioFrameworkResourceCondition.html
SCR_ScenarioFrameworkResourceConditionBase	interfaceSCR__ScenarioFrameworkResourceConditionBase.html
SCR_ScenarioFrameworkResourceConditionValue	interfaceSCR__ScenarioFrameworkResourceConditionValue.html
SCR_ScenarioFrameworkSetSignal	interfaceSCR__ScenarioFrameworkSetSignal.html
SCR_ScenarioFrameworkSetSlotEntity	interfaceSCR__ScenarioFrameworkSetSlotEntity.html
SCR_ScenarioFrameworkSetVariable	interfaceSCR__ScenarioFrameworkSetVariable.html
SCR_ScenarioFrameworkSlotAI	interfaceSCR__ScenarioFrameworkSlotAI.html
SCR_ScenarioFrameworkSlotAIClass	interfaceSCR__ScenarioFrameworkSlotAIClass.html
SCR_ScenarioFrameworkSlotAISave	interfaceSCR__ScenarioFrameworkSlotAISave.html
SCR_ScenarioFrameworkSlotBase	interfaceSCR__ScenarioFrameworkSlotBase.html
SCR_ScenarioFrameworkSlotBaseClass	interfaceSCR__ScenarioFrameworkSlotBaseClass.html
SCR_ScenarioFrameworkSlotClearArea	interfaceSCR__ScenarioFrameworkSlotClearArea.html
SCR_ScenarioFrameworkSlotClearAreaClass	interfaceSCR__ScenarioFrameworkSlotClearAreaClass.html
SCR_ScenarioFrameworkSlotDefend	interfaceSCR__ScenarioFrameworkSlotDefend.html
SCR_ScenarioFrameworkSlotDefendClass	interfaceSCR__ScenarioFrameworkSlotDefendClass.html
SCR_ScenarioFrameworkSlotDelivery	interfaceSCR__ScenarioFrameworkSlotDelivery.html
SCR_ScenarioFrameworkSlotDeliveryClass	interfaceSCR__ScenarioFrameworkSlotDeliveryClass.html
SCR_ScenarioFrameworkSlotDestroy	interfaceSCR__ScenarioFrameworkSlotDestroy.html
SCR_ScenarioFrameworkSlotDestroyClass	interfaceSCR__ScenarioFrameworkSlotDestroyClass.html
SCR_ScenarioFrameworkSlotExtraction	interfaceSCR__ScenarioFrameworkSlotExtraction.html
SCR_ScenarioFrameworkSlotExtractionClass	interfaceSCR__ScenarioFrameworkSlotExtractionClass.html
SCR_ScenarioFrameworkSlotKill	interfaceSCR__ScenarioFrameworkSlotKill.html
SCR_ScenarioFrameworkSlotKillClass	interfaceSCR__ScenarioFrameworkSlotKillClass.html
SCR_ScenarioFrameworkSlotMarker	interfaceSCR__ScenarioFrameworkSlotMarker.html
SCR_ScenarioFrameworkSlotMarkerClass	interfaceSCR__ScenarioFrameworkSlotMarkerClass.html
SCR_ScenarioFrameworkSlotPick	interfaceSCR__ScenarioFrameworkSlotPick.html
SCR_ScenarioFrameworkSlotPickClass	interfaceSCR__ScenarioFrameworkSlotPickClass.html
SCR_ScenarioFrameworkSlotSave	interfaceSCR__ScenarioFrameworkSlotSave.html
SCR_ScenarioFrameworkSlotTask	interfaceSCR__ScenarioFrameworkSlotTask.html
SCR_ScenarioFrameworkSlotTaskAI	interfaceSCR__ScenarioFrameworkSlotTaskAI.html
SCR_ScenarioFrameworkSlotTaskAIClass	interfaceSCR__ScenarioFrameworkSlotTaskAIClass.html
SCR_ScenarioFrameworkSlotTaskAISave	interfaceSCR__ScenarioFrameworkSlotTaskAISave.html
SCR_ScenarioFrameworkSlotTaskClass	interfaceSCR__ScenarioFrameworkSlotTaskClass.html
SCR_ScenarioFrameworkSlotTaskSave	interfaceSCR__ScenarioFrameworkSlotTaskSave.html
SCR_ScenarioFrameworkSlotTrigger	interfaceSCR__ScenarioFrameworkSlotTrigger.html
SCR_ScenarioFrameworkSlotTriggerClass	interfaceSCR__ScenarioFrameworkSlotTriggerClass.html
SCR_ScenarioFrameworkSlotTriggerSave	interfaceSCR__ScenarioFrameworkSlotTriggerSave.html
SCR_ScenarioFrameworkSlotWaypoint	interfaceSCR__ScenarioFrameworkSlotWaypoint.html
SCR_ScenarioFrameworkSlotWaypointClass	interfaceSCR__ScenarioFrameworkSlotWaypointClass.html
SCR_ScenarioFrameworkStanceCondition	interfaceSCR__ScenarioFrameworkStanceCondition.html
SCR_ScenarioFrameworkSystem	interfaceSCR__ScenarioFrameworkSystem.html
SCR_ScenarioFrameworkSystemData	interfaceSCR__ScenarioFrameworkSystemData.html
SCR_ScenarioFrameworkSystemSerializer	interfaceSCR__ScenarioFrameworkSystemSerializer.html
SCR_ScenarioFrameworkTask	interfaceSCR__ScenarioFrameworkTask.html
SCR_ScenarioFrameworkTaskArea	interfaceSCR__ScenarioFrameworkTaskArea.html
SCR_ScenarioFrameworkTaskAreaClass	interfaceSCR__ScenarioFrameworkTaskAreaClass.html
SCR_ScenarioFrameworkTaskClass	interfaceSCR__ScenarioFrameworkTaskClass.html
SCR_ScenarioFrameworkTaskClearArea	interfaceSCR__ScenarioFrameworkTaskClearArea.html
SCR_ScenarioFrameworkTaskClearAreaClass	interfaceSCR__ScenarioFrameworkTaskClearAreaClass.html
SCR_ScenarioFrameworkTaskData	interfaceSCR__ScenarioFrameworkTaskData.html
SCR_ScenarioFrameworkTaskDefendAttackingFaction	interfaceSCR__ScenarioFrameworkTaskDefendAttackingFaction.html
SCR_ScenarioFrameworkTaskDefendAttackingFactionTitle	interfaceSCR__ScenarioFrameworkTaskDefendAttackingFactionTitle.html
SCR_ScenarioFrameworkTaskDefendDefendingFaction	interfaceSCR__ScenarioFrameworkTaskDefendDefendingFaction.html
SCR_ScenarioFrameworkTaskDefendDefendingFactionTitle	interfaceSCR__ScenarioFrameworkTaskDefendDefendingFactionTitle.html
SCR_ScenarioFrameworkTaskDefendFactionSettings	interfaceSCR__ScenarioFrameworkTaskDefendFactionSettings.html
SCR_ScenarioFrameworkTaskExtract	interfaceSCR__ScenarioFrameworkTaskExtract.html
SCR_ScenarioFrameworkTaskExtractClass	interfaceSCR__ScenarioFrameworkTaskExtractClass.html
SCR_ScenarioFrameworkTaskSave	interfaceSCR__ScenarioFrameworkTaskSave.html
SCR_ScenarioFrameworkTaskStatusCondition	interfaceSCR__ScenarioFrameworkTaskStatusCondition.html
SCR_ScenarioFrameworkTaskType	interfaceSCR__ScenarioFrameworkTaskType.html
SCR_ScenarioFrameworkTimeSpecificCondition	interfaceSCR__ScenarioFrameworkTimeSpecificCondition.html
SCR_ScenarioFrameworkTriggerCountdownDisplay	interfaceSCR__ScenarioFrameworkTriggerCountdownDisplay.html
SCR_ScenarioFrameworkTriggerEntity	interfaceSCR__ScenarioFrameworkTriggerEntity.html
SCR_ScenarioFrameworkTriggerEntityClass	interfaceSCR__ScenarioFrameworkTriggerEntityClass.html
SCR_ScenarioFrameworkTriggerEntitySerializer	interfaceSCR__ScenarioFrameworkTriggerEntitySerializer.html
SCR_ScenarioFrameworkTriggerNetworkComponent	interfaceSCR__ScenarioFrameworkTriggerNetworkComponent.html
SCR_ScenarioFrameworkTriggerNetworkComponentClass	interfaceSCR__ScenarioFrameworkTriggerNetworkComponentClass.html
SCR_ScenarioFrameworkUserActionConditionData	interfaceSCR__ScenarioFrameworkUserActionConditionData.html
SCR_ScenarioFrameworkVariableValueCondition	interfaceSCR__ScenarioFrameworkVariableValueCondition.html
SCR_ScenarioFrameworkVehicleActionBase	interfaceSCR__ScenarioFrameworkVehicleActionBase.html
SCR_ScenarioFrameworkVehicleActionDamageHitZoneByName	interfaceSCR__ScenarioFrameworkVehicleActionDamageHitZoneByName.html
SCR_ScenarioFrameworkVehicleActionDamageHitZonesByGroup	interfaceSCR__ScenarioFrameworkVehicleActionDamageHitZonesByGroup.html
SCR_ScenarioFrameworkVehicleActionResourceUnloadAction	interfaceSCR__ScenarioFrameworkVehicleActionResourceUnloadAction.html
SCR_ScenarioFrameworkVehicleActionSetHandbrake	interfaceSCR__ScenarioFrameworkVehicleActionSetHandbrake.html
SCR_ScenarioFrameworkWaypoint	interfaceSCR__ScenarioFrameworkWaypoint.html
SCR_ScenarioFrameworkWaypointAnimation	interfaceSCR__ScenarioFrameworkWaypointAnimation.html
SCR_ScenarioFrameworkWaypointArtillerySupport	interfaceSCR__ScenarioFrameworkWaypointArtillerySupport.html
SCR_ScenarioFrameworkWaypointAttack	interfaceSCR__ScenarioFrameworkWaypointAttack.html
SCR_ScenarioFrameworkWaypointBoarding	interfaceSCR__ScenarioFrameworkWaypointBoarding.html
SCR_ScenarioFrameworkWaypointBoardingEntity	interfaceSCR__ScenarioFrameworkWaypointBoardingEntity.html
SCR_ScenarioFrameworkWaypointBoardingTimed	interfaceSCR__ScenarioFrameworkWaypointBoardingTimed.html
SCR_ScenarioFrameworkWaypointCaptureRelay	interfaceSCR__ScenarioFrameworkWaypointCaptureRelay.html
SCR_ScenarioFrameworkWaypointCycle	interfaceSCR__ScenarioFrameworkWaypointCycle.html
SCR_ScenarioFrameworkWaypointDefend	interfaceSCR__ScenarioFrameworkWaypointDefend.html
SCR_ScenarioFrameworkWaypointDefendCP	interfaceSCR__ScenarioFrameworkWaypointDefendCP.html
SCR_ScenarioFrameworkWaypointDefendHierarchy	interfaceSCR__ScenarioFrameworkWaypointDefendHierarchy.html
SCR_ScenarioFrameworkWaypointDefendLarge	interfaceSCR__ScenarioFrameworkWaypointDefendLarge.html
SCR_ScenarioFrameworkWaypointDefendLargeCO	interfaceSCR__ScenarioFrameworkWaypointDefendLargeCO.html
SCR_ScenarioFrameworkWaypointDeploySmokeCover	interfaceSCR__ScenarioFrameworkWaypointDeploySmokeCover.html
SCR_ScenarioFrameworkWaypointEntity	interfaceSCR__ScenarioFrameworkWaypointEntity.html
SCR_ScenarioFrameworkWaypointFollow	interfaceSCR__ScenarioFrameworkWaypointFollow.html
SCR_ScenarioFrameworkWaypointForcedMove	interfaceSCR__ScenarioFrameworkWaypointForcedMove.html
SCR_ScenarioFrameworkWaypointGetIn	interfaceSCR__ScenarioFrameworkWaypointGetIn.html
SCR_ScenarioFrameworkWaypointGetInNearest	interfaceSCR__ScenarioFrameworkWaypointGetInNearest.html
SCR_ScenarioFrameworkWaypointGetOut	interfaceSCR__ScenarioFrameworkWaypointGetOut.html
SCR_ScenarioFrameworkWaypointHeal	interfaceSCR__ScenarioFrameworkWaypointHeal.html
SCR_ScenarioFrameworkWaypointLoiterCO	interfaceSCR__ScenarioFrameworkWaypointLoiterCO.html
SCR_ScenarioFrameworkWaypointMove	interfaceSCR__ScenarioFrameworkWaypointMove.html
SCR_ScenarioFrameworkWaypointObservationPost	interfaceSCR__ScenarioFrameworkWaypointObservationPost.html
SCR_ScenarioFrameworkWaypointOpenGate	interfaceSCR__ScenarioFrameworkWaypointOpenGate.html
SCR_ScenarioFrameworkWaypointPatrol	interfaceSCR__ScenarioFrameworkWaypointPatrol.html
SCR_ScenarioFrameworkWaypointPatrolHierarchy	interfaceSCR__ScenarioFrameworkWaypointPatrolHierarchy.html
SCR_ScenarioFrameworkWaypointScout	interfaceSCR__ScenarioFrameworkWaypointScout.html
SCR_ScenarioFrameworkWaypointScripted	interfaceSCR__ScenarioFrameworkWaypointScripted.html
SCR_ScenarioFrameworkWaypointSearchAndDestroy	interfaceSCR__ScenarioFrameworkWaypointSearchAndDestroy.html
SCR_ScenarioFrameworkWaypointSet	interfaceSCR__ScenarioFrameworkWaypointSet.html
SCR_ScenarioFrameworkWaypointSmartAction	interfaceSCR__ScenarioFrameworkWaypointSmartAction.html
SCR_ScenarioFrameworkWaypointSuppress	interfaceSCR__ScenarioFrameworkWaypointSuppress.html
SCR_ScenarioFrameworkWaypointTimed	interfaceSCR__ScenarioFrameworkWaypointTimed.html
SCR_ScenarioFrameworkWaypointTimedDefend	interfaceSCR__ScenarioFrameworkWaypointTimedDefend.html
SCR_ScenarioFrameworkWaypointUserAction	interfaceSCR__ScenarioFrameworkWaypointUserAction.html
SCR_ScenarioFrameworkWaypointWait	interfaceSCR__ScenarioFrameworkWaypointWait.html
SCR_ScenarioFrameworkWeaponAmmoCondition	interfaceSCR__ScenarioFrameworkWeaponAmmoCondition.html
SCR_ScenarioFrameworkWeatherCondition	interfaceSCR__ScenarioFrameworkWeatherCondition.html
SCR_ScenarioInfoUI	interfaceSCR__ScenarioInfoUI.html
SCR_ScenarioLoadingScreenWidgets	interfaceSCR__ScenarioLoadingScreenWidgets.html
SCR_ScenarioMenu	interfaceSCR__ScenarioMenu.html
SCR_ScenarioMenuLoadContext	interfaceSCR__ScenarioMenuLoadContext.html
SCR_ScenarioPanelEditorUIComponent	interfaceSCR__ScenarioPanelEditorUIComponent.html
SCR_ScenarioRestartComponent	interfaceSCR__ScenarioRestartComponent.html
SCR_ScenarioSequenceProgress	interfaceSCR__ScenarioSequenceProgress.html
SCR_ScenarioSources	interfaceSCR__ScenarioSources.html
SCR_ScenarioUICommon	interfaceSCR__ScenarioUICommon.html
SCR_ScoreInfo	interfaceSCR__ScoreInfo.html
SCR_ScoringSystemComponent	interfaceSCR__ScoringSystemComponent.html
SCR_ScoringSystemComponentClass	interfaceSCR__ScoringSystemComponentClass.html
SCR_ScreenEffectsManager	interfaceSCR__ScreenEffectsManager.html
SCR_ScriptPlatformRequestCallback	interfaceSCR__ScriptPlatformRequestCallback.html
SCR_ScriptTemplateConfig	interfaceSCR__ScriptTemplateConfig.html
SCR_ScriptTemplateConfigEntry	interfaceSCR__ScriptTemplateConfigEntry.html
SCR_ScriptTemplatePlugin	interfaceSCR__ScriptTemplatePlugin.html
SCR_ScriptedCharacterInputContext	interfaceSCR__ScriptedCharacterInputContext.html
SCR_ScriptedCommandsStaticTable	interfaceSCR__ScriptedCommandsStaticTable.html
SCR_ScriptedSignalUserActionDecrease	interfaceSCR__ScriptedSignalUserActionDecrease.html
SCR_ScriptedSignalUserActionIncrease	interfaceSCR__ScriptedSignalUserActionIncrease.html
SCR_ScriptedUserAction	interfaceSCR__ScriptedUserAction.html
SCR_ScriptedWidgetComponent	interfaceSCR__ScriptedWidgetComponent.html
SCR_ScriptedWidgetTooltip	interfaceSCR__ScriptedWidgetTooltip.html
SCR_ScriptedWidgetTooltipContentBase	interfaceSCR__ScriptedWidgetTooltipContentBase.html
SCR_ScriptedWidgetTooltipPreset	interfaceSCR__ScriptedWidgetTooltipPreset.html
SCR_ScriptedWidgetTooltipPresets	interfaceSCR__ScriptedWidgetTooltipPresets.html
SCR_ScrollBarComponent	interfaceSCR__ScrollBarComponent.html
SCR_ScrollBarHandleComponent	interfaceSCR__ScrollBarHandleComponent.html
SCR_SearchAndDestroyWaypoint	interfaceSCR__SearchAndDestroyWaypoint.html
SCR_SearchAndDestroyWaypointClass	interfaceSCR__SearchAndDestroyWaypointClass.html
SCR_SearchXOBFunctor	interfaceSCR__SearchXOBFunctor.html
SCR_SearchXOBInvalidMaskFunctor	interfaceSCR__SearchXOBInvalidMaskFunctor.html
SCR_SearchXOBLayerMaskFunctor	interfaceSCR__SearchXOBLayerMaskFunctor.html
SCR_SearchXOBListAllFunctor	interfaceSCR__SearchXOBListAllFunctor.html
SCR_SearchXOBLoadAllFunctor	interfaceSCR__SearchXOBLoadAllFunctor.html
SCR_SecondaryExplosion	interfaceSCR__SecondaryExplosion.html
SCR_SecondaryExplosionContainerTitle	interfaceSCR__SecondaryExplosionContainerTitle.html
SCR_SecondaryExplosionType	interfaceSCR__SecondaryExplosionType.html
SCR_SecondaryExplosionTypeContainerTitle	interfaceSCR__SecondaryExplosionTypeContainerTitle.html
SCR_SecondaryExplosions	interfaceSCR__SecondaryExplosions.html
SCR_SectorPrefabSpawnPoint	interfaceSCR__SectorPrefabSpawnPoint.html
SCR_SectorPrefabSpawnPointClass	interfaceSCR__SectorPrefabSpawnPointClass.html
SCR_SectorSpawn	interfaceSCR__SectorSpawn.html
SCR_SectorSpawnClass	interfaceSCR__SectorSpawnClass.html
SCR_SeizeCampaignMilitaryBaseTaskEntity	interfaceSCR__SeizeCampaignMilitaryBaseTaskEntity.html
SCR_SeizeCampaignMilitaryBaseTaskEntityClass	interfaceSCR__SeizeCampaignMilitaryBaseTaskEntityClass.html
SCR_SeizeCompletionXpRewardInfo	interfaceSCR__SeizeCompletionXpRewardInfo.html
SCR_SeizeProgressionXpRewardInfo	interfaceSCR__SeizeProgressionXpRewardInfo.html
SCR_SeizeXpRewardInfo	interfaceSCR__SeizeXpRewardInfo.html
SCR_SeizingComponent	interfaceSCR__SeizingComponent.html
SCR_SeizingComponentClass	interfaceSCR__SeizingComponentClass.html
SCR_SelectContextAction	interfaceSCR__SelectContextAction.html
SCR_SelectCrewContextAction	interfaceSCR__SelectCrewContextAction.html
SCR_SelectOccupantContextAction	interfaceSCR__SelectOccupantContextAction.html
SCR_SelectOccupantsContextAction	interfaceSCR__SelectOccupantsContextAction.html
SCR_SelectPassengersContextAction	interfaceSCR__SelectPassengersContextAction.html
SCR_SelectableButtonComponent	interfaceSCR__SelectableButtonComponent.html
SCR_SelectableTileButtonComponent	interfaceSCR__SelectableTileButtonComponent.html
SCR_SelectedEditableEntityFilter	interfaceSCR__SelectedEditableEntityFilter.html
SCR_SelectedEntitiesContainsTypeActionComponent	interfaceSCR__SelectedEntitiesContainsTypeActionComponent.html
SCR_SelectedEntitiesContextAction	interfaceSCR__SelectedEntitiesContextAction.html
SCR_SelectionBrushConfig	interfaceSCR__SelectionBrushConfig.html
SCR_SelectionBrushTool	interfaceSCR__SelectionBrushTool.html
SCR_SelectionEditorUIComponent	interfaceSCR__SelectionEditorUIComponent.html
SCR_SelectionHintComponent	interfaceSCR__SelectionHintComponent.html
SCR_SelectionMenu	interfaceSCR__SelectionMenu.html
SCR_SelectionMenuCategoryEntry	interfaceSCR__SelectionMenuCategoryEntry.html
SCR_SelectionMenuControllerInputs	interfaceSCR__SelectionMenuControllerInputs.html
SCR_SelectionMenuData	interfaceSCR__SelectionMenuData.html
SCR_SelectionMenuDisplay	interfaceSCR__SelectionMenuDisplay.html
SCR_SelectionMenuEntry	interfaceSCR__SelectionMenuEntry.html
SCR_SelectionMenuEntryCommand	interfaceSCR__SelectionMenuEntryCommand.html
SCR_SelectionMenuEntryCommandComponent	interfaceSCR__SelectionMenuEntryCommandComponent.html
SCR_SelectionMenuEntryComponent	interfaceSCR__SelectionMenuEntryComponent.html
SCR_SelectionMenuEntryIconComponent	interfaceSCR__SelectionMenuEntryIconComponent.html
SCR_SelectionMenuEntryPreviewComponent	interfaceSCR__SelectionMenuEntryPreviewComponent.html
SCR_SelectionMenuInputs	interfaceSCR__SelectionMenuInputs.html
SCR_SelectionMenuPreviewAttributes	interfaceSCR__SelectionMenuPreviewAttributes.html
SCR_SelectionWidgetComponent	interfaceSCR__SelectionWidgetComponent.html
SCR_SequenceDef	interfaceSCR__SequenceDef.html
SCR_SequenceHintCondition	interfaceSCR__SequenceHintCondition.html
SCR_SerializedFuelNode	interfaceSCR__SerializedFuelNode.html
SCR_ServerBrowserDialogManager	interfaceSCR__ServerBrowserDialogManager.html
SCR_ServerBrowserEntryComponent	interfaceSCR__ServerBrowserEntryComponent.html
SCR_ServerConfigAdvancedComponent	interfaceSCR__ServerConfigAdvancedComponent.html
SCR_ServerConfigListComponent	interfaceSCR__ServerConfigListComponent.html
SCR_ServerConfigSaveDialog	interfaceSCR__ServerConfigSaveDialog.html
SCR_ServerDetailEntryComponent	interfaceSCR__ServerDetailEntryComponent.html
SCR_ServerDetailsDialog	interfaceSCR__ServerDetailsDialog.html
SCR_ServerFilterBarComponent	interfaceSCR__ServerFilterBarComponent.html
SCR_ServerFullDialog	interfaceSCR__ServerFullDialog.html
SCR_ServerFullDialogContentWidgets	interfaceSCR__ServerFullDialogContentWidgets.html
SCR_ServerHostingDialogs	interfaceSCR__ServerHostingDialogs.html
SCR_ServerHostingModSubMenu	interfaceSCR__ServerHostingModSubMenu.html
SCR_ServerHostingModsWidgets	interfaceSCR__ServerHostingModsWidgets.html
SCR_ServerHostingSettingsSubMenu	interfaceSCR__ServerHostingSettingsSubMenu.html
SCR_ServerInfoEditorComponent	interfaceSCR__ServerInfoEditorComponent.html
SCR_ServerInfoEditorComponentClass	interfaceSCR__ServerInfoEditorComponentClass.html
SCR_ServerInfoUIComponent	interfaceSCR__ServerInfoUIComponent.html
SCR_ServerJoinDownloadsConfirmationDialog	interfaceSCR__ServerJoinDownloadsConfirmationDialog.html
SCR_ServerRestartTimerUIComponent	interfaceSCR__ServerRestartTimerUIComponent.html
SCR_ServerScenarioDetailsPanelComponent	interfaceSCR__ServerScenarioDetailsPanelComponent.html
SCR_ServerSortingComponent	interfaceSCR__ServerSortingComponent.html
SCR_ServicePointComponent	interfaceSCR__ServicePointComponent.html
SCR_ServicePointComponentClass	interfaceSCR__ServicePointComponentClass.html
SCR_ServicePointDelegateComponent	interfaceSCR__ServicePointDelegateComponent.html
SCR_ServicePointDelegateComponentClass	interfaceSCR__ServicePointDelegateComponentClass.html
SCR_ServicePointMapDescriptorComponent	interfaceSCR__ServicePointMapDescriptorComponent.html
SCR_ServicePointMapDescriptorComponentClass	interfaceSCR__ServicePointMapDescriptorComponentClass.html
SCR_ServicesStatusDialogComponent	interfaceSCR__ServicesStatusDialogComponent.html
SCR_ServicesStatusDialogComponent_Status	interfaceSCR__ServicesStatusDialogComponent__Status.html
SCR_ServicesStatusDialogLineComponent	interfaceSCR__ServicesStatusDialogLineComponent.html
SCR_ServicesStatusDialogUI	interfaceSCR__ServicesStatusDialogUI.html
SCR_ServicesStatusHelper	interfaceSCR__ServicesStatusHelper.html
SCR_SessionData	interfaceSCR__SessionData.html
SCR_SessionDataEvent	interfaceSCR__SessionDataEvent.html
SCR_SessionDurationUIComponent	interfaceSCR__SessionDurationUIComponent.html
SCR_SessionInfo	interfaceSCR__SessionInfo.html
SCR_SetAsLeaderContextAction	interfaceSCR__SetAsLeaderContextAction.html
SCR_SetCombatModeGroupCommand	interfaceSCR__SetCombatModeGroupCommand.html
SCR_SetEnableDamageCharacterEditorAttribute	interfaceSCR__SetEnableDamageCharacterEditorAttribute.html
SCR_SetEnableDamageEditorAttribute	interfaceSCR__SetEnableDamageEditorAttribute.html
SCR_SetEnableDamageOtherEditorAttribute	interfaceSCR__SetEnableDamageOtherEditorAttribute.html
SCR_SetEnableDamageVehicleEditorAttribute	interfaceSCR__SetEnableDamageVehicleEditorAttribute.html
SCR_SetFireVehicleContextAction	interfaceSCR__SetFireVehicleContextAction.html
SCR_SetLinkedStorageToParent	interfaceSCR__SetLinkedStorageToParent.html
SCR_SetModeColorEditorUIComponent	interfaceSCR__SetModeColorEditorUIComponent.html
SCR_SetModeColorSelectedButtonEditorUIComponent	interfaceSCR__SetModeColorSelectedButtonEditorUIComponent.html
SCR_SetPerceivedCharacterFactionEditorAttribute	interfaceSCR__SetPerceivedCharacterFactionEditorAttribute.html
SCR_SetRallyPointCommand	interfaceSCR__SetRallyPointCommand.html
SCR_SetSpeedManualCameraComponent	interfaceSCR__SetSpeedManualCameraComponent.html
SCR_SetSuppliesBaseEditorAttribute	interfaceSCR__SetSuppliesBaseEditorAttribute.html
SCR_SetSuppliesVehicleEditorAttribute	interfaceSCR__SetSuppliesVehicleEditorAttribute.html
SCR_SetTargetDistanceDownUserAction	interfaceSCR__SetTargetDistanceDownUserAction.html
SCR_SetTargetDistanceUpUserAction	interfaceSCR__SetTargetDistanceUpUserAction.html
SCR_SetTargetsModeUserAction	interfaceSCR__SetTargetsModeUserAction.html
SCR_SetTaskCompletionAutomaticEditorAttribute	interfaceSCR__SetTaskCompletionAutomaticEditorAttribute.html
SCR_SettingBindingEngine	interfaceSCR__SettingBindingEngine.html
SCR_SettingBindingGameplay	interfaceSCR__SettingBindingGameplay.html
SCR_SettingSpinBoxUserData	interfaceSCR__SettingSpinBoxUserData.html
SCR_SettingsBindingBase	interfaceSCR__SettingsBindingBase.html
SCR_SettingsManager	interfaceSCR__SettingsManager.html
SCR_SettingsManagerKeybindModule	interfaceSCR__SettingsManagerKeybindModule.html
SCR_SettingsManagerModuleBase	interfaceSCR__SettingsManagerModuleBase.html
SCR_SettingsManagerVideoModule	interfaceSCR__SettingsManagerVideoModule.html
SCR_SettingsManualCameraComponent	interfaceSCR__SettingsManualCameraComponent.html
SCR_SettingsSubMenuBase	interfaceSCR__SettingsSubMenuBase.html
SCR_SettingsSuperMenu	interfaceSCR__SettingsSuperMenu.html
SCR_SettingsTimeSpentData	interfaceSCR__SettingsTimeSpentData.html
SCR_Shape	interfaceSCR__Shape.html
SCR_ShapeAnalyser	interfaceSCR__ShapeAnalyser.html
SCR_ShapeAnalyserEntity	interfaceSCR__ShapeAnalyserEntity.html
SCR_ShapeAnalyserEntityClass	interfaceSCR__ShapeAnalyserEntityClass.html
SCR_ShapeAreaTool	interfaceSCR__ShapeAreaTool.html
SCR_ShapeBrushTool	interfaceSCR__ShapeBrushTool.html
SCR_ShapeDistanceRuler	interfaceSCR__ShapeDistanceRuler.html
SCR_ShapeNextPointHelper	interfaceSCR__ShapeNextPointHelper.html
SCR_ShedulePreloadEntity	interfaceSCR__ShedulePreloadEntity.html
SCR_ShedulePreloadEntityClass	interfaceSCR__ShedulePreloadEntityClass.html
SCR_ShellConfig	interfaceSCR__ShellConfig.html
SCR_ShellSoundComponent	interfaceSCR__ShellSoundComponent.html
SCR_ShellSoundComponentClass	interfaceSCR__ShellSoundComponentClass.html
SCR_ShowDeployableSpawnPointInfo	interfaceSCR__ShowDeployableSpawnPointInfo.html
SCR_ShowHideInEditorComponent	interfaceSCR__ShowHideInEditorComponent.html
SCR_ShowHideInEditorComponentClass	interfaceSCR__ShowHideInEditorComponentClass.html
SCR_ShowHideInEditorUIComponent	interfaceSCR__ShowHideInEditorUIComponent.html
SCR_ShowHideInLimitedEditorUIComponent	interfaceSCR__ShowHideInLimitedEditorUIComponent.html
SCR_ShowSelectionContextAction	interfaceSCR__ShowSelectionContextAction.html
SCR_SightsHasIlluminationCondition	interfaceSCR__SightsHasIlluminationCondition.html
SCR_SightsZoomFOVInfo	interfaceSCR__SightsZoomFOVInfo.html
SCR_SignalCinematicTrack	interfaceSCR__SignalCinematicTrack.html
SCR_SignalDebugComponent	interfaceSCR__SignalDebugComponent.html
SCR_SignalDebugComponentClass	interfaceSCR__SignalDebugComponentClass.html
SCR_SimpleEntryComponent	interfaceSCR__SimpleEntryComponent.html
SCR_SimpleEntryListDialog	interfaceSCR__SimpleEntryListDialog.html
SCR_SimpleKeybindDialogUI	interfaceSCR__SimpleKeybindDialogUI.html
SCR_SimpleMessageComponent	interfaceSCR__SimpleMessageComponent.html
SCR_SimpleMessagePreset	interfaceSCR__SimpleMessagePreset.html
SCR_SimpleMessagePresets	interfaceSCR__SimpleMessagePresets.html
SCR_SimpleMessageUIInfo	interfaceSCR__SimpleMessageUIInfo.html
SCR_SimpleTagBlockUIName	interfaceSCR__SimpleTagBlockUIName.html
SCR_SimpleWarningComponent	interfaceSCR__SimpleWarningComponent.html
SCR_SimpleWarningOverlayComponent	interfaceSCR__SimpleWarningOverlayComponent.html
SCR_SimulateAndShowToggle	interfaceSCR__SimulateAndShowToggle.html
SCR_SingleMagazineWidgetComponent_Base	interfaceSCR__SingleMagazineWidgetComponent__Base.html
SCR_SingleMagazineWidgetComponent_RocketPod	interfaceSCR__SingleMagazineWidgetComponent__RocketPod.html
SCR_SiteSlotEntity	interfaceSCR__SiteSlotEntity.html
SCR_SiteSlotEntityClass	interfaceSCR__SiteSlotEntityClass.html
SCR_SliderBloodAttributeComponent	interfaceSCR__SliderBloodAttributeComponent.html
SCR_SliderComponent	interfaceSCR__SliderComponent.html
SCR_SliderEditorAttributeUIComponent	interfaceSCR__SliderEditorAttributeUIComponent.html
SCR_SlotCompositionComponent	interfaceSCR__SlotCompositionComponent.html
SCR_SlotCompositionComponentClass	interfaceSCR__SlotCompositionComponentClass.html
SCR_SlotCompositionHelperEntity	interfaceSCR__SlotCompositionHelperEntity.html
SCR_SlotCompositionHelperEntityClass	interfaceSCR__SlotCompositionHelperEntityClass.html
SCR_SlotDisablerEntity	interfaceSCR__SlotDisablerEntity.html
SCR_SlotDisablerEntityClass	interfaceSCR__SlotDisablerEntityClass.html
SCR_SlotLabelsComponent	interfaceSCR__SlotLabelsComponent.html
SCR_SlotLabelsComponent2	interfaceSCR__SlotLabelsComponent2.html
SCR_SlotServiceComponent	interfaceSCR__SlotServiceComponent.html
SCR_SlotServiceComponentClass	interfaceSCR__SlotServiceComponentClass.html
SCR_SlotUIComponent	interfaceSCR__SlotUIComponent.html
SCR_SmallDestructibleEntity	interfaceSCR__SmallDestructibleEntity.html
SCR_SmallDestructibleEntityClass	interfaceSCR__SmallDestructibleEntityClass.html
SCR_SmartActionWaypoint	interfaceSCR__SmartActionWaypoint.html
SCR_SmartActionWaypointClass	interfaceSCR__SmartActionWaypointClass.html
SCR_SnackBarController	interfaceSCR__SnackBarController.html
SCR_SnapAndOrientToTerrainPlugin	interfaceSCR__SnapAndOrientToTerrainPlugin.html
SCR_SnapToTerrainContextAction	interfaceSCR__SnapToTerrainContextAction.html
SCR_SnapToTerrainToolbarAction	interfaceSCR__SnapToTerrainToolbarAction.html
SCR_SnapYPositionEditorAttribute	interfaceSCR__SnapYPositionEditorAttribute.html
SCR_SocketSpawnerPlugin	interfaceSCR__SocketSpawnerPlugin.html
SCR_SocketSpawnerPluginWE	interfaceSCR__SocketSpawnerPluginWE.html
SCR_SortElementComponent	interfaceSCR__SortElementComponent.html
SCR_SortHeaderComponent	interfaceSCR__SortHeaderComponent.html
SCR_SoundBellTime	interfaceSCR__SoundBellTime.html
SCR_SoundCinematicTrack	interfaceSCR__SoundCinematicTrack.html
SCR_SoundComponentCinematicTrack	interfaceSCR__SoundComponentCinematicTrack.html
SCR_SoundDataComponent	interfaceSCR__SoundDataComponent.html
SCR_SoundDataComponentClass	interfaceSCR__SoundDataComponentClass.html
SCR_SoundDef	interfaceSCR__SoundDef.html
SCR_SoundEditorEffect	interfaceSCR__SoundEditorEffect.html
SCR_SoundEvent	interfaceSCR__SoundEvent.html
SCR_SoundEventComponent	interfaceSCR__SoundEventComponent.html
SCR_SoundGroup	interfaceSCR__SoundGroup.html
SCR_SoundHandle	interfaceSCR__SoundHandle.html
SCR_SoundManagerModule	interfaceSCR__SoundManagerModule.html
SCR_SoundMapSoundGroup	interfaceSCR__SoundMapSoundGroup.html
SCR_SoundType	interfaceSCR__SoundType.html
SCR_SourceBaseAudioComponent	interfaceSCR__SourceBaseAudioComponent.html
SCR_SourceBaseAudioComponentClass	interfaceSCR__SourceBaseAudioComponentClass.html
SCR_SpareTireComponent	interfaceSCR__SpareTireComponent.html
SCR_SpareTireComponentClass	interfaceSCR__SpareTireComponentClass.html
SCR_SpawnArea	interfaceSCR__SpawnArea.html
SCR_SpawnAreaClass	interfaceSCR__SpawnAreaClass.html
SCR_SpawnAtPlayersEditorAttribute	interfaceSCR__SpawnAtPlayersEditorAttribute.html
SCR_SpawnAtRadioVehicleAttribute	interfaceSCR__SpawnAtRadioVehicleAttribute.html
SCR_SpawnCrewContextAction	interfaceSCR__SpawnCrewContextAction.html
SCR_SpawnData	interfaceSCR__SpawnData.html
SCR_SpawnDef	interfaceSCR__SpawnDef.html
SCR_SpawnHandlerComponent	interfaceSCR__SpawnHandlerComponent.html
SCR_SpawnHandlerComponentClass	interfaceSCR__SpawnHandlerComponentClass.html
SCR_SpawnLockComponent	interfaceSCR__SpawnLockComponent.html
SCR_SpawnLockComponentClass	interfaceSCR__SpawnLockComponentClass.html
SCR_SpawnLogic	interfaceSCR__SpawnLogic.html
SCR_SpawnMusic	interfaceSCR__SpawnMusic.html
SCR_SpawnOccupantsContextAction	interfaceSCR__SpawnOccupantsContextAction.html
SCR_SpawnPassengersContextAction	interfaceSCR__SpawnPassengersContextAction.html
SCR_SpawnPoint	interfaceSCR__SpawnPoint.html
SCR_SpawnPointAreaMeshComponent	interfaceSCR__SpawnPointAreaMeshComponent.html
SCR_SpawnPointAreaMeshComponentClass	interfaceSCR__SpawnPointAreaMeshComponentClass.html
SCR_SpawnPointBaseCommandAction	interfaceSCR__SpawnPointBaseCommandAction.html
SCR_SpawnPointBlacklistZone	interfaceSCR__SpawnPointBlacklistZone.html
SCR_SpawnPointClass	interfaceSCR__SpawnPointClass.html
SCR_SpawnPointRequestResultInfoConfig	interfaceSCR__SpawnPointRequestResultInfoConfig.html
SCR_SpawnPointRequestUIComponent	interfaceSCR__SpawnPointRequestUIComponent.html
SCR_SpawnPointRespawnRequestComponent	interfaceSCR__SpawnPointRespawnRequestComponent.html
SCR_SpawnPointRespawnRequestComponentClass	interfaceSCR__SpawnPointRespawnRequestComponentClass.html
SCR_SpawnPointSerializer	interfaceSCR__SpawnPointSerializer.html
SCR_SpawnPointSpawnData	interfaceSCR__SpawnPointSpawnData.html
SCR_SpawnPointSpawnHandlerComponent	interfaceSCR__SpawnPointSpawnHandlerComponent.html
SCR_SpawnPointSpawnHandlerComponentClass	interfaceSCR__SpawnPointSpawnHandlerComponentClass.html
SCR_SpawnPointSpinBox	interfaceSCR__SpawnPointSpinBox.html
SCR_SpawnPositionComponent	interfaceSCR__SpawnPositionComponent.html
SCR_SpawnPositionComponentClass	interfaceSCR__SpawnPositionComponentClass.html
SCR_SpawnPositionComponentManager	interfaceSCR__SpawnPositionComponentManager.html
SCR_SpawnPositionComponentManagerClass	interfaceSCR__SpawnPositionComponentManagerClass.html
SCR_SpawnPreload	interfaceSCR__SpawnPreload.html
SCR_SpawnProtectionComponent	interfaceSCR__SpawnProtectionComponent.html
SCR_SpawnProtectionComponentClass	interfaceSCR__SpawnProtectionComponentClass.html
SCR_SpawnRequestComponent	interfaceSCR__SpawnRequestComponent.html
SCR_SpawnRequestComponentClass	interfaceSCR__SpawnRequestComponentClass.html
SCR_Spawnable_FragmentDebrisTitle	interfaceSCR__Spawnable__FragmentDebrisTitle.html
SCR_Spawnable_ParticleTitle	interfaceSCR__Spawnable__ParticleTitle.html
SCR_Spawnable_PrefabTitle	interfaceSCR__Spawnable__PrefabTitle.html
SCR_Spawnable_RandomParticleTitle	interfaceSCR__Spawnable__RandomParticleTitle.html
SCR_Spawnable_SmallDebrisTitle	interfaceSCR__Spawnable__SmallDebrisTitle.html
SCR_SpawnerAIGroupManagerComponent	interfaceSCR__SpawnerAIGroupManagerComponent.html
SCR_SpawnerAIGroupManagerComponentClass	interfaceSCR__SpawnerAIGroupManagerComponentClass.html
SCR_SpawnerAIRequest	interfaceSCR__SpawnerAIRequest.html
SCR_SpawnerRequestComponent	interfaceSCR__SpawnerRequestComponent.html
SCR_SpawnerRequestComponentClass	interfaceSCR__SpawnerRequestComponentClass.html
SCR_SpawnerSlotManager	interfaceSCR__SpawnerSlotManager.html
SCR_SpawnerSlotManagerClass	interfaceSCR__SpawnerSlotManagerClass.html
SCR_SpawnerVariantData	interfaceSCR__SpawnerVariantData.html
SCR_SpecialCollisionDamageEffect	interfaceSCR__SpecialCollisionDamageEffect.html
SCR_SpecialCollisionHandlerComponent	interfaceSCR__SpecialCollisionHandlerComponent.html
SCR_SpecialCollisionHandlerComponentClass	interfaceSCR__SpecialCollisionHandlerComponentClass.html
SCR_SpectateModeEditorUIComponent	interfaceSCR__SpectateModeEditorUIComponent.html
SCR_SpectateTargetComponent	interfaceSCR__SpectateTargetComponent.html
SCR_SpectateTargetComponentClass	interfaceSCR__SpectateTargetComponentClass.html
SCR_SpeedBoostManualCameraComponent	interfaceSCR__SpeedBoostManualCameraComponent.html
SCR_SpeedBoostUpManualCameraComponent	interfaceSCR__SpeedBoostUpManualCameraComponent.html
SCR_SpeedByHeightManualCameraComponent	interfaceSCR__SpeedByHeightManualCameraComponent.html
SCR_SpherePointGenerator	interfaceSCR__SpherePointGenerator.html
SCR_SpherePointGeneratorPreviewComponent	interfaceSCR__SpherePointGeneratorPreviewComponent.html
SCR_SpherePointGeneratorPreviewComponentClass	interfaceSCR__SpherePointGeneratorPreviewComponentClass.html
SCR_SpiderNet	interfaceSCR__SpiderNet.html
SCR_SpinBoxComponent	interfaceSCR__SpinBoxComponent.html
SCR_SpinBoxPagingComponent	interfaceSCR__SpinBoxPagingComponent.html
SCR_SpinboxEditorAttributeUIComponent	interfaceSCR__SpinboxEditorAttributeUIComponent.html
SCR_SpinningWidgetAnimationAbstract	interfaceSCR__SpinningWidgetAnimationAbstract.html
SCR_SpinningWidgetComponent	interfaceSCR__SpinningWidgetComponent.html
SCR_SplitNotificationMessageUIComponent	interfaceSCR__SplitNotificationMessageUIComponent.html
SCR_SplitNotificationUIInfo	interfaceSCR__SplitNotificationUIInfo.html
SCR_SquadRoleComboBoxElement	interfaceSCR__SquadRoleComboBoxElement.html
SCR_StaminaBlurEffect	interfaceSCR__StaminaBlurEffect.html
SCR_StartScenarioWhileAddonsEnabledDialog	interfaceSCR__StartScenarioWhileAddonsEnabledDialog.html
SCR_StartScenarioWhileDownloadingDialog	interfaceSCR__StartScenarioWhileDownloadingDialog.html
SCR_StatesEditorComponent	interfaceSCR__StatesEditorComponent.html
SCR_StatesEditorComponentClass	interfaceSCR__StatesEditorComponentClass.html
SCR_StaticDataPageConfig	interfaceSCR__StaticDataPageConfig.html
SCR_StatsPanelBase	interfaceSCR__StatsPanelBase.html
SCR_StatsPanelWidgets	interfaceSCR__StatsPanelWidgets.html
SCR_StatsPanel_FPS	interfaceSCR__StatsPanel__FPS.html
SCR_StatsPanel_Latency	interfaceSCR__StatsPanel__Latency.html
SCR_StatsPanel_PacketLoss	interfaceSCR__StatsPanel__PacketLoss.html
SCR_StatsPanel_ServerName	interfaceSCR__StatsPanel__ServerName.html
SCR_StickyNotificationUIComponent	interfaceSCR__StickyNotificationUIComponent.html
SCR_StopMovementGroupCommand	interfaceSCR__StopMovementGroupCommand.html
SCR_StressTestGroupActivation	interfaceSCR__StressTestGroupActivation.html
SCR_StressTestGroupActivationClass	interfaceSCR__StressTestGroupActivationClass.html
SCR_StringArray	interfaceSCR__StringArray.html
SCR_StringHelper	interfaceSCR__StringHelper.html
SCR_SubBlockUIName	interfaceSCR__SubBlockUIName.html
SCR_SubMenuBase	interfaceSCR__SubMenuBase.html
SCR_SuperMenuBase	interfaceSCR__SuperMenuBase.html
SCR_SuperMenuComponent	interfaceSCR__SuperMenuComponent.html
SCR_SuppliesBaseTooltipDetail	interfaceSCR__SuppliesBaseTooltipDetail.html
SCR_SuppliesTransferWaypoint	interfaceSCR__SuppliesTransferWaypoint.html
SCR_SuppliesTransferWaypointClass	interfaceSCR__SuppliesTransferWaypointClass.html
SCR_SuppliesTransferWaypointState	interfaceSCR__SuppliesTransferWaypointState.html
SCR_SuppliesTransportSystem	interfaceSCR__SuppliesTransportSystem.html
SCR_SuppliesTransportSystemUI	interfaceSCR__SuppliesTransportSystemUI.html
SCR_SupplyAvailableItemHintUIInfo	interfaceSCR__SupplyAvailableItemHintUIInfo.html
SCR_SupplyCapacityTooltipDetail	interfaceSCR__SupplyCapacityTooltipDetail.html
SCR_SupplyContainerDecayAttribute	interfaceSCR__SupplyContainerDecayAttribute.html
SCR_SupplyContainerValueAttribute	interfaceSCR__SupplyContainerValueAttribute.html
SCR_SupplyCostItemHintUIInfo	interfaceSCR__SupplyCostItemHintUIInfo.html
SCR_SupplyEffectBase	interfaceSCR__SupplyEffectBase.html
SCR_SupplyEffectsConfig	interfaceSCR__SupplyEffectsConfig.html
SCR_SupplyInventorySlotUI	interfaceSCR__SupplyInventorySlotUI.html
SCR_SupplyMoveItemHintUIInfo	interfaceSCR__SupplyMoveItemHintUIInfo.html
SCR_SupplyRefundItemHintUIInfo	interfaceSCR__SupplyRefundItemHintUIInfo.html
SCR_SupplyRefundTooltipDetail	interfaceSCR__SupplyRefundTooltipDetail.html
SCR_SupplyStoredItemHintUIInfo	interfaceSCR__SupplyStoredItemHintUIInfo.html
SCR_SupplySystem	interfaceSCR__SupplySystem.html
SCR_SupplyVehicleAudioEffect	interfaceSCR__SupplyVehicleAudioEffect.html
SCR_SupportStationAreaMeshComponent	interfaceSCR__SupportStationAreaMeshComponent.html
SCR_SupportStationAreaMeshComponentClass	interfaceSCR__SupportStationAreaMeshComponentClass.html
SCR_SupportStationEnableFuelEditorAttribute	interfaceSCR__SupportStationEnableFuelEditorAttribute.html
SCR_SupportStationEnableHealEditorAttribute	interfaceSCR__SupportStationEnableHealEditorAttribute.html
SCR_SupportStationEnableRepairEditorAttribute	interfaceSCR__SupportStationEnableRepairEditorAttribute.html
SCR_SupportStationEnableResupplyEditorAttribute	interfaceSCR__SupportStationEnableResupplyEditorAttribute.html
SCR_SupportStationGadgetComponent	interfaceSCR__SupportStationGadgetComponent.html
SCR_SupportStationGadgetComponentClass	interfaceSCR__SupportStationGadgetComponentClass.html
SCR_SupportStationManagerComponent	interfaceSCR__SupportStationManagerComponent.html
SCR_SupportStationManagerComponentClass	interfaceSCR__SupportStationManagerComponentClass.html
SCR_SuppressContextAction	interfaceSCR__SuppressContextAction.html
SCR_SuppressWaypoint	interfaceSCR__SuppressWaypoint.html
SCR_SuppressWaypointClass	interfaceSCR__SuppressWaypointClass.html
SCR_SuppressWaypointState	interfaceSCR__SuppressWaypointState.html
SCR_SwitchCameraToContextAction	interfaceSCR__SwitchCameraToContextAction.html
SCR_SwitchFlashlightLensAction	interfaceSCR__SwitchFlashlightLensAction.html
SCR_SwitchLightUserAction	interfaceSCR__SwitchLightUserAction.html
SCR_SwitchSeatAction	interfaceSCR__SwitchSeatAction.html
SCR_SwitchToPlayerContextAction	interfaceSCR__SwitchToPlayerContextAction.html
SCR_SystemClockUIComponent	interfaceSCR__SystemClockUIComponent.html
SCR_SystemHelper	interfaceSCR__SystemHelper.html
SCR_TEST_Example1SubjectSuite	interfaceSCR__TEST__Example1SubjectSuite.html
SCR_TEST_Example1Subject_Counter_CountsToFive	interfaceSCR__TEST__Example1Subject__Counter__CountsToFive.html
SCR_TEST_Example1Subject_GetFive_ReturnsFive	interfaceSCR__TEST__Example1Subject__GetFive__ReturnsFive.html
SCR_TEST_Example1Subject_NoResultExample	interfaceSCR__TEST__Example1Subject__NoResultExample.html
SCR_TEST_Example1Subject_TimeoutExample	interfaceSCR__TEST__Example1Subject__TimeoutExample.html
SCR_TEVR_Data	interfaceSCR__TEVR__Data.html
SCR_TabDialog	interfaceSCR__TabDialog.html
SCR_TabViewComponent	interfaceSCR__TabViewComponent.html
SCR_TabViewContent	interfaceSCR__TabViewContent.html
SCR_TakeControlContextAction	interfaceSCR__TakeControlContextAction.html
SCR_TakeScreenshotDebugToolbarAction	interfaceSCR__TakeScreenshotDebugToolbarAction.html
SCR_Task	interfaceSCR__Task.html
SCR_TaskAssignButton	interfaceSCR__TaskAssignButton.html
SCR_TaskAssignGroupListEntryUIComponent	interfaceSCR__TaskAssignGroupListEntryUIComponent.html
SCR_TaskAssignGroupListEntryWidgets	interfaceSCR__TaskAssignGroupListEntryWidgets.html
SCR_TaskAssignGroupListUIComponent	interfaceSCR__TaskAssignGroupListUIComponent.html
SCR_TaskAssignGroupListWidgets	interfaceSCR__TaskAssignGroupListWidgets.html
SCR_TaskBaseCommandAction	interfaceSCR__TaskBaseCommandAction.html
SCR_TaskClass	interfaceSCR__TaskClass.html
SCR_TaskCompleteDescriptionTooltipDetail	interfaceSCR__TaskCompleteDescriptionTooltipDetail.html
SCR_TaskContextAction	interfaceSCR__TaskContextAction.html
SCR_TaskCreator	interfaceSCR__TaskCreator.html
SCR_TaskCreatorComponent	interfaceSCR__TaskCreatorComponent.html
SCR_TaskCreatorComponentClass	interfaceSCR__TaskCreatorComponentClass.html
SCR_TaskData	interfaceSCR__TaskData.html
SCR_TaskDefend	interfaceSCR__TaskDefend.html
SCR_TaskDefendClass	interfaceSCR__TaskDefendClass.html
SCR_TaskDeliver	interfaceSCR__TaskDeliver.html
SCR_TaskDeliverClass	interfaceSCR__TaskDeliverClass.html
SCR_TaskDestroyObject	interfaceSCR__TaskDestroyObject.html
SCR_TaskDestroyObjectClass	interfaceSCR__TaskDestroyObjectClass.html
SCR_TaskDetailDialog	interfaceSCR__TaskDetailDialog.html
SCR_TaskExecutor	interfaceSCR__TaskExecutor.html
SCR_TaskExecutorEntity	interfaceSCR__TaskExecutorEntity.html
SCR_TaskExecutorGroup	interfaceSCR__TaskExecutorGroup.html
SCR_TaskExecutorPlayer	interfaceSCR__TaskExecutorPlayer.html
SCR_TaskFinishEntry	interfaceSCR__TaskFinishEntry.html
SCR_TaskFinishHistoryManagerComponent	interfaceSCR__TaskFinishHistoryManagerComponent.html
SCR_TaskFinishHistoryManagerComponentClass	interfaceSCR__TaskFinishHistoryManagerComponentClass.html
SCR_TaskIconComponent	interfaceSCR__TaskIconComponent.html
SCR_TaskKill	interfaceSCR__TaskKill.html
SCR_TaskKillClass	interfaceSCR__TaskKillClass.html
SCR_TaskListActionButton	interfaceSCR__TaskListActionButton.html
SCR_TaskListDisplay	interfaceSCR__TaskListDisplay.html
SCR_TaskListEntryDescriptionUIComponent	interfaceSCR__TaskListEntryDescriptionUIComponent.html
SCR_TaskListEntryDescriptionWidgets	interfaceSCR__TaskListEntryDescriptionWidgets.html
SCR_TaskListEntryHandler	interfaceSCR__TaskListEntryHandler.html
SCR_TaskListEntryUIComponent	interfaceSCR__TaskListEntryUIComponent.html
SCR_TaskListEntryWidgets	interfaceSCR__TaskListEntryWidgets.html
SCR_TaskListFocusComponent	interfaceSCR__TaskListFocusComponent.html
SCR_TaskListFocusUIComponent	interfaceSCR__TaskListFocusUIComponent.html
SCR_TaskListTabEntryUIComponent	interfaceSCR__TaskListTabEntryUIComponent.html
SCR_TaskListTabEntryWidgets	interfaceSCR__TaskListTabEntryWidgets.html
SCR_TaskListUIComponent	interfaceSCR__TaskListUIComponent.html
SCR_TaskListWidgets	interfaceSCR__TaskListWidgets.html
SCR_TaskManagerUIComponent	interfaceSCR__TaskManagerUIComponent.html
SCR_TaskManagerUIComponentClass	interfaceSCR__TaskManagerUIComponentClass.html
SCR_TaskMapUIComponent	interfaceSCR__TaskMapUIComponent.html
SCR_TaskMapWidgets	interfaceSCR__TaskMapWidgets.html
SCR_TaskNotificationComponent	interfaceSCR__TaskNotificationComponent.html
SCR_TaskNotificationComponentClass	interfaceSCR__TaskNotificationComponentClass.html
SCR_TaskNotificationConfig	interfaceSCR__TaskNotificationConfig.html
SCR_TaskNotificationManagerComponent	interfaceSCR__TaskNotificationManagerComponent.html
SCR_TaskNotificationManagerComponentClass	interfaceSCR__TaskNotificationManagerComponentClass.html
SCR_TaskNotificationsRootConfig	interfaceSCR__TaskNotificationsRootConfig.html
SCR_TaskOverlayButton	interfaceSCR__TaskOverlayButton.html
SCR_TaskOwnershipEditorAttribute	interfaceSCR__TaskOwnershipEditorAttribute.html
SCR_TaskRadioMsg	interfaceSCR__TaskRadioMsg.html
SCR_TaskSave	interfaceSCR__TaskSave.html
SCR_TaskSelectButton	interfaceSCR__TaskSelectButton.html
SCR_TaskSolverBase	interfaceSCR__TaskSolverBase.html
SCR_TaskSolverConfig	interfaceSCR__TaskSolverConfig.html
SCR_TaskSolverContext	interfaceSCR__TaskSolverContext.html
SCR_TaskSolverEntry	interfaceSCR__TaskSolverEntry.html
SCR_TaskSolverManagerComponent	interfaceSCR__TaskSolverManagerComponent.html
SCR_TaskSolverManagerComponentClass	interfaceSCR__TaskSolverManagerComponentClass.html
SCR_TaskStateContextAction	interfaceSCR__TaskStateContextAction.html
SCR_TaskStateEditorAttribute	interfaceSCR__TaskStateEditorAttribute.html
SCR_TaskStateHelper	interfaceSCR__TaskStateHelper.html
SCR_TaskSystem	interfaceSCR__TaskSystem.html
SCR_TaskSystemData	interfaceSCR__TaskSystemData.html
SCR_TaskSystemNetworkComponent	interfaceSCR__TaskSystemNetworkComponent.html
SCR_TaskSystemNetworkComponentClass	interfaceSCR__TaskSystemNetworkComponentClass.html
SCR_TaskSystemSerializer	interfaceSCR__TaskSystemSerializer.html
SCR_TaskTabStates	interfaceSCR__TaskTabStates.html
SCR_TaskTextAttackEditorAttribute	interfaceSCR__TaskTextAttackEditorAttribute.html
SCR_TaskTextBaseEditorAttribute	interfaceSCR__TaskTextBaseEditorAttribute.html
SCR_TaskTextCustomEditorAttribute	interfaceSCR__TaskTextCustomEditorAttribute.html
SCR_TaskTextDefendEditorAttribute	interfaceSCR__TaskTextDefendEditorAttribute.html
SCR_TaskTextEditorAttribute	interfaceSCR__TaskTextEditorAttribute.html
SCR_TaskTextMoveEditorAttribute	interfaceSCR__TaskTextMoveEditorAttribute.html
SCR_TaskToolbarEditorUIComponent	interfaceSCR__TaskToolbarEditorUIComponent.html
SCR_TaskUIColor	interfaceSCR__TaskUIColor.html
SCR_TaskUIColorPreset	interfaceSCR__TaskUIColorPreset.html
SCR_TaskUIColorPresetList	interfaceSCR__TaskUIColorPresetList.html
SCR_TaskUIColorPresetTitle	interfaceSCR__TaskUIColorPresetTitle.html
SCR_TaskUIComponent	interfaceSCR__TaskUIComponent.html
SCR_TaskUIComponentClass	interfaceSCR__TaskUIComponentClass.html
SCR_TaskUIInfo	interfaceSCR__TaskUIInfo.html
SCR_TaskUIVisibilityEditorAttribute	interfaceSCR__TaskUIVisibilityEditorAttribute.html
SCR_TaskVisibilityEditorAttribute	interfaceSCR__TaskVisibilityEditorAttribute.html
SCR_TasksTabConfig	interfaceSCR__TasksTabConfig.html
SCR_TeleportCameraContextAction	interfaceSCR__TeleportCameraContextAction.html
SCR_TeleportCameraToPlayerContextAction	interfaceSCR__TeleportCameraToPlayerContextAction.html
SCR_TeleportPlayerHereContextAction	interfaceSCR__TeleportPlayerHereContextAction.html
SCR_TeleportPlayerManualCameraComponent	interfaceSCR__TeleportPlayerManualCameraComponent.html
SCR_TeleportToCursorManualCameraComponent	interfaceSCR__TeleportToCursorManualCameraComponent.html
SCR_TerrainCollisionManualCameraComponent	interfaceSCR__TerrainCollisionManualCameraComponent.html
SCR_TerrainDef	interfaceSCR__TerrainDef.html
SCR_TerrainDefConfig	interfaceSCR__TerrainDefConfig.html
SCR_TerrainEdgesFinderPlugin	interfaceSCR__TerrainEdgesFinderPlugin.html
SCR_TerrainEntityVariantConfig	interfaceSCR__TerrainEntityVariantConfig.html
SCR_TerrainEntityVariantConfigEntry	interfaceSCR__TerrainEntityVariantConfigEntry.html
SCR_TerrainEntityVariantConfigValue	interfaceSCR__TerrainEntityVariantConfigValue.html
SCR_TerrainEntityVariantReplacementPlugin	interfaceSCR__TerrainEntityVariantReplacementPlugin.html
SCR_TerrainHelper	interfaceSCR__TerrainHelper.html
SCR_TerrainMeshEntity	interfaceSCR__TerrainMeshEntity.html
SCR_TerrainMeshEntityClass	interfaceSCR__TerrainMeshEntityClass.html
SCR_TerrainSoundGroup	interfaceSCR__TerrainSoundGroup.html
SCR_TerritoryIdentityNameOverride	interfaceSCR__TerritoryIdentityNameOverride.html
SCR_TerritoryIdentityOverride	interfaceSCR__TerritoryIdentityOverride.html
SCR_TerritoryIdentityVisualOverride	interfaceSCR__TerritoryIdentityVisualOverride.html
SCR_TestEditorAttribute	interfaceSCR__TestEditorAttribute.html
SCR_TestEditorComponent	interfaceSCR__TestEditorComponent.html
SCR_TestEditorComponentClass	interfaceSCR__TestEditorComponentClass.html
SCR_TestRaycaster	interfaceSCR__TestRaycaster.html
SCR_TestRaycasterClass	interfaceSCR__TestRaycasterClass.html
SCR_TestRunner	interfaceSCR__TestRunner.html
SCR_TestScriptedRadioMsgUserAction	interfaceSCR__TestScriptedRadioMsgUserAction.html
SCR_TextAndWarningTooltipDetail	interfaceSCR__TextAndWarningTooltipDetail.html
SCR_TextResultWorkbenchDialog	interfaceSCR__TextResultWorkbenchDialog.html
SCR_TextsTaskManagerComponent	interfaceSCR__TextsTaskManagerComponent.html
SCR_TextsTaskManagerComponentClass	interfaceSCR__TextsTaskManagerComponentClass.html
SCR_TextsTaskManagerEntry	interfaceSCR__TextsTaskManagerEntry.html
SCR_TextureResource	interfaceSCR__TextureResource.html
SCR_TileBaseComponent	interfaceSCR__TileBaseComponent.html
SCR_TimeAdvancementEditorAttribute	interfaceSCR__TimeAdvancementEditorAttribute.html
SCR_TimeAndWeatherHandlerComponent	interfaceSCR__TimeAndWeatherHandlerComponent.html
SCR_TimeAndWeatherHandlerComponentClass	interfaceSCR__TimeAndWeatherHandlerComponentClass.html
SCR_TimeAndWeatherState	interfaceSCR__TimeAndWeatherState.html
SCR_TimePresetsAttributeUIComponent	interfaceSCR__TimePresetsAttributeUIComponent.html
SCR_TimePresetsEditorAttribute	interfaceSCR__TimePresetsEditorAttribute.html
SCR_TimeSpentData	interfaceSCR__TimeSpentData.html
SCR_TimedDebris	interfaceSCR__TimedDebris.html
SCR_TimedEffect	interfaceSCR__TimedEffect.html
SCR_TimedParticle	interfaceSCR__TimedParticle.html
SCR_TimedPrefab	interfaceSCR__TimedPrefab.html
SCR_TimedSound	interfaceSCR__TimedSound.html
SCR_TimedSpawnPointComponent	interfaceSCR__TimedSpawnPointComponent.html
SCR_TimedSpawnPointComponentClass	interfaceSCR__TimedSpawnPointComponentClass.html
SCR_TimedWaypoint	interfaceSCR__TimedWaypoint.html
SCR_TimedWaypointClass	interfaceSCR__TimedWaypointClass.html
SCR_TipBlockUIName	interfaceSCR__TipBlockUIName.html
SCR_TireReplacementManagerComponent	interfaceSCR__TireReplacementManagerComponent.html
SCR_TireReplacementManagerComponentClass	interfaceSCR__TireReplacementManagerComponentClass.html
SCR_ToggleDamageEditorAttribute	interfaceSCR__ToggleDamageEditorAttribute.html
SCR_ToggleDeployableSpawnPointLoadoutAction	interfaceSCR__ToggleDeployableSpawnPointLoadoutAction.html
SCR_ToggleHandbrakeAction	interfaceSCR__ToggleHandbrakeAction.html
SCR_ToggleInterfaceToolbarAction	interfaceSCR__ToggleInterfaceToolbarAction.html
SCR_ToggleLocalEditorNightModeToolbarAction	interfaceSCR__ToggleLocalEditorNightModeToolbarAction.html
SCR_ToggleSafetyUserAction	interfaceSCR__ToggleSafetyUserAction.html
SCR_ToggleUIManualCameraComponent	interfaceSCR__ToggleUIManualCameraComponent.html
SCR_ToolMenuButtonComponent	interfaceSCR__ToolMenuButtonComponent.html
SCR_ToolbarActionsEditorComponent	interfaceSCR__ToolbarActionsEditorComponent.html
SCR_ToolbarActionsEditorComponentClass	interfaceSCR__ToolbarActionsEditorComponentClass.html
SCR_ToolbarContextBrowserBuildingUIComponent	interfaceSCR__ToolbarContextBrowserBuildingUIComponent.html
SCR_ToolbarContextBrowserEditorUIComponent	interfaceSCR__ToolbarContextBrowserEditorUIComponent.html
SCR_ToolbarItemNotificationEditorUIComponent	interfaceSCR__ToolbarItemNotificationEditorUIComponent.html
SCR_ToolboxComponent	interfaceSCR__ToolboxComponent.html
SCR_ToolboxMultilineComponent	interfaceSCR__ToolboxMultilineComponent.html
SCR_TooltipAreaEditorUIComponent	interfaceSCR__TooltipAreaEditorUIComponent.html
SCR_TooltipEditorEntry	interfaceSCR__TooltipEditorEntry.html
SCR_TooltipManagerEditorUIComponent	interfaceSCR__TooltipManagerEditorUIComponent.html
SCR_TooltipPositionPreset	interfaceSCR__TooltipPositionPreset.html
SCR_TourniquetDamageEffect	interfaceSCR__TourniquetDamageEffect.html
SCR_TourniquetMovedCallback	interfaceSCR__TourniquetMovedCallback.html
SCR_TourniquetStorageComponent	interfaceSCR__TourniquetStorageComponent.html
SCR_TourniquetStorageComponentClass	interfaceSCR__TourniquetStorageComponentClass.html
SCR_TourniquetStorageSlot	interfaceSCR__TourniquetStorageSlot.html
SCR_TourniquetUserAction	interfaceSCR__TourniquetUserAction.html
SCR_TrackGeneratorEntity	interfaceSCR__TrackGeneratorEntity.html
SCR_TrackGeneratorEntityClass	interfaceSCR__TrackGeneratorEntityClass.html
SCR_TrackedControllerComponent	interfaceSCR__TrackedControllerComponent.html
SCR_TrackedControllerComponentClass	interfaceSCR__TrackedControllerComponentClass.html
SCR_TracyPlugin	interfaceSCR__TracyPlugin.html
SCR_TransferSuppliesInteraction	interfaceSCR__TransferSuppliesInteraction.html
SCR_TransformingEditorComponent	interfaceSCR__TransformingEditorComponent.html
SCR_TransformingEditorComponentClass	interfaceSCR__TransformingEditorComponentClass.html
SCR_TransformingEditorUIComponent	interfaceSCR__TransformingEditorUIComponent.html
SCR_TransportContextAction	interfaceSCR__TransportContextAction.html
SCR_TransportUnitComponent	interfaceSCR__TransportUnitComponent.html
SCR_TransportUnitComponentClass	interfaceSCR__TransportUnitComponentClass.html
SCR_TransportUnitHelpTaskEntity	interfaceSCR__TransportUnitHelpTaskEntity.html
SCR_TransportUnitHelpTaskEntityClass	interfaceSCR__TransportUnitHelpTaskEntityClass.html
SCR_TransportUnitUI	interfaceSCR__TransportUnitUI.html
SCR_TransportWaypoint	interfaceSCR__TransportWaypoint.html
SCR_TransportWaypointClass	interfaceSCR__TransportWaypointClass.html
SCR_TreeDebrisSmallEntity	interfaceSCR__TreeDebrisSmallEntity.html
SCR_TreeDebrisSmallEntityClass	interfaceSCR__TreeDebrisSmallEntityClass.html
SCR_TreeHitZoneV2	interfaceSCR__TreeHitZoneV2.html
SCR_TreePartHierarchyV2	interfaceSCR__TreePartHierarchyV2.html
SCR_TreePartSynchronizationData	interfaceSCR__TreePartSynchronizationData.html
SCR_TreePartV2	interfaceSCR__TreePartV2.html
SCR_TreePartV2Class	interfaceSCR__TreePartV2Class.html
SCR_TreeSoundGroup	interfaceSCR__TreeSoundGroup.html
SCR_TreeTraceInfo	interfaceSCR__TreeTraceInfo.html
SCR_TriggerAreaMeshComponent	interfaceSCR__TriggerAreaMeshComponent.html
SCR_TriggerAreaMeshComponentClass	interfaceSCR__TriggerAreaMeshComponentClass.html
SCR_TriggerSoundComponent	interfaceSCR__TriggerSoundComponent.html
SCR_TriggerSoundComponentClass	interfaceSCR__TriggerSoundComponentClass.html
SCR_TriggerTask	interfaceSCR__TriggerTask.html
SCR_TriggerTaskClass	interfaceSCR__TriggerTaskClass.html
SCR_TurnOnAction	interfaceSCR__TurnOnAction.html
SCR_TurretAssemblyAction	interfaceSCR__TurretAssemblyAction.html
SCR_TurretControllerComponent	interfaceSCR__TurretControllerComponent.html
SCR_TurretControllerComponentClass	interfaceSCR__TurretControllerComponentClass.html
SCR_TurretGetInUserAction	interfaceSCR__TurretGetInUserAction.html
SCR_TurretInventoryStorageManagerComponent	interfaceSCR__TurretInventoryStorageManagerComponent.html
SCR_TurretInventoryStorageManagerComponentClass	interfaceSCR__TurretInventoryStorageManagerComponentClass.html
SCR_TurretPickUpItemAction	interfaceSCR__TurretPickUpItemAction.html
SCR_TutorialBuildingStartUserAction	interfaceSCR__TutorialBuildingStartUserAction.html
SCR_TutorialCourse	interfaceSCR__TutorialCourse.html
SCR_TutorialCoursePrefabInfo	interfaceSCR__TutorialCoursePrefabInfo.html
SCR_TutorialCourseSelectionUserAction	interfaceSCR__TutorialCourseSelectionUserAction.html
SCR_TutorialCoursesConfig	interfaceSCR__TutorialCoursesConfig.html
SCR_TutorialDeployMobileAssembly	interfaceSCR__TutorialDeployMobileAssembly.html
SCR_TutorialFakeBaseComponent	interfaceSCR__TutorialFakeBaseComponent.html
SCR_TutorialFakeBaseComponentClass	interfaceSCR__TutorialFakeBaseComponentClass.html
SCR_TutorialFastTravelMapElement	interfaceSCR__TutorialFastTravelMapElement.html
SCR_TutorialFastTravelMapMenuUI	interfaceSCR__TutorialFastTravelMapMenuUI.html
SCR_TutorialFastTravelSpinBox	interfaceSCR__TutorialFastTravelSpinBox.html
SCR_TutorialGamemodeComponent	interfaceSCR__TutorialGamemodeComponent.html
SCR_TutorialGamemodeComponentClass	interfaceSCR__TutorialGamemodeComponentClass.html
SCR_TutorialGamemodeComponentSerializer	interfaceSCR__TutorialGamemodeComponentSerializer.html
SCR_TutorialInstructorComponent	interfaceSCR__TutorialInstructorComponent.html
SCR_TutorialInstructorComponentClass	interfaceSCR__TutorialInstructorComponentClass.html
SCR_TutorialInventoryItemSearchPredicate	interfaceSCR__TutorialInventoryItemSearchPredicate.html
SCR_TutorialInventoryPrefabSearchPredicate	interfaceSCR__TutorialInventoryPrefabSearchPredicate.html
SCR_TutorialInventorySearchPredicate	interfaceSCR__TutorialInventorySearchPredicate.html
SCR_TutorialLogic_CombatEngineering	interfaceSCR__TutorialLogic__CombatEngineering.html
SCR_TutorialLogic_Driving	interfaceSCR__TutorialLogic__Driving.html
SCR_TutorialLogic_FreeRoam	interfaceSCR__TutorialLogic__FreeRoam.html
SCR_TutorialLogic_Heli	interfaceSCR__TutorialLogic__Heli.html
SCR_TutorialLogic_LRS	interfaceSCR__TutorialLogic__LRS.html
SCR_TutorialLogic_Medical	interfaceSCR__TutorialLogic__Medical.html
SCR_TutorialLogic_Mortars	interfaceSCR__TutorialLogic__Mortars.html
SCR_TutorialLogic_Navigation	interfaceSCR__TutorialLogic__Navigation.html
SCR_TutorialLogic_Obstacle	interfaceSCR__TutorialLogic__Obstacle.html
SCR_TutorialLogic_SW	interfaceSCR__TutorialLogic__SW.html
SCR_TutorialLogic_SeizingCourse	interfaceSCR__TutorialLogic__SeizingCourse.html
SCR_TutorialLogic_ShootingRange	interfaceSCR__TutorialLogic__ShootingRange.html
SCR_TutorialLogic_SquadLeadership	interfaceSCR__TutorialLogic__SquadLeadership.html
SCR_TutorialLogic_VehicleMaintenance	interfaceSCR__TutorialLogic__VehicleMaintenance.html
SCR_TutorialMapUI	interfaceSCR__TutorialMapUI.html
SCR_TutorialMapUIBase	interfaceSCR__TutorialMapUIBase.html
SCR_TutorialOpenFastTravelInterface	interfaceSCR__TutorialOpenFastTravelInterface.html
SCR_TutorialReturnToMenuAction	interfaceSCR__TutorialReturnToMenuAction.html
SCR_TutorialSeizingComponent	interfaceSCR__TutorialSeizingComponent.html
SCR_TutorialSeizingComponentClass	interfaceSCR__TutorialSeizingComponentClass.html
SCR_TutorialSpawnLogic	interfaceSCR__TutorialSpawnLogic.html
SCR_TutorialStageHub	interfaceSCR__TutorialStageHub.html
SCR_TutorialStageHubClass	interfaceSCR__TutorialStageHubClass.html
SCR_TutorialStageInfo	interfaceSCR__TutorialStageInfo.html
SCR_TutorialStageMedical_BANDAGE_CHEST	interfaceSCR__TutorialStageMedical__BANDAGE__CHEST.html
SCR_TutorialStageMedical_BANDAGE_CHESTClass	interfaceSCR__TutorialStageMedical__BANDAGE__CHESTClass.html
SCR_TutorialStageMedical_BANDAGE_EQUIP	interfaceSCR__TutorialStageMedical__BANDAGE__EQUIP.html
SCR_TutorialStageMedical_BANDAGE_EQUIPClass	interfaceSCR__TutorialStageMedical__BANDAGE__EQUIPClass.html
SCR_TutorialStageMedical_BANDAGE_LEG	interfaceSCR__TutorialStageMedical__BANDAGE__LEG.html
SCR_TutorialStageMedical_BANDAGE_LEGClass	interfaceSCR__TutorialStageMedical__BANDAGE__LEGClass.html
SCR_TutorialStageMedical_CHECK	interfaceSCR__TutorialStageMedical__CHECK.html
SCR_TutorialStageMedical_CHECKClass	interfaceSCR__TutorialStageMedical__CHECKClass.html
SCR_TutorialStageMedical_CHECK_EXPLAIN	interfaceSCR__TutorialStageMedical__CHECK__EXPLAIN.html
SCR_TutorialStageMedical_CHECK_EXPLAINClass	interfaceSCR__TutorialStageMedical__CHECK__EXPLAINClass.html
SCR_TutorialStageMedical_END	interfaceSCR__TutorialStageMedical__END.html
SCR_TutorialStageMedical_ENDClass	interfaceSCR__TutorialStageMedical__ENDClass.html
SCR_TutorialStageMedical_MORPHINE_APPLY	interfaceSCR__TutorialStageMedical__MORPHINE__APPLY.html
SCR_TutorialStageMedical_MORPHINE_APPLYClass	interfaceSCR__TutorialStageMedical__MORPHINE__APPLYClass.html
SCR_TutorialStageMedical_MORPHINE_EQUIP	interfaceSCR__TutorialStageMedical__MORPHINE__EQUIP.html
SCR_TutorialStageMedical_MORPHINE_EQUIPClass	interfaceSCR__TutorialStageMedical__MORPHINE__EQUIPClass.html
SCR_TutorialStageMedical_PULLOUT	interfaceSCR__TutorialStageMedical__PULLOUT.html
SCR_TutorialStageMedical_PULLOUTClass	interfaceSCR__TutorialStageMedical__PULLOUTClass.html
SCR_TutorialStageMedical_PickupBandage	interfaceSCR__TutorialStageMedical__PickupBandage.html
SCR_TutorialStageMedical_PickupBandageClass	interfaceSCR__TutorialStageMedical__PickupBandageClass.html
SCR_TutorialStageMedical_PickupMorphine	interfaceSCR__TutorialStageMedical__PickupMorphine.html
SCR_TutorialStageMedical_PickupMorphineClass	interfaceSCR__TutorialStageMedical__PickupMorphineClass.html
SCR_TutorialStageMedical_PickupSaline	interfaceSCR__TutorialStageMedical__PickupSaline.html
SCR_TutorialStageMedical_PickupSalineClass	interfaceSCR__TutorialStageMedical__PickupSalineClass.html
SCR_TutorialStageMedical_PickupTourniquet	interfaceSCR__TutorialStageMedical__PickupTourniquet.html
SCR_TutorialStageMedical_PickupTourniquetClass	interfaceSCR__TutorialStageMedical__PickupTourniquetClass.html
SCR_TutorialStageMedical_SALINE_APPLY	interfaceSCR__TutorialStageMedical__SALINE__APPLY.html
SCR_TutorialStageMedical_SALINE_APPLYClass	interfaceSCR__TutorialStageMedical__SALINE__APPLYClass.html
SCR_TutorialStageMedical_SALINE_EQUIP	interfaceSCR__TutorialStageMedical__SALINE__EQUIP.html
SCR_TutorialStageMedical_SALINE_EQUIPClass	interfaceSCR__TutorialStageMedical__SALINE__EQUIPClass.html
SCR_TutorialStageMedical_START	interfaceSCR__TutorialStageMedical__START.html
SCR_TutorialStageMedical_STARTClass	interfaceSCR__TutorialStageMedical__STARTClass.html
SCR_TutorialStageMedical_TOURNIQUET_APPLY	interfaceSCR__TutorialStageMedical__TOURNIQUET__APPLY.html
SCR_TutorialStageMedical_TOURNIQUET_APPLYClass	interfaceSCR__TutorialStageMedical__TOURNIQUET__APPLYClass.html
SCR_TutorialStageMedical_TOURNIQUET_EQUIP	interfaceSCR__TutorialStageMedical__TOURNIQUET__EQUIP.html
SCR_TutorialStageMedical_TOURNIQUET_EQUIPClass	interfaceSCR__TutorialStageMedical__TOURNIQUET__EQUIPClass.html
SCR_TutorialStageMortars_ChangeAmmoType	interfaceSCR__TutorialStageMortars__ChangeAmmoType.html
SCR_TutorialStageMortars_ChangeAmmoTypeClass	interfaceSCR__TutorialStageMortars__ChangeAmmoTypeClass.html
SCR_TutorialStageMortars_EquipShell	interfaceSCR__TutorialStageMortars__EquipShell.html
SCR_TutorialStageMortars_EquipShellClass	interfaceSCR__TutorialStageMortars__EquipShellClass.html
SCR_TutorialStageMortars_Final	interfaceSCR__TutorialStageMortars__Final.html
SCR_TutorialStageMortars_FinalClass	interfaceSCR__TutorialStageMortars__FinalClass.html
SCR_TutorialStageMortars_FireShell	interfaceSCR__TutorialStageMortars__FireShell.html
SCR_TutorialStageMortars_FireShellClass	interfaceSCR__TutorialStageMortars__FireShellClass.html
SCR_TutorialStageMortars_GetInMortar	interfaceSCR__TutorialStageMortars__GetInMortar.html
SCR_TutorialStageMortars_GetInMortarClass	interfaceSCR__TutorialStageMortars__GetInMortarClass.html
SCR_TutorialStageMortars_GetOutMortar	interfaceSCR__TutorialStageMortars__GetOutMortar.html
SCR_TutorialStageMortars_GetOutMortarClass	interfaceSCR__TutorialStageMortars__GetOutMortarClass.html
SCR_TutorialStageMortars_SecondTarget	interfaceSCR__TutorialStageMortars__SecondTarget.html
SCR_TutorialStageMortars_SecondTargetClass	interfaceSCR__TutorialStageMortars__SecondTargetClass.html
SCR_TutorialStageMortars_SettingAzimuth	interfaceSCR__TutorialStageMortars__SettingAzimuth.html
SCR_TutorialStageMortars_SettingAzimuthClass	interfaceSCR__TutorialStageMortars__SettingAzimuthClass.html
SCR_TutorialStageMortars_SettingRange	interfaceSCR__TutorialStageMortars__SettingRange.html
SCR_TutorialStageMortars_SettingRangeClass	interfaceSCR__TutorialStageMortars__SettingRangeClass.html
SCR_TutorialStageMortars_ShellTravelling	interfaceSCR__TutorialStageMortars__ShellTravelling.html
SCR_TutorialStageMortars_ShellTravellingClass	interfaceSCR__TutorialStageMortars__ShellTravellingClass.html
SCR_TutorialStageMortars_Sights	interfaceSCR__TutorialStageMortars__Sights.html
SCR_TutorialStageMortars_SightsClass	interfaceSCR__TutorialStageMortars__SightsClass.html
SCR_TutorialTaskMapUIComponent	interfaceSCR__TutorialTaskMapUIComponent.html
SCR_Tutorial_CombatEngineering_BoardVehicle	interfaceSCR__Tutorial__CombatEngineering__BoardVehicle.html
SCR_Tutorial_CombatEngineering_BoardVehicleClass	interfaceSCR__Tutorial__CombatEngineering__BoardVehicleClass.html
SCR_Tutorial_CombatEngineering_END	interfaceSCR__Tutorial__CombatEngineering__END.html
SCR_Tutorial_CombatEngineering_ENDClass	interfaceSCR__Tutorial__CombatEngineering__ENDClass.html
SCR_Tutorial_CombatEngineering_EnterBuilding_1	interfaceSCR__Tutorial__CombatEngineering__EnterBuilding__1.html
SCR_Tutorial_CombatEngineering_EnterBuilding_1Class	interfaceSCR__Tutorial__CombatEngineering__EnterBuilding__1Class.html
SCR_Tutorial_CombatEngineering_EnterBuilding_2	interfaceSCR__Tutorial__CombatEngineering__EnterBuilding__2.html
SCR_Tutorial_CombatEngineering_EnterBuilding_2Class	interfaceSCR__Tutorial__CombatEngineering__EnterBuilding__2Class.html
SCR_Tutorial_CombatEngineering_EquipEntrenchingTool	interfaceSCR__Tutorial__CombatEngineering__EquipEntrenchingTool.html
SCR_Tutorial_CombatEngineering_EquipEntrenchingToolClass	interfaceSCR__Tutorial__CombatEngineering__EquipEntrenchingToolClass.html
SCR_Tutorial_CombatEngineering_ExitBuilding_1	interfaceSCR__Tutorial__CombatEngineering__ExitBuilding__1.html
SCR_Tutorial_CombatEngineering_ExitBuilding_1Class	interfaceSCR__Tutorial__CombatEngineering__ExitBuilding__1Class.html
SCR_Tutorial_CombatEngineering_ExitBuilding_2	interfaceSCR__Tutorial__CombatEngineering__ExitBuilding__2.html
SCR_Tutorial_CombatEngineering_ExitBuilding_2Class	interfaceSCR__Tutorial__CombatEngineering__ExitBuilding__2Class.html
SCR_Tutorial_CombatEngineering_FinishConstruction1	interfaceSCR__Tutorial__CombatEngineering__FinishConstruction1.html
SCR_Tutorial_CombatEngineering_FinishConstruction1Class	interfaceSCR__Tutorial__CombatEngineering__FinishConstruction1Class.html
SCR_Tutorial_CombatEngineering_LoadSupplies_1	interfaceSCR__Tutorial__CombatEngineering__LoadSupplies__1.html
SCR_Tutorial_CombatEngineering_LoadSupplies_1Class	interfaceSCR__Tutorial__CombatEngineering__LoadSupplies__1Class.html
SCR_Tutorial_CombatEngineering_LoadSupplies_2	interfaceSCR__Tutorial__CombatEngineering__LoadSupplies__2.html
SCR_Tutorial_CombatEngineering_LoadSupplies_2Class	interfaceSCR__Tutorial__CombatEngineering__LoadSupplies__2Class.html
SCR_Tutorial_CombatEngineering_Move_1	interfaceSCR__Tutorial__CombatEngineering__Move__1.html
SCR_Tutorial_CombatEngineering_Move_1Class	interfaceSCR__Tutorial__CombatEngineering__Move__1Class.html
SCR_Tutorial_CombatEngineering_Move_2	interfaceSCR__Tutorial__CombatEngineering__Move__2.html
SCR_Tutorial_CombatEngineering_Move_2Class	interfaceSCR__Tutorial__CombatEngineering__Move__2Class.html
SCR_Tutorial_CombatEngineering_Move_3	interfaceSCR__Tutorial__CombatEngineering__Move__3.html
SCR_Tutorial_CombatEngineering_Move_3Class	interfaceSCR__Tutorial__CombatEngineering__Move__3Class.html
SCR_Tutorial_CombatEngineering_Move_4	interfaceSCR__Tutorial__CombatEngineering__Move__4.html
SCR_Tutorial_CombatEngineering_Move_4Class	interfaceSCR__Tutorial__CombatEngineering__Move__4Class.html
SCR_Tutorial_CombatEngineering_Move_5	interfaceSCR__Tutorial__CombatEngineering__Move__5.html
SCR_Tutorial_CombatEngineering_Move_5Class	interfaceSCR__Tutorial__CombatEngineering__Move__5Class.html
SCR_Tutorial_CombatEngineering_START	interfaceSCR__Tutorial__CombatEngineering__START.html
SCR_Tutorial_CombatEngineering_STARTClass	interfaceSCR__Tutorial__CombatEngineering__STARTClass.html
SCR_Tutorial_CombatEngineering_SelectPrefab_1	interfaceSCR__Tutorial__CombatEngineering__SelectPrefab__1.html
SCR_Tutorial_CombatEngineering_SelectPrefab_1Class	interfaceSCR__Tutorial__CombatEngineering__SelectPrefab__1Class.html
SCR_Tutorial_CombatEngineering_SpawnEntity_1	interfaceSCR__Tutorial__CombatEngineering__SpawnEntity__1.html
SCR_Tutorial_CombatEngineering_SpawnEntity_1Class	interfaceSCR__Tutorial__CombatEngineering__SpawnEntity__1Class.html
SCR_Tutorial_CombatEngineering_SpawnEntity_2	interfaceSCR__Tutorial__CombatEngineering__SpawnEntity__2.html
SCR_Tutorial_CombatEngineering_SpawnEntity_2Class	interfaceSCR__Tutorial__CombatEngineering__SpawnEntity__2Class.html
SCR_Tutorial_CombatEngineering_StopAndGetOut	interfaceSCR__Tutorial__CombatEngineering__StopAndGetOut.html
SCR_Tutorial_CombatEngineering_StopAndGetOutClass	interfaceSCR__Tutorial__CombatEngineering__StopAndGetOutClass.html
SCR_Tutorial_Driving_DRIVEROAD	interfaceSCR__Tutorial__Driving__DRIVEROAD.html
SCR_Tutorial_Driving_DRIVEROAD10	interfaceSCR__Tutorial__Driving__DRIVEROAD10.html
SCR_Tutorial_Driving_DRIVEROAD10Class	interfaceSCR__Tutorial__Driving__DRIVEROAD10Class.html
SCR_Tutorial_Driving_DRIVEROAD11	interfaceSCR__Tutorial__Driving__DRIVEROAD11.html
SCR_Tutorial_Driving_DRIVEROAD11Class	interfaceSCR__Tutorial__Driving__DRIVEROAD11Class.html
SCR_Tutorial_Driving_DRIVEROAD2	interfaceSCR__Tutorial__Driving__DRIVEROAD2.html
SCR_Tutorial_Driving_DRIVEROAD2Class	interfaceSCR__Tutorial__Driving__DRIVEROAD2Class.html
SCR_Tutorial_Driving_DRIVEROAD3	interfaceSCR__Tutorial__Driving__DRIVEROAD3.html
SCR_Tutorial_Driving_DRIVEROAD3Class	interfaceSCR__Tutorial__Driving__DRIVEROAD3Class.html
SCR_Tutorial_Driving_DRIVEROAD4	interfaceSCR__Tutorial__Driving__DRIVEROAD4.html
SCR_Tutorial_Driving_DRIVEROAD4Class	interfaceSCR__Tutorial__Driving__DRIVEROAD4Class.html
SCR_Tutorial_Driving_DRIVEROAD5	interfaceSCR__Tutorial__Driving__DRIVEROAD5.html
SCR_Tutorial_Driving_DRIVEROAD5Class	interfaceSCR__Tutorial__Driving__DRIVEROAD5Class.html
SCR_Tutorial_Driving_DRIVEROAD6	interfaceSCR__Tutorial__Driving__DRIVEROAD6.html
SCR_Tutorial_Driving_DRIVEROAD6Class	interfaceSCR__Tutorial__Driving__DRIVEROAD6Class.html
SCR_Tutorial_Driving_DRIVEROAD7	interfaceSCR__Tutorial__Driving__DRIVEROAD7.html
SCR_Tutorial_Driving_DRIVEROAD7Class	interfaceSCR__Tutorial__Driving__DRIVEROAD7Class.html
SCR_Tutorial_Driving_DRIVEROAD8	interfaceSCR__Tutorial__Driving__DRIVEROAD8.html
SCR_Tutorial_Driving_DRIVEROAD8Class	interfaceSCR__Tutorial__Driving__DRIVEROAD8Class.html
SCR_Tutorial_Driving_DRIVEROAD9	interfaceSCR__Tutorial__Driving__DRIVEROAD9.html
SCR_Tutorial_Driving_DRIVEROAD9Class	interfaceSCR__Tutorial__Driving__DRIVEROAD9Class.html
SCR_Tutorial_Driving_DRIVEROADClass	interfaceSCR__Tutorial__Driving__DRIVEROADClass.html
SCR_Tutorial_Driving_END	interfaceSCR__Tutorial__Driving__END.html
SCR_Tutorial_Driving_ENDClass	interfaceSCR__Tutorial__Driving__ENDClass.html
SCR_Tutorial_Driving_GETIN	interfaceSCR__Tutorial__Driving__GETIN.html
SCR_Tutorial_Driving_GETINClass	interfaceSCR__Tutorial__Driving__GETINClass.html
SCR_Tutorial_Driving_GETOUT	interfaceSCR__Tutorial__Driving__GETOUT.html
SCR_Tutorial_Driving_GETOUTClass	interfaceSCR__Tutorial__Driving__GETOUTClass.html
SCR_Tutorial_Driving_START	interfaceSCR__Tutorial__Driving__START.html
SCR_Tutorial_Driving_STARTClass	interfaceSCR__Tutorial__Driving__STARTClass.html
SCR_Tutorial_Driving_STARTENGINE	interfaceSCR__Tutorial__Driving__STARTENGINE.html
SCR_Tutorial_Driving_STARTENGINEClass	interfaceSCR__Tutorial__Driving__STARTENGINEClass.html
SCR_Tutorial_Heli_AUTOHOVER_OFF	interfaceSCR__Tutorial__Heli__AUTOHOVER__OFF.html
SCR_Tutorial_Heli_AUTOHOVER_OFFClass	interfaceSCR__Tutorial__Heli__AUTOHOVER__OFFClass.html
SCR_Tutorial_Heli_AUTOHOVER_ON	interfaceSCR__Tutorial__Heli__AUTOHOVER__ON.html
SCR_Tutorial_Heli_AUTOHOVER_ONClass	interfaceSCR__Tutorial__Heli__AUTOHOVER__ONClass.html
SCR_Tutorial_Heli_COLLECTIVE_RAISE	interfaceSCR__Tutorial__Heli__COLLECTIVE__RAISE.html
SCR_Tutorial_Heli_COLLECTIVE_RAISEClass	interfaceSCR__Tutorial__Heli__COLLECTIVE__RAISEClass.html
SCR_Tutorial_Heli_CYCLIC_ANTITORQUE_LEFT	interfaceSCR__Tutorial__Heli__CYCLIC__ANTITORQUE__LEFT.html
SCR_Tutorial_Heli_CYCLIC_ANTITORQUE_LEFTClass	interfaceSCR__Tutorial__Heli__CYCLIC__ANTITORQUE__LEFTClass.html
SCR_Tutorial_Heli_CYCLIC_ANTITORQUE_RIGHT	interfaceSCR__Tutorial__Heli__CYCLIC__ANTITORQUE__RIGHT.html
SCR_Tutorial_Heli_CYCLIC_ANTITORQUE_RIGHTClass	interfaceSCR__Tutorial__Heli__CYCLIC__ANTITORQUE__RIGHTClass.html
SCR_Tutorial_Heli_CYCLIC_BACKWARD	interfaceSCR__Tutorial__Heli__CYCLIC__BACKWARD.html
SCR_Tutorial_Heli_CYCLIC_BACKWARDClass	interfaceSCR__Tutorial__Heli__CYCLIC__BACKWARDClass.html
SCR_Tutorial_Heli_CYCLIC_FORWARD	interfaceSCR__Tutorial__Heli__CYCLIC__FORWARD.html
SCR_Tutorial_Heli_CYCLIC_FORWARDClass	interfaceSCR__Tutorial__Heli__CYCLIC__FORWARDClass.html
SCR_Tutorial_Heli_CYCLIC_LEFT	interfaceSCR__Tutorial__Heli__CYCLIC__LEFT.html
SCR_Tutorial_Heli_CYCLIC_LEFTClass	interfaceSCR__Tutorial__Heli__CYCLIC__LEFTClass.html
SCR_Tutorial_Heli_CYCLIC_RIGHT	interfaceSCR__Tutorial__Heli__CYCLIC__RIGHT.html
SCR_Tutorial_Heli_CYCLIC_RIGHTClass	interfaceSCR__Tutorial__Heli__CYCLIC__RIGHTClass.html
SCR_Tutorial_Heli_DANGER_ALTITUDE	interfaceSCR__Tutorial__Heli__DANGER__ALTITUDE.html
SCR_Tutorial_Heli_DANGER_ALTITUDEClass	interfaceSCR__Tutorial__Heli__DANGER__ALTITUDEClass.html
SCR_Tutorial_Heli_DANGER_ANGLE	interfaceSCR__Tutorial__Heli__DANGER__ANGLE.html
SCR_Tutorial_Heli_DANGER_ANGLEClass	interfaceSCR__Tutorial__Heli__DANGER__ANGLEClass.html
SCR_Tutorial_Heli_END	interfaceSCR__Tutorial__Heli__END.html
SCR_Tutorial_Heli_ENDClass	interfaceSCR__Tutorial__Heli__ENDClass.html
SCR_Tutorial_Heli_FLIGHT_01	interfaceSCR__Tutorial__Heli__FLIGHT__01.html
SCR_Tutorial_Heli_FLIGHT_01Class	interfaceSCR__Tutorial__Heli__FLIGHT__01Class.html
SCR_Tutorial_Heli_FLIGHT_02	interfaceSCR__Tutorial__Heli__FLIGHT__02.html
SCR_Tutorial_Heli_FLIGHT_02Class	interfaceSCR__Tutorial__Heli__FLIGHT__02Class.html
SCR_Tutorial_Heli_FLIGHT_03	interfaceSCR__Tutorial__Heli__FLIGHT__03.html
SCR_Tutorial_Heli_FLIGHT_03Class	interfaceSCR__Tutorial__Heli__FLIGHT__03Class.html
SCR_Tutorial_Heli_GETIN	interfaceSCR__Tutorial__Heli__GETIN.html
SCR_Tutorial_Heli_GETINClass	interfaceSCR__Tutorial__Heli__GETINClass.html
SCR_Tutorial_Heli_GETOUT	interfaceSCR__Tutorial__Heli__GETOUT.html
SCR_Tutorial_Heli_GETOUTClass	interfaceSCR__Tutorial__Heli__GETOUTClass.html
SCR_Tutorial_Heli_LANDING	interfaceSCR__Tutorial__Heli__LANDING.html
SCR_Tutorial_Heli_LANDINGClass	interfaceSCR__Tutorial__Heli__LANDINGClass.html
SCR_Tutorial_Heli_RPM_WAIT	interfaceSCR__Tutorial__Heli__RPM__WAIT.html
SCR_Tutorial_Heli_RPM_WAITClass	interfaceSCR__Tutorial__Heli__RPM__WAITClass.html
SCR_Tutorial_Heli_START	interfaceSCR__Tutorial__Heli__START.html
SCR_Tutorial_Heli_STARTClass	interfaceSCR__Tutorial__Heli__STARTClass.html
SCR_Tutorial_Heli_START_ENGINE	interfaceSCR__Tutorial__Heli__START__ENGINE.html
SCR_Tutorial_Heli_START_ENGINEClass	interfaceSCR__Tutorial__Heli__START__ENGINEClass.html
SCR_Tutorial_Heli_STOP_ENGINE	interfaceSCR__Tutorial__Heli__STOP__ENGINE.html
SCR_Tutorial_Heli_STOP_ENGINEClass	interfaceSCR__Tutorial__Heli__STOP__ENGINEClass.html
SCR_Tutorial_Intro_GearUp	interfaceSCR__Tutorial__Intro__GearUp.html
SCR_Tutorial_Intro_GearUpClass	interfaceSCR__Tutorial__Intro__GearUpClass.html
SCR_Tutorial_Intro_ListenToCaptain	interfaceSCR__Tutorial__Intro__ListenToCaptain.html
SCR_Tutorial_Intro_ListenToCaptainClass	interfaceSCR__Tutorial__Intro__ListenToCaptainClass.html
SCR_Tutorial_Intro_Move	interfaceSCR__Tutorial__Intro__Move.html
SCR_Tutorial_Intro_MoveClass	interfaceSCR__Tutorial__Intro__MoveClass.html
SCR_Tutorial_Intro_WakeUp	interfaceSCR__Tutorial__Intro__WakeUp.html
SCR_Tutorial_Intro_WakeUpClass	interfaceSCR__Tutorial__Intro__WakeUpClass.html
SCR_Tutorial_LRS_ADS	interfaceSCR__Tutorial__LRS__ADS.html
SCR_Tutorial_LRS_ADSClass	interfaceSCR__Tutorial__LRS__ADSClass.html
SCR_Tutorial_LRS_Attach_Optic	interfaceSCR__Tutorial__LRS__Attach__Optic.html
SCR_Tutorial_LRS_Attach_OpticClass	interfaceSCR__Tutorial__LRS__Attach__OpticClass.html
SCR_Tutorial_LRS_Prone	interfaceSCR__Tutorial__LRS__Prone.html
SCR_Tutorial_LRS_ProneClass	interfaceSCR__Tutorial__LRS__ProneClass.html
SCR_Tutorial_LRS_Take_Weapon	interfaceSCR__Tutorial__LRS__Take__Weapon.html
SCR_Tutorial_LRS_Take_WeaponClass	interfaceSCR__Tutorial__LRS__Take__WeaponClass.html
SCR_Tutorial_LRS_Targets_Beach	interfaceSCR__Tutorial__LRS__Targets__Beach.html
SCR_Tutorial_LRS_Targets_BeachClass	interfaceSCR__Tutorial__LRS__Targets__BeachClass.html
SCR_Tutorial_LRS_Targets_Cliff	interfaceSCR__Tutorial__LRS__Targets__Cliff.html
SCR_Tutorial_LRS_Targets_CliffClass	interfaceSCR__Tutorial__LRS__Targets__CliffClass.html
SCR_Tutorial_LRS_Targets_Last	interfaceSCR__Tutorial__LRS__Targets__Last.html
SCR_Tutorial_LRS_Targets_LastClass	interfaceSCR__Tutorial__LRS__Targets__LastClass.html
SCR_Tutorial_Navigation_AIRBASE	interfaceSCR__Tutorial__Navigation__AIRBASE.html
SCR_Tutorial_Navigation_AIRBASEClass	interfaceSCR__Tutorial__Navigation__AIRBASEClass.html
SCR_Tutorial_Navigation_CLOSEMAP	interfaceSCR__Tutorial__Navigation__CLOSEMAP.html
SCR_Tutorial_Navigation_CLOSEMAPClass	interfaceSCR__Tutorial__Navigation__CLOSEMAPClass.html
SCR_Tutorial_Navigation_COMPASS	interfaceSCR__Tutorial__Navigation__COMPASS.html
SCR_Tutorial_Navigation_COMPASSClass	interfaceSCR__Tutorial__Navigation__COMPASSClass.html
SCR_Tutorial_Navigation_DRIVE	interfaceSCR__Tutorial__Navigation__DRIVE.html
SCR_Tutorial_Navigation_DRIVEClass	interfaceSCR__Tutorial__Navigation__DRIVEClass.html
SCR_Tutorial_Navigation_END	interfaceSCR__Tutorial__Navigation__END.html
SCR_Tutorial_Navigation_ENDClass	interfaceSCR__Tutorial__Navigation__ENDClass.html
SCR_Tutorial_Navigation_ISLAND	interfaceSCR__Tutorial__Navigation__ISLAND.html
SCR_Tutorial_Navigation_ISLANDClass	interfaceSCR__Tutorial__Navigation__ISLANDClass.html
SCR_Tutorial_Navigation_LIGHTHOUSE	interfaceSCR__Tutorial__Navigation__LIGHTHOUSE.html
SCR_Tutorial_Navigation_LIGHTHOUSEClass	interfaceSCR__Tutorial__Navigation__LIGHTHOUSEClass.html
SCR_Tutorial_Navigation_LOCATION	interfaceSCR__Tutorial__Navigation__LOCATION.html
SCR_Tutorial_Navigation_LOCATIONClass	interfaceSCR__Tutorial__Navigation__LOCATIONClass.html
SCR_Tutorial_Navigation_MAPOPEN	interfaceSCR__Tutorial__Navigation__MAPOPEN.html
SCR_Tutorial_Navigation_MAPOPENAGAIN	interfaceSCR__Tutorial__Navigation__MAPOPENAGAIN.html
SCR_Tutorial_Navigation_MAPOPENAGAINClass	interfaceSCR__Tutorial__Navigation__MAPOPENAGAINClass.html
SCR_Tutorial_Navigation_MAPOPENClass	interfaceSCR__Tutorial__Navigation__MAPOPENClass.html
SCR_Tutorial_Navigation_MAPTOOLS	interfaceSCR__Tutorial__Navigation__MAPTOOLS.html
SCR_Tutorial_Navigation_MAPTOOLSClass	interfaceSCR__Tutorial__Navigation__MAPTOOLSClass.html
SCR_Tutorial_Navigation_MAP_COMPASS_INTRODUCTION	interfaceSCR__Tutorial__Navigation__MAP__COMPASS__INTRODUCTION.html
SCR_Tutorial_Navigation_MAP_COMPASS_INTRODUCTIONClass	interfaceSCR__Tutorial__Navigation__MAP__COMPASS__INTRODUCTIONClass.html
SCR_Tutorial_Navigation_MAP_COMPASS_SELECT	interfaceSCR__Tutorial__Navigation__MAP__COMPASS__SELECT.html
SCR_Tutorial_Navigation_MAP_COMPASS_SELECTClass	interfaceSCR__Tutorial__Navigation__MAP__COMPASS__SELECTClass.html
SCR_Tutorial_Navigation_MAP_INTROCTUCTION	interfaceSCR__Tutorial__Navigation__MAP__INTROCTUCTION.html
SCR_Tutorial_Navigation_MAP_INTROCTUCTIONClass	interfaceSCR__Tutorial__Navigation__MAP__INTROCTUCTIONClass.html
SCR_Tutorial_Navigation_MOVE	interfaceSCR__Tutorial__Navigation__MOVE.html
SCR_Tutorial_Navigation_MOVEClass	interfaceSCR__Tutorial__Navigation__MOVEClass.html
SCR_Tutorial_Navigation_NORTH	interfaceSCR__Tutorial__Navigation__NORTH.html
SCR_Tutorial_Navigation_NORTHClass	interfaceSCR__Tutorial__Navigation__NORTHClass.html
SCR_Tutorial_Navigation_PROTRACTOR	interfaceSCR__Tutorial__Navigation__PROTRACTOR.html
SCR_Tutorial_Navigation_PROTRACTORClass	interfaceSCR__Tutorial__Navigation__PROTRACTORClass.html
SCR_Tutorial_Navigation_START	interfaceSCR__Tutorial__Navigation__START.html
SCR_Tutorial_Navigation_STARTClass	interfaceSCR__Tutorial__Navigation__STARTClass.html
SCR_Tutorial_Navigation_VEHICLE	interfaceSCR__Tutorial__Navigation__VEHICLE.html
SCR_Tutorial_Navigation_VEHICLEClass	interfaceSCR__Tutorial__Navigation__VEHICLEClass.html
SCR_Tutorial_Obstacle_COUNTDOWN	interfaceSCR__Tutorial__Obstacle__COUNTDOWN.html
SCR_Tutorial_Obstacle_COUNTDOWNClass	interfaceSCR__Tutorial__Obstacle__COUNTDOWNClass.html
SCR_Tutorial_Obstacle_CRAWL	interfaceSCR__Tutorial__Obstacle__CRAWL.html
SCR_Tutorial_Obstacle_CRAWLClass	interfaceSCR__Tutorial__Obstacle__CRAWLClass.html
SCR_Tutorial_Obstacle_END	interfaceSCR__Tutorial__Obstacle__END.html
SCR_Tutorial_Obstacle_ENDClass	interfaceSCR__Tutorial__Obstacle__ENDClass.html
SCR_Tutorial_Obstacle_FLAG	interfaceSCR__Tutorial__Obstacle__FLAG.html
SCR_Tutorial_Obstacle_FLAGClass	interfaceSCR__Tutorial__Obstacle__FLAGClass.html
SCR_Tutorial_Obstacle_LADDERDOWN	interfaceSCR__Tutorial__Obstacle__LADDERDOWN.html
SCR_Tutorial_Obstacle_LADDERDOWNClass	interfaceSCR__Tutorial__Obstacle__LADDERDOWNClass.html
SCR_Tutorial_Obstacle_LADDEROFF	interfaceSCR__Tutorial__Obstacle__LADDEROFF.html
SCR_Tutorial_Obstacle_LADDEROFFClass	interfaceSCR__Tutorial__Obstacle__LADDEROFFClass.html
SCR_Tutorial_Obstacle_LADDERUP	interfaceSCR__Tutorial__Obstacle__LADDERUP.html
SCR_Tutorial_Obstacle_LADDERUPClass	interfaceSCR__Tutorial__Obstacle__LADDERUPClass.html
SCR_Tutorial_Obstacle_OVERPASS	interfaceSCR__Tutorial__Obstacle__OVERPASS.html
SCR_Tutorial_Obstacle_OVERPASSClass	interfaceSCR__Tutorial__Obstacle__OVERPASSClass.html
SCR_Tutorial_Obstacle_PLATFORM	interfaceSCR__Tutorial__Obstacle__PLATFORM.html
SCR_Tutorial_Obstacle_PLATFORMClass	interfaceSCR__Tutorial__Obstacle__PLATFORMClass.html
SCR_Tutorial_Obstacle_START	interfaceSCR__Tutorial__Obstacle__START.html
SCR_Tutorial_Obstacle_STARTClass	interfaceSCR__Tutorial__Obstacle__STARTClass.html
SCR_Tutorial_Obstacle_TIME	interfaceSCR__Tutorial__Obstacle__TIME.html
SCR_Tutorial_Obstacle_TIMEClass	interfaceSCR__Tutorial__Obstacle__TIMEClass.html
SCR_Tutorial_Obstacle_VAULTHIGH	interfaceSCR__Tutorial__Obstacle__VAULTHIGH.html
SCR_Tutorial_Obstacle_VAULTHIGHClass	interfaceSCR__Tutorial__Obstacle__VAULTHIGHClass.html
SCR_Tutorial_Obstacle_VAULTLOW	interfaceSCR__Tutorial__Obstacle__VAULTLOW.html
SCR_Tutorial_Obstacle_VAULTLOWClass	interfaceSCR__Tutorial__Obstacle__VAULTLOWClass.html
SCR_Tutorial_Obstacle_WALLONE	interfaceSCR__Tutorial__Obstacle__WALLONE.html
SCR_Tutorial_Obstacle_WALLONEClass	interfaceSCR__Tutorial__Obstacle__WALLONEClass.html
SCR_Tutorial_Obstacle_WALLTWO	interfaceSCR__Tutorial__Obstacle__WALLTWO.html
SCR_Tutorial_Obstacle_WALLTWOClass	interfaceSCR__Tutorial__Obstacle__WALLTWOClass.html
SCR_Tutorial_Obstacle_WINDOW	interfaceSCR__Tutorial__Obstacle__WINDOW.html
SCR_Tutorial_Obstacle_WINDOWClass	interfaceSCR__Tutorial__Obstacle__WINDOWClass.html
SCR_Tutorial_Obstacle_ZIGZAG	interfaceSCR__Tutorial__Obstacle__ZIGZAG.html
SCR_Tutorial_Obstacle_ZIGZAGClass	interfaceSCR__Tutorial__Obstacle__ZIGZAGClass.html
SCR_Tutorial_Obstacle_ZIGZAGEND	interfaceSCR__Tutorial__Obstacle__ZIGZAGEND.html
SCR_Tutorial_Obstacle_ZIGZAGENDClass	interfaceSCR__Tutorial__Obstacle__ZIGZAGENDClass.html
SCR_Tutorial_Obstacle_ZIGZAGSTART	interfaceSCR__Tutorial__Obstacle__ZIGZAGSTART.html
SCR_Tutorial_Obstacle_ZIGZAGSTARTClass	interfaceSCR__Tutorial__Obstacle__ZIGZAGSTARTClass.html
SCR_Tutorial_Outro_Return	interfaceSCR__Tutorial__Outro__Return.html
SCR_Tutorial_Outro_ReturnClass	interfaceSCR__Tutorial__Outro__ReturnClass.html
SCR_Tutorial_SW_ARM_CHARGES	interfaceSCR__Tutorial__SW__ARM__CHARGES.html
SCR_Tutorial_SW_ARM_CHARGESClass	interfaceSCR__Tutorial__SW__ARM__CHARGESClass.html
SCR_Tutorial_SW_DETONATE_CHARGES	interfaceSCR__Tutorial__SW__DETONATE__CHARGES.html
SCR_Tutorial_SW_DETONATE_CHARGESClass	interfaceSCR__Tutorial__SW__DETONATE__CHARGESClass.html
SCR_Tutorial_SW_DROP_M72	interfaceSCR__Tutorial__SW__DROP__M72.html
SCR_Tutorial_SW_DROP_M72Class	interfaceSCR__Tutorial__SW__DROP__M72Class.html
SCR_Tutorial_SW_ENDING	interfaceSCR__Tutorial__SW__ENDING.html
SCR_Tutorial_SW_ENDINGClass	interfaceSCR__Tutorial__SW__ENDINGClass.html
SCR_Tutorial_SW_EQUIP_CHARGES	interfaceSCR__Tutorial__SW__EQUIP__CHARGES.html
SCR_Tutorial_SW_EQUIP_CHARGESClass	interfaceSCR__Tutorial__SW__EQUIP__CHARGESClass.html
SCR_Tutorial_SW_EQUIP_DETONATOR	interfaceSCR__Tutorial__SW__EQUIP__DETONATOR.html
SCR_Tutorial_SW_EQUIP_DETONATORClass	interfaceSCR__Tutorial__SW__EQUIP__DETONATORClass.html
SCR_Tutorial_SW_GL_FIRE	interfaceSCR__Tutorial__SW__GL__FIRE.html
SCR_Tutorial_SW_GL_FIREClass	interfaceSCR__Tutorial__SW__GL__FIREClass.html
SCR_Tutorial_SW_GL_LOAD	interfaceSCR__Tutorial__SW__GL__LOAD.html
SCR_Tutorial_SW_GL_LOADClass	interfaceSCR__Tutorial__SW__GL__LOADClass.html
SCR_Tutorial_SW_M72_FIRE	interfaceSCR__Tutorial__SW__M72__FIRE.html
SCR_Tutorial_SW_M72_FIREClass	interfaceSCR__Tutorial__SW__M72__FIREClass.html
SCR_Tutorial_SW_MOVE_BACK	interfaceSCR__Tutorial__SW__MOVE__BACK.html
SCR_Tutorial_SW_MOVE_BACKClass	interfaceSCR__Tutorial__SW__MOVE__BACKClass.html
SCR_Tutorial_SW_MOVE_TO_OBSTACLE	interfaceSCR__Tutorial__SW__MOVE__TO__OBSTACLE.html
SCR_Tutorial_SW_MOVE_TO_OBSTACLEClass	interfaceSCR__Tutorial__SW__MOVE__TO__OBSTACLEClass.html
SCR_Tutorial_SW_MOVE_TO_SAFETY	interfaceSCR__Tutorial__SW__MOVE__TO__SAFETY.html
SCR_Tutorial_SW_MOVE_TO_SAFETYClass	interfaceSCR__Tutorial__SW__MOVE__TO__SAFETYClass.html
SCR_Tutorial_SW_PICKUP_CARBINE	interfaceSCR__Tutorial__SW__PICKUP__CARBINE.html
SCR_Tutorial_SW_PICKUP_CARBINEClass	interfaceSCR__Tutorial__SW__PICKUP__CARBINEClass.html
SCR_Tutorial_SW_PICKUP_CHARGES	interfaceSCR__Tutorial__SW__PICKUP__CHARGES.html
SCR_Tutorial_SW_PICKUP_CHARGESClass	interfaceSCR__Tutorial__SW__PICKUP__CHARGESClass.html
SCR_Tutorial_SW_PICKUP_GRENADE	interfaceSCR__Tutorial__SW__PICKUP__GRENADE.html
SCR_Tutorial_SW_PICKUP_GRENADEClass	interfaceSCR__Tutorial__SW__PICKUP__GRENADEClass.html
SCR_Tutorial_SW_PICKUP_M72	interfaceSCR__Tutorial__SW__PICKUP__M72.html
SCR_Tutorial_SW_PICKUP_M72Class	interfaceSCR__Tutorial__SW__PICKUP__M72Class.html
SCR_Tutorial_SW_PICKUP_M72_ARSENAL	interfaceSCR__Tutorial__SW__PICKUP__M72__ARSENAL.html
SCR_Tutorial_SW_PICKUP_M72_ARSENALClass	interfaceSCR__Tutorial__SW__PICKUP__M72__ARSENALClass.html
SCR_Tutorial_SW_PICKUP_RPG	interfaceSCR__Tutorial__SW__PICKUP__RPG.html
SCR_Tutorial_SW_PICKUP_RPGClass	interfaceSCR__Tutorial__SW__PICKUP__RPGClass.html
SCR_Tutorial_SW_PICKUP_RPG_ROUNDS	interfaceSCR__Tutorial__SW__PICKUP__RPG__ROUNDS.html
SCR_Tutorial_SW_PICKUP_RPG_ROUNDSClass	interfaceSCR__Tutorial__SW__PICKUP__RPG__ROUNDSClass.html
SCR_Tutorial_SW_PLACE_CHARGES	interfaceSCR__Tutorial__SW__PLACE__CHARGES.html
SCR_Tutorial_SW_PLACE_CHARGESClass	interfaceSCR__Tutorial__SW__PLACE__CHARGESClass.html
SCR_Tutorial_SW_RPG_DESTROY_BTR	interfaceSCR__Tutorial__SW__RPG__DESTROY__BTR.html
SCR_Tutorial_SW_RPG_DESTROY_BTRClass	interfaceSCR__Tutorial__SW__RPG__DESTROY__BTRClass.html
SCR_Tutorial_SW_RPG_DISPOSE	interfaceSCR__Tutorial__SW__RPG__DISPOSE.html
SCR_Tutorial_SW_RPG_DISPOSEClass	interfaceSCR__Tutorial__SW__RPG__DISPOSEClass.html
SCR_Tutorial_SW_RPG_FIRE	interfaceSCR__Tutorial__SW__RPG__FIRE.html
SCR_Tutorial_SW_RPG_FIREClass	interfaceSCR__Tutorial__SW__RPG__FIREClass.html
SCR_Tutorial_SW_RPG_FIRE_2	interfaceSCR__Tutorial__SW__RPG__FIRE__2.html
SCR_Tutorial_SW_RPG_FIRE_2Class	interfaceSCR__Tutorial__SW__RPG__FIRE__2Class.html
SCR_Tutorial_SW_RPG_RELOAD	interfaceSCR__Tutorial__SW__RPG__RELOAD.html
SCR_Tutorial_SW_RPG_RELOADClass	interfaceSCR__Tutorial__SW__RPG__RELOADClass.html
SCR_Tutorial_SW_START	interfaceSCR__Tutorial__SW__START.html
SCR_Tutorial_SW_STARTClass	interfaceSCR__Tutorial__SW__STARTClass.html
SCR_Tutorial_SW_SWITCH_FIREMODE	interfaceSCR__Tutorial__SW__SWITCH__FIREMODE.html
SCR_Tutorial_SW_SWITCH_FIREMODEClass	interfaceSCR__Tutorial__SW__SWITCH__FIREMODEClass.html
SCR_Tutorial_SW_THROW_GRENADE	interfaceSCR__Tutorial__SW__THROW__GRENADE.html
SCR_Tutorial_SW_THROW_GRENADEClass	interfaceSCR__Tutorial__SW__THROW__GRENADEClass.html
SCR_Tutorial_Seizing_CaptureBase	interfaceSCR__Tutorial__Seizing__CaptureBase.html
SCR_Tutorial_Seizing_CaptureBaseClass	interfaceSCR__Tutorial__Seizing__CaptureBaseClass.html
SCR_Tutorial_Seizing_Construct_Antenna	interfaceSCR__Tutorial__Seizing__Construct__Antenna.html
SCR_Tutorial_Seizing_Construct_AntennaClass	interfaceSCR__Tutorial__Seizing__Construct__AntennaClass.html
SCR_Tutorial_Seizing_DisassembleBunker	interfaceSCR__Tutorial__Seizing__DisassembleBunker.html
SCR_Tutorial_Seizing_DisassembleBunkerClass	interfaceSCR__Tutorial__Seizing__DisassembleBunkerClass.html
SCR_Tutorial_Seizing_ENABLE_RADIO	interfaceSCR__Tutorial__Seizing__ENABLE__RADIO.html
SCR_Tutorial_Seizing_ENABLE_RADIOClass	interfaceSCR__Tutorial__Seizing__ENABLE__RADIOClass.html
SCR_Tutorial_Seizing_END	interfaceSCR__Tutorial__Seizing__END.html
SCR_Tutorial_Seizing_ENDClass	interfaceSCR__Tutorial__Seizing__ENDClass.html
SCR_Tutorial_Seizing_Enter_Building	interfaceSCR__Tutorial__Seizing__Enter__Building.html
SCR_Tutorial_Seizing_Enter_BuildingClass	interfaceSCR__Tutorial__Seizing__Enter__BuildingClass.html
SCR_Tutorial_Seizing_Equip_EntrenchingTool	interfaceSCR__Tutorial__Seizing__Equip__EntrenchingTool.html
SCR_Tutorial_Seizing_Equip_EntrenchingToolClass	interfaceSCR__Tutorial__Seizing__Equip__EntrenchingToolClass.html
SCR_Tutorial_Seizing_Exit_Building	interfaceSCR__Tutorial__Seizing__Exit__Building.html
SCR_Tutorial_Seizing_Exit_BuildingClass	interfaceSCR__Tutorial__Seizing__Exit__BuildingClass.html
SCR_Tutorial_Seizing_MhqDeploy	interfaceSCR__Tutorial__Seizing__MhqDeploy.html
SCR_Tutorial_Seizing_MhqDeployClass	interfaceSCR__Tutorial__Seizing__MhqDeployClass.html
SCR_Tutorial_Seizing_Move	interfaceSCR__Tutorial__Seizing__Move.html
SCR_Tutorial_Seizing_MoveClass	interfaceSCR__Tutorial__Seizing__MoveClass.html
SCR_Tutorial_Seizing_Place_Antenna	interfaceSCR__Tutorial__Seizing__Place__Antenna.html
SCR_Tutorial_Seizing_Place_AntennaClass	interfaceSCR__Tutorial__Seizing__Place__AntennaClass.html
SCR_Tutorial_Seizing_RECEIVE_TRANSMITTION	interfaceSCR__Tutorial__Seizing__RECEIVE__TRANSMITTION.html
SCR_Tutorial_Seizing_RECEIVE_TRANSMITTIONClass	interfaceSCR__Tutorial__Seizing__RECEIVE__TRANSMITTIONClass.html
SCR_Tutorial_Seizing_SET_FREQUENCY	interfaceSCR__Tutorial__Seizing__SET__FREQUENCY.html
SCR_Tutorial_Seizing_SET_FREQUENCYClass	interfaceSCR__Tutorial__Seizing__SET__FREQUENCYClass.html
SCR_Tutorial_Seizing_START	interfaceSCR__Tutorial__Seizing__START.html
SCR_Tutorial_Seizing_STARTClass	interfaceSCR__Tutorial__Seizing__STARTClass.html
SCR_Tutorial_Seizing_Select_Antenna	interfaceSCR__Tutorial__Seizing__Select__Antenna.html
SCR_Tutorial_Seizing_Select_AntennaClass	interfaceSCR__Tutorial__Seizing__Select__AntennaClass.html
SCR_Tutorial_Seizing_ShootTargets	interfaceSCR__Tutorial__Seizing__ShootTargets.html
SCR_Tutorial_Seizing_ShootTargetsClass	interfaceSCR__Tutorial__Seizing__ShootTargetsClass.html
SCR_Tutorial_Seizing_WEAPON	interfaceSCR__Tutorial__Seizing__WEAPON.html
SCR_Tutorial_Seizing_WEAPONClass	interfaceSCR__Tutorial__Seizing__WEAPONClass.html
SCR_Tutorial_ShootingRange_CLOSE_INVENTORY	interfaceSCR__Tutorial__ShootingRange__CLOSE__INVENTORY.html
SCR_Tutorial_ShootingRange_CLOSE_INVENTORYClass	interfaceSCR__Tutorial__ShootingRange__CLOSE__INVENTORYClass.html
SCR_Tutorial_ShootingRange_EQUIP_WEAPON	interfaceSCR__Tutorial__ShootingRange__EQUIP__WEAPON.html
SCR_Tutorial_ShootingRange_EQUIP_WEAPONClass	interfaceSCR__Tutorial__ShootingRange__EQUIP__WEAPONClass.html
SCR_Tutorial_ShootingRange_FIRINGPOS_ONE	interfaceSCR__Tutorial__ShootingRange__FIRINGPOS__ONE.html
SCR_Tutorial_ShootingRange_FIRINGPOS_ONEClass	interfaceSCR__Tutorial__ShootingRange__FIRINGPOS__ONEClass.html
SCR_Tutorial_ShootingRange_FIRINGPOS_TWO	interfaceSCR__Tutorial__ShootingRange__FIRINGPOS__TWO.html
SCR_Tutorial_ShootingRange_FIRINGPOS_TWOClass	interfaceSCR__Tutorial__ShootingRange__FIRINGPOS__TWOClass.html
SCR_Tutorial_ShootingRange_GETIN_STATIC	interfaceSCR__Tutorial__ShootingRange__GETIN__STATIC.html
SCR_Tutorial_ShootingRange_GETIN_STATICClass	interfaceSCR__Tutorial__ShootingRange__GETIN__STATICClass.html
SCR_Tutorial_ShootingRange_GETOUT_STATIC	interfaceSCR__Tutorial__ShootingRange__GETOUT__STATIC.html
SCR_Tutorial_ShootingRange_GETOUT_STATICClass	interfaceSCR__Tutorial__ShootingRange__GETOUT__STATICClass.html
SCR_Tutorial_ShootingRange_MG_PICK	interfaceSCR__Tutorial__ShootingRange__MG__PICK.html
SCR_Tutorial_ShootingRange_MG_PICKClass	interfaceSCR__Tutorial__ShootingRange__MG__PICKClass.html
SCR_Tutorial_ShootingRange_OPEN_BOX	interfaceSCR__Tutorial__ShootingRange__OPEN__BOX.html
SCR_Tutorial_ShootingRange_OPEN_BOXClass	interfaceSCR__Tutorial__ShootingRange__OPEN__BOXClass.html
SCR_Tutorial_ShootingRange_PICKUP_WEAPON	interfaceSCR__Tutorial__ShootingRange__PICKUP__WEAPON.html
SCR_Tutorial_ShootingRange_PICKUP_WEAPONClass	interfaceSCR__Tutorial__ShootingRange__PICKUP__WEAPONClass.html
SCR_Tutorial_ShootingRange_RELOAD	interfaceSCR__Tutorial__ShootingRange__RELOAD.html
SCR_Tutorial_ShootingRange_RELOADClass	interfaceSCR__Tutorial__ShootingRange__RELOADClass.html
SCR_Tutorial_ShootingRange_SHOOT	interfaceSCR__Tutorial__ShootingRange__SHOOT.html
SCR_Tutorial_ShootingRange_SHOOTClass	interfaceSCR__Tutorial__ShootingRange__SHOOTClass.html
SCR_Tutorial_ShootingRange_SHOOT_BIPOD	interfaceSCR__Tutorial__ShootingRange__SHOOT__BIPOD.html
SCR_Tutorial_ShootingRange_SHOOT_BIPODClass	interfaceSCR__Tutorial__ShootingRange__SHOOT__BIPODClass.html
SCR_Tutorial_ShootingRange_SHOOT_CROUCHED	interfaceSCR__Tutorial__ShootingRange__SHOOT__CROUCHED.html
SCR_Tutorial_ShootingRange_SHOOT_CROUCHEDClass	interfaceSCR__Tutorial__ShootingRange__SHOOT__CROUCHEDClass.html
SCR_Tutorial_ShootingRange_SHOOT_LEAN	interfaceSCR__Tutorial__ShootingRange__SHOOT__LEAN.html
SCR_Tutorial_ShootingRange_SHOOT_LEANClass	interfaceSCR__Tutorial__ShootingRange__SHOOT__LEANClass.html
SCR_Tutorial_ShootingRange_SHOOT_PRONE	interfaceSCR__Tutorial__ShootingRange__SHOOT__PRONE.html
SCR_Tutorial_ShootingRange_SHOOT_PRONEClass	interfaceSCR__Tutorial__ShootingRange__SHOOT__PRONEClass.html
SCR_Tutorial_ShootingRange_SHOOT_REST	interfaceSCR__Tutorial__ShootingRange__SHOOT__REST.html
SCR_Tutorial_ShootingRange_SHOOT_RESTClass	interfaceSCR__Tutorial__ShootingRange__SHOOT__RESTClass.html
SCR_Tutorial_ShootingRange_SHOOT_STATIC	interfaceSCR__Tutorial__ShootingRange__SHOOT__STATIC.html
SCR_Tutorial_ShootingRange_SHOOT_STATICClass	interfaceSCR__Tutorial__ShootingRange__SHOOT__STATICClass.html
SCR_Tutorial_ShootingRange_TAKE_MAGAZINE_GAMEPAD	interfaceSCR__Tutorial__ShootingRange__TAKE__MAGAZINE__GAMEPAD.html
SCR_Tutorial_ShootingRange_TAKE_MAGAZINE_GAMEPADClass	interfaceSCR__Tutorial__ShootingRange__TAKE__MAGAZINE__GAMEPADClass.html
SCR_Tutorial_ShootingRange_TAKE_MAGAZINE_KMB	interfaceSCR__Tutorial__ShootingRange__TAKE__MAGAZINE__KMB.html
SCR_Tutorial_ShootingRange_TAKE_MAGAZINE_KMBClass	interfaceSCR__Tutorial__ShootingRange__TAKE__MAGAZINE__KMBClass.html
SCR_Tutorial_SquadLeadership_CloseRequesting	interfaceSCR__Tutorial__SquadLeadership__CloseRequesting.html
SCR_Tutorial_SquadLeadership_CloseRequestingClass	interfaceSCR__Tutorial__SquadLeadership__CloseRequestingClass.html
SCR_Tutorial_SquadLeadership_END	interfaceSCR__Tutorial__SquadLeadership__END.html
SCR_Tutorial_SquadLeadership_ENDClass	interfaceSCR__Tutorial__SquadLeadership__ENDClass.html
SCR_Tutorial_SquadLeadership_FollowingOrderWait	interfaceSCR__Tutorial__SquadLeadership__FollowingOrderWait.html
SCR_Tutorial_SquadLeadership_FollowingOrderWaitClass	interfaceSCR__Tutorial__SquadLeadership__FollowingOrderWaitClass.html
SCR_Tutorial_SquadLeadership_GETIN	interfaceSCR__Tutorial__SquadLeadership__GETIN.html
SCR_Tutorial_SquadLeadership_GETINClass	interfaceSCR__Tutorial__SquadLeadership__GETINClass.html
SCR_Tutorial_SquadLeadership_GETOUT	interfaceSCR__Tutorial__SquadLeadership__GETOUT.html
SCR_Tutorial_SquadLeadership_GETOUTClass	interfaceSCR__Tutorial__SquadLeadership__GETOUTClass.html
SCR_Tutorial_SquadLeadership_OPEN_MAP	interfaceSCR__Tutorial__SquadLeadership__OPEN__MAP.html
SCR_Tutorial_SquadLeadership_OPEN_MAPClass	interfaceSCR__Tutorial__SquadLeadership__OPEN__MAPClass.html
SCR_Tutorial_SquadLeadership_ORDER_DEFEND	interfaceSCR__Tutorial__SquadLeadership__ORDER__DEFEND.html
SCR_Tutorial_SquadLeadership_ORDER_DEFENDClass	interfaceSCR__Tutorial__SquadLeadership__ORDER__DEFENDClass.html
SCR_Tutorial_SquadLeadership_ORDER_FOLLOW	interfaceSCR__Tutorial__SquadLeadership__ORDER__FOLLOW.html
SCR_Tutorial_SquadLeadership_ORDER_FOLLOWClass	interfaceSCR__Tutorial__SquadLeadership__ORDER__FOLLOWClass.html
SCR_Tutorial_SquadLeadership_ORDER_GETIN_CAR	interfaceSCR__Tutorial__SquadLeadership__ORDER__GETIN__CAR.html
SCR_Tutorial_SquadLeadership_ORDER_GETIN_CARClass	interfaceSCR__Tutorial__SquadLeadership__ORDER__GETIN__CARClass.html
SCR_Tutorial_SquadLeadership_ORDER_GETIN_TURRET	interfaceSCR__Tutorial__SquadLeadership__ORDER__GETIN__TURRET.html
SCR_Tutorial_SquadLeadership_ORDER_GETIN_TURRETClass	interfaceSCR__Tutorial__SquadLeadership__ORDER__GETIN__TURRETClass.html
SCR_Tutorial_SquadLeadership_ORDER_GETOUT	interfaceSCR__Tutorial__SquadLeadership__ORDER__GETOUT.html
SCR_Tutorial_SquadLeadership_ORDER_GETOUTClass	interfaceSCR__Tutorial__SquadLeadership__ORDER__GETOUTClass.html
SCR_Tutorial_SquadLeadership_ORDER_MOVE	interfaceSCR__Tutorial__SquadLeadership__ORDER__MOVE.html
SCR_Tutorial_SquadLeadership_ORDER_MOVEClass	interfaceSCR__Tutorial__SquadLeadership__ORDER__MOVEClass.html
SCR_Tutorial_SquadLeadership_ORDER_MOVE_2	interfaceSCR__Tutorial__SquadLeadership__ORDER__MOVE__2.html
SCR_Tutorial_SquadLeadership_ORDER_MOVE_2Class	interfaceSCR__Tutorial__SquadLeadership__ORDER__MOVE__2Class.html
SCR_Tutorial_SquadLeadership_ORDER_STOP	interfaceSCR__Tutorial__SquadLeadership__ORDER__STOP.html
SCR_Tutorial_SquadLeadership_ORDER_STOPClass	interfaceSCR__Tutorial__SquadLeadership__ORDER__STOPClass.html
SCR_Tutorial_SquadLeadership_ORDER_SUPPRESS	interfaceSCR__Tutorial__SquadLeadership__ORDER__SUPPRESS.html
SCR_Tutorial_SquadLeadership_ORDER_SUPPRESSClass	interfaceSCR__Tutorial__SquadLeadership__ORDER__SUPPRESSClass.html
SCR_Tutorial_SquadLeadership_OpenRequesting	interfaceSCR__Tutorial__SquadLeadership__OpenRequesting.html
SCR_Tutorial_SquadLeadership_OpenRequestingClass	interfaceSCR__Tutorial__SquadLeadership__OpenRequestingClass.html
SCR_Tutorial_SquadLeadership_RECRUITING	interfaceSCR__Tutorial__SquadLeadership__RECRUITING.html
SCR_Tutorial_SquadLeadership_RECRUITINGClass	interfaceSCR__Tutorial__SquadLeadership__RECRUITINGClass.html
SCR_Tutorial_SquadLeadership_RequestGroup	interfaceSCR__Tutorial__SquadLeadership__RequestGroup.html
SCR_Tutorial_SquadLeadership_RequestGroupClass	interfaceSCR__Tutorial__SquadLeadership__RequestGroupClass.html
SCR_Tutorial_SquadLeadership_START	interfaceSCR__Tutorial__SquadLeadership__START.html
SCR_Tutorial_SquadLeadership_STARTClass	interfaceSCR__Tutorial__SquadLeadership__STARTClass.html
SCR_Tutorial_SquadLeadership_SelectGroup	interfaceSCR__Tutorial__SquadLeadership__SelectGroup.html
SCR_Tutorial_SquadLeadership_SelectGroupClass	interfaceSCR__Tutorial__SquadLeadership__SelectGroupClass.html
SCR_Tutorial_VehicleMaintenance_CANONGROUND	interfaceSCR__Tutorial__VehicleMaintenance__CANONGROUND.html
SCR_Tutorial_VehicleMaintenance_CANONGROUNDClass	interfaceSCR__Tutorial__VehicleMaintenance__CANONGROUNDClass.html
SCR_Tutorial_VehicleMaintenance_CANPICKUP	interfaceSCR__Tutorial__VehicleMaintenance__CANPICKUP.html
SCR_Tutorial_VehicleMaintenance_CANPICKUPClass	interfaceSCR__Tutorial__VehicleMaintenance__CANPICKUPClass.html
SCR_Tutorial_VehicleMaintenance_CANREFIL	interfaceSCR__Tutorial__VehicleMaintenance__CANREFIL.html
SCR_Tutorial_VehicleMaintenance_CANREFILClass	interfaceSCR__Tutorial__VehicleMaintenance__CANREFILClass.html
SCR_Tutorial_VehicleMaintenance_CLOSE_INVENTORY	interfaceSCR__Tutorial__VehicleMaintenance__CLOSE__INVENTORY.html
SCR_Tutorial_VehicleMaintenance_CLOSE_INVENTORYClass	interfaceSCR__Tutorial__VehicleMaintenance__CLOSE__INVENTORYClass.html
SCR_Tutorial_VehicleMaintenance_END	interfaceSCR__Tutorial__VehicleMaintenance__END.html
SCR_Tutorial_VehicleMaintenance_ENDClass	interfaceSCR__Tutorial__VehicleMaintenance__ENDClass.html
SCR_Tutorial_VehicleMaintenance_ENGINE	interfaceSCR__Tutorial__VehicleMaintenance__ENGINE.html
SCR_Tutorial_VehicleMaintenance_ENGINEClass	interfaceSCR__Tutorial__VehicleMaintenance__ENGINEClass.html
SCR_Tutorial_VehicleMaintenance_ENGINEFULL	interfaceSCR__Tutorial__VehicleMaintenance__ENGINEFULL.html
SCR_Tutorial_VehicleMaintenance_ENGINEFULLClass	interfaceSCR__Tutorial__VehicleMaintenance__ENGINEFULLClass.html
SCR_Tutorial_VehicleMaintenance_FUELTANK	interfaceSCR__Tutorial__VehicleMaintenance__FUELTANK.html
SCR_Tutorial_VehicleMaintenance_FUELTANKClass	interfaceSCR__Tutorial__VehicleMaintenance__FUELTANKClass.html
SCR_Tutorial_VehicleMaintenance_FUELTANKFULL	interfaceSCR__Tutorial__VehicleMaintenance__FUELTANKFULL.html
SCR_Tutorial_VehicleMaintenance_FUELTANKFULLClass	interfaceSCR__Tutorial__VehicleMaintenance__FUELTANKFULLClass.html
SCR_Tutorial_VehicleMaintenance_GETIN	interfaceSCR__Tutorial__VehicleMaintenance__GETIN.html
SCR_Tutorial_VehicleMaintenance_GETINClass	interfaceSCR__Tutorial__VehicleMaintenance__GETINClass.html
SCR_Tutorial_VehicleMaintenance_GETOUT	interfaceSCR__Tutorial__VehicleMaintenance__GETOUT.html
SCR_Tutorial_VehicleMaintenance_GETOUTClass	interfaceSCR__Tutorial__VehicleMaintenance__GETOUTClass.html
SCR_Tutorial_VehicleMaintenance_OPEN_STORAGE	interfaceSCR__Tutorial__VehicleMaintenance__OPEN__STORAGE.html
SCR_Tutorial_VehicleMaintenance_OPEN_STORAGEClass	interfaceSCR__Tutorial__VehicleMaintenance__OPEN__STORAGEClass.html
SCR_Tutorial_VehicleMaintenance_PICKUPTOOLS	interfaceSCR__Tutorial__VehicleMaintenance__PICKUPTOOLS.html
SCR_Tutorial_VehicleMaintenance_PICKUPTOOLSClass	interfaceSCR__Tutorial__VehicleMaintenance__PICKUPTOOLSClass.html
SCR_Tutorial_VehicleMaintenance_REFUEL	interfaceSCR__Tutorial__VehicleMaintenance__REFUEL.html
SCR_Tutorial_VehicleMaintenance_REFUELClass	interfaceSCR__Tutorial__VehicleMaintenance__REFUELClass.html
SCR_Tutorial_VehicleMaintenance_REFUELFULL	interfaceSCR__Tutorial__VehicleMaintenance__REFUELFULL.html
SCR_Tutorial_VehicleMaintenance_REFUELFULLClass	interfaceSCR__Tutorial__VehicleMaintenance__REFUELFULLClass.html
SCR_Tutorial_VehicleMaintenance_START	interfaceSCR__Tutorial__VehicleMaintenance__START.html
SCR_Tutorial_VehicleMaintenance_STARTClass	interfaceSCR__Tutorial__VehicleMaintenance__STARTClass.html
SCR_Tutorial_VehicleMaintenance_SUPPLIESBAG	interfaceSCR__Tutorial__VehicleMaintenance__SUPPLIESBAG.html
SCR_Tutorial_VehicleMaintenance_SUPPLIESBAGClass	interfaceSCR__Tutorial__VehicleMaintenance__SUPPLIESBAGClass.html
SCR_Tutorial_VehicleMaintenance_SUPPLY_TRANSFER_GAMEPAD	interfaceSCR__Tutorial__VehicleMaintenance__SUPPLY__TRANSFER__GAMEPAD.html
SCR_Tutorial_VehicleMaintenance_SUPPLY_TRANSFER_GAMEPADClass	interfaceSCR__Tutorial__VehicleMaintenance__SUPPLY__TRANSFER__GAMEPADClass.html
SCR_Tutorial_VehicleMaintenance_SUPPLY_TRANSFER_KMB	interfaceSCR__Tutorial__VehicleMaintenance__SUPPLY__TRANSFER__KMB.html
SCR_Tutorial_VehicleMaintenance_SUPPLY_TRANSFER_KMBClass	interfaceSCR__Tutorial__VehicleMaintenance__SUPPLY__TRANSFER__KMBClass.html
SCR_Tutorial_VehicleMaintenance_VEHTURN	interfaceSCR__Tutorial__VehicleMaintenance__VEHTURN.html
SCR_Tutorial_VehicleMaintenance_VEHTURNClass	interfaceSCR__Tutorial__VehicleMaintenance__VEHTURNClass.html
SCR_UICore	interfaceSCR__UICore.html
SCR_UIDescription	interfaceSCR__UIDescription.html
SCR_UIEditorEffect	interfaceSCR__UIEditorEffect.html
SCR_UIInfo	interfaceSCR__UIInfo.html
SCR_UIInfoSpawnRequestResult	interfaceSCR__UIInfoSpawnRequestResult.html
SCR_UIManualCameraComponent	interfaceSCR__UIManualCameraComponent.html
SCR_UIName	interfaceSCR__UIName.html
SCR_UINotificationInfo	interfaceSCR__UINotificationInfo.html
SCR_UISoundEntity	interfaceSCR__UISoundEntity.html
SCR_UISoundEntityClass	interfaceSCR__UISoundEntityClass.html
SCR_UIStyle	interfaceSCR__UIStyle.html
SCR_UITaskManagerComponent	interfaceSCR__UITaskManagerComponent.html
SCR_UITaskManagerComponentClass	interfaceSCR__UITaskManagerComponentClass.html
SCR_UnconsciousScreenEffect	interfaceSCR__UnconsciousScreenEffect.html
SCR_UnflipVehicleAction	interfaceSCR__UnflipVehicleAction.html
SCR_UniquePlayerIdentityBioGroupConfig	interfaceSCR__UniquePlayerIdentityBioGroupConfig.html
SCR_UnitDisplayComponent	interfaceSCR__UnitDisplayComponent.html
SCR_UnitDisplayComponentClass	interfaceSCR__UnitDisplayComponentClass.html
SCR_UnitDisplayManager	interfaceSCR__UnitDisplayManager.html
SCR_UnitDisplayManagerClass	interfaceSCR__UnitDisplayManagerClass.html
SCR_UnitDisplaySettings	interfaceSCR__UnitDisplaySettings.html
SCR_UniversalInventoryStorageComponent	interfaceSCR__UniversalInventoryStorageComponent.html
SCR_UniversalInventoryStorageComponentClass	interfaceSCR__UniversalInventoryStorageComponentClass.html
SCR_UnlimitedDisclaimerEditorUIComponent	interfaceSCR__UnlimitedDisclaimerEditorUIComponent.html
SCR_UnloadContextAction	interfaceSCR__UnloadContextAction.html
SCR_UnloadSuppliesWaypoint	interfaceSCR__UnloadSuppliesWaypoint.html
SCR_UnloadSuppliesWaypointClass	interfaceSCR__UnloadSuppliesWaypointClass.html
SCR_UnloadSuppliesWaypointState	interfaceSCR__UnloadSuppliesWaypointState.html
SCR_UnlockLayerContextAction	interfaceSCR__UnlockLayerContextAction.html
SCR_UnlockedEditableEntityFilter	interfaceSCR__UnlockedEditableEntityFilter.html
SCR_UpdateAllEditablePrefabsPlugin	interfaceSCR__UpdateAllEditablePrefabsPlugin.html
SCR_UserActionWithOccupancy	interfaceSCR__UserActionWithOccupancy.html
SCR_UserContextAction	interfaceSCR__UserContextAction.html
SCR_VCSBlamePlugin	interfaceSCR__VCSBlamePlugin.html
SCR_VCSBlameResourceManagerPlugin	interfaceSCR__VCSBlameResourceManagerPlugin.html
SCR_VCSCommitPlugin	interfaceSCR__VCSCommitPlugin.html
SCR_VCSCommitResourceManagerPlugin	interfaceSCR__VCSCommitResourceManagerPlugin.html
SCR_VCSDiffPlugin	interfaceSCR__VCSDiffPlugin.html
SCR_VCSDiffResourceManagerPlugin	interfaceSCR__VCSDiffResourceManagerPlugin.html
SCR_VCSLogResourceManagerPlugin	interfaceSCR__VCSLogResourceManagerPlugin.html
SCR_VCSLogScriptEditorPlugin	interfaceSCR__VCSLogScriptEditorPlugin.html
SCR_VCSResourceManagerRootPlugin	interfaceSCR__VCSResourceManagerRootPlugin.html
SCR_VCSRootPlugin	interfaceSCR__VCSRootPlugin.html
SCR_VCSScriptEditorRootPlugin	interfaceSCR__VCSScriptEditorRootPlugin.html
SCR_VCSSettingsPlugin	interfaceSCR__VCSSettingsPlugin.html
SCR_VInfoAutoHover	interfaceSCR__VInfoAutoHover.html
SCR_VInfoLandingLights	interfaceSCR__VInfoLandingLights.html
SCR_VInfoParkingBrakeHeli	interfaceSCR__VInfoParkingBrakeHeli.html
SCR_VONAutoTune	interfaceSCR__VONAutoTune.html
SCR_VONAutoTuneChannelConfig	interfaceSCR__VONAutoTuneChannelConfig.html
SCR_VONAutoTuneConfig	interfaceSCR__VONAutoTuneConfig.html
SCR_VONAutoTuneIdentityConfig	interfaceSCR__VONAutoTuneIdentityConfig.html
SCR_VONAutoTuneRoleConfig	interfaceSCR__VONAutoTuneRoleConfig.html
SCR_VONController	interfaceSCR__VONController.html
SCR_VONControllerClass	interfaceSCR__VONControllerClass.html
SCR_VONEntry	interfaceSCR__VONEntry.html
SCR_VONEntryComponent	interfaceSCR__VONEntryComponent.html
SCR_VONEntryRadio	interfaceSCR__VONEntryRadio.html
SCR_VONMenu	interfaceSCR__VONMenu.html
SCR_VONMenuActiveActionCondition	interfaceSCR__VONMenuActiveActionCondition.html
SCR_VONPreviewAttributes	interfaceSCR__VONPreviewAttributes.html
SCR_VONRadialDisplay	interfaceSCR__VONRadialDisplay.html
SCR_ValidTypeBaseEditorAttribute	interfaceSCR__ValidTypeBaseEditorAttribute.html
SCR_ValidTypeBaseValueListEditorAttribute	interfaceSCR__ValidTypeBaseValueListEditorAttribute.html
SCR_ValidateBehaviorTreesPlugin	interfaceSCR__ValidateBehaviorTreesPlugin.html
SCR_ValidateRepairLineWidgets	interfaceSCR__ValidateRepairLineWidgets.html
SCR_ValidateRepair_Dialog	interfaceSCR__ValidateRepair__Dialog.html
SCR_ValuableIntelArsenalRefundEffect	interfaceSCR__ValuableIntelArsenalRefundEffect.html
SCR_ValuableIntelItemHintUIInfo	interfaceSCR__ValuableIntelItemHintUIInfo.html
SCR_ValuableIntelXPEffectEntry	interfaceSCR__ValuableIntelXPEffectEntry.html
SCR_ValueAttributeDynamicDescription	interfaceSCR__ValueAttributeDynamicDescription.html
SCR_VariableSightsFOVInfo	interfaceSCR__VariableSightsFOVInfo.html
SCR_VectorSliderEditorAttributeUIComponent	interfaceSCR__VectorSliderEditorAttributeUIComponent.html
SCR_VegetationSoundGroup	interfaceSCR__VegetationSoundGroup.html
SCR_VehicleAction	interfaceSCR__VehicleAction.html
SCR_VehicleActionBase	interfaceSCR__VehicleActionBase.html
SCR_VehicleAltitudeAGLCondition	interfaceSCR__VehicleAltitudeAGLCondition.html
SCR_VehicleBrakeCondition	interfaceSCR__VehicleBrakeCondition.html
SCR_VehicleBuoyancyComponent	interfaceSCR__VehicleBuoyancyComponent.html
SCR_VehicleBuoyancyComponentClass	interfaceSCR__VehicleBuoyancyComponentClass.html
SCR_VehicleCameraAimpoint	interfaceSCR__VehicleCameraAimpoint.html
SCR_VehicleCameraAlignment	interfaceSCR__VehicleCameraAlignment.html
SCR_VehicleCameraDataComponent	interfaceSCR__VehicleCameraDataComponent.html
SCR_VehicleCameraDataComponentClass	interfaceSCR__VehicleCameraDataComponentClass.html
SCR_VehicleChatChannel	interfaceSCR__VehicleChatChannel.html
SCR_VehicleClutchCondition	interfaceSCR__VehicleClutchCondition.html
SCR_VehicleConditionCheck	interfaceSCR__VehicleConditionCheck.html
SCR_VehicleConditionCheckUIEntry	interfaceSCR__VehicleConditionCheckUIEntry.html
SCR_VehicleConditionManager	interfaceSCR__VehicleConditionManager.html
SCR_VehicleControllerTypeCondition	interfaceSCR__VehicleControllerTypeCondition.html
SCR_VehicleDamageManagerComponent	interfaceSCR__VehicleDamageManagerComponent.html
SCR_VehicleDamageManagerComponentClass	interfaceSCR__VehicleDamageManagerComponentClass.html
SCR_VehicleDamageStateCondition	interfaceSCR__VehicleDamageStateCondition.html
SCR_VehicleDebug	interfaceSCR__VehicleDebug.html
SCR_VehicleDebugClass	interfaceSCR__VehicleDebugClass.html
SCR_VehicleDrivingAssistanceCondition	interfaceSCR__VehicleDrivingAssistanceCondition.html
SCR_VehicleDust	interfaceSCR__VehicleDust.html
SCR_VehicleDustClass	interfaceSCR__VehicleDustClass.html
SCR_VehicleDustPerWheel	interfaceSCR__VehicleDustPerWheel.html
SCR_VehicleDustPerWheelClass	interfaceSCR__VehicleDustPerWheelClass.html
SCR_VehicleEditableEntityUIComponent	interfaceSCR__VehicleEditableEntityUIComponent.html
SCR_VehicleEngineOnCondition	interfaceSCR__VehicleEngineOnCondition.html
SCR_VehicleFactionAffiliationComponent	interfaceSCR__VehicleFactionAffiliationComponent.html
SCR_VehicleFactionAffiliationComponentClass	interfaceSCR__VehicleFactionAffiliationComponentClass.html
SCR_VehicleFireDamageEffect	interfaceSCR__VehicleFireDamageEffect.html
SCR_VehicleFuelCondition	interfaceSCR__VehicleFuelCondition.html
SCR_VehicleGearCondition	interfaceSCR__VehicleGearCondition.html
SCR_VehicleGearShiftWidgets	interfaceSCR__VehicleGearShiftWidgets.html
SCR_VehicleHasAnyGroundContactCondition	interfaceSCR__VehicleHasAnyGroundContactCondition.html
SCR_VehicleHitZone	interfaceSCR__VehicleHitZone.html
SCR_VehicleHitZoneGroupName	interfaceSCR__VehicleHitZoneGroupName.html
SCR_VehicleInventoryStorageManagerComponent	interfaceSCR__VehicleInventoryStorageManagerComponent.html
SCR_VehicleInventoryStorageManagerComponentClass	interfaceSCR__VehicleInventoryStorageManagerComponentClass.html
SCR_VehicleLightsCondition	interfaceSCR__VehicleLightsCondition.html
SCR_VehicleLockControlsAction	interfaceSCR__VehicleLockControlsAction.html
SCR_VehicleOperabilityCheck	interfaceSCR__VehicleOperabilityCheck.html
SCR_VehiclePerceivableComponent	interfaceSCR__VehiclePerceivableComponent.html
SCR_VehiclePerceivableComponentClass	interfaceSCR__VehiclePerceivableComponentClass.html
SCR_VehiclePersistentBrakeEngagedCondition	interfaceSCR__VehiclePersistentBrakeEngagedCondition.html
SCR_VehiclePilotVacancyCheck	interfaceSCR__VehiclePilotVacancyCheck.html
SCR_VehicleSalvageEditorAttribute	interfaceSCR__VehicleSalvageEditorAttribute.html
SCR_VehicleSalvageSupportStationComponent	interfaceSCR__VehicleSalvageSupportStationComponent.html
SCR_VehicleSalvageSupportStationComponentClass	interfaceSCR__VehicleSalvageSupportStationComponentClass.html
SCR_VehicleSalvageSupportStationUserAction	interfaceSCR__VehicleSalvageSupportStationUserAction.html
SCR_VehicleSoundComponent	interfaceSCR__VehicleSoundComponent.html
SCR_VehicleSoundComponentClass	interfaceSCR__VehicleSoundComponentClass.html
SCR_VehicleSpawn	interfaceSCR__VehicleSpawn.html
SCR_VehicleSpawnClass	interfaceSCR__VehicleSpawnClass.html
SCR_VehicleSpawnProtectionComponent	interfaceSCR__VehicleSpawnProtectionComponent.html
SCR_VehicleSpawnProtectionComponentClass	interfaceSCR__VehicleSpawnProtectionComponentClass.html
SCR_VehicleSpawner	interfaceSCR__VehicleSpawner.html
SCR_VehicleSpawnerClass	interfaceSCR__VehicleSpawnerClass.html
SCR_VehicleSpeedCondition	interfaceSCR__VehicleSpeedCondition.html
SCR_VehicleTagData	interfaceSCR__VehicleTagData.html
SCR_VehicleTakeControlsAction	interfaceSCR__VehicleTakeControlsAction.html
SCR_VehicleThrottleCondition	interfaceSCR__VehicleThrottleCondition.html
SCR_VehicleTrackDecal	interfaceSCR__VehicleTrackDecal.html
SCR_VehicleTrackDecalClass	interfaceSCR__VehicleTrackDecalClass.html
SCR_VehicleTurboCondition	interfaceSCR__VehicleTurboCondition.html
SCR_VehicleTurretAzimuthDisplay	interfaceSCR__VehicleTurretAzimuthDisplay.html
SCR_VehicleTurretElevationDisplay	interfaceSCR__VehicleTurretElevationDisplay.html
SCR_VehicleWeaponActionBase	interfaceSCR__VehicleWeaponActionBase.html
SCR_VehicleWeaponAmmoCondition	interfaceSCR__VehicleWeaponAmmoCondition.html
SCR_VehicleWeaponFireModeSwitchAction	interfaceSCR__VehicleWeaponFireModeSwitchAction.html
SCR_VehicleWeaponGroupSelectAction	interfaceSCR__VehicleWeaponGroupSelectAction.html
SCR_VehicleWeaponSupportStationComponent	interfaceSCR__VehicleWeaponSupportStationComponent.html
SCR_VehicleWeaponSupportStationComponentClass	interfaceSCR__VehicleWeaponSupportStationComponentClass.html
SCR_VerifyItemsPlugin	interfaceSCR__VerifyItemsPlugin.html
SCR_VerifySlotEntitiesPlugin	interfaceSCR__VerifySlotEntitiesPlugin.html
SCR_VersionMismatchTooltipComponent	interfaceSCR__VersionMismatchTooltipComponent.html
SCR_VideoSettings	interfaceSCR__VideoSettings.html
SCR_VideoSettingsConsoleSubMenu	interfaceSCR__VideoSettingsConsoleSubMenu.html
SCR_VideoSettingsSubMenu	interfaceSCR__VideoSettingsSubMenu.html
SCR_ViewLinkManualCameraComponent	interfaceSCR__ViewLinkManualCameraComponent.html
SCR_ViewProfileButtonComponent	interfaceSCR__ViewProfileButtonComponent.html
SCR_VirtualAreaEntity	interfaceSCR__VirtualAreaEntity.html
SCR_VirtualAreaEntityClass	interfaceSCR__VirtualAreaEntityClass.html
SCR_VisibleEditableEntityFilter	interfaceSCR__VisibleEditableEntityFilter.html
SCR_VisibleInventoryItemComponent	interfaceSCR__VisibleInventoryItemComponent.html
SCR_VisibleInventoryItemComponentClass	interfaceSCR__VisibleInventoryItemComponentClass.html
SCR_VisualisedBallisticConfig	interfaceSCR__VisualisedBallisticConfig.html
SCR_VoNComponent	interfaceSCR__VoNComponent.html
SCR_VoNComponentClass	interfaceSCR__VoNComponentClass.html
SCR_VoNOverlay_ElementWidgets	interfaceSCR__VoNOverlay__ElementWidgets.html
SCR_VoiceoverData	interfaceSCR__VoiceoverData.html
SCR_VoiceoverLine	interfaceSCR__VoiceoverLine.html
SCR_VoiceoverLineStandalone	interfaceSCR__VoiceoverLineStandalone.html
SCR_VoiceoverSequence	interfaceSCR__VoiceoverSequence.html
SCR_VoiceoverSubtitles	interfaceSCR__VoiceoverSubtitles.html
SCR_VoiceoverSystem	interfaceSCR__VoiceoverSystem.html
SCR_VoiceoverSystemData	interfaceSCR__VoiceoverSystemData.html
SCR_VoiceoverSystemSerializer	interfaceSCR__VoiceoverSystemSerializer.html
SCR_VoiceoverSystemSerializerContext	interfaceSCR__VoiceoverSystemSerializerContext.html
SCR_VoiceoverSystemSnapshot	interfaceSCR__VoiceoverSystemSnapshot.html
SCR_VolumeDataProviderComponent	interfaceSCR__VolumeDataProviderComponent.html
SCR_VolumeDataProviderComponentClass	interfaceSCR__VolumeDataProviderComponentClass.html
SCR_VonDisplay	interfaceSCR__VonDisplay.html
SCR_VoteGameMasterCondition	interfaceSCR__VoteGameMasterCondition.html
SCR_VoterComponent	interfaceSCR__VoterComponent.html
SCR_VoterComponentClass	interfaceSCR__VoterComponentClass.html
SCR_VotingAdmin	interfaceSCR__VotingAdmin.html
SCR_VotingAutoKick	interfaceSCR__VotingAutoKick.html
SCR_VotingBase	interfaceSCR__VotingBase.html
SCR_VotingEditorIn	interfaceSCR__VotingEditorIn.html
SCR_VotingEditorOut	interfaceSCR__VotingEditorOut.html
SCR_VotingEditorWithdraw	interfaceSCR__VotingEditorWithdraw.html
SCR_VotingElection	interfaceSCR__VotingElection.html
SCR_VotingFactionCommander	interfaceSCR__VotingFactionCommander.html
SCR_VotingFactionCommanderRelieve	interfaceSCR__VotingFactionCommanderRelieve.html
SCR_VotingFactionCommanderWithdraw	interfaceSCR__VotingFactionCommanderWithdraw.html
SCR_VotingGroupLeader	interfaceSCR__VotingGroupLeader.html
SCR_VotingKick	interfaceSCR__VotingKick.html
SCR_VotingManagerComponent	interfaceSCR__VotingManagerComponent.html
SCR_VotingManagerComponentClass	interfaceSCR__VotingManagerComponentClass.html
SCR_VotingReferendum	interfaceSCR__VotingReferendum.html
SCR_VotingResultData	interfaceSCR__VotingResultData.html
SCR_VotingStickyNotificationUIComponent	interfaceSCR__VotingStickyNotificationUIComponent.html
SCR_VotingUIInfo	interfaceSCR__VotingUIInfo.html
SCR_WBAfterWorldUpdateTest	interfaceSCR__WBAfterWorldUpdateTest.html
SCR_WBAfterWorldUpdateTestClass	interfaceSCR__WBAfterWorldUpdateTestClass.html
SCR_WLibComponentBase	interfaceSCR__WLibComponentBase.html
SCR_WLibItemData	interfaceSCR__WLibItemData.html
SCR_WLibProgressBarComponent	interfaceSCR__WLibProgressBarComponent.html
SCR_WallGroup	interfaceSCR__WallGroup.html
SCR_WallGroupContainer	interfaceSCR__WallGroupContainer.html
SCR_WallPair	interfaceSCR__WallPair.html
SCR_WarCrimesPanelUI	interfaceSCR__WarCrimesPanelUI.html
SCR_WaterBodyPropsConfig	interfaceSCR__WaterBodyPropsConfig.html
SCR_WatermarkComponent	interfaceSCR__WatermarkComponent.html
SCR_WaveRespawnTimerComponent	interfaceSCR__WaveRespawnTimerComponent.html
SCR_WaveRespawnTimerComponentClass	interfaceSCR__WaveRespawnTimerComponentClass.html
SCR_Waypoint	interfaceSCR__Waypoint.html
SCR_WaypointAreaMeshComponent	interfaceSCR__WaypointAreaMeshComponent.html
SCR_WaypointAreaMeshComponentClass	interfaceSCR__WaypointAreaMeshComponentClass.html
SCR_WaypointBaseCommandAction	interfaceSCR__WaypointBaseCommandAction.html
SCR_WaypointDisplay	interfaceSCR__WaypointDisplay.html
SCR_WaypointGroupCommand	interfaceSCR__WaypointGroupCommand.html
SCR_WaypointIndexTooltipDetail	interfaceSCR__WaypointIndexTooltipDetail.html
SCR_WaypointLinesEditorUIComponent	interfaceSCR__WaypointLinesEditorUIComponent.html
SCR_WaypointPrefabLocation	interfaceSCR__WaypointPrefabLocation.html
SCR_WaypointSet	interfaceSCR__WaypointSet.html
SCR_WeaponAction	interfaceSCR__WeaponAction.html
SCR_WeaponAmmoCountCondition	interfaceSCR__WeaponAmmoCountCondition.html
SCR_WeaponAttachmentAttributes	interfaceSCR__WeaponAttachmentAttributes.html
SCR_WeaponAttachmentBayonetAttributes	interfaceSCR__WeaponAttachmentBayonetAttributes.html
SCR_WeaponAttachmentObstructionAttributes	interfaceSCR__WeaponAttachmentObstructionAttributes.html
SCR_WeaponAttachmentSuppressorAttributes	interfaceSCR__WeaponAttachmentSuppressorAttributes.html
SCR_WeaponAttachmentsStorageComponent	interfaceSCR__WeaponAttachmentsStorageComponent.html
SCR_WeaponAttachmentsStorageComponentClass	interfaceSCR__WeaponAttachmentsStorageComponentClass.html
SCR_WeaponAttachmentsStorageComponentSerializer	interfaceSCR__WeaponAttachmentsStorageComponentSerializer.html
SCR_WeaponBipodCondition	interfaceSCR__WeaponBipodCondition.html
SCR_WeaponBlastComponent	interfaceSCR__WeaponBlastComponent.html
SCR_WeaponBlastComponentClass	interfaceSCR__WeaponBlastComponentClass.html
SCR_WeaponBlastEffect	interfaceSCR__WeaponBlastEffect.html
SCR_WeaponChangeSwitchOpticsCondition	interfaceSCR__WeaponChangeSwitchOpticsCondition.html
SCR_WeaponComponent	interfaceSCR__WeaponComponent.html
SCR_WeaponComponentClass	interfaceSCR__WeaponComponentClass.html
SCR_WeaponDeployCondition	interfaceSCR__WeaponDeployCondition.html
SCR_WeaponDeployablePart	interfaceSCR__WeaponDeployablePart.html
SCR_WeaponFiremodeCondition	interfaceSCR__WeaponFiremodeCondition.html
SCR_WeaponFiremodeCountCondition	interfaceSCR__WeaponFiremodeCountCondition.html
SCR_WeaponGroup	interfaceSCR__WeaponGroup.html
SCR_WeaponHasMagazineCondition	interfaceSCR__WeaponHasMagazineCondition.html
SCR_WeaponInfo	interfaceSCR__WeaponInfo.html
SCR_WeaponInfoVehicle	interfaceSCR__WeaponInfoVehicle.html
SCR_WeaponInfoWidgets	interfaceSCR__WeaponInfoWidgets.html
SCR_WeaponInfo_MultiWeaponTurret	interfaceSCR__WeaponInfo__MultiWeaponTurret.html
SCR_WeaponInfo_MultiWeaponTurretWidgets	interfaceSCR__WeaponInfo__MultiWeaponTurretWidgets.html
SCR_WeaponIsRaisedCondition	interfaceSCR__WeaponIsRaisedCondition.html
SCR_WeaponLib	interfaceSCR__WeaponLib.html
SCR_WeaponLoadAction	interfaceSCR__WeaponLoadAction.html
SCR_WeaponLoadoutData	interfaceSCR__WeaponLoadoutData.html
SCR_WeaponMagazineCountCondition	interfaceSCR__WeaponMagazineCountCondition.html
SCR_WeaponManipulationCondition	interfaceSCR__WeaponManipulationCondition.html
SCR_WeaponMuzzleChamberedCondition	interfaceSCR__WeaponMuzzleChamberedCondition.html
SCR_WeaponQuickSlotAvailableCondition	interfaceSCR__WeaponQuickSlotAvailableCondition.html
SCR_WeaponRackEntity	interfaceSCR__WeaponRackEntity.html
SCR_WeaponRackEntityClass	interfaceSCR__WeaponRackEntityClass.html
SCR_WeaponRackSlotEntity	interfaceSCR__WeaponRackSlotEntity.html
SCR_WeaponRackSlotEntityClass	interfaceSCR__WeaponRackSlotEntityClass.html
SCR_WeaponRackSlotInfo	interfaceSCR__WeaponRackSlotInfo.html
SCR_WeaponSelectionMenu	interfaceSCR__WeaponSelectionMenu.html
SCR_WeaponSightHasZeroingCondition	interfaceSCR__WeaponSightHasZeroingCondition.html
SCR_WeaponState	interfaceSCR__WeaponState.html
SCR_WeaponStatsManagerComponent	interfaceSCR__WeaponStatsManagerComponent.html
SCR_WeaponStatsManagerComponentClass	interfaceSCR__WeaponStatsManagerComponentClass.html
SCR_WeaponSwitchAvailableCondition	interfaceSCR__WeaponSwitchAvailableCondition.html
SCR_WeaponSwitchingBaseUI	interfaceSCR__WeaponSwitchingBaseUI.html
SCR_WeaponSwitchingHints	interfaceSCR__WeaponSwitchingHints.html
SCR_WeaponsTooltipDetail	interfaceSCR__WeaponsTooltipDetail.html
SCR_WeatherForecastUIComponent	interfaceSCR__WeatherForecastUIComponent.html
SCR_WeatherInstantEditorAttribute	interfaceSCR__WeatherInstantEditorAttribute.html
SCR_WeatherInstantTransitionTimeEditorAttribute	interfaceSCR__WeatherInstantTransitionTimeEditorAttribute.html
SCR_WeatherState	interfaceSCR__WeatherState.html
SCR_WeatherTransitionCallback	interfaceSCR__WeatherTransitionCallback.html
SCR_WeatherUseAdvancedEditorAttribute	interfaceSCR__WeatherUseAdvancedEditorAttribute.html
SCR_WeightedListArsenalRefundEffect	interfaceSCR__WeightedListArsenalRefundEffect.html
SCR_WelcomeScreenBaseContent	interfaceSCR__WelcomeScreenBaseContent.html
SCR_WelcomeScreenComponent	interfaceSCR__WelcomeScreenComponent.html
SCR_WelcomeScreenComponentClass	interfaceSCR__WelcomeScreenComponentClass.html
SCR_WelcomeScreenDynamicObjectivesContent	interfaceSCR__WelcomeScreenDynamicObjectivesContent.html
SCR_WelcomeScreenDynamicTaskFaction	interfaceSCR__WelcomeScreenDynamicTaskFaction.html
SCR_WelcomeScreenFactionContent	interfaceSCR__WelcomeScreenFactionContent.html
SCR_WelcomeScreenFocusWidgetComponent	interfaceSCR__WelcomeScreenFocusWidgetComponent.html
SCR_WelcomeScreenIntroduction	interfaceSCR__WelcomeScreenIntroduction.html
SCR_WelcomeScreenIntroductionContent	interfaceSCR__WelcomeScreenIntroductionContent.html
SCR_WelcomeScreenMenu	interfaceSCR__WelcomeScreenMenu.html
SCR_WelcomeScreenMissionObjectives	interfaceSCR__WelcomeScreenMissionObjectives.html
SCR_WelcomeScreenMissionObjectivesContent	interfaceSCR__WelcomeScreenMissionObjectivesContent.html
SCR_WelcomeScreenThreeHorizontalColumns	interfaceSCR__WelcomeScreenThreeHorizontalColumns.html
SCR_WheelHitZone	interfaceSCR__WheelHitZone.html
SCR_WheelHitZoneInfo	interfaceSCR__WheelHitZoneInfo.html
SCR_WheelSlotComponent	interfaceSCR__WheelSlotComponent.html
SCR_WheelSlotComponentClass	interfaceSCR__WheelSlotComponentClass.html
SCR_WheelSlotInfo	interfaceSCR__WheelSlotInfo.html
SCR_WheeledDamageManagerComponent	interfaceSCR__WheeledDamageManagerComponent.html
SCR_WheeledDamageManagerComponentClass	interfaceSCR__WheeledDamageManagerComponentClass.html
SCR_WidgetEditFormat	interfaceSCR__WidgetEditFormat.html
SCR_WidgetEditFormatIP	interfaceSCR__WidgetEditFormatIP.html
SCR_WidgetEditFormatName	interfaceSCR__WidgetEditFormatName.html
SCR_WidgetEditFormatNumberRange	interfaceSCR__WidgetEditFormatNumberRange.html
SCR_WidgetEditFormatRange	interfaceSCR__WidgetEditFormatRange.html
SCR_WidgetExportRule	interfaceSCR__WidgetExportRule.html
SCR_WidgetExportRuleRoot	interfaceSCR__WidgetExportRuleRoot.html
SCR_WidgetHelper	interfaceSCR__WidgetHelper.html
SCR_WidgetHighlightUIComponent	interfaceSCR__WidgetHighlightUIComponent.html
SCR_WidgetHintComponent	interfaceSCR__WidgetHintComponent.html
SCR_WidgetListEntry	interfaceSCR__WidgetListEntry.html
SCR_WidgetListEntryBoolSpinBox	interfaceSCR__WidgetListEntryBoolSpinBox.html
SCR_WidgetListEntryCheckBox	interfaceSCR__WidgetListEntryCheckBox.html
SCR_WidgetListEntryCheckList	interfaceSCR__WidgetListEntryCheckList.html
SCR_WidgetListEntryCustomTitle	interfaceSCR__WidgetListEntryCustomTitle.html
SCR_WidgetListEntryEditBox	interfaceSCR__WidgetListEntryEditBox.html
SCR_WidgetListEntryEditBoxIP	interfaceSCR__WidgetListEntryEditBoxIP.html
SCR_WidgetListEntryGroup	interfaceSCR__WidgetListEntryGroup.html
SCR_WidgetListEntryLabel	interfaceSCR__WidgetListEntryLabel.html
SCR_WidgetListEntryMessage	interfaceSCR__WidgetListEntryMessage.html
SCR_WidgetListEntryPublishImages	interfaceSCR__WidgetListEntryPublishImages.html
SCR_WidgetListEntryResourcePicker	interfaceSCR__WidgetListEntryResourcePicker.html
SCR_WidgetListEntrySelection	interfaceSCR__WidgetListEntrySelection.html
SCR_WidgetListEntrySelectionList	interfaceSCR__WidgetListEntrySelectionList.html
SCR_WidgetListEntrySlider	interfaceSCR__WidgetListEntrySlider.html
SCR_WidgetListEntrySpinBox	interfaceSCR__WidgetListEntrySpinBox.html
SCR_WidgetTools	interfaceSCR__WidgetTools.html
SCR_WindAutomaticEditorAttribute	interfaceSCR__WindAutomaticEditorAttribute.html
SCR_WindCurveDef	interfaceSCR__WindCurveDef.html
SCR_WindCurveDefConfig	interfaceSCR__WindCurveDefConfig.html
SCR_WindDirectionEditorAttribute	interfaceSCR__WindDirectionEditorAttribute.html
SCR_WindDirectionInfo	interfaceSCR__WindDirectionInfo.html
SCR_WindOverrideEditorAttribute	interfaceSCR__WindOverrideEditorAttribute.html
SCR_WindSpeedEditorAttribute	interfaceSCR__WindSpeedEditorAttribute.html
SCR_WindowHitZone	interfaceSCR__WindowHitZone.html
SCR_WorkbenchHelper	interfaceSCR__WorkbenchHelper.html
SCR_WorkshopAddonBarComponent	interfaceSCR__WorkshopAddonBarComponent.html
SCR_WorkshopAddonBarWidgets	interfaceSCR__WorkshopAddonBarWidgets.html
SCR_WorkshopAddonLineComponent	interfaceSCR__WorkshopAddonLineComponent.html
SCR_WorkshopAddonManagerDialogs	interfaceSCR__WorkshopAddonManagerDialogs.html
SCR_WorkshopAddonManagerPresetStorage	interfaceSCR__WorkshopAddonManagerPresetStorage.html
SCR_WorkshopAddonPreset	interfaceSCR__WorkshopAddonPreset.html
SCR_WorkshopAddonPresetAddonMeta	interfaceSCR__WorkshopAddonPresetAddonMeta.html
SCR_WorkshopAddonPresetListItemData	interfaceSCR__WorkshopAddonPresetListItemData.html
SCR_WorkshopDialogCopyToClipboard	interfaceSCR__WorkshopDialogCopyToClipboard.html
SCR_WorkshopDialogs	interfaceSCR__WorkshopDialogs.html
SCR_WorkshopDownloadSequence	interfaceSCR__WorkshopDownloadSequence.html
SCR_WorkshopErrorDialog	interfaceSCR__WorkshopErrorDialog.html
SCR_WorkshopErrorPresetLoadDialog	interfaceSCR__WorkshopErrorPresetLoadDialog.html
SCR_WorkshopItem	interfaceSCR__WorkshopItem.html
SCR_WorkshopItemAction	interfaceSCR__WorkshopItemAction.html
SCR_WorkshopItemActionAddAuthorBlock	interfaceSCR__WorkshopItemActionAddAuthorBlock.html
SCR_WorkshopItemActionCancelReport	interfaceSCR__WorkshopItemActionCancelReport.html
SCR_WorkshopItemActionComposite	interfaceSCR__WorkshopItemActionComposite.html
SCR_WorkshopItemActionDownload	interfaceSCR__WorkshopItemActionDownload.html
SCR_WorkshopItemActionDownloadDependenciesLatest	interfaceSCR__WorkshopItemActionDownloadDependenciesLatest.html
SCR_WorkshopItemActionRemoveAuthorBlock	interfaceSCR__WorkshopItemActionRemoveAuthorBlock.html
SCR_WorkshopItemActionReport	interfaceSCR__WorkshopItemActionReport.html
SCR_WorkshopItemActionReportBase	interfaceSCR__WorkshopItemActionReportBase.html
SCR_WorkshopItemBackendImageComponent	interfaceSCR__WorkshopItemBackendImageComponent.html
SCR_WorkshopItemCallback_AskDetails	interfaceSCR__WorkshopItemCallback__AskDetails.html
SCR_WorkshopItemCallback_DownloadImage	interfaceSCR__WorkshopItemCallback__DownloadImage.html
SCR_WorkshopListAddonsSubmenu	interfaceSCR__WorkshopListAddonsSubmenu.html
SCR_WorkshopPresetConfirmDialog	interfaceSCR__WorkshopPresetConfirmDialog.html
SCR_WorkshopSettings	interfaceSCR__WorkshopSettings.html
SCR_WorkshopTileWidgets	interfaceSCR__WorkshopTileWidgets.html
SCR_WorkshopUiCommon	interfaceSCR__WorkshopUiCommon.html
SCR_WorldEditorToolHelper	interfaceSCR__WorldEditorToolHelper.html
SCR_WorldEntitiesStatisticsPlugin	interfaceSCR__WorldEntitiesStatisticsPlugin.html
SCR_WorldEntitiesStatisticsPlugin_Item	interfaceSCR__WorldEntitiesStatisticsPlugin__Item.html
SCR_WorldEntitiesStatisticsPlugin_Report	interfaceSCR__WorldEntitiesStatisticsPlugin__Report.html
SCR_WorldEntitiesStatisticsPlugin_Report_World	interfaceSCR__WorldEntitiesStatisticsPlugin__Report__World.html
SCR_WorldEntityDelegateEditorComponent	interfaceSCR__WorldEntityDelegateEditorComponent.html
SCR_WorldEntityDelegateEditorComponentClass	interfaceSCR__WorldEntityDelegateEditorComponentClass.html
SCR_WorldFilesHelper	interfaceSCR__WorldFilesHelper.html
SCR_WorldMapExportTool	interfaceSCR__WorldMapExportTool.html
SCR_WorldSetupPluginBasePlugin	interfaceSCR__WorldSetupPluginBasePlugin.html
SCR_WorldSetupPluginConfig	interfaceSCR__WorldSetupPluginConfig.html
SCR_WorldSetupPluginConfig_Entity	interfaceSCR__WorldSetupPluginConfig__Entity.html
SCR_WorldSetupPluginConfig_EntitySourceKeyValue	interfaceSCR__WorldSetupPluginConfig__EntitySourceKeyValue.html
SCR_WorldSetupPlugin_Entities	interfaceSCR__WorldSetupPlugin__Entities.html
SCR_WorldSetupPlugin_GenericWorldEntity	interfaceSCR__WorldSetupPlugin__GenericWorldEntity.html
SCR_WorldTools	interfaceSCR__WorldTools.html
SCR_WorldWindowDataDropPlugin	interfaceSCR__WorldWindowDataDropPlugin.html
SCR_WrapEntitiesPlugin	interfaceSCR__WrapEntitiesPlugin.html
SCR_WristwatchComponent	interfaceSCR__WristwatchComponent.html
SCR_WristwatchComponentClass	interfaceSCR__WristwatchComponentClass.html
SCR_XPHandlerComponent	interfaceSCR__XPHandlerComponent.html
SCR_XPHandlerComponentClass	interfaceSCR__XPHandlerComponentClass.html
SCR_XPInfoDisplay	interfaceSCR__XPInfoDisplay.html
SCR_XPInfoDisplayInventory	interfaceSCR__XPInfoDisplayInventory.html
SCR_XPInfoWidgetData	interfaceSCR__XPInfoWidgetData.html
SCR_XPRewardInfo	interfaceSCR__XPRewardInfo.html
SCR_XPRewardList	interfaceSCR__XPRewardList.html
SCR_ZoneRestrictionAreaMeshComponent	interfaceSCR__ZoneRestrictionAreaMeshComponent.html
SCR_ZoneRestrictionAreaMeshComponentClass	interfaceSCR__ZoneRestrictionAreaMeshComponentClass.html
SCR_ZoomManualCameraComponent	interfaceSCR__ZoomManualCameraComponent.html
SaveContainer	interfaceSaveContainer.html
SaveContainerContext	interfaceSaveContainerContext.html
SaveContext	interfaceSaveContext.html
SaveGame	interfaceSaveGame.html
SaveGameAddonVersion	interfaceSaveGameAddonVersion.html
SaveGameCallback	interfaceSaveGameCallback.html
SaveGameDatabase	interfaceSaveGameDatabase.html
SaveGameManager	interfaceSaveGameManager.html
SaveGameObtainCallback	interfaceSaveGameObtainCallback.html
SaveGameOperationCallback	interfaceSaveGameOperationCallback.html
ScenarioFrameworkActionCinematicTrack	interfaceScenarioFrameworkActionCinematicTrack.html
ScrServerCmdResult	interfaceScrServerCmdResult.html
ScrServerCommand	interfaceScrServerCommand.html
ScriptCharacterCommandMoveSettings	interfaceScriptCharacterCommandMoveSettings.html
ScriptGameComponent	interfaceScriptGameComponent.html
ScriptGameComponentClass	interfaceScriptGameComponentClass.html
ScriptModel	interfaceScriptModel.html
ScriptModelClass	interfaceScriptModelClass.html
ScriptedBaseInventoryStorageComponent	interfaceScriptedBaseInventoryStorageComponent.html
ScriptedBaseInventoryStorageComponentClass	interfaceScriptedBaseInventoryStorageComponentClass.html
ScriptedBaseZeroingGenerator	interfaceScriptedBaseZeroingGenerator.html
ScriptedCameraBase	interfaceScriptedCameraBase.html
ScriptedCameraBaseClass	interfaceScriptedCameraBaseClass.html
ScriptedCameraItem	interfaceScriptedCameraItem.html
ScriptedCameraItemResult	interfaceScriptedCameraItemResult.html
ScriptedCameraSet	interfaceScriptedCameraSet.html
ScriptedChatEntity	interfaceScriptedChatEntity.html
ScriptedChatEntityClass	interfaceScriptedChatEntityClass.html
ScriptedCommand	interfaceScriptedCommand.html
ScriptedComponentSerializer	interfaceScriptedComponentSerializer.html
ScriptedEntitySerializer	interfaceScriptedEntitySerializer.html
ScriptedFaction	interfaceScriptedFaction.html
ScriptedGameTriggerEntity	interfaceScriptedGameTriggerEntity.html
ScriptedGameTriggerEntityClass	interfaceScriptedGameTriggerEntityClass.html
ScriptedInventoryOperationCallback	interfaceScriptedInventoryOperationCallback.html
ScriptedInventoryStorageManagerComponent	interfaceScriptedInventoryStorageManagerComponent.html
ScriptedInventoryStorageManagerComponentClass	interfaceScriptedInventoryStorageManagerComponentClass.html
ScriptedInventoryTask	interfaceScriptedInventoryTask.html
ScriptedLoadContainer	interfaceScriptedLoadContainer.html
ScriptedMusic	interfaceScriptedMusic.html
ScriptedPerceptionComponent	interfaceScriptedPerceptionComponent.html
ScriptedPerceptionComponentClass	interfaceScriptedPerceptionComponentClass.html
ScriptedRadioComponent	interfaceScriptedRadioComponent.html
ScriptedRadioComponentClass	interfaceScriptedRadioComponentClass.html
ScriptedRadioMessage	interfaceScriptedRadioMessage.html
ScriptedSaveContainer	interfaceScriptedSaveContainer.html
ScriptedSelectionMenu	interfaceScriptedSelectionMenu.html
ScriptedSelectionMenuEntry	interfaceScriptedSelectionMenuEntry.html
ScriptedSerializationLoadContainer	interfaceScriptedSerializationLoadContainer.html
ScriptedSerializationSaveContainer	interfaceScriptedSerializationSaveContainer.html
ScriptedSightsComponent	interfaceScriptedSightsComponent.html
ScriptedSightsComponentClass	interfaceScriptedSightsComponentClass.html
ScriptedSightsFOVInfo	interfaceScriptedSightsFOVInfo.html
ScriptedSignalUserAction	interfaceScriptedSignalUserAction.html
ScriptedStatePersistenceConfig	interfaceScriptedStatePersistenceConfig.html
ScriptedStateSerializer	interfaceScriptedStateSerializer.html
ScriptedUserAction	interfaceScriptedUserAction.html
ScriptedWeaponAimModifier	interfaceScriptedWeaponAimModifier.html
SearchXOBPlugin	interfaceSearchXOBPlugin.html
Selector	interfaceSelector.html
Sequence	interfaceSequence.html
SerializationContainer	interfaceSerializationContainer.html
SerializationContext	interfaceSerializationContext.html
SerializerDefaultSpawnData	interfaceSerializerDefaultSpawnData.html
SerializerInventoryStorageManagerComponent	interfaceSerializerInventoryStorageManagerComponent.html
SerializerInventoryStorageManagerComponentClass	interfaceSerializerInventoryStorageManagerComponentClass.html
ServerBrowserEntryProperty	interfaceServerBrowserEntryProperty.html
ServerBrowserMenuUI	interfaceServerBrowserMenuUI.html
ServerBrowserMenuWidgets	interfaceServerBrowserMenuWidgets.html
ServerChatChannel	interfaceServerChatChannel.html
ServerFilterEntry	interfaceServerFilterEntry.html
ServerFilterGroup	interfaceServerFilterGroup.html
ServerHostingUI	interfaceServerHostingUI.html
ServerInfo	interfaceServerInfo.html
SetAIBaseBudgetEditorAttribute	interfaceSetAIBaseBudgetEditorAttribute.html
SetBuildingProgressEditorAttribute	interfaceSetBuildingProgressEditorAttribute.html
SetPropBaseBudgetEditorAttribute	interfaceSetPropBaseBudgetEditorAttribute.html
ShellMoveComponent	interfaceShellMoveComponent.html
ShellMoveComponentClass	interfaceShellMoveComponentClass.html
SightRangeInfo	interfaceSightRangeInfo.html
SightsComponent	interfaceSightsComponent.html
SightsComponentClass	interfaceSightsComponentClass.html
SightsFOVInfo	interfaceSightsFOVInfo.html
SignalsComponent	interfaceSignalsComponent.html
SignalsComponentClass	interfaceSignalsComponentClass.html
SignalsManagerComponent	interfaceSignalsManagerComponent.html
SignalsManagerComponentClass	interfaceSignalsManagerComponentClass.html
SignalsManagersSystem	interfaceSignalsManagersSystem.html
SimpleButtonComponent	interfaceSimpleButtonComponent.html
SimplePawnControllerComponent	interfaceSimplePawnControllerComponent.html
SimplePawnControllerComponentClass	interfaceSimplePawnControllerComponentClass.html
SimplePreload	interfaceSimplePreload.html
SimpleSoundComponent	interfaceSimpleSoundComponent.html
SimpleSoundComponentClass	interfaceSimpleSoundComponentClass.html
SingleInputPortContainer	interfaceSingleInputPortContainer.html
SingleOutputPortContainer	interfaceSingleOutputPortContainer.html
SkipCinematicTrack	interfaceSkipCinematicTrack.html
SlidingDoorComponent	interfaceSlidingDoorComponent.html
SlidingDoorComponentClass	interfaceSlidingDoorComponentClass.html
SlotBoneAnimationCinematicTrack	interfaceSlotBoneAnimationCinematicTrack.html
SlotBoneMappingObject	interfaceSlotBoneMappingObject.html
SlotManagerComponent	interfaceSlotManagerComponent.html
SlotManagerComponentClass	interfaceSlotManagerComponentClass.html
SlotManagerComponentSerializer	interfaceSlotManagerComponentSerializer.html
SmallForestGeneratorClusterObject	interfaceSmallForestGeneratorClusterObject.html
SocialComponent	interfaceSocialComponent.html
SocialComponentClass	interfaceSocialComponentClass.html
SocialIdentity	interfaceSocialIdentity.html
SoundComponent	interfaceSoundComponent.html
SoundComponentClass	interfaceSoundComponentClass.html
SoundIdentity	interfaceSoundIdentity.html
SoundInfo	interfaceSoundInfo.html
SoundWorld	interfaceSoundWorld.html
SoundWorldClass	interfaceSoundWorldClass.html
SpawnDecalEffect	interfaceSpawnDecalEffect.html
SpawnDistanceParticleEffect	interfaceSpawnDistanceParticleEffect.html
SpawnParticleEffect	interfaceSpawnParticleEffect.html
SplashScreen	interfaceSplashScreen.html
StaminaEventParams	interfaceStaminaEventParams.html
StaminaSystem	interfaceStaminaSystem.html
StanceIndicator	interfaceStanceIndicator.html
StateBackendCallback	interfaceStateBackendCallback.html
StaticSoundComponent	interfaceStaticSoundComponent.html
StaticSoundComponentClass	interfaceStaticSoundComponentClass.html
StreetLampComponent	interfaceStreetLampComponent.html
StreetLampComponentClass	interfaceStreetLampComponentClass.html
SubDistanceParticleEffect	interfaceSubDistanceParticleEffect.html
SuppressorComponent	interfaceSuppressorComponent.html
SuppressorComponentClass	interfaceSuppressorComponentClass.html
SwayWeaponAimModifier	interfaceSwayWeaponAimModifier.html
Switch	interfaceSwitch.html
SystemChatChannel	interfaceSystemChatChannel.html
TagSystem	interfaceTagSystem.html
TestAimModifier	interfaceTestAimModifier.html
TestDragUserAction	interfaceTestDragUserAction.html
TestPushUserAction	interfaceTestPushUserAction.html
TestScriptSensor	interfaceTestScriptSensor.html
ThrowGrenadeAction	interfaceThrowGrenadeAction.html
TimeAndWeatherManagerEntity	interfaceTimeAndWeatherManagerEntity.html
TimeAndWeatherManagerEntityClass	interfaceTimeAndWeatherManagerEntityClass.html
TimeAndWeatherManagerEntitySerializer	interfaceTimeAndWeatherManagerEntitySerializer.html
TimeContainer	interfaceTimeContainer.html
TimecodeCinematicTrack	interfaceTimecodeCinematicTrack.html
TimerTriggerComponent	interfaceTimerTriggerComponent.html
TimerTriggerComponentClass	interfaceTimerTriggerComponentClass.html
ToolSize	interfaceToolSize.html
TracerProjectile	interfaceTracerProjectile.html
TracerProjectileClass	interfaceTracerProjectileClass.html
TrackedControllerComponent	interfaceTrackedControllerComponent.html
TrackedControllerComponentClass	interfaceTrackedControllerComponentClass.html
TransmissionData	interfaceTransmissionData.html
Tree	interfaceTree.html
TreeClass	interfaceTreeClass.html
TreeGroupClass	interfaceTreeGroupClass.html
TurnOnUserAction	interfaceTurnOnUserAction.html
Turret	interfaceTurret.html
TurretClass	interfaceTurretClass.html
TurretCompartmentSlot	interfaceTurretCompartmentSlot.html
TurretComponent	interfaceTurretComponent.html
TurretComponentClass	interfaceTurretComponentClass.html
TurretControllerComponent	interfaceTurretControllerComponent.html
TurretControllerComponentClass	interfaceTurretControllerComponentClass.html
TurretControllerComponentSerializer	interfaceTurretControllerComponentSerializer.html
TurretSlotComponent	interfaceTurretSlotComponent.html
TurretSlotComponentClass	interfaceTurretSlotComponentClass.html
UGLAnimationComponent	interfaceUGLAnimationComponent.html
UGLAnimationComponentClass	interfaceUGLAnimationComponentClass.html
UIColors	interfaceUIColors.html
UIConstants	interfaceUIConstants.html
UIInfo	interfaceUIInfo.html
UIInfoAssetCard	interfaceUIInfoAssetCard.html
UniversalInventoryStorageComponent	interfaceUniversalInventoryStorageComponent.html
UniversalInventoryStorageComponentClass	interfaceUniversalInventoryStorageComponentClass.html
UnknownDamageEffect	interfaceUnknownDamageEffect.html
UserActionContext	interfaceUserActionContext.html
Vehicle	interfaceVehicle.html
VehicleAnimationComponent	interfaceVehicleAnimationComponent.html
VehicleAnimationComponentClass	interfaceVehicleAnimationComponentClass.html
VehicleBaseSimulation	interfaceVehicleBaseSimulation.html
VehicleBaseSimulationClass	interfaceVehicleBaseSimulationClass.html
VehicleBodyEffectBase	interfaceVehicleBodyEffectBase.html
VehicleBodyEffectBaseClass	interfaceVehicleBodyEffectBaseClass.html
VehicleBuoyancyComponent	interfaceVehicleBuoyancyComponent.html
VehicleBuoyancyComponentClass	interfaceVehicleBuoyancyComponentClass.html
VehicleChatChannel	interfaceVehicleChatChannel.html
VehicleCinematicTrack	interfaceVehicleCinematicTrack.html
VehicleClass	interfaceVehicleClass.html
VehicleControllerComponent	interfaceVehicleControllerComponent.html
VehicleControllerComponentClass	interfaceVehicleControllerComponentClass.html
VehicleDebugDrawSystem	interfaceVehicleDebugDrawSystem.html
VehicleDoorUserAction	interfaceVehicleDoorUserAction.html
VehicleDust	interfaceVehicleDust.html
VehicleFixedWingSimulation	interfaceVehicleFixedWingSimulation.html
VehicleFixedWingSimulationClass	interfaceVehicleFixedWingSimulationClass.html
VehicleGamepadEffectsManagerComponent	interfaceVehicleGamepadEffectsManagerComponent.html
VehicleGamepadEffectsManagerComponentClass	interfaceVehicleGamepadEffectsManagerComponentClass.html
VehicleHelicopterSimulation	interfaceVehicleHelicopterSimulation.html
VehicleHelicopterSimulationClass	interfaceVehicleHelicopterSimulationClass.html
VehicleLightPortalComponent	interfaceVehicleLightPortalComponent.html
VehicleLightPortalComponentClass	interfaceVehicleLightPortalComponentClass.html
VehicleLightPortalSystem	interfaceVehicleLightPortalSystem.html
VehiclePartPanel	interfaceVehiclePartPanel.html
VehiclePartPanelClass	interfaceVehiclePartPanelClass.html
VehiclePartRotor	interfaceVehiclePartRotor.html
VehiclePartRotorClass	interfaceVehiclePartRotorClass.html
VehiclePerceivableComponent	interfaceVehiclePerceivableComponent.html
VehiclePerceivableComponentClass	interfaceVehiclePerceivableComponentClass.html
VehiclePostSimulationSystem	interfaceVehiclePostSimulationSystem.html
VehicleProcAnimComponent	interfaceVehicleProcAnimComponent.html
VehicleProcAnimComponentClass	interfaceVehicleProcAnimComponentClass.html
VehicleResourceRequest	interfaceVehicleResourceRequest.html
VehicleSimulationSystem	interfaceVehicleSimulationSystem.html
VehicleSoundComponent	interfaceVehicleSoundComponent.html
VehicleSoundComponentClass	interfaceVehicleSoundComponentClass.html
VehicleTrackedSimulation	interfaceVehicleTrackedSimulation.html
VehicleTrackedSimulationClass	interfaceVehicleTrackedSimulationClass.html
VehicleUpdateAnimsSystem	interfaceVehicleUpdateAnimsSystem.html
VehicleUpdateSignalsSystem	interfaceVehicleUpdateSignalsSystem.html
VehicleWheelSound	interfaceVehicleWheelSound.html
VehicleWheeledSimulation	interfaceVehicleWheeledSimulation.html
VehicleWheeledSimulationClass	interfaceVehicleWheeledSimulationClass.html
VehicleWheeledSimulation_SA_B	interfaceVehicleWheeledSimulation__SA__B.html
VehicleWheeledSimulation_SA_BClass	interfaceVehicleWheeledSimulation__SA__BClass.html
VehiclesDustSystem	interfaceVehiclesDustSystem.html
VicinitySystem	interfaceVicinitySystem.html
VisualIdentity	interfaceVisualIdentity.html
VoNComponent	interfaceVoNComponent.html
VoNComponentClass	interfaceVoNComponentClass.html
VoNSystem	interfaceVoNSystem.html
VolumeDataProviderComponent	interfaceVolumeDataProviderComponent.html
VolumeDataProviderComponentClass	interfaceVolumeDataProviderComponentClass.html
VolumesDebugSystem	interfaceVolumesDebugSystem.html
VonRadioMessage	interfaceVonRadioMessage.html
WallGeneratorEntity	interfaceWallGeneratorEntity.html
WallGeneratorEntityClass	interfaceWallGeneratorEntityClass.html
WallGeneratorPointData	interfaceWallGeneratorPointData.html
WallLengthGroup	interfaceWallLengthGroup.html
WallWeightPair	interfaceWallWeightPair.html
WeaponAimModifierContext	interfaceWeaponAimModifierContext.html
WeaponAnimationComponent	interfaceWeaponAnimationComponent.html
WeaponAnimationComponentClass	interfaceWeaponAnimationComponentClass.html
WeaponAttachmentAttributes	interfaceWeaponAttachmentAttributes.html
WeaponAttachmentsStorageComponent	interfaceWeaponAttachmentsStorageComponent.html
WeaponAttachmentsStorageComponentClass	interfaceWeaponAttachmentsStorageComponentClass.html
WeaponAttachmentsStorageComponentSerializer	interfaceWeaponAttachmentsStorageComponentSerializer.html
WeaponComponent	interfaceWeaponComponent.html
WeaponComponentClass	interfaceWeaponComponentClass.html
WeaponComponentSerializer	interfaceWeaponComponentSerializer.html
WeaponGamepadEffectsManagerComponent	interfaceWeaponGamepadEffectsManagerComponent.html
WeaponGamepadEffectsManagerComponentClass	interfaceWeaponGamepadEffectsManagerComponentClass.html
WeaponInfoColorSet	interfaceWeaponInfoColorSet.html
WeaponSlotComponent	interfaceWeaponSlotComponent.html
WeaponSlotComponentClass	interfaceWeaponSlotComponentClass.html
WeaponSlotComponentSerializer	interfaceWeaponSlotComponentSerializer.html
WeaponSoundComponent	interfaceWeaponSoundComponent.html
WeaponSoundComponentClass	interfaceWeaponSoundComponentClass.html
WeaponUIInfo	interfaceWeaponUIInfo.html
WeaponsGroup	interfaceWeaponsGroup.html
WeatherCinematicTrack	interfaceWeatherCinematicTrack.html
WeatherStateTransitionManager	interfaceWeatherStateTransitionManager.html
WelcomeDialogUI	interfaceWelcomeDialogUI.html
WideForestGeneratorClusterObject	interfaceWideForestGeneratorClusterObject.html
WidgetAnimationAlphaMask	interfaceWidgetAnimationAlphaMask.html
WidgetAnimationBase	interfaceWidgetAnimationBase.html
WidgetAnimationBlurIntensity	interfaceWidgetAnimationBlurIntensity.html
WidgetAnimationColor	interfaceWidgetAnimationColor.html
WidgetAnimationFrameSize	interfaceWidgetAnimationFrameSize.html
WidgetAnimationImageRotation	interfaceWidgetAnimationImageRotation.html
WidgetAnimationImageSaturation	interfaceWidgetAnimationImageSaturation.html
WidgetAnimationLayoutFill	interfaceWidgetAnimationLayoutFill.html
WidgetAnimationOpacity	interfaceWidgetAnimationOpacity.html
WidgetAnimationPadding	interfaceWidgetAnimationPadding.html
WidgetAnimationPosition	interfaceWidgetAnimationPosition.html
WidgetAnimationValue	interfaceWidgetAnimationValue.html
WidgetLibraryMenuUI	interfaceWidgetLibraryMenuUI.html
WorldDataExport	interfaceWorldDataExport.html
ZeroGeneratorAimModifier	interfaceZeroGeneratorAimModifier.html
ZeroingGeneratedData	interfaceZeroingGeneratedData.html
ZeroingMarkInfo	interfaceZeroingMarkInfo.html
