file	loc	classes	methods	sha256
Carved/data/00000_6738b77d.c	44	0	0	6738b77d0f99f837dafb21bf6d46ce49725e3ebd33c6938bfc697b08d9819863
Carved/data/00001_f2bfa794.c	124	0	0	f2bfa7942559c28f166a09f7f293eb26a6093f4d54ee9341a8ba67fc86f60124
Carved/data/00002_a94db873.c	125	0	0	a94db87384bcac2cbbcfa3fd00b23f09685ea4ba15d23cbf75cc607fc11eb621
Carved/data/00003_f5aa0ec5.c	26	0	0	f5aa0ec54c5d4eac164780a700fc42c37d76ff8af34df72c10fd4ac88db6dd61
Carved/data/00004_45422cfd.c	79	0	0	45422cfd24e2dc09a882416af3ed3f20d40fd6d4be1b682de5ebb28460524101
Carved/data/00005_2a9a8352.c	65	0	0	2a9a835206e796bb44e369d71ecfd2d87ec9fd1b3b8310b7aeb05cddd9223bfc
Carved/data/00006_6fc32d11.c	92	0	0	6fc32d111860f9b6390605df81f078ca7ff5c496ca3787f73082626dfb30dccf
Carved/data/00007_fa122669.c	58	0	0	fa122669c314dac532745ca51580d192e080e29fd0c5dfda3f67f63e85b14b03
Carved/data/00008_ae9763b2.c	112	1	0	ae9763b2524c065706fdcb2bdd33c2f2d8895dce42d782f7b9952ff980c66a8d
Carved/data/00009_9a84f7b7.c	49	0	0	9a84f7b783881308cdee05bf940688d01754575f70a4b8e5b1d3817c57e110ed
Carved/data/00010_888eeab0.c	84	0	0	888eeab0fe88c296a1e7489636b54b12882f94b6320bfda1e4a2da84bcd225aa
Carved/data/00011_5449afe8.c	71	0	0	5449afe8d5ca81663fac9e3ebf999d5971a22ee3a0a549a3703cd3b52c540a63
Carved/data/00012_da107bb6.c	245	0	0	da107bb6be290f2dcc2531ca2aef95233b77b0d26390a87d58a02b591fb6c6b5
Carved/data/00013_031a13d5.c	95	0	0	031a13d5850db7d97c80c21123faa0980b2b3be08c29e4fa0f67f63ed7c8610d
Carved/data/00014_634bb337.c	187	1	0	634bb3378099f5eade89261a69200ce317363c2a8de6795690b81a8e24f8295c
Carved/data/00015_7bc770fe.c	99	0	0	7bc770fe192d12b4ebe3857f892ef3082c710f274d9260362bccb5eb891c9969
Carved/data/00016_5288e038.c	46	0	0	5288e0380355b19cf90cd13caaad426918d1c687d2ae5bf9af750cbca4cb5411
Carved/data/00017_df527c5f.c	144	0	0	df527c5fed655e91ab573f5b6af094d200869436a2b1bd09f4f43f8b69c9eaff
Carved/data/00018_de6d19e4.c	108	0	0	de6d19e4a0f3a2f80b4b438c7895e3fcbc0761fceaa2cb330fcfa5019a2b9c30
Carved/data/00019_52596831.c	163	0	0	525968313f1c5dabc92e513fd75eb79c0659f89b9f8e2e1e663b7a36881a6cd3
Carved/data/00020_ddb39755.c	318	0	0	ddb3975540d8bae89dd83d4cc196b531645e273fff645be5b2a9b9e7bec233c0
Carved/data/00021_f60462d9.c	37	0	0	f60462d907b8b094afbb7c26b5260be2465162e5d31e57c27022c68857fef980
Carved/data/00022_4da02289.c	41	0	0	4da02289d47e47588325d325eee74e89d99ad9d1955124ac28e51c97341fb4c0
Carved/data/00023_5a30f955.c	38	0	0	5a30f955e431e1ed15b544be8058450cf917cf1f358939490c1481de7e4b60c0
Carved/data/00024_a75d2738.c	71	0	0	a75d273825fe5e13669ef6445b0003d6d08cf2531ae336a15907c984ec912730
Carved/data/00025_d5a38ada.c	55	0	0	d5a38adaa2c2bd2b4a53757494a89a5ad60aa8ca7062a5e49370edc2159e0dd1
Carved/data/00026_f8189b49.c	169	0	0	f8189b491cbdcf3502e13b0f5c6948d6d7113ea9977adaa44effb44f13bb6139
Carved/data/00027_75fb6082.c	80	0	0	75fb60826bcbf24a7e4b85e5b54635063165b02189fb971d141d748cfa6082b3
Carved/data/00028_c173de66.c	85	0	0	c173de66fea31b463780457556e761e3f78712a470ba84d80adce4b60497b75a
Carved/data/00029_a878a0c1.c	72	0	0	a878a0c12736c2896f5785de74c3d3f604f78561c27e558c681bde6c6dbc0380
Carved/data/00030_9020f397.c	310	0	0	9020f397f3edaac7eb3c8b80949d9d853e34b5b40456d6eedb612e0e997f5e1c
Carved/data/00031_221b0533.c	70	0	0	221b0533fa94e475e6225158e2bbf9cf8c045c83ae3f3ab4f780a7265a62e930
Carved/data/00032_b04bcf67.c	74	0	0	b04bcf6726823fe7d224dd3f6cfb9666999379227a2dd9189a88f46a9d26f803
Carved/data/00033_8e67bfe7.c	61	0	0	8e67bfe77b9bca0490cbe1e39b5bd9cf6373c10c366ff35f283d89d36af8635b
Carved/data/00034_bde28e08.c	41	5	3	bde28e08c2f3824dbdb7ecaafe5c4bde1e102a1ff38a04439755999eaae0e226
Carved/data/00035_a02ea9b6.c	51	4	1	a02ea9b66a75e655e99768cb374dff2c170ee7b43f93e940611cbf32af610e63
Carved/data/00036_60c1bf3a.c	48	2	12	60c1bf3a5ccf4fb9c72318f9c1787bcdee3587a188925d88dd84f9a351f9dbb1
Carved/data/00037_bac29606.c	86	3	11	bac2960615abdd805062cc279924824e3c424b5464d0002886d304e7c2d15694
Carved/data/00038_65f059ea.c	38	0	0	65f059ea933605484609bd3424af17838f6d2a6995e172cc2a41ee07011561ab
Carved/data/00039_b29a41c8.c	72	0	0	b29a41c89c15ccd013c601e3a7fc1187eff21a935045a37dfc17724048ed9624
Carved/data/00040_7090c5d0.c	41	0	0	7090c5d0642a0ff673a8941439b48f46c09259ceffbc83b0501e4912ac8016bc
Carved/data/00041_8542632e.c	89	0	0	8542632e4ed6bb123c01c25858faf5ca4b1c1eda36c441ead374e041f5b9ba88
Carved/data/00042_421c8d85.c	101	0	0	421c8d85028d39eb640e66ddf06831f6e7d684797c9f5a726dfd1d4fc2e519ee
Carved/data/00043_24da2404.c	116	1	0	24da2404ea556bde6495888755719b0a51c986a3dcd9aa7dd685502cbc7381e6
Carved/data/00044_a272d819.c	252	0	0	a272d8195984e09b907214cfcfc7a83d7ca89dd587ce71268eac227b2cc185be
Carved/data/00045_f78121a2.c	126	0	0	f78121a28d99cf3dc986312a3218880bbfc791de416e98c1938b66caceb71e2d
Carved/data/00046_518216e8.c	160	0	0	518216e89f68727a676126f5d0434620d9012d49370d34a066377677fbd837a8
Carved/data/00047_07f40b77.c	152	0	0	07f40b772ebd83987aaf52d59c923b26f78945a79b49d630798665203e7a90ab
Carved/data/00048_3b6d3f5b.c	54	0	0	3b6d3f5b55ce653acea584672da6a535261ce0932161347b9808ea9a3a14210f
Carved/data/00049_03dfa592.c	27	0	0	03dfa592f18f835e84a1caf0b5b65b1fbd9fe8e9f3d7c3da221533e76fcc0301
Carved/data/00050_bca8bacd.c	195	2	0	bca8bacd5a535beca148a62d99d4f1c83b7e418058c09ec6693f92fd82b49725
Carved/data/00051_1af2ab9b.c	35	2	8	1af2ab9b46c05ed41c19f4b7f5c4eeeffb7c9768d19103ac500152b2dccd3117
Carved/data/00052_46e6faba.c	37	0	0	46e6faba39ef120686799858e92a24213c03242029df79ee87e990af17b3f4ee
Carved/data/00053_58a7bee4.c	41	0	0	58a7bee4ac09348736df8e4c876b2d909ba4364ba7dab4ddbc076ac2ed3ab298
Carved/data/00054_8e3412ba.c	110	0	0	8e3412ba9a26f5b06cfa43625e603711830218dcbfd4cdbf93ddd20751fc1b04
Carved/data/00055_4c90519c.c	114	3	3	4c90519c0362fcae4fec3a61df09ea2e0173d1a9fd769d9959e2e2d655e6bf33
Carved/data/00056_d50de252.c	101	0	0	d50de252016c987ff1be3c48ef9dc528eb3dda3211984010cc77dfb47554ec4f
Carved/data/00057_de44b69c.c	58	0	0	de44b69cd7910a6057e7978e58e7d851e27ee292456546a26134a696777e1d27
Carved/data/00058_dc32e155.c	65	0	0	dc32e1554f94786904c85734a1172fd94c2417baa408c92802eb2d9b534dae3b
Carved/data/00059_ace7a877.c	538	0	0	ace7a87711e0d358ae937a9bc48e74922b807a8639ba154a8dc97834096fc14f
Carved/data/00060_32990421.c	31	0	0	32990421b87e55752f06207d6c7ec9ca67bed0775f70ab6f42bf3682835a5762
Carved/data/00061_5481b6cc.c	31	0	0	5481b6cc34ea446b935bc06f5c623fb33147d134b27ec5b41b5cc17bd63ad7a0
Carved/data/00062_7bd3ae69.c	61	0	0	7bd3ae691acb0c1eb5fa1480fd6a2d619622baaed4bbc25c40bddc592cd28993
Carved/data/00063_5ecae719.c	38	0	0	5ecae7199b3b98612181f3bc33eeb9ca5d188e77eac8ea23c2c6b22f8f73d86c
Carved/data/00064_1e201d8c.c	74	0	0	1e201d8c5fbf4d4fe330bacd79c6fb1a9f606f73e4c2c693c40e8512803a4e2d
Carved/data/00065_9d52bcb4.c	113	0	0	9d52bcb444d60c4c76a4b0ef4d8af99a34e5821a835d7b2e8771c61161362042
Carved/data/00066_d8b7ff34.c	87	0	0	d8b7ff34d70bca97a0376b932084b457967f810fa7c3debd6b6b0c01251bd2fd
Carved/data/00067_c294a824.c	88	0	0	c294a82454c6c8191cfa8151e2acb83124ee0a4cb0de771147cbebff0292230a
Carved/data/00068_e48e28fb.c	29	0	0	e48e28fb752f7c494aef8735f1f0eadff5786de049c2f68df0fd1fe37e26f6c7
Carved/data/00069_d4a11692.c	30	0	0	d4a116925ba3b67b964b89c0d7f9bc9ae4c1ca8bebe7e5ef7ae661e8518cbaf3
Carved/data/00070_64c9b673.c	29	0	0	64c9b6733d2e5ad51b8c8a3cad5911e793dd71fee8082e7cca00c84abe0dd59b
Carved/data/00071_013d08b5.c	28	0	0	013d08b5d07c0841062a6a4333bd8e786e2f125de6823c95ba6d34a13120e5c0
Carved/data/00072_de810fe4.c	52	0	0	de810fe4e2e05dea1fa22b86ee4fe8e729044f8e1488e0c8f2b57aa211bdac15
Carved/data/00073_78bb5fd3.c	28	0	0	78bb5fd3e0f62d0f5a44bdeecd259cfd94da55275d4bc9d3b46c5c61def1ba5b
Carved/data/00074_3db153a4.c	166	9	14	3db153a467b57facc38c721aa88e310aaa99ad6b574f5fc0055a2b142e7896cf
Carved/data/00075_92f4e99d.c	85	4	8	92f4e99d1f9b11c8a1d10dbac73abb1bc78ca360acfe5b612993327d1ea92122
Carved/data/00076_19580b9a.c	341	0	0	19580b9a68ee730a83caac526eeb30d07b64a6a8338230ed6254132444a8f63e
Carved/data/00077_8182ab9b.c	39	1	0	8182ab9b49497553ae5105ca7b8414de05b8696b1670d5f7e1a3b75469ee49b5
Carved/data/00078_8b0bfd2c.c	296	10	25	8b0bfd2c4c6b6c6cf83a67cb3bfe775a9a15e5355529a50fe9b568aff53897c0
Carved/data/00079_55f5aa04.c	16	1	5	55f5aa04d409f5ee7e012c12de8eceb0520ade0eb23fd574a2749cff74cc7c2e
Carved/data/00080_da29f5a5.c	123	4	19	da29f5a59ca3c41f0d04b5f65c7680bc2ec062d4954e119e580c0e47c9e0a891
Carved/data/00081_6b45b43a.c	405	0	0	6b45b43ae2ec4a1192e940530425c294cd518052a0399ad4f6fa5ceff0132114
Carved/data/00082_4ac82016.c	67	0	0	4ac820167e92bdd4cd73e6359cefcde6fb633924143a25b0252aa395521ff8d9
Carved/data/00083_440eab3d.c	125	0	0	440eab3ded64a192e89f73098e146a21348185c2f24ab2b90a1a02d9a62af491
Carved/data/00084_d41d4c4b.c	30	0	0	d41d4c4b69a8bd41c630a9824379f2361720fd2749f377fc2749f5e5332af5c3
Carved/data/00085_ffa380a0.c	19	1	5	ffa380a03d19c08fdceaec6d0ec47c0cbf3f76ee79a11af32235b5e04d10a11e
Carved/data/00086_87fd8484.c	118	1	0	87fd848401637794721c00eab85b01d8bd99a89bd43b199351f0b11c7ca2b9c0
Carved/data/00087_57cff737.c	42	0	0	57cff737cb6738362dab9c72f6a20907aff5e7bf6cfd8c96beee8ffe0a40fa4d
Carved/data/00088_5c1c8da3.c	79	1	0	5c1c8da33cf77c478f1e39725fb3724cb571c1ebf54743fa0515e6fcf374b21e
Carved/data/00089_1f44ed15.c	57	7	2	1f44ed15424e0a14443d3f146dde214ed57a5e68e9b3a0364f6e4c5dd6e92d46
Carved/data/00090_c2bfee5c.c	32	3	1	c2bfee5c0a73c1847c64c2af0dcf47a9b5a6140b7ef10b3a2847469b74b2788c
Carved/data/00091_3f951e7b.c	14	1	1	3f951e7bc29ef80b00395df15fe687a188bd23081f7292e99fd1b14a5c2ef9f3
Carved/data/00092_d980f0be.c	26	0	0	d980f0be19e93a70358cba61c6a39be0064ff87865e5f2466c91162f62d04a4a
Carved/data/00093_00e655f6.c	46	3	4	00e655f63cb0d1761be1f1e243f0459355525b12faa66bd1c3c1fa72e40be64f
Carved/data/00094_3002ad84.c	57	4	5	3002ad84c55ab643f4470ec6f5d1cea6d9a7c6fb0b0b4dea0ee91c9dca528c75
Carved/data/00095_599cfdf3.c	39	3	4	599cfdf3e58c8c18403147bb6f18fe6598146e9343f48a71c62c0d9f76e7007b
Carved/data/00096_8dd07c13.c	42	2	5	8dd07c13db6df0a6ecd39aae465a552dcc64cfda881ee56f59f8868106cc9e67
Carved/data007/00000_3bbff8d5.c	23	1	2	3bbff8d50de58bb617acdc7751c22a4e55f60e1ba27176cff1423165108986f0
Carved/data007/00001_cd46ad1e.c	23	1	2	cd46ad1e64efd08780b5ac890f0377aa5a1635c1c8feacc5c24613ad00fef969
Carved/data007/00002_d517f072.c	51	0	0	d517f0722fd31b6bcc09f935e72032481332f83aa70a32856d7c7061eee11f1c
Carved/data007/00003_83d9e7f0.c	46	3	3	83d9e7f060a0cc34b7846e9097a4a1bfb883a083c718a07b2c3edfed3b2a5dd4
Carved/data007/00004_e26d84ea.c	27	2	2	e26d84ea8194f6b7bc614e8096022300095cab8889a1a1d439237f9f2c4c0b0e
Carved/data007/00005_697dcc33.c	48	1	3	697dcc33e1301fbc1d928e5fa1daca0858a6b8defa36d2ba3b4ca92914aed503
Carved/data007/00006_7b976fc5.c	38	2	4	7b976fc589704e5828196fd6ede3d5adcd305a8f44d7f35851cc6b57eaa0fc04
Carved/data007/00007_ccaf1a07.c	48	3	4	ccaf1a071d9a5cb271caf9dfe7296d62f24d08e4034616aaaa8909a01c1ab6c4
Carved/data007/00008_6fffdc30.c	23	1	1	6fffdc30f6a45e32e9d8f14e48adf7fdf5749f8af2da4850093fbda9cf03fe8f
Carved/data007/00009_bdb4ad04.c	25	1	1	bdb4ad04eb20fd4b32bd0ea7a4c18ce9a6f36e848a5977b21d33137ab592eb6c
Carved/data007/00010_d38ab77d.c	27	1	3	d38ab77d028d0a2904a9d9a0ddd0c9f5c173c5c92ec52077e80c0d8192fa8286
Carved/data007/00011_91c7a745.c	54	1	1	91c7a745c0e228a972d7f053be73e04c6101fa010594ac455a3bb9bbb2c2100d
Carved/data007/00012_7af30c9e.c	26	1	1	7af30c9e089871f052665f67cec6f44933b681a506b735bf710f8ce35641abb4
Carved/data007/00013_75157c1f.c	24	1	2	75157c1f8447f2d7d1cf5e5378a2aef8e8f3485b8ac3e266245d26d3f3de8efa
Carved/data007/00014_77b10a0d.c	35	1	3	77b10a0de0c4ea197b0af110d258eeedb10409eae52a7f9fc8b98bb114f72225
Carved/data007/00015_5d35bce3.c	27	1	4	5d35bce338785b116e6545c9837500ee3c959eb8351f09de0eb5835d6675fc10
Carved/data007/00016_ba40de1b.c	24	1	1	ba40de1b089786b946908c2645bbec06c0deeef277daa3809d05bae29ef20ccf
Carved/data007/00017_500c64d0.c	47	2	2	500c64d03e7f529fc3dfd6ae8635f66bd689d3a105f0c372c7fbef6dacc34cbd
Carved/data007/00018_67e26e50.c	37	1	4	67e26e508827694de9d2dc522b6e7744e32b83149192baacfc12ae8e71a428d5
Carved/data007/00019_7689188b.c	68	2	2	7689188b0202249166805688e21f973cd00747dacd417a5649c88c950ba0311c
Carved/data007/00020_c006ce87.c	43	1	4	c006ce871b85ca37dace90b65120d054ea1771c5213afe901d5dcf1bd8f01681
Carved/data007/00021_a1216953.c	37	1	4	a1216953d64d7523e108cd9ce13c2c14e047e0d067fed81e8f570b0fbb40994c
Carved/data007/00022_fd29a99c.c	20	1	1	fd29a99c4749959fc2882aae99c4d9a97a67c7ef532b0f0916bc1483e1020daa
Carved/data007/00023_00ef5b74.c	19	2	1	00ef5b7448b5bdbe825e9f4a69e14e80df510984caf8e2332b2c487478bb6106
Carved/data007/00024_2b4914f1.c	67	5	5	2b4914f12145f6baa14f2bc089cecff428f31343d06fd33148bc7d9803864b5e
Carved/data007/00025_b6a6f5c9.c	60	2	4	b6a6f5c970616c2d219a2589283904a7cc5f1f4d3b8a0a4a460f45e3df8eeb7b
Carved/data007/00026_f70d60a3.c	30	1	2	f70d60a3028ca6824c7ec224e9d3a36bbca7fcf2e8a2b86c8dfac290e93e7546
Carved/data007/00027_2e243644.c	35	1	2	2e2436441706446850331e984dceb8a572377b175d8063641c73de36c49320fb
Carved/data007/00028_482b4edb.c	29	1	2	482b4edbe1770e3be9e5732ce54ccc1006d875fdd7f8541cd38424d89dd248f4
Carved/data007/00029_a72e5fab.c	27	1	1	a72e5fab5203805e292a2fa9b26573261e0a8ac3ee231ef15fd5697bc14cb5b5
Carved/data007/00030_da21293f.c	24	1	2	da21293f4534046bbb8f422480a399d4e208723a2a73ace1d76c186c77fb8ec5
Carved/data007/00031_4b1d7411.c	26	1	2	4b1d74118a97a289c485ebbd964ca0d8e100cae81980b59261aa5b5605e046a0
Carved/data007/00032_aaba4c4b.c	38	3	1	aaba4c4b7546dc88e8a6ce74b78c4c767da086b4529ddda1c77de13d2a5fc860
Carved/data007/00033_c79031f3.c	43	2	0	c79031f32fe15f154510c16a15adeafe500bc4a0be5fbf58b08cff9ddf5b5092
Carved/data007/00034_6a479290.c	41	1	6	6a479290ac86e2f947bce96823ed1beac3a24152121f0beee0ed125d3c237769
Carved/data007/00035_e2561791.c	22	2	0	e25617911df0947c8c5c1633fc0e0db8d3bd984bb77a7a8870bd1e60b921e91e
Carved/data007/00036_17f6e87e.c	23	2	1	17f6e87e7ba205f9553d59d6c8e6fbb40da035fc18bf60ef126ed1ca2d11d73e
Carved/data007/00037_8b561fc1.c	27	2	0	8b561fc1fc9375644130a5450dd07457fae6fd1cc232b4b985a90d3b2b1b84cf
Carved/data007/00038_1b529a95.c	31	2	3	1b529a95ae253aabff1a57d6981b3779fbda9e4ae6dc37043ae5e32d61892418
Carved/data007/00039_ea3f65b0.c	23	1	2	ea3f65b04316015e57f3248b6a6708ed5a3531f71438fdb588f1d2022432bef8
Carved/data007/00040_65476f8f.c	45	2	3	65476f8f7beed9f28bd961ff95fd8c3b443b466dc1a5ee1338a2248c0098a666
Carved/data007/00041_83bcf890.c	27	4	0	83bcf89017858b7b35d439d397b167f60b9dff0b86dd98114e1b4d80481fc903
Carved/data007/00042_de010e56.c	71	1	2	de010e561554e8c994fae9f34270b99fe8ac4e4f30710c9fed640f113e914b85
Carved/data007/00043_55a0cacc.c	51	1	3	55a0caccaac416a93f57489f4659423c71b89a1edb5ff7873cf3cce8d04a0385
Carved/data007/00044_7325ef39.c	53	2	5	7325ef390065f68b0b64e224747942df337591ec5c0b824384019aa51e0e0418
Carved/data007/00045_8fdadce2.c	114	3	8	8fdadce2e7d9d8488a7dc113f2486c63b3b7520a7c5dace3facc8cd4b59ea873
Carved/data007/00046_cf448487.c	52	1	2	cf44848757e045b4c910fc7bee400d400fce3d1c3205683d8290bf3ba98e8ec2
Carved/data007/00047_279421a2.c	26	1	2	279421a25eba114018ac52013eb28bd7aeccfb692636746a76cccc82545717b1
Carved/data007/00048_e276fff9.c	15	1	2	e276fff94d85f3daca532583214d84dba94b43a46651f095ce5f7e28ebdbe81f
Carved/data007/00049_5ed52081.c	35	3	0	5ed520816b776d71bf74da16d9b368a246ea28c5276a541c08b1294282403beb
Carved/data007/00050_19174aba.c	50	4	1	19174aba8d0742003e7b8da74c1a5f5f9bfe4a225c03c0dba804ef2a5bca4fe6
Carved/data007/00051_51e63a66.c	25	2	0	51e63a660afb78443ed343fd6b36fecc8380a701fd4f46a8d5e20756306bdcb7
Carved/data007/00052_fa829591.c	92	8	0	fa82959181d601a6057eee34ead61fd13e5c87be16bc732226405ad7084bb11d
Carved/data007/00053_4546c41c.c	56	4	4	4546c41c06a72003ef20b0baa9bab5b4f5881c5c7de9f57cf90476abe7a0ba47
Carved/data007/00054_e27c3357.c	27	2	2	e27c3357c2be94b741f07acc76fa38749bf456e0673874f42848451032f04d47
Carved/data007/00055_0072456e.c	53	4	4	0072456ef3cb566963e55dc91c421db43143a24cdaf918400ebc11a72028c360
Carved/data007/00056_5c2ecef2.c	24	1	2	5c2ecef2826cc6c33ccc1b8921cbd34ac8a80fc0e4322bcd42b4dab1ad7c67b0
Carved/data007/00057_6abda9fe.c	45	3	0	6abda9fed588924accde9e6794797abbe01483674754fc9a240214e3de460b27
Carved/data007/00058_feb6acca.c	64	4	7	feb6accaf6b0da3b1e900cbce3ab1bfd76bd64e38a5ec56641b117d6cc6f5179
Carved/data007/00059_cc8d0e2d.c	21	1	2	cc8d0e2d96e563ef84478753778e232b6938d0db3bd32f9a5d4d8313735a0461
Carved/data007/00060_dfecd1f6.c	11	1	1	dfecd1f631599172ca3d5dc7430521e0f16d989fc933b2573181c3f621277ab5
Carved/data007/00061_f070e61c.c	18	1	2	f070e61c2a78787a2bc6821aa0e279c4da3e9d6ca381537bcccf382180d2dabd
Carved/data007/00062_0d8e2ed9.c	27	1	2	0d8e2ed93823001af3b012ab2a24d1ddbdd95c76950f1ab5958588d1e91adc8e
Carved/data007/00063_e3854a21.c	37	2	3	e3854a2102ce272cc5e8adb985c1bee0872ff7585900d5a919d969b8788219cd
Carved/data007/00064_d5061919.c	37	1	2	d506191983d162e49fef3f17b3a19af6e69a11b8bd8022d8e8bfe5d1db73c05c
Carved/data007/00065_d0238876.c	42	1	4	d02388763710607eec500c6bf59da358ff6947f34a418806a3f09c2b2b24d0cb
Carved/data007/00066_0a91b612.c	28	3	1	0a91b612ebe72c79574860fb0643aadf3ac5bd36739670f479fcc48dfa23df0d
Carved/data007/00067_436a0335.c	28	2	2	436a033562be6adf6abb79fbe3f9c3c3b217d1719d763d56bc99a5eb8ccbe217
Carved/data007/00068_88093818.c	24	2	2	880938181f4d89ebe2d5018be53b4fa731e057e9a270663c62441d5d9dea7b41
Carved/data007/00069_e9ab2ea8.c	29	2	2	e9ab2ea879605457cb6b2843ea95402fe2171ef492110dc9a2c55e1a9e90e1b3
Carved/data007/00070_4283c8a9.c	46	2	4	4283c8a982de29b1b31497597ea9094ea1c348bf2ee1fc5ff9e4cde4d4805671
Carved/data007/00071_2247dbce.c	23	0	0	2247dbce57a0a93c2f520497c483060bcee056b862c2c7982f226fdeaa60cf2d
Carved/data007/00072_fd7b2431.c	14	2	1	fd7b243126572113d0c44ea47389affdcf22e922e5994645c081b77f4c64670a
Carved/data007/00073_6dfad14c.c	33	2	3	6dfad14cfda703ef152ef6f1b96ca3ad038cbe94be1fc5a5e02d002886f46967
Carved/data007/00074_7cc92849.c	68	4	2	7cc92849c7919d0b5c957f57cdd53885044816ce0f3886e11e1de1258446bab8
Carved/data007/00075_77a812c3.c	21	2	1	77a812c329c23b03e10dfdaf5232111b360259e049a1fabbeed135fb6b023f07
Carved/data007/00076_d8afbee3.c	20	1	2	d8afbee300efb28034a6e2c055df24d44afcc7565b26bc120db8bb60ce361de3
Carved/data007/00077_7df13534.c	20	0	0	7df13534f4465af691d4911a06af61c5c792edee0f73be320792a5f7b6ed56b5
Carved/data007/00078_3fb70a71.c	11	1	1	3fb70a719e040085cdc1aa0b6c4b076f8964856891c07c5655dbfe2d11188be9
Carved/data007/00079_dc38a0ff.c	21	2	2	dc38a0ff19dfccc0a1d30813f673d9695e559f8858aa2474ecb2a9c4a073f28d
Carved/data007/00080_d726f347.c	28	1	2	d726f347c73e8690a985fa0cce8476b2909c92f1facb4503725daeecec48f031
Carved/data007/00081_7ff67c73.c	119	10	10	7ff67c73f713ed72dac910bc8bb68d4270a7a3bb4088cd786fe249d74e1e57c6
Carved/data007/00082_4a61b7cc.c	25	1	2	4a61b7cc5a1a467372209c08d44fa0c1392921efddf7f71032c6ee651f962273
Carved/data007/00083_2ff78072.c	18	1	2	2ff780726c45d0e0b25f318d01b00c698ede97cb7bd5114917a4bb667450b042
Carved/data007/00084_71a21469.c	17	2	1	71a2146918bf91f82f5d5725d9994171b2b06399cd143613d30b576211b20ec2
Carved/data007/00085_bebc5547.c	20	1	1	bebc5547a09894a3c1f955e51735c987670183ec3c5e12b779e7bae51851fe05
Carved/data007/00086_edd3b0d8.c	22	1	2	edd3b0d85f116edb634a8303da06b78a1b7e496f2f5a5cce4ea74219a30f8901
Carved/data007/00087_74da3097.c	39	2	1	74da309748f713b2878d3cd8221a657d50261d4421f98f516400d3524fa51cfa
Carved/data007/00088_dc5232d9.c	27	3	0	dc5232d9429d111695e590cc5d269b337c1d466d747bd5825e0e436054e1d6e4
Carved/data007/00089_fde02112.c	22	2	2	fde021129c1aca9768e9ffcd9b1ed35816f14f3118df08702dfaf5266b5ba9d1
Carved/data007/00090_80bf81e6.c	52	2	0	80bf81e6f1fc2701e8e6006155754e87d6667043c2aff47b856edd319c11bb6a
Carved/data007/00091_8e0532ce.c	97	6	5	8e0532ceaaef2a584b1818de50f0edc57c9715d7ded8c6270879ffad4dfbd897
Carved/data007/00092_499cc074.c	39	5	1	499cc0745b2f3f2a3ac6e2b578311272a087dcb851efb661311900b26a95fce9
Carved/data007/00093_36d0875a.c	26	2	2	36d0875a818cec615c9118c10056412dbe12412db681e0f2c3308fe12fda1068
Carved/data007/00094_a899eb03.c	15	2	1	a899eb03e122ad1133489a5c94fca6e6e41ed75e6266247757e2d324a6016871
Carved/data007/00095_f6496069.c	31	2	3	f6496069760fb43b8ae79457e15c687b8f47514f05fa03c8ced66f696158f92a
Carved/data007/00096_3795800e.c	27	2	1	3795800e92dea41f64e3532f58a7967086b7e82127336dcbfc0688e947721748
Carved/data007/00097_65763bad.c	15	2	1	65763bad8e52fbfa0eb1fbcddaa0f1da12e13a430a979257f4263270260ad1eb
Carved/data007/00098_2bf2a6c6.c	16	1	2	2bf2a6c638334e01311cd5b48b57f668898b7a0428b15482103baf89e2df8586
Carved/data007/00099_f603085e.c	579	34	135	f603085eb3c4c77d3863210a9d1cc40986dd7e4c831c2442b540173cfc6a906f
Carved/data007/00100_342de915.c	35	2	7	342de915842cf2cb805b0cfabfa9fd6b8934997731dcd1c0a65c791a9a3aaf06
Carved/data007/00101_eba7d572.c	35	2	7	eba7d57270c6b446825a6886e8539eee8adb3ab91ab8f6f4c74991f2fe6fdc00
Carved/data007/00102_3d401f10.c	71	3	11	3d401f10d94a08876585f3929d0aea94253ff06c2f8ee27bfe230cdbad2aea64
Carved/data007/00103_7004588d.c	37	2	8	7004588d25fab9aabcbfcc54139c836a2f673082ba10d115e36faf7a263d408b
Carved/data007/00104_94e4362d.c	16	1	3	94e4362d913d3bf08af2ce96bb8498b3c7b4ee770d74004b770359c77007c0c8
Carved/data007/00105_925f2095.c	40	2	6	925f2095fa75e6dfab16535a9b44f1405a60ed92a502e51896ebff4091dc9dd6
Carved/data007/00106_bea2d8dc.c	19	1	3	bea2d8dc174fd7b1d5c86f44d4a38a33f1b2d73c8fe4f5c110e6fde1b766bc40
Carved/data007/00107_3234f55d.c	16	1	3	3234f55d11504d01bf24f5919e65d6ae67a7edcb035a4960e571a1ee8f682a7b
Carved/data007/00108_80f5c020.c	18	1	3	80f5c020b69f8274e2187b7b4c12cb5a455710de0d9941acf3f379d87ee5c3d5
Carved/data007/00109_30ad3516.c	31	2	2	30ad35167fff1ba26a482fc533ac2efdb1eb46da9c30a93bd0298b15d3ee4d87
Carved/data007/00110_daebfa62.c	30	1	3	daebfa62af0ae7c549df1aca7094595e0bbfec57aa98f698d93cda533270589d
Carved/data007/00111_d3644735.c	13	3	2	d3644735488f65387e5df3f04d1b828e01ccaa41b52624b020ee8395c11a6d85
Carved/data007/00112_88c6f4fc.c	28	1	2	88c6f4fc7812ae311fb0e05c73a8b4517ee115704ac38766f60cd1c7f7ed9108
Carved/data007/00113_497a92e6.c	18	2	2	497a92e63f2b075d5a868d14d03dad2f3e143c2a3affc9a51f7f3b1e8cf1dbcd
Carved/data007/00114_501f1406.c	19	2	2	501f140693d76ceaf441c4e7b1b00704bb72dadeb9d7483d6e7f33e0dbdb302d
Carved/data007/00115_c75e485e.c	109	8	20	c75e485e554e55798d10f891dfb446a588871163386156dc1894976483bb9007
Carved/data007/00116_1b341146.c	22	1	2	1b3411461f91eecd846a8aaa3389aac8fe940c51a46fd6a25980018ae5d5c8cd
Carved/data007/00117_9f1f4fcb.c	35	2	5	9f1f4fcb714956e62d4fb45041da2527e0946946164562e813329f985fd7bbe7
Carved/data007/00118_6e182ef4.c	34	2	3	6e182ef40a01c8e3e0ebce367eb80ecaef366dd6c364a35e4e39959448d8a367
Carved/data007/00119_97228b21.c	29	4	7	97228b216335671bd7e42929be13b6d423a5867ba0430ce5cc378d6af91205bf
Carved/data007/00120_d0fbecb4.c	45	2	2	d0fbecb4b237eb02914fb11680a5ab807415ce4fcf92ae2a9774514c421ad653
Carved/data007/00121_aa086d24.c	111	4	19	aa086d24fb8a4fe13e380c57618bb6c23abb6d432b00900b9708460031e2f603
Carved/data007/00122_37af83af.c	41	1	4	37af83afb0ea87f8db5fbc71280b731dfd8c7aa687c08fda5b6292e947921cb6
Carved/data007/00123_75937021.c	17	1	1	7593702129afb40dc16d545a04414c0bdc4f4a2e5bc909e236d6a0a078c7b447
Carved/data007/00124_a9a2fb20.c	27	1	4	a9a2fb20edcc6be0c4311473b106f0d82bdcf8f4b721b3079f3169c188bb8264
Carved/data007/00125_16714ab4.c	22	2	2	16714ab4e1d9d93bd1e7e89d27d277b3fe081df8baa5f2c83a17ee9fedfffa7b
Carved/data007/00126_0bdade68.c	13	1	1	0bdade68d987f68307ee20ac3de9351666ed4743fafdc34ffbd400c8950e6570
Carved/data007/00127_6cca9e58.c	27	1	2	6cca9e58abc6b0ae1f0b2274237a9d864d6b74d9f104c36731bd1408c064be04
Carved/data007/00128_7259f564.c	20	1	1	7259f564fe70eda977e98ce76baea22a8729cdf771c9269a6c75399364d1715e
Carved/data007/00129_3848d9f4.c	16	1	1	3848d9f4697cdc7286cf77aaa5fd5119af0fa4ace6c855e4b094164883928d93
Carved/data007/00130_c682a88f.c	52	3	6	c682a88f1c5f9a5a65f940f25812d35256a6d0131a733113982fbc87c0f8b705
Carved/data007/00131_0e81daed.c	26	1	4	0e81daed46fe0496bde34fd6a6ca6899bc34d7294a97b7a582f3451aeb95c585
Carved/data007/00132_5458901f.c	14	1	1	5458901f1977c17ceeacc7b57c97be7bc8cfe057a5d272603c29d5e462389e55
Carved/data007/00133_a18357c0.c	106	5	8	a18357c0608b174c7790f3b983a2d9632bef9d2cac69fcc0ebb9aec4554cea4c
Carved/data007/00134_8772db19.c	25	1	2	8772db19d9103bee78d2f1e829a01d4d00552a9a427ed258bf5e8b66bd8c953c
Carved/data007/00135_847a1708.c	70	4	5	847a1708fde962917e0e962041f5c0a106d37c288d56f97cecf2aa8028774099
Carved/data007/00136_f001cce1.c	14	1	1	f001cce13146eb1e180a9b7ee0087cbac6228ab5d8f962342da4a839d1b0ed62
Carved/data007/00137_00a6c980.c	22	1	2	00a6c980a4171ab37b0ed3125a72d86674fbee9e0b409e66cee2cd978f7782f3
Carved/data007/00138_d0d2dad5.c	21	1	2	d0d2dad5a5391f3a321e652ec173f0aec297989e912e4cb6f76c54c642a1e860
Carved/data007/00139_be657bad.c	78	3	8	be657badc5e9760c89151d9c8bcf2743066ef10fa038d00d61a1df3a41708ca0
Carved/data007/00140_8a25c5dd.c	40	2	4	8a25c5dd8e523d0cfdf6651ddc5993f80d75aff013c260d7e693293cf1eaa018
Carved/data007/00141_294b0b8d.c	31	1	2	294b0b8de00da1970cc122ab393b8f8f38aaa8c368fcde9eb73e5f911028756d
Carved/data007/00142_521a15ea.c	21	4	1	521a15ead470682268264780df692b0b665aef3ea529883278290faafc54b63f
Carved/data007/00143_9696580d.c	31	2	0	9696580d21cd28acebac5d0d31a19603d79263d92a35471285be77f9e77bafea
Carved/data007/00144_226d89ef.c	29	3	0	226d89efd38a210edf680013ac8af591a36677a2dc4a5851cb41eea6a015f92e
Carved/data007/00145_48e2caf0.c	28	2	0	48e2caf07800150f8f4e1350d5943ce3b39dfb3cb02f738175fb465d355008d4
Carved/data007/00146_e285d1d6.c	238	18	0	e285d1d622e3b4427b4e8a129fb59e8e8b32eb94457068db2fb79c389b688f54
Carved/data007/00147_335d25dd.c	23	1	2	335d25dde8f26c142ed25a26fbee209dcb595fd60fb00ce0d4461d1c03f81871
Carved/data007/00148_a5b84b14.c	40	2	1	a5b84b141eb408a57281951d182aecdc1ec535e3ae0a07b535e1127a1517ce22
Carved/data007/00149_07084f97.c	57	3	4	07084f97a64fa9c4d79c99abf17cd14709d6e72ffda1087119c7cc3c14ed7f6c
Carved/data007/00150_40c5eb3a.c	26	1	2	40c5eb3a82593dfdb4db4282c4a78bf3004efa7fa12ff21644f15ceb427b766a
Carved/data007/00151_15018246.c	24	1	1	15018246cebd97de9da0dd6c98c2d5063a5016eeefe3ad460d988ab29593e8ea
Carved/data007/00152_0eb5acb6.c	17	1	1	0eb5acb668da62235b3ad34565d62a817fe92d2963d3f83da3176ec79375b7bf
Carved/data007/00153_9ca74068.c	17	1	1	9ca7406853aeeb651bb4b23dccdf04f59af0c61e682515fce2f540c2983aa929
Carved/data007/00154_5a48277f.c	22	2	2	5a48277fb1d7d7c2bae8a603f095ce005d2cbd445171215b57b8c326b237f31b
Carved/data007/00155_ec6db063.c	21	4	1	ec6db063b8f5ecbeb390c09b2459eca81997de8542ca2cd35ce18525f37fd9fc
Carved/data007/00156_8713f3d6.c	22	1	2	8713f3d6567727a366afd7c1f2d08f6738fdf2d6af67ddada6b2f2e900b9306d
Carved/data007/00157_abc90fee.c	28	1	1	abc90feeaa9858829dc92c168ff9feacaef8769322dbd75214b2954a95e2434e
Carved/data007/00158_b626bbeb.c	20	1	2	b626bbeb86af6750d85dfad6024b40ec378bdd0b7be77ea815ff0adba97a9ce9
Carved/data007/00159_cdda675c.c	25	1	2	cdda675c8a1a0c908b791e33003875f06187e81efbbc8193026645652a01962a
Carved/data007/00160_f79c50c7.c	45	2	4	f79c50c72bbd6143121dd2e24a0651c35968f3e0d9baab34fe70b405de3ba2cf
Carved/data007/00161_4ffea74f.c	28	2	2	4ffea74f08e2af8ab252fef70ad2d6445baf1e6b0a58175f2543e33ec58c98c1
Carved/data007/00162_c315181d.c	24	1	2	c315181dcd3e1b8725f7750999f17983535d8ef69ff3bd46d7731264126556fc
Carved/data007/00163_7c2ce565.c	24	2	2	7c2ce565886316028a95345966c3b23a3ed16b9c21ac41cd9ae030a38b78a5c5
Carved/data007/00164_0dc6682b.c	31	3	1	0dc6682bfab14792b069facf82c238c51c70f9432474dba75e7523431f9afc98
Carved/data007/00165_0b723bc2.c	38	3	0	0b723bc20a5fc52b8a894ecae6cc725d3af98a9b19a6983e5d9b6a2d548245fe
Carved/data007/00166_6f73190c.c	58	5	1	6f73190c6fb245365027708eb10446b585babce6a9e8ac5d720cf88279a3df63
Carved/data007/00167_68be73d4.c	23	2	2	68be73d486e384f80395043d1da35a2c188e62998463873a88340651ccfc6f20
Carved/data007/00168_92cee36c.c	24	2	1	92cee36c1ea953214a99e1065e471b5d6494dbd6845bc1b7302c499f34667246
Carved/data007/00169_c7a9d26c.c	63	6	0	c7a9d26c6f2705f02274750de9c5de099d99ecd9ad690dabac83d152b9cc12b8
Carved/data007/00170_c4857dae.c	23	2	1	c4857daee2eb86ccb3d0f76dbfe98e6b82faf48bfc6490d41494a74c5dd2a386
Carved/data007/00171_2b3514b0.c	24	2	1	2b3514b026f813d43a21bf2d7a3dca2ff3f2529896791fb83468548f2bbb72a8
Carved/data007/00172_2362ca1b.c	30	2	2	2362ca1b60e2ab8e3142cd3cb8b12a9ff744498ec16bc3dd67ee687165665a2d
Carved/data007/00173_6571a8d1.c	26	1	2	6571a8d1f9cc788e2ce5ccd14ede3eb9e92ddc9b0cfde53ae0b1df9597406c66
Carved/data007/00174_0a9b8e5e.c	30	1	1	0a9b8e5e396784285d29e914fd79ae79f18990f5126a63ef1d735fe2689259ec
Carved/data007/00175_45bbbd5b.c	53	3	4	45bbbd5bf898881bdcaf68c807fcaeacb487b622cd1f7561fcc21efcf75d7273
Carved/data007/00176_2ed13a9a.c	33	2	1	2ed13a9a7014ee8313c7d8c422e4e29d0acf7853dbc435ddd607a63e205150cf
Carved/data007/00177_092e4de5.c	13	2	1	092e4de563d55c86c43c948bcd2ea9a9837a0bd773978d9f51a38e1308a7fe70
Carved/data007/00178_d962b1b7.c	23	2	2	d962b1b7d3d81bcb5122509fda7e3fc682bef382acc24efb69c327355cf92d5f
Carved/data007/00179_6f6b1117.c	33	2	0	6f6b1117a1e012dffb8cc494f34ad036bcd769a0cea2740a422aac85c553eb6f
Carved/data007/00180_040b41cf.c	11	2	0	040b41cf1720c8d0a8a16cb9bf395d3a4875ef98774d3500571621ce1f2b8450
Carved/data007/00181_3ee40f17.c	34	1	1	3ee40f177a68cfd787b197355e467b17b21653861ed36120e00ba091dabc3054
Carved/data007/00182_0de8b2c9.c	45	4	5	0de8b2c98349ff8539be843d8fc013997813d393f64c190def8bf5926e49c48f
Carved/data007/00183_3a0a1d5f.c	27	2	2	3a0a1d5f8fc92a5471596f4f9284fd12fd457f532f4e8ff799f9c625893390aa
Carved/data007/00184_30cd61da.c	69	6	8	30cd61dad62ce462f87a60ceca9313402a07e7e3f5ec085859978e57db12c4ba
Carved/data007/00185_4a9e8db2.c	19	2	2	4a9e8db2a07827c6a4158aaefb9a83dc08790f4362cfaeef078e4c2ae35b2a30
Carved/data007/00186_6c432d03.c	15	2	1	6c432d03d3df88651d6845e152c84f8c992e7c0eb9aa15c8cf0a27f63b3c0fd4
Carved/data007/00187_36bd5ecc.c	22	2	2	36bd5ecc9c4f7a23338cd34aed0cd89f89e7336d0060356c6a0ed09f7c096ad4
Carved/data007/00188_852d45d8.c	23	2	2	852d45d87f9a0eb71d0d7cb7cd4697fbe8ba217dfa02220d90f47f7f981d2131
Carved/data007/00189_a97ca4fc.c	53	4	5	a97ca4fc7dd3325ca8d8f5f567ae904c750578a4d74b195a8f5110f9de2a477c
Carved/data007/00190_ea6148f8.c	37	4	4	ea6148f8aa4e8634a34e2ebce2ba27a7137db3049cb62ce18baaedb760ab42f4
Carved/data007/00191_895d8863.c	29	2	2	895d8863783684d7e75d67eb238355727e69d6cc85e2a9011f6b457b47eecc4e
Carved/data007/00192_be0d86cc.c	200	20	29	be0d86cc2ff5fee13ddfd807cc35fcb85c61159cafded77007429ec600481a52
Carved/data007/00193_980dc9d3.c	46	4	5	980dc9d31246d2168213ad38eb8dab1936fc6c3697a14d8a0c790fd2957ca8c0
Carved/data007/00194_b111fc62.c	83	8	9	b111fc626eeee28c57759c7a64cacb071f330938a53c353a70723072c82386dc
Carved/data007/00195_a0134f84.c	22	2	2	a0134f8480ddbb8fe252df32c4fe7040ec68dfa52e7117654392cba5405d7217
Carved/data007/00196_4623b8fc.c	38	4	4	4623b8fc66d4f3d263d2da6af11b9e7d85397932f24787240cd2afc8bdcfe50c
Carved/data007/00197_2351e1ac.c	23	2	2	2351e1acb646480ae684c810b855e1d6aede7edf1dd5be1fd20e52198c63fd43
Carved/data007/00198_63d87eb0.c	25	2	2	63d87eb0dc4694d8d3d430f3bf34e919046cc58a8a277336f5bc40b2b3cc08db
Carved/data007/00199_050583cc.c	19	1	1	050583ccc31c383ce1d2b5c0d3cace06c2e24c58bae59baf090ba9b70e060f17
Carved/data007/00200_06e7ffde.c	17	2	1	06e7ffde22d50332a5d74ce0463d702483c5d7d278c8f53ff6a01f171b945c62
Carved/data007/00201_e90be8b0.c	18	3	2	e90be8b05878ecd3cb7032393e66c85413e7edbaeb1594925dde46d2c2f56b56
Carved/data007/00202_cfc830f7.c	59	6	6	cfc830f72ed2cad2b10a5904d377e62dceb78e9c7042b172f39eb1abd83d9cf4
Carved/data007/00203_15228be9.c	94	10	12	15228be9fbef456b0dfced9399a386e84e178e1512516564c260eec715708434
Carved/data007/00204_1d7f800b.c	42	4	5	1d7f800b1301774fe03a3d08d15bd0bc2621d987c50b8f3a89277f1617a9828f
Carved/data007/00205_d5bc77b2.c	95	10	11	d5bc77b297e7534caeb83b9e7bc814b1194d1a928267104ea12bc0ad6cc6215b
Carved/data007/00206_ffb281b2.c	26	2	2	ffb281b260f11850dc5835c62197d627f5d23d3ff0b6b8ddf048abc5500b4ad6
Carved/data007/00207_0b8b87d9.c	17	2	1	0b8b87d9b3ef898126eebc7b05186dfad07d8baa5c32cec11ad073e67acd73e5
Carved/data007/00208_163078a5.c	51	4	5	163078a5178f859e4a2aaae648c84815fd6d4ed14c89d676faf47cca33d24f33
Carved/data007/00209_6bf2f70c.c	48	4	5	6bf2f70c1e15c79c87d0eea13ff7d9332c79dc874893ee89b82749d03ca3ca14
Carved/data007/00210_f1b053d3.c	62	6	7	f1b053d338d5fe41d74aa6e4443a27f3e2e5f8f63dd3cc285c1fd4d9b7d93521
Carved/data007/00211_d8adbe93.c	18	2	1	d8adbe93ef0dea48ffe608116f82c0043decceb456a219a17db4713b51e92412
Carved/data007/00212_52f67327.c	27	2	2	52f67327ef11a2ddf747b0694acc04a50ed6edd0fba77e53edd38a56d1d2ca9f
Carved/data007/00213_672712fc.c	125	10	13	672712fc8316d6bf0bc8b9cacc760341dd54914702ca017330eda04da23884e7
Carved/data007/00214_40a121b6.c	14	2	1	40a121b6199e9074efdb937a4e49ac5237e4856e6ed5bc330836ed1ba601f5ca
Carved/data007/00215_84c4ae75.c	19	2	2	84c4ae75c458a8d55ba8947c7dc6edda875867d9caa8e5deea47ea3694dfdb77
Carved/data007/00216_ad940bb5.c	35	4	3	ad940bb504c4c72999aa1239b8f21fd3642016d9cad64460be62f964a9053e36
Carved/data007/00217_201e8cca.c	22	2	2	201e8ccaac644c4f8d368bca7df1908471f131bd1493f42f7051e5d415c59a9a
Carved/data007/00218_ee2e5d39.c	48	4	5	ee2e5d3928f217515077213e6109bf46757aa0e27e5daa5d7ffcf11050f7afd6
Carved/data007/00219_95a212a5.c	20	2	2	95a212a5e1ec020aa1c2f6528209db98a0803e92fae3085ecb74e8815f3bb0fb
Carved/data007/00220_393e65f8.c	20	1	1	393e65f8b85c6268f421cd48db58b673cdc7e3d6924aa1c217d1c87452adc3fe
Carved/data007/00221_107db904.c	120	0	0	107db904216fab1434bd59cb388c4b0268913a01a7d451eaddd1377b64764f65
Carved/data007/00222_c2c15c99.c	148	0	0	c2c15c994cbddd51c2c3eb0ca1749ee6ed0765678c908cbd081ff288773a8029
Carved/data007/00223_9157bf60.c	331	0	0	9157bf60142378778ea99c7460f4e21263e78791f00fac0a7373060ca7b88e50
Carved/data007/00224_b175c14f.c	120	0	0	b175c14fe5d582edec8cd2c39c4fc75acc14553b5124b8bf5074ff34890e9b6d
Carved/data007/00225_6c037074.c	940	0	0	6c03707417671072fb202162604fd5e49aacfcc3e97c5a283f8fbc912a76cbe9
Carved/data007/00226_9b92bd2c.c	38	0	0	9b92bd2c334724b7242bb9be42f3638cf891ab854516d2034a2879ca2de63c9f
Carved/data007/00227_065b9a4d.c	332	0	0	065b9a4d2cc169be01f447594c84494f221390b3a4a57f1e61aa854bc7d6e27e
Carved/data007/00228_095bc12e.c	776	0	0	095bc12e8fa57715e7b85a3a9ffef1c84da8fa82ce8e1c16bf3d0e99e9098bd3
Carved/data007/00229_221a7d5f.c	522	2	0	221a7d5f6a622857a8e171f4fbfa8ed596bb57755b823f968b0f5fe14b842c0e
Carved/data007/00230_7186933b.c	37	0	0	7186933b39789b7f104fd6c828d9220e69b03d0f4776302b4c37fa331074a711
Carved/data007/00231_083dc71d.c	144	3	14	083dc71df259401a46c354870605ecd460e151663a94d7f6866a31aefe0a13ad
Carved/data007/00232_54e4b109.c	397	0	0	54e4b10911a46f5eed2e3b5b84a1ca9847212f73899de48adcc09ee39808e15f
Carved/data007/00233_9cbee6f1.c	51	0	0	9cbee6f1c335c3af0f555e86cc532d5bdc62ff590213db1e17fa2780d7affaad
Carved/data007/00234_e1fd820c.c	105	0	0	e1fd820c6592abb9508fd20252809c4279143c9498effa9f7b5547ceb4ca3416
Carved/data007/00235_f89298fb.c	139	0	0	f89298fb004959feda8978f55ffb51ba61f4492c2f84ae33663875840dd3cfd4
Carved/data007/00236_d27acf4a.c	198	0	0	d27acf4a5ca4fe5d4d63747ffbe772827671d5602d4da15523fd77f710846225
Carved/data007/00237_a2c05541.c	69	0	0	a2c05541115e6c7feb51aa4a14d538af0092c2c2ee8ebe74a2556b67682007b6
Carved/data007/00238_89b08f6a.c	295	0	0	89b08f6a4f0af0ea1edf63203b7b2638de74ce19dc4e193ca7ab646a0f8be682
Carved/data007/00239_b41a06bf.c	55	0	0	b41a06bff7b2bf46b6f378aef65aa3d11fb9ae42977288959f2f8f85cd899ae1
Carved/data007/00240_4a8748c0.c	134	5	14	4a8748c043daebfc515510829c7f347371f0ef0f688ddc0b06b93d0fa3bb43b6
Carved/data007/00241_649e6285.c	69	0	0	649e628573f81c61bed7975ea701271570294a999a8967ebb8622c406d347767
Carved/data007/00242_e6233a4f.c	33	0	0	e6233a4f0cd5ccd4cf3d87de44c95f5f4251d22ec8f9c4cbbd3da6f6c5ab92b1
Carved/data007/00243_8e16b8b5.c	99	0	0	8e16b8b590b6eea6a7e20973fc809a14082889fc0104329ced0a90705c1bc8ad
Carved/data007/00244_232bf279.c	98	0	0	232bf2793d27fe17610526deba3e1e08b10156e9cbbee2e92678ee8f47b68947
Carved/data007/00245_ae18f292.c	59	0	0	ae18f29214ebb0540d803ef0cac384e13fef9f4a92f2fc4ba359603a5504349b
Carved/data007/00246_e3d1ac80.c	143	0	0	e3d1ac80f34946683f77fc8357d68e46bd01a3723d4a7ae07f18b1ae3c976531
Carved/data007/00247_415c9239.c	127	0	0	415c92396b349b597e4afe62e70054cf549ef2ce2d21e7484c7d5967b08f0789
Carved/data007/00248_832748a0.c	279	0	0	832748a0e5544128fd3863a8f1e91184b6b00920823aeaab3ab0b4c73cda222c
Carved/data007/00249_9d568fec.c	128	0	0	9d568fec65a439992acba34c63928f4a363cdde34684c31b5d7768b59600ce98
Carved/data007/00250_fd96b412.c	62	0	0	fd96b4122dc78c175e61a6aa6874f9b0f5f3c16cbbde960af9e631cecf59b6fd
Carved/data007/00251_c316133c.c	153	0	0	c316133c13ee505877b7bf58cf49fd0c1e415258c38b86fbda19d2a9a03a0034
Carved/data007/00252_782942b1.c	79	0	0	782942b1ef3cc9d99860688ab82db175e9033b1e5b37dbb7f862469b48001d87
Carved/data007/00253_d65558fd.c	173	0	0	d65558fd870558fe0bde2813b29d1756c17b1f5f36382b3e03858f8855000f25
Carved/data007/00254_8460629d.c	65	0	0	8460629d57c3889aeae8bbe09b0ef94c8da92beb263d3c4cff21516db97001f7
Carved/data007/00255_bdc109f7.c	69	0	0	bdc109f7e15892dde7df136845af706c6e40aa4f9af4ea220bd5cbbeedde25aa
Carved/data007/00256_69ab8512.c	244	0	0	69ab851219b30ec213910e475139e72736169f8988d3ee8a29c161868a88c56e
Carved/data007/00257_066f3706.c	61	0	0	066f3706f08b2f30b11a5dd79739c03247c7a681894a951c7eedaa13eb7930e0
Carved/data007/00258_5d297518.c	41	0	0	5d29751890df4fa43f8f500f15848652d41c69713965276dc4c31f28432d55a5
Carved/data007/00259_31017c70.c	489	6	0	31017c708295f2fd0aa6c7600bdb5487850c5bec2938c63f3e39829e990d6588
Carved/data007/00260_9f0cdb3b.c	30	0	0	9f0cdb3bcb1e1092eb637153ea5500fc00682d5796d5d139f24d115b9eb03cb5
Carved/data007/00261_4c80c7d7.c	50	0	0	4c80c7d70b757a70ab3b3f5db2f84a05e8a37b514e6b0e2b1e12d48cd4f313e4
Carved/data007/00262_e31adf8b.c	45	0	0	e31adf8ba8ec84bc6934223ccadc80393dcfb88892ec659fa8ec3af929f4bbcf
Carved/data007/00263_3a55889a.c	197	0	0	3a55889abfb4f18e5e7e4c575364a1d40f3162a74c71bba8a9168a7468f32fe5
Carved/data007/00264_ef2c50d9.c	169	4	3	ef2c50d98f11ececcefe618be7c2d093aaa454782333d6d0bb2bda9b520bc2d6
Carved/data007/00265_da893f6d.c	46	3	0	da893f6dee39d789bcbb84ecb63ec40d8f3219ac3f54551ea2d303a3862d5fe1
Carved/data007/00266_8a7c894f.c	53	2	0	8a7c894ff78523219fc1ee0a45e1eb128136fd91deca7b3409970fcc2705f785
Carved/data007/00267_2d2420c2.c	98	0	0	2d2420c2846fb2d25b345c724e396d7562d380c9056610e01638b553e18404f3
Carved/data007/00268_fced307d.c	61	0	0	fced307df6efed463f5b9989dd96327cc57fb1d8632721566634fe67fa8ea7bc
Carved/data007/00269_3e38e080.c	78	0	0	3e38e08051a016176f81044dc21e986eee8888d669fd5640c10d98d90c867778
Carved/data007/00270_873fd060.c	121	0	0	873fd060bb4b3607f1e8526e65127284d6c8053889e63a91cba5b894085b44f7
Carved/data007/00271_2850d320.c	78	0	0	2850d320a3544d6c63d04f9b435ad84ce3721bfdb479da0164cf3636778239b1
Carved/data007/00272_60bd4ba0.c	223	1	0	60bd4ba04f8f696d8f9d79906c28aab73e2cfdb49251208e697525eac836d1ee
Carved/data007/00273_868980c9.c	346	4	1	868980c9c15a12c7b115bb434b4bcede031a09abda7ca4658ca12a8ca2a8ac89
Carved/data007/00274_64e379c8.c	63	0	0	64e379c829e1b65b9819a139749051eb203f640b6a6259de64981acc4fa30b9f
Carved/data007/00275_b0e3c9e7.c	73	0	0	b0e3c9e7cea413fdb8bf9087b56e1a296215269b58a6adbae786511d7fc3a912
Carved/data007/00276_216cf97b.c	47	0	0	216cf97b7dbf8e11c08a6d0f2be108cd1452005cc54ecfe843f07078d186a076
Carved/data007/00277_fd3fab0f.c	30	0	0	fd3fab0f1e90a6d794774d73811bffc9248877e9c8cd739b57a495d8d54d2b8b
Carved/data007/00278_36bd471e.c	73	0	0	36bd471e71f323b53a711b6b08335e962c00ed7708847756db7ca84cfac87317
Carved/data007/00279_d2313271.c	134	0	0	d231327151bf19882db5338de14c6bba2038562fb143b82fc5ab2521467d5e2e
Carved/data007/00280_636f995c.c	481	1	0	636f995cc92f5d242ac7c6b8ec61bda1e757e34443752634a592c7603af13e5d
Carved/data007/00281_cc3638a2.c	140	0	0	cc3638a24bf818f81c9c4bfaf3b3ac044282e4508b9d7c15daca0555ea97a6ff
Carved/data007/00282_a44f4eee.c	33	0	0	a44f4eee48f416e785a3cec3cd330a2e894f649811b47c246524c0ea94198331
Carved/data007/00283_c5e8924b.c	36	0	0	c5e8924b6f3a09f86e2b433e1a9718cd13be92eb37a058c68158523ac4c9dd1f
Carved/data007/00284_f9afbbee.c	23	0	0	f9afbbeee5efe97f72ef8fbe64791acf38385592b8b85d1f32f5179ff01eecd0
Carved/data007/00285_01dff938.c	87	0	0	01dff93871f4d8e1af25152ff7116edc36a41da969c79b8ccc84c30d9d0e91da
Carved/data007/00286_4044f3d7.c	193	0	0	4044f3d7dd071b487018b214a6c2eb005924ade235debf69161b91f2071b27d8
Carved/data007/00287_bb135a4d.c	71	0	0	bb135a4ddc167686642a9bd3e7efd63581d2cefda0a00e961acfdd210a72edb1
Carved/data007/00288_759cbc19.c	62	0	0	759cbc19a8bd194c1538534e496307598bf9d70cc7a8a3dff53a6d24e5e7a648
Carved/data007/00289_b9827672.c	69	0	0	b98276724a0aaeac5650c4c63b4118c5be563730d64b7727ea7436172669bb90
Carved/data007/00290_159de298.c	170	0	0	159de298c3539e4436ca5e61048c3a56a87acc5946cb4c698443da0098fcdab0
Carved/data007/00291_df507428.c	46	0	0	df507428a3fac35bddd0b73fecf806671f36e2a2fd6f32ed3f81b7b0cc0c805f
Carved/data007/00292_9a14a96c.c	272	0	0	9a14a96c5a49f36462a9ed68b88da5da00f16e9e97c27ffcfe657b7f804dbc79
Carved/data007/00293_af42fa0c.c	174	0	0	af42fa0cd26fae051c73af0529d5574422a91ae85570cd462cc5a7eba044caaf
Carved/data007/00294_cfcd8005.c	167	0	0	cfcd800565f95f846576310889f5b130cb8611ee73bce2d613c161fb5bfd99fc
Carved/data007/00295_e68051ad.c	152	0	0	e68051ada55df802e05ea4ebd9a68cf7810d3a746022a2086a08b244c3d5f0da
Carved/data007/00296_6e8d6a37.c	198	0	0	6e8d6a37731262144ab85613419420b53421990d546f7515ac2c432f720d1be8
Carved/data007/00297_b55295a3.c	81	1	1	b55295a3f44f19a24fb47aa166c05e3ed190e034f73e649b696ccca2107c0d31
Carved/data007/00298_8a108171.c	154	0	0	8a1081710ae5678e6795c4875d595430a4d057e9ca9937b0899b13d762b730c9
Carved/data007/00299_4e076528.c	74	0	0	4e07652838dc13c4ffd85203c9399b304cd6c6f398ef65e5638cf6b0ab0573f5
Carved/data007/00300_445e90ba.c	139	0	0	445e90ba87f714ae106dafe8843dbd19dcd14af4f4c525da7451a999bf57bd38
Carved/data007/00301_e2582715.c	237	4	0	e258271579af99cd5dbf595f99ce7d70222ee2faabaf0e66b9e2b436221aa41e
Carved/data007/00302_52074093.c	47	2	5	52074093efe38bde05ede0009e5fac067e82856b0076113f8b2bf4a04794b3ef
Carved/data007/00303_ff783018.c	408	3	8	ff78301805c1c200ca9de80a48e755b18ce6eb4100eb24549da98d49e588c290
Carved/data007/00304_babdb3b0.c	329	0	0	babdb3b0429139de4f72d1af0ec0328897f7935d136f25a862d5090372d7b080
Carved/data007/00305_189ea215.c	1087	0	0	189ea215d55f8af4b86549ec9eef3dc019a2825274da5e00eaa34dd296610760
Carved/data007/00306_695f1f49.c	139	0	0	695f1f49381b5c7d937a848cddbef4de783f098e014b8c3f134b1dd21dae0a48
Carved/data007/00307_29e657b2.c	197	0	0	29e657b29d3fb041873dbd95dc86473b414231f18ae1547bf5818f4c2a10cbfb
Carved/data007/00308_7c14c152.c	138	0	0	7c14c15203dffa33201c577001f4f345dc9283bec898f32d12362db57fa990f5
Carved/data007/00309_f937c5c8.c	105	0	0	f937c5c8a26dca12242877b17486b117037760f0df14090f8212826eca2b3210
Carved/data007/00310_2ebfa8eb.c	61	0	0	2ebfa8ebb30ebb29579bd0716a3c4e6c8d17beb0156fc18ce836dfec7d5b522c
Carved/data007/00311_4090f2fe.c	28	0	0	4090f2fe9853cf0b78ccb63bd857e5ec59c8ae074ed39ea151ed30a064c23b44
Carved/data007/00312_a2820335.c	39	0	0	a28203354e09d961c567176e8b303413841003b484fdb1cb5c00cb3a31cbfc2c
Carved/data007/00313_276aa533.c	89	0	0	276aa533d69a65b0e1e0bfa0483fd84bc88a0efbddaa5750edd5ec3f10a142fb
Carved/data007/00314_ed7ee692.c	63	0	0	ed7ee6928b2fbaada5b9edc6dad0d9ec9304b8a41a01b5a8aa03c9ee6806c639
Carved/data007/00315_e859198a.c	251	0	0	e859198a89d355005e1421380e5475c0c93b48665843e0f0b2edd33307bfb7c7
Carved/data007/00316_0402299c.c	39	0	0	0402299c359787c5cefdca7a2cc3fb4814952ed2e7b2326d761e33f97502b3d2
Carved/data007/00317_a160b3b0.c	118	0	0	a160b3b021ed7b21de72cd152ed4a28385af82756c16cbf7bb50686c0ac45a0b
Carved/data007/00318_b9ed2665.c	72	0	0	b9ed26658e9e519531e8d47aecec3cb1adf7d2b6e77899a279b3c7bca2f601ee
Carved/data007/00319_8d45db58.c	37	0	0	8d45db58226b5192df34d9e77b66a8aa80231f1dff6d35757f44700b61e21c9c
Carved/data007/00320_1b9ac1bf.c	37	0	0	1b9ac1bfc7ee930a32d9d4ebefc65d0a236a5c9e24fc5c37c169668c7fb3f79d
Carved/data007/00321_a550ae95.c	61	0	0	a550ae95b20a3f3f4ff6afd8638497072835ed23db6ca857779eddbdcefb0474
Carved/data007/00322_c348a9ae.c	129	0	0	c348a9ae2ccb61b3bc804824be972ae49f5f05ac8fd82138d51ac1324dde7718
Carved/data007/00323_528a0f3d.c	37	0	0	528a0f3dbe08ebd9584fd56a1ba57f630ef426f067e306f4ae60db309c66035c
Carved/data007/00324_a0d10b9a.c	533	0	0	a0d10b9ab51c3e5858cfb9833945267eea233c27eacdae3de7def4ec6c3b75ec
Carved/data007/00325_7213db38.c	427	1	1	7213db380e9e1801e254c92e87de14152a2f4d7de5b64c611fb65bd75c559738
Carved/data007/00326_b691e7e6.c	157	3	0	b691e7e667848afe41b44260fcdc26e96ae479a902a13363f08846afab2314d4
Carved/data007/00327_1062a3a5.c	20	1	1	1062a3a53b16d12ef79559dab3a1f1f3f22846717368c85559bba91f1dbecfbc
Carved/data007/00328_dcbacf6b.c	18	3	0	dcbacf6b821acaeb270834973274ba0c7bc9a0f5cb0061b51ad4b40611b05c3e
Carved/data007/00329_ca72703d.c	11	2	0	ca72703deec08ae1becb2b5a5b1346b861edebbe9b06787321ceb1876a9b6e5b
Carved/data007/00330_127d0a59.c	54	3	0	127d0a596f4eba6acdc733a8229785d470923f0f52793455b6de4ef0e9b910c3
Carved/data007/00331_2b48803e.c	32	3	0	2b48803e605f550e2a2ad877015d61cd4f5d45d8463974875685e28b928b5cce
Carved/data007/00332_3df2b9e0.c	27	1	2	3df2b9e07d09d3b597533c1a4c91d996b23122226410dc48c4e0e00f438cbe6c
Carved/data007/00333_6a948d97.c	23	1	1	6a948d97d5c39b504b9d8034d01028eac296b57334333b0a6ed8fb2ef16a780c
Carved/data007/00334_ebdd3904.c	32	2	1	ebdd3904833c0f1d3f16accb566dee49493265adde4b98676ff1a0fe385769a0
Carved/data007/00335_44ed83ef.c	19	1	1	44ed83efc7a4c5c551e7c1ad568c9b8bc869dde32d4342e53cd460ab8f1b4671
Carved/data007/00336_033a00fa.c	61	5	3	033a00fac45aeb510e1cbe228c7758d99b3af02b4bf432c92b5644c3d874e9d0
Carved/data007/00337_3db95dce.c	22	1	2	3db95dce02cb99439dc092ca65274b97ed91a498aef757f7da769ce1551d02fa
Carved/data007/00338_3bb36d43.c	24	2	1	3bb36d430826ee5a0c3efdfc244f0e1d882b72484d2078718ad27fa733485654
Carved/data007/00339_15df2791.c	32	2	3	15df27912afe19380ef317ced38cef07816335a571c3187441ee96dfa0b749ec
Carved/data007/00340_5a5f4ad5.c	21	3	0	5a5f4ad591798793f19e8c52540f71661fd949ef1d8e72421ea65ec8d160a789
Carved/data007/00341_6cc6061f.c	11	1	1	6cc6061f6bd25dd718217093ff8044cdb32d42b73d52289f26ba6316d08e72ab
Carved/data007/00342_511912ac.c	24	2	2	511912acccc7a71793dbb33664d447dfce4a02285816aa65f33a2e9b1cb6bbc9
Carved/data007/00343_69b3a343.c	38	3	0	69b3a34346da9795cdc5b69697448296d641b471a725156e62f05fb2dd20c9b6
Carved/data007/00344_d53b1bc6.c	25	1	1	d53b1bc6f5102dacc684e363859b00dc1c6274af1cbabf4ef337987e29916d17
Carved/data007/00345_8c39cf85.c	42	1	3	8c39cf857216b8189987891c4201d39fc7b83ab20aac00b836a763acc06fe0e9
Carved/data007/00346_e1a30a14.c	37	1	3	e1a30a14a4053e84759eba19a63cb4337ff977b57b833fd8873d62fcd2a3c9d5
Carved/data007/00347_91c53d26.c	29	2	0	91c53d265966a1e2b1798eaa2c07f5c355f28669563196780d1e1ecf5e15f38b
Carved/data007/00348_772f4169.c	27	1	1	772f4169b1f95e2e330f040d34cb70753667ab316b30b2a534449ae44462d125
Carved/data007/00349_f792b7d2.c	22	1	1	f792b7d2d7a9ee6024a65adffc1f84abb5ec23fe0d05373fa7bf934f17c4deca
Carved/data007/00350_1cfccba8.c	44	2	2	1cfccba860ec0762b2d4aa15a230806ba3bd17b25bbdd0235a80d6a2dea61ff8
Carved/data007/00351_5a08fc6b.c	46	2	2	5a08fc6b837a8c9583ecf95fb3e50217532aba1fd5569ab5d2fd21d74bb3b278
Carved/data007/00352_8f061163.c	22	1	1	8f061163d9847329c2b4fbb1c5911d8fbd14b103e16844c4c798692896ca815e
Carved/data007/00353_05ac3533.c	27	1	1	05ac3533f9a3cf0aae7cd40b7f415a1d3ca54b890b29c2d9283a621afba32942
Carved/data007/00354_db855df9.c	19	1	2	db855df916652463482fbd8dcaa728b78b59ce10da742fef31895e330626b375
Carved/data007/00355_90871e76.c	43	4	2	90871e762c8be01ef438f55735ba02b42393d744c7a390a0a4a139f04060a458
Carved/data007/00356_38695ace.c	17	1	2	38695acecb2a891a1589f0159cb1899b122fd5d4e8c49c00e5c292a35ff4a3ef
Carved/data007/00357_279f2277.c	18	1	1	279f2277888425eda9637de575fde7d622e2a98992662f2754b51a21fca2b2cf
Carved/data007/00358_a65ab7c1.c	36	3	4	a65ab7c1a66ee6bb91751f1ce07fd75f66a1c319a2ad89659c3abae71c9a2a0b
Carved/data007/00359_4d87ce69.c	38	1	6	4d87ce6993673ff2187cec8163b7162e32f40fa64f8dec5c4693953f1ad251d0
Carved/data007/00360_deaa2f8d.c	78	6	12	deaa2f8da37743159e4f6967bf52a43c552180a524bef12b57a6cb54e37928c8
Carved/data007/00361_9b14d35a.c	18	1	2	9b14d35aec0fb2a29c7178e4ad530ce24a2ee1da326c049d63d356dbe18218f2
Carved/data007/00362_5841a033.c	24	2	2	5841a0330406d8a05d0ef1b03d3fc20919c19319d892591055b24374ab8c972f
Carved/data007/00363_e56f9731.c	21	2	2	e56f9731878d96adfc24f7003aee371d1305f60c1bab5a7628c5fbefb70ef296
Carved/data007/00364_4d3c43da.c	74	3	7	4d3c43da1ee8047ba043bfa9fb3371d148aee4ffacf54ec1bf030afc75cec178
Carved/data007/00365_13b9c7f7.c	30	1	1	13b9c7f7240cefb0ed0ac3a543d5dea9b982645127e007e92f79a8b92a33cb5a
Carved/data007/00366_7906cca3.c	42	3	5	7906cca32c2ea270ad3938c91fb40899ba927542dd109888ccbff7dda51fa4b0
Carved/data007/00367_dc1950fb.c	116	6	12	dc1950fb1d906f473d783a33a59cdb70aff86b9d66e746179ddf9780be4a5646
Carved/data007/00368_af9ab79e.c	21	1	1	af9ab79ee896c04f5c7b675a5bdb7a317c5cb00c05f1dbe70716615158e4b963
Carved/data007/00369_4bc17203.c	90	4	7	4bc172036016356d31fb2f7903929cf634bb3fff47f69a9eb12a82e8fd9dff90
Carved/data007/00370_0addbe67.c	43	2	4	0addbe6781ed95514a40f572bbe27e12321d63c815d456230ea26a9b65a84c1a
Carved/data007/00371_0019c2c9.c	43	2	3	0019c2c91efdcf094942ed2c9ff35701437b81f7f21580538726bd21ed25cdc8
Carved/data007/00372_91f8a6b1.c	46	2	3	91f8a6b1116cf69e71bb51e85290340ee7ed1017b101c46d36a9f8ae9958e895
Carved/data007/00373_f0513228.c	114	7	10	f051322817f6c1f1b8306594ca01a251fa42f746241fba24f06fa19585e362bf
Carved/data007/00374_dc0769f3.c	27	1	1	dc0769f312e9b981aca970988491bffedaf67f7baaee962db6f7ce401b72dce7
Carved/data007/00375_8a49fcb2.c	20	1	1	8a49fcb25941fcef23a0fcc8a22287cdf2365d3f015bf5533187f0c3b36ded41
Carved/data007/00376_538bdd7b.c	44	0	0	538bdd7b9a12e61d0dc7fefc7a85b435d69145b281df43029582b0e894631d00
Carved/data007/00377_f2846b68.c	53	3	5	f2846b682680d06411995ada9584cd5d18a26643198f287bf48862992b3feb83
Carved/data007/00378_7d7adddb.c	17	1	1	7d7adddbe66f4b7808c9fc4b948caf6ad1cac763fbd6998e41a4630812972b02
Carved/data007/00379_d47e5449.c	152	11	21	d47e544979a812256f4de8cdc043df5027dab6e5bc512e01678e50aa17677809
Carved/data007/00380_182effd2.c	16	1	1	182effd284a7137b437c80d40efe05e4ca6f6afd76c97be1564e25a599b28699
Carved/data007/00381_5f7fe643.c	26	1	1	5f7fe64313364f78b9584bd23200b9721aa0b49d5aac77554ae0f7be064d027f
Carved/data007/00382_00860237.c	65	3	5	0086023776bda7be17b53bd5be11aeb68ec8510995eaf2b3c783aeda7bd19fc8
Carved/data007/00383_fa0380e5.c	27	1	1	fa0380e5705c08caecbe3b8d44ff863f73c02533bbc52dd5db2eeabdf8df8bff
Carved/data007/00384_c0f760e2.c	112	5	9	c0f760e2f2754a623f4aa9abc6be18258ec1d82c47db2a97010a0893473a6346
Carved/data007/00385_24ede919.c	26	1	2	24ede919f911bb4228dbc8fe8d2d388b475ce9ff16284f9c3cb6526d63eb3116
Carved/data007/00386_01df6cc6.c	30	1	1	01df6cc6f89b442eac480a6a4c724db1301e41d23ba8da7c32dfe68d56393693
Carved/data007/00387_e037b7df.c	22	1	1	e037b7df9cce13ea82358ee81c1e5f8ca97b28db797fd01c3c20fc0066ae2a43
Carved/data007/00388_65a287ad.c	22	1	1	65a287add4fe7a26ca677dc4699b1d78fd09c99f171948ff562104a85d22fdd6
Carved/data007/00389_dfd14d57.c	29	1	1	dfd14d576e5a38c9dc16f8b85ec68da924988a40c09a022ca838bf90979d7217
Carved/data007/00390_5d31c861.c	27	1	1	5d31c861a0f53e621e592f3c8bcf6c32ba5bcbe3de8027710a4bf0ca42cb1c5f
Carved/data007/00391_591a1f1f.c	18	1	1	591a1f1f45b5d3dbd2ff1a6dcecb8e51ca34e0e0077e320b3453e895710e5558
Carved/data007/00392_e93e4b50.c	30	1	1	e93e4b50b1dbf35358f2e1d7729c020d80400e9e59270f90753a0145b8d38720
Carved/data007/00393_1e799181.c	42	2	3	1e799181127fd601c819df4758656ce976ef587c940e58f76b2636d7f55dd1cf
Carved/data007/00394_4c20dc1a.c	22	1	1	4c20dc1a29dfa8f752d277d8d3ba3967c03ea62c74acc5a53db88b0027d2952f
Carved/data007/00395_3f928590.c	27	6	0	3f92859044a2a45cb274d330a342955c361daaa8e273d1087f5750d717203626
Carved/data007/00396_2934cb40.c	35	6	1	2934cb40046b5426ef55a1ef68757055b07b1ef748a9910e8646a9fd4075f7da
Carved/data007/00397_4e15eb66.c	49	3	3	4e15eb6643c50d4174c99b320b71459d831e39506f8f7f56935052c37110616c
Carved/data007/00398_8a2d6348.c	50	3	5	8a2d6348c1de8772980d5f7a73926a035de54e4095d4d6d88babb9ad1cdd2bdc
Carved/data007/00399_b074749e.c	18	1	1	b074749e2423bb060d1255675ea42a611f0300461ae1e6dd0f3a2f8b0adf344e
Carved/data007/00400_4e59a1a6.c	18	1	1	4e59a1a645c3296e58a6eda6b80b65274c787966d4447fe23359da1ace41e507
Carved/data007/00401_73a651a1.c	61	3	5	73a651a13d313e03243676ed8c55a1ce79cdf697b745e635c6c9e633f4b932a4
Carved/data007/00402_d0c412ff.c	26	4	0	d0c412ff15f455192df6792c95cd6f12ef0d0f18282cf67b719e568222e4ac39
Carved/data007/00403_352c5f1b.c	9	1	1	352c5f1b6b8a060b41c0a45d8316518c3956146cd82574e1bed8792758ed266e
Carved/data007/00404_e4a5efc6.c	101	5	1	e4a5efc66b8e139195e6a9d9b9186589232764615148ea41510ef1f450f1efe2
Carved/data007/00405_2791ef33.c	33	2	1	2791ef3328298bd931e767858a84df9a1777f8251dcafa4c7701be6cb1809630
Carved/data007/00406_57fda75d.c	32	3	1	57fda75d373a78ae9fb27b2eac3cb106d4aaf8e6353ceed331179ad41ca01673
Carved/data007/00407_bb9d2a9b.c	35	1	2	bb9d2a9b9fbe723e7406959c76f70a454d07cf3c5044855be3196db7a7d0cb25
Carved/data007/00408_f1b49ee2.c	25	1	1	f1b49ee29e35737ff58b67aa74086f509ccec4769d2b48537045d41bbbfa65bd
Carved/data007/00409_9df0a0d0.c	10	2	0	9df0a0d00d4abb0f11ea129210a1d9f64010967de88b4fa2fc6380b04dbdd8aa
Carved/data007/00410_e8e850d1.c	16	1	2	e8e850d16f8069eaf483de31622cb8b466d79d86146a94432894f9dab0981163
Carved/data007/00411_ac0f20cc.c	65	4	0	ac0f20cce5f6ca460647044b1830876e0b287fff237a56b8b8dda0866bc32984
Carved/data007/00412_f2da1bc3.c	29	2	2	f2da1bc364be216ce49cfe944bd6528629c9ab1671e3fd6730a4e520708273e3
Carved/data007/00413_b72dbb3e.c	32	2	1	b72dbb3ece67767ed6208262a43b0354b640ee7458e4a813487520e778986d69
Carved/data007/00414_b3af807b.c	22	1	2	b3af807b680058b964583ffefef4b72cd3250a97bbe9034b2dc2aad4f1243976
Carved/data007/00415_d02d8981.c	25	3	0	d02d89813893cc3c1e8af258ebf59c604689782a236f3c0f5d0457f94f1f973f
Carved/data007/00416_1b5ac483.c	46	2	3	1b5ac483397ed3a40447503ee9a2c8bb6d5b4808c9c42d75ba27373d870f16b7
Carved/data007/00417_f519bb4b.c	56	5	3	f519bb4bf09d7d5af706b23761be07125a6af30e53b4a6918f1f0b9e0c216c20
Carved/data007/00418_510b7cb6.c	29	3	2	510b7cb6fac4f874a7fabeb9dc6cd87a5169a59df235182ff7f8a4cbbb0313b4
Carved/data007/00419_51809243.c	41	3	3	51809243e0070b1f9aecdad61d33796c2c3a2b2bcf2beaa46d675a7eedcb3507
Carved/data007/00420_cadf1e2c.c	35	1	3	cadf1e2cf6a0b3d12631be83a8dfdea532fca380668e1514923180f06f5382ad
Carved/data007/00421_8bae02be.c	37	2	3	8bae02be24fd8f6c4516389ec6f9089bfc53b1c2afea6eaacd8876b52761a668
Carved/data007/00422_d1c57325.c	30	1	1	d1c573253803770d4d5ffc452a5dbcb991b2c74a7da762f7e20015daaba1d7c8
Carved/data007/00423_54a4c911.c	29	1	3	54a4c91132a13e455ad9cd58d42493e987809567384d5c0c1329e193a5d64dff
Carved/data007/00424_ed944bd3.c	57	4	1	ed944bd35bea6b004b3c9f00033f3276fa49ee37189e1605df97f7bbe5331ce1
Carved/data007/00425_12c83fbc.c	30	1	2	12c83fbc303426c5772814ba7820a80e1bfbd87f91b41e2427ab05b724cf6489
Carved/data007/00426_0328ccbe.c	26	1	3	0328ccbe45c04ff0e5b7906da214074092e6ec1ce6063e166ea64e2501c6f2f8
Carved/data007/00427_01474d39.c	41	2	2	01474d39e26ce3e3311724f8a228e3958cf8d33910d0515a0ff404a22790be4f
Carved/data007/00428_92c838d7.c	15	1	1	92c838d73a70c843aff15a94eae9fc372185805af3b0cbeabf3bdeb60945832b
Carved/data007/00429_6c42cd54.c	70	4	5	6c42cd54573230313bd00a3fe8e1af86a4c7965e469f70df46cc7cf2d6199551
Carved/data007/00430_67fdd3d8.c	160	9	10	67fdd3d8e0a7eb55cf1ebd086e4bc6a33f0228fe274366739ee738b34ba8f8e8
Carved/data007/00431_eba83f02.c	80	7	7	eba83f029d20155f0b095aaacf4003c7ea917948ce17f6393c2907f9a7eae212
Carved/data007/00432_fd483a1e.c	134	9	9	fd483a1e8d0fb1c0a7d69f3edeff6a7b1b34c1da917c20e35e6e7ea4ab16c68d
Carved/data007/00433_badb837f.c	44	3	3	badb837fb8f790e74cdea1203876b16ef3391f9ef5995355c105d46420bd517f
Carved/data007/00434_3f3d7ff0.c	84	7	10	3f3d7ff06883dd49b6d8fd7f3d71e8deb959e26eb4561a4c2de5ac23a41253a5
Carved/data007/00435_e542cd4d.c	46	4	4	e542cd4dfa47d6b680c7b0e9f9cca19649023d4b3d866959e0a54effce738493
Carved/data007/00436_dcf961bd.c	33	2	2	dcf961bd9bbd8fc28f5c04d78ff3f9c14290b06718e9c0b86e781b19b44eb5e6
Carved/data007/00437_1ea3bfcb.c	41	2	2	1ea3bfcba63960a8a68bbbf459ad9d2f45ab449f1fe53748ee255fb65722d2e4
Carved/data007/00438_a6ad1a7f.c	44	3	3	a6ad1a7f588f9b9d76c3d096ced7c5c4d75ace7fe7c03274f0d162b098c9ccf6
Carved/data007/00439_6bdeab09.c	17	1	1	6bdeab09aaa450c17a97e5a3e6b8e013e8ec609a4b900efda16f5a14ee56b747
Carved/data007/00440_991f2045.c	14	1	1	991f20456958b1d925f6faae86445d2a7d5e6de97ad3793cfa7cf64745e898e0
Carved/data007/00441_ec33e2f9.c	38	2	2	ec33e2f94686c4185e3adc14162cb33c6200872f7ff233f896ee7fe65badec98
Carved/data007/00442_e0740cd8.c	68	4	6	e0740cd8ce36bbce5cb6ccbeade6ab42ac48ee65e49449d1444d6f1c3b113676
Carved/data007/00443_834c6b93.c	17	1	1	834c6b93668a93bc63d223085084f255a71cfe628fd6b535251fae42d71acc1e
Carved/data007/00444_e2cb3a23.c	18	1	1	e2cb3a23097da8277298931ea580512c0152b6b73909c18c41cf16fa1431e4a8
Carved/data007/00445_45d8a5a3.c	27	1	1	45d8a5a304bcc60a7b41a6e41012a55359fd2b6ace4ef5ae5bebf197f80c2a05
Carved/data007/00446_6d46f159.c	22	2	2	6d46f1598cad52480cd69c1d340091c25124e88eb6272897a6cfa30af59cd5c4
Carved/data007/00447_0f9e3b58.c	188	11	10	0f9e3b586d1a2ac0ccc0a51cb5fbc31c8863f686c23c0229b86a024556bfa291
Carved/data007/00448_0e4ac757.c	25	1	2	0e4ac75722231683d616c2ee0b750630a9363b5881879bbe7d66fd563fe443d3
Carved/data007/00449_d4174c8e.c	134	6	8	d4174c8ecf0f86b5190f60622bf913c89e398bdd02518451de6455d3789f7066
Carved/data007/00450_bb8e8d5a.c	23	1	2	bb8e8d5ae8ad3a90bff81f0c99a5657a8befee2219af8de7990814fe96efa9df
Carved/data007/00451_b8186f68.c	38	1	2	b8186f68b0cfadbc328bf10a2e333fc772821702def673774b2783cb488f8d54
Carved/data007/00452_4066a3fc.c	23	1	1	4066a3fc7f4a95a47d0acad1b6501d44fd29bd63385c53edfd0b69051dac88cf
Carved/data007/00453_fb081cc6.c	23	1	1	fb081cc6e01110df8d54bccd4b8b061d4f6e2dae8b66600e68080f1c7f908139
Carved/data007/00454_c29805ad.c	18	2	1	c29805ad4ddf377a093ebf4b4e29416e13efdd3581039783ed7156a7c51c2ee4
Carved/data007/00455_27b2bb05.c	11	1	1	27b2bb053912bbe45b496bfe97b865cabf6ee0b5cbfc4d3ecf08aa157ab9e816
Carved/data007/00456_eff9c47d.c	12	1	1	eff9c47d32a8054f37468662fceafc88c9682181a07397848c7c764765607cad
Carved/data007/00457_306bcf4d.c	59	3	5	306bcf4d51b8ac267781c43be3b672da671d5d874c50afdcc3ffa43875e903ca
Carved/data007/00458_08bbb6a2.c	33	1	1	08bbb6a2f258012528d8599aecbeb29847f1ef007309fd5f829ce068ddad1d5c
Carved/data007/00459_31e7923d.c	28	1	2	31e7923d6162d1aad026562251b88409be21c8ea3a1587b0b330f774c15e66a8
Carved/data007/00460_c0899e6e.c	29	1	4	c0899e6e8814ea1f645eec3c5070a2f92a1e290ba78ce45f6d804606f002c21a
Carved/data007/00461_da2b445f.c	22	1	2	da2b445f002628aabc6ec9659578ffb3ed345b4c0d98fc79d2d7daf764e7fad8
Carved/data007/00462_2b007102.c	56	1	3	2b007102b7894c6c75b960ba36ccfc03c674882748c248773f00554d58818f54
Carved/data007/00463_5c921fd0.c	26	1	2	5c921fd013c6528427206ac5279a844c69fd1f4e32bdb0474ed1cacc0d693bcf
Carved/data007/00464_c2f96681.c	30	1	2	c2f96681363e74fa76dea20f81e72dd4987c0213423badf4dc3f3f8bc3a99f83
Carved/data007/00465_db4612e7.c	28	1	3	db4612e76a02002cd030f762e4212984ce1d1a61a22317a0b99fc36304f5fb89
Carved/data007/00466_b6ebd447.c	34	1	3	b6ebd4477b2728248ba20a8013c154e6ea20e5ba005407284da39de05dd7fef8
Carved/data007/00467_909a51bb.c	20	2	0	909a51bb4a1b58206b76e187391b3162624d5dde55b3ca26a879c7556379656b
Carved/data007/00468_5cef3397.c	29	1	2	5cef33974395d83ab8c3e0aa1b56ab95ad41e44de370e25b6a7716f249e30b0a
Carved/data007/00469_ed6e848e.c	24	1	2	ed6e848e67054a97191f533e0a38d8430bbef1aea4e7da626f8fefb144a54b46
Carved/data007/00470_3e0cdaa7.c	30	1	2	3e0cdaa70cffd2fca51d5cbb1f2b85718e239e74944ddd6bacb6f52aef8440f5
Carved/data007/00471_d0900df0.c	43	2	4	d0900df031dd35f0ba1a06145063b2049eaea8179d7f3d9ae75539b72af0e4b6
Carved/data007/00472_2f36567f.c	26	2	0	2f36567fd18c431ca9049a5a3bef0462d03b38406868030482ada48dc9fdf697
Carved/data007/00473_189ef52f.c	15	1	1	189ef52f36d2c873af215688eaf54d179d8e553fa5b14085ee5f0dce2aacce78
Carved/data007/00474_7896f526.c	29	2	2	7896f526b011dbb512f49647e4352ff09a7e3973830c2b302933dcc26c5671dc
Carved/data007/00475_dfaca232.c	30	2	1	dfaca23274f3174b1a6370acf1a8316fc2229695fd67b29957b99fdc98cf63ca
Carved/data007/00476_71acc807.c	26	1	1	71acc8073abcc4f8cae6d4bbf15096b1cc53f819139e3cc8e3af0332dd5afaf5
Carved/data007/00477_7e3f638f.c	18	1	2	7e3f638fcd92a04017461aae4d42cfd75e39b203a229c3e6a9939a30e1a23057
Carved/data007/00478_e6973b7c.c	20	2	1	e6973b7c7789ab996a7585f905f14a8791845da3b552b054709d8fe92010a8de
Carved/data007/00479_cef3f139.c	31	1	3	cef3f139b92e79445851c5a49ea54d855030cf13fb7082b3100d05c0b5c72b67
Carved/data007/00480_48a100b7.c	32	2	2	48a100b7095d0a452b43d6ea60203ce4f67731259ae0cfb0e1d8fcdda523ac89
Carved/data007/00481_8cec6a1c.c	73	3	7	8cec6a1cb637a3efc899d77bdde22d63ddb34d9a581b9d50df3f3bd2a6d5c7f6
Carved/data007/00482_0e2baa7e.c	34	1	3	0e2baa7e8f9e330a1646bf8b952ae85878f2c64b42bf56eca365e5277681410f
Carved/data007/00483_c4af40ac.c	25	1	2	c4af40ace1b54e5deecc13e936d614640331ccadf5bbaf11ad2ae26e74fc6051
Carved/data007/00484_e72b3c09.c	15	1	1	e72b3c0982b98f4ce88ea3af4cbc6bc9ca2c2bd19e05ea4cda9f395c887d0258
Carved/data007/00485_86fa1f8b.c	15	1	1	86fa1f8b43636d06ae765f87a35e87a0cbb40de8121360624cf484cde68e6fcf
Carved/data007/00486_6cfe61e3.c	38	2	3	6cfe61e360ee6a4c93718c1f5e6bea4840d611793a661474f9718287b46da67e
Carved/data007/00487_e15080fc.c	29	1	1	e15080fc29fba6a5034a2587e638d1eb3c9b13c60fbd206395fbc339df3dc623
Carved/data007/00488_8a1fd236.c	23	0	0	8a1fd236f04f2e80d9c970981da427fe2219af38d6dc98c081f68d4465df5e88
Carved/data007/00489_ef75f947.c	20	1	1	ef75f9476efe12ced0dd396cca5e8d09c5d3d704351e554e44cd18076519bb41
Carved/data007/00490_bc01d6b5.c	21	1	2	bc01d6b5e52ef673eb59249616861a143f8c6b510fa4c056180cf6e2d4b1b815
Carved/data007/00491_f5dc98c6.c	30	1	2	f5dc98c62c3dd06504b787a16d0ae63ecf773973a96218639abdfb48931c2247
Carved/data007/00492_b53f29c1.c	31	0	0	b53f29c1ea81ae007c5396ff87fe98cdb20090d520437cefb519bab84d687776
Carved/data007/00493_1269ed61.c	39	2	3	1269ed611e6704a0f36f40e49cd993da11baaf9e494c57ccce18499c5b3d8758
Carved/data007/00494_328749cf.c	29	2	1	328749cff3b310e87df37580d8b0594e0b8c72c957db2a9dd4be299754a69d00
Carved/data007/00495_9be16413.c	31	3	2	9be16413cb0008aa9c46b19d49066747d3f2877f0e93c983b0bacaa6552cf298
Carved/data007/00496_0291510b.c	44	12	0	0291510b8e30d20e04d21e57f36e5868c2d6ca492e86a0e7ca4f3ca4d1c05dc0
Carved/data007/00497_e95c7007.c	34	7	1	e95c700742f5c6b7d354ad92d1ba2eb46786cd5994161d9ea2d54a91e65b6573
Carved/data007/00498_97fb4270.c	33	1	2	97fb4270eb7e27e9df06ff9ccd7ca61e87ba538845b677ea7049c8648027b874
Carved/data007/00499_151cf19a.c	47	5	2	151cf19a90873fe4e114388892f59358a56544df03f2e14c66c26c9b09639a9d
Carved/data007/00500_343851de.c	31	5	1	343851de17b1e9dfb10a180cbb5ad3d0c5b83e3eb81f2eb890ed7376300c42d3
Carved/data007/00501_67a574db.c	34	2	1	67a574db8f8c11d3957833de71c80b911b8f50a163a9927cd1bfad8df905aaed
Carved/data007/00502_02bcfc5d.c	26	1	2	02bcfc5db14f37cd8e212f9852a55b21c5f1b628036a73cb46d0ca843543d6ef
Carved/data007/00503_6e9f4c73.c	60	7	1	6e9f4c734ab70ee7aa83f75d61390482304e422e02b443dde3d7ff39e4d6da33
Carved/data007/00504_72ba299b.c	33	1	2	72ba299ba5f0d24856f08f95e847eba7cbbffcad0701d3e584cdc5fa574948dd
Carved/data007/00505_4db72150.c	35	1	1	4db72150f290e5e93039ce1856253a990c7e958bd46340d95df18c8f00adc72d
Carved/data007/00506_bc06be52.c	34	2	3	bc06be52188afac8c38a5e2c1720ec4df4b7de3ab8a02b8ddc67ff9b1f49caab
Carved/data007/00507_47b2b13f.c	17	1	1	47b2b13fe3cf85d8c94fb218496cdf9735123a087415bcefe5afae3e363a0120
Carved/data007/00508_71fbabb4.c	36	2	2	71fbabb4c0d58c50c4877d0b17cd11987796ae19b130f280f7eba60d9e80cf17
Carved/data007/00509_699751c8.c	44	2	2	699751c8977f730bcf188f51a9d1d572c7528335d7b18d69d323758af11bcc1d
Carved/data007/00510_aeeffeb0.c	17	1	1	aeeffeb097e3f7f3b45f5c6ba6ad645717e3dc406d07a03cf54ba21d84e2feed
Carved/data007/00511_9540f34c.c	26	1	1	9540f34c41005fe5b8b976fc76ecc47e23de58ddb9a6a1dd8393cea3213b2020
Carved/data007/00512_e0b274d9.c	25	2	2	e0b274d979aedcbd15e48fa8596c3f7e46fffb737b8476e7b26e73f0330bedb6
Scripts/Core/generated/Attributes/EnumBitFlag.c	33	0	0	e7ad81ec364a500909049885b44d2002a6a6acd15740f1a961b279d0190ca572
Scripts/Core/generated/Attributes/EnumLinear.c	33	0	0	560956afcd280d21c80a1082c1f7e47e62ccc0c8ae4a2a0b758a532dfeb110f7
Scripts/Core/generated/Attributes/Obsolete.c	40	0	0	d96f59e6661be03194a9cfbaf88aec630f8952eb3a0f9fbd4d8abf55f89c7cd5
Scripts/Core/generated/Attributes/SortAttribute.c	49	0	0	2a49120ec7f0d669c0ef46947d823883705b82ff8618c399e989450e20340805
Scripts/Core/generated/Containers/IEntityComponentSource.c	19	0	0	f57cfc48eca44c206b0ff9dbce5123980ba53b17044c2650244f023edbbc6a54
Scripts/Core/generated/Containers/IEntitySource.c	24	0	0	5016f7700186dcfb716be91092383223f90565d9fcaf4d43e8b348140d308aea
Scripts/Core/generated/Containers/UserSettings.c	20	0	0	79f99412d7e333c26a541266554f35f283bc9e4acb155ea84056d9af5e1263fb
Scripts/Core/generated/Debug/DebugText.c	38	0	0	47efd4f100af6c5a13a965d17fbc88a294ae27b3d2da4b75181bedb01e48c466
Scripts/Core/generated/EScaleWidgetMode.c	13	1	0	31b10b5a17301838b61a3ffc1db47f186bcbd52da42ff181c44715f4c8fee4a2
Scripts/Core/generated/Entities/EAddChildFlags.c	26	0	0	30c06320e26918e6e62ebda01ae99427013a08f0d4d4bfdb3928784fe6eacaea
Scripts/Core/generated/Entities/EntityComponentPrefabData.c	25	0	0	92e366e9bf316d59f717f040521da8a954d6bf611e8c4a9a737d1a0cdcba0484
Scripts/Core/generated/Entities/EntityPrefabData.c	29	0	0	57f2634460168557d624228266d69b21b73d76b68711b6af35e6014ff2632cab
Scripts/Core/generated/Entities/NativeComponent.c	19	0	0	052558ea06c5280047505d2040907cd786da60e875689bbc9cc84234644a7384
Scripts/Core/generated/Input/GamepadTrigger.c	21	0	0	4ceaf5b5cae01372fb740333ed05b90d56beec296f907c7965db5b4dbe3c5fbc
Scripts/Core/generated/Input/GamepadTriggerEffect.c	21	0	0	c47edee9b114c17139360f214ece40780819282c2d8daeea3e3a4762ea0b8b64
Scripts/Core/generated/Math/WindingOrder.c	22	0	0	48aec306739712309e9afe6c56c07c569db7414daa575463b4f2a9dadca52853
Scripts/Core/generated/Physics/Physics6DOFSpringJoint.c	30	0	0	a55871d5f9d67dbb920285277fa871a74f5e9b426759d5f93032e3b0eda150d8
Scripts/Core/generated/Physics/PhysicsBallSocketJoint.c	22	0	0	8ff4721ef859a7f58b61328df490a4223602db1221e1aa95a35116bcbff0e912
Scripts/Core/generated/Physics/SimulationState.c	31	0	0	20f2da9c87c8500a24cd847ed47bd792ef70160f5a8960491b1bdf6c0a65a444
Scripts/Core/generated/Physics/SurfaceProperties.c	24	0	0	8bb5af5b69d7c56cb0a1530656d9992c63756fd2feb31a97a4e355079c04a22e
Scripts/Core/generated/Replication/RplChannel.c	22	0	0	e0b06877555d26ee4c48edaa48cd75c78af6b2edb5fca2fb21aee70be967d4eb
Scripts/Core/generated/Replication/RplCondition.c	28	0	0	3f920d729e7d3c1e15c5f7102c74c5cd6b738992e6334e1db2278e4c0e54602d
Scripts/Core/generated/Replication/RplConnectionStats.c	34	0	0	bc8251823fd9f4544e03d5910e494666c25a474d184cfb4f92bb4b6d296488dd
Scripts/Core/generated/Replication/RplError.c	32	0	0	09a4905c21306ac1b526dfe0c97fe6cfa26dc133e08d21ad46290538f8046002
Scripts/Core/generated/Replication/RplGameState.c	24	0	0	5752c1bf10489a50bac621efdaa85e57b05b5b26924023db02d74681d0a480eb
Scripts/Core/generated/Replication/RplId.c	27	0	0	22d345ec1c5af559fe66901d3b6500a555869ba24dad216f167811002bcf885d
Scripts/Core/generated/Replication/RplIdentity.c	27	0	0	1a90e4b6bb57c17ad5b5abe8543d658d7392028dbc9440724b0e78f541f85b61
Scripts/Core/generated/Replication/RplItemType.c	22	0	0	2f2a8a8b1f48625ed2aa71a75c890101fe907a2f791f3f3d6c776a27d874fbd8
Scripts/Core/generated/Replication/RplRole.c	24	0	0	60a676d4eeb61432932b5ef5a8aeca7788c0ae3cede44f1a7849f88a0ff00494
Scripts/Core/generated/Replication/RplStateOverride.c	22	0	0	0070b4d19e1fdc2e169b7326c3d322c6cbe227316defc41dd37b0590a64f050b
Scripts/Core/generated/Resources/AnimationSource.c	21	0	0	80ea0a73a6460cf656739baa1ace8a1df2b595b383922215ccbdad7927646c12
Scripts/Core/generated/Resources/Resource.c	37	0	0	0b61cb02a99ad19d008b963aebc1cae16ccba66ca54dab93dd10d92de5193a0e
Scripts/Core/generated/Resources/ResourceDatabase.c	24	0	0	2a5b36badd0ff3855342734c410e0095047b0e4391f660d8afa27f598a9ea9ef
Scripts/Core/generated/Resources/VObject.c	21	0	0	f3eb5919950864e2eb4dc25d16cdd2949010892051baa412cd1eba80578935cb
Scripts/Core/generated/Road/RoadType.c	32	0	0	dd4741b6f82cf7f5a0824a3445ddb8a01eec6a71691e2e4765e2a89bbb67c404
Scripts/Core/generated/RplKickCauseGroup.c	13	1	0	aed28242012e885013e42bf446743ead5771da99633eb450c995402199c43658
Scripts/Core/generated/System/EPlatform.c	30	0	0	be81b9dc0dac6d65c05e766c3d1ed43c33aa3742211bf8257a79a59544f90a2c
Scripts/Core/generated/System/GameSessionStorage.c	25	0	0	70a9405ac6a2c179dae7cf401b36f39c4e1da4ea868bb0a6223c074b199f20ab
Scripts/Core/generated/System/ParseHandle.c	26	0	0	421aca8a64158e0f44e7afe5e802d6db1244ab69bccc459b866596f974c95d47
Scripts/Core/generated/System/PixelRawData.c	23	0	0	af84252822f250d13ac87acf50a64b9a780fbeb96c941951078257ecf4203b3c
Scripts/Core/generated/Types/ResourceName.c	24	0	0	f91c95ede7b69405bbedcbca936c96d3bfc4baff122f92060b5f84a8dc975332
Scripts/Core/generated/UI/AlignableSlot.c	28	0	0	77a3322a22ae96f93fc6f8e28c04007f7aa6fde7a627aa2f2a2573a460798566
Scripts/Core/generated/UI/BaseListboxWidget.c	26	0	0	d627c586fa03ba75982117e3c72408ed5b33496db12bd7d9d11bc3fc83328e3f
Scripts/Core/generated/UI/BasicGraphWidget.c	19	0	0	072d13850f924557858921a1c6f779d4769d34af7fdf751410c05c4cabcd6f29
Scripts/Core/generated/UI/BlurWidget.c	31	0	0	ed36ebf07066105d2d3060004ce92d0f60ffe2382911928b2199ff08b65d5272
Scripts/Core/generated/UI/ButtonSlot.c	19	0	0	5182a9f9dc3eadbf4683a1ab752de8e0a531605983e05f9bc1039e2e58767b9e
Scripts/Core/generated/UI/CheckBoxWidget.c	22	0	0	9c8ec8d3c5a0b2e76e10ae7bd9fa7bb24dfd280b31ac0bb45c708d49777ebd81
Scripts/Core/generated/UI/ContentWidget.c	19	0	0	356a50e546752953cd8d8bff06605256cbb8c3c6ce5651061d55abbc3360cb6e
Scripts/Core/generated/UI/ControlID.c	36	0	0	a4bed1aa58c5d1ef3bb8fd77de9b30d2dafbcdf5ac49ead36c71ea5bc385c6dc
Scripts/Core/generated/UI/FrameWidget.c	22	0	0	b18644b730724ac4e7eb2aaa14828dac60c596a4c1b9df466c45ff890935696f
Scripts/Core/generated/UI/GenericListboxWidget.c	19	0	0	14b92e555a31dc809be8f482ab473bc521ee04cd175231d9efae278d4cfc336f
Scripts/Core/generated/UI/GridLayoutWidget.c	38	0	0	7c89a809650c3f92c1df5bf879e880dce4eef2f148ad03258788433617638e9e
Scripts/Core/generated/UI/GridSlot.c	27	0	0	02bf2b2ded2e0f8096ffd2c29b501b91b773bdc3fce748cbc70f9a73f2a756a2
Scripts/Core/generated/UI/HorizontalLayoutSlot.c	19	0	0	f3579919bc3e20b91f9eaef62426fb0aecfbb48b8ad605d18a59a729b0a8a045
Scripts/Core/generated/UI/HorizontalLayoutWidget.c	21	0	0	27731a2e3daec17db4ef86d897606bbb50e98ef03aae9f86beaffe6f05360c6f
Scripts/Core/generated/UI/LayoutHorizontalAlign.c	23	0	0	8297c8816f649ef2dcaa4a24d582fe37149f4d685efab530e960d190aab44214
Scripts/Core/generated/UI/LayoutSizeMode.c	24	0	0	8edda15c4cc714a7ca2494634e5826383d3fb993cab8f2961d72eda8400f93e7
Scripts/Core/generated/UI/LayoutSlot.c	23	0	0	4f4bcb746ff8b261e1dabbf3806c98762f405b19eb6875fb738bb150a0be3044
Scripts/Core/generated/UI/LayoutVerticalAlign.c	23	0	0	49995f5e616abbe5f8c91be5a701b0ff1d56ab2f876dce415011c992748985ed
Scripts/Core/generated/UI/LayoutWidgetBase.c	22	0	0	66ab09accaef3eddf00d5236b233e555ddfea090698d42ab4690bb8b4fedc538
Scripts/Core/generated/UI/MultilineEditBoxWidget.c	23	0	0	a0fd7fc7d89bc88ad4a2b05415f2b381a4398c877273ef0bda005a256e0abfe6
Scripts/Core/generated/UI/OverlaySlot.c	19	0	0	d8a9367af2bbc009dbe19e7fa84b0e994f3b71b7256185380980fdb0513bd44e
Scripts/Core/generated/UI/OverlayWidget.c	22	0	0	53ceb6e622fed76896b56743a720f0cde5df839dd8f1b78be74498818167d99d
Scripts/Core/generated/UI/PanelSlot.c	19	0	0	21f8ad172b6f78ab87c705f361178adc7c39fd93f9f9ba96b281d9cfd92b0244
Scripts/Core/generated/UI/PanelWidget.c	19	0	0	df59efdb3c19ec5f6d2c0e22c9c551d24307456b923c0fd5cd8f4a9b46f00c7e
Scripts/Core/generated/UI/ProgressBarWidget.c	29	0	0	def133d44789d0e469ce581fbee2d1574f4b0d5e48209914957ebc8f30e7f029
Scripts/Core/generated/UI/RenderTargetWidget.c	32	0	0	ea42e0c2ee2d85f5b43ef086f6d987967ef1a20da9abbbf743d28ae21af07a32
Scripts/Core/generated/UI/RenderTargetWidgetBlendMode.c	22	0	0	677abb1857d0a47a93f81f23c2866a01ca68104f73f587d8e18d0e595e7d1444
Scripts/Core/generated/UI/RingBufferGraphWidget.c	19	0	0	6c480777a0ef59d4403b26821374df2bdb6de058b95398b5640b35152ee3173d
Scripts/Core/generated/UI/ScaleWidget.c	23	0	0	973190a8bdcf120a886b7622c9cb5509e703e1305d6659671fff58aeb3c6b4f4
Scripts/Core/generated/UI/SimpleListboxWidget.c	20	0	0	d04bd6c6c49901b1fbe9a68c5bca0199e0628f035edf75b2e2330ef8d8f58eec
Scripts/Core/generated/UI/SliderWidget.c	29	0	0	ef615f121d573af5d3136cabd26efc05c6e8e0c2e305b2674045cbc5cf16855b
Scripts/Core/generated/UI/SocketWidget.c	19	0	0	ba687f87e1e7463dbed0f5568310cae50bfecdb9672281b83296b44055261145
Scripts/Core/generated/UI/ThreeStateCheckboxWidget.c	19	0	0	a16dfb04d4f1d0c4566d2b6c8161deca432ed5eabdce593430f50098adb2dc07
Scripts/Core/generated/UI/TimeBasedGraphWidget.c	19	0	0	32624e31bcb50d731813f3c6de1d5ede4c6456e675b97c866ef2854da93a75ec
Scripts/Core/generated/UI/UniformGridLayoutWidget.c	22	0	0	03d90d50c075fe5e30fbd47d7721feb056324da03d2d27e17f8de89ec946e577
Scripts/Core/generated/UI/UniformGridSlot.c	30	0	0	260db68e5b3ef8a1bbdd4de9bb49e05d0cb077a21e3f33c0f65347a87c3708fd
Scripts/Core/generated/UI/UniversalListboxWidget.c	19	0	0	8fd54472f77f7007da6dbe67a1dfa89c398e72f76615b1b121e06abe35e3f48a
Scripts/Core/generated/UI/UserWidget.c	19	0	0	75362b495af6d2e86babdc20be1094c248ffc7df96199c0345dbac5d91482550
Scripts/Core/generated/UI/VerticalLayoutSlot.c	19	0	0	811c29ff135c79e02774806c1a6a6ded73042936a6b00e07a680462c7ea623d7
Scripts/Core/generated/UI/VerticalLayoutWidget.c	21	0	0	26baab9ba7ef3cf8b43164bbab95554ba8534663c1cae86cd519025393b85a84
Scripts/Core/generated/UI/VideoCommand.c	25	0	0	7ebc79200ae08f8636fae6eb1a0f3a66fa5badb38acd6cbe53a60165ec3fc1a7
Scripts/Core/generated/UI/WidgetNavigationRuleType.c	26	0	0	fa26e6e142934375623d70b9fe74f70176827d18e9a0fd21739ca6dc65f50a43
Scripts/Core/generated/UI/WindowSlot.c	19	0	0	553a9d92809b1bd44664f2a200f2f78f070a0096ed17a4e1a38b2049638039d3
Scripts/Core/generated/UI/WindowWidget.c	19	0	0	802dd8ca6d3092500f5c8d11709832ef64a0beefe066f97960aa80d99bd41d93
Scripts/Core/generated/UI/XComboBoxWidget.c	30	0	0	56058db9a9c25fc07daa8f7287eed8d7a8969be2a00b0d03d43758f2bb9d7ba2
Scripts/Core/generated/Visual/Animation.c	28	0	0	ab295ff865b0efa5a76d0d5074428a1a5f77ac28546f6082b9c0b16bccc6e86b
Scripts/Core/generated/Visual/LightFlags.c	23	0	0	325d4974d0a3b3eb4bcdccb947db8fab4fa2f0f9d5ecc250530a96af2544793e
Scripts/Core/generated/Visual/LightLensFlareType.c	26	0	0	9c67934de092f0255e1ec88c207fb5db6bc9d7ff0da87076b461f29125a14dec
Scripts/Core/generated/WorkbenchAPI/Terrain/ETerrainNoiseType.c	21	0	0	686b743934ad45d5737ee539cf465b83ec6d3f38d6080341e073e9301e3f07d1
Scripts/Core/generated/WorkbenchAPI/Terrain/FilterMorphLerpFunc.c	35	0	0	56b5b59b399750d55de27f5b729ce81f2eebde2a75140cf6f3a6efce2a21ab5d
Scripts/Core/generated/WorkbenchAPI/Terrain/FilterMorphOperation.c	33	0	0	f85290c82734d1b4a05cb409112caea68c0419b183524114611dfa79c10ffdc9
Scripts/Core/generated/WorkbenchAPI/Terrain/FilterMorphShape.c	28	0	0	1511a7de5f71344e442325535468984e61d4d51a21b6e4c0ed8781b52fb4f908
Scripts/Core/generated/WorkbenchAPI/Terrain/TerrainToolDesc.c	23	0	0	cdc016ee86be2d64001cb2617051c3e78d0d76cf3e6d996d49f772d0e2388a5d
Scripts/Core/generated/WorkbenchAPI/Terrain/TerrainToolDesc_HeightAdd.c	21	0	0	74f0e6f6b3fe9823b2a78d21497c070b73146f91bdeb68a9b8ff7dc4555f84ef
Scripts/Core/generated/WorkbenchAPI/Terrain/TerrainToolDesc_HeightExact.c	21	0	0	6232eb746fc3ecfc533c2060d5f8bab97be01202989db6c8a4c9a9e03da8e7b0
Scripts/Core/generated/WorkbenchAPI/Terrain/TerrainToolDesc_HeightNoise.c	22	0	0	491d990cb26226c7a3162b5e6d0133e4a25045e733cf73166b6a239577dfd8b3
Scripts/Core/generated/WorkbenchAPI/Terrain/TerrainToolDesc_HeightSmooth.c	21	0	0	e5852e6b9467447501ce05b921278ed57ad99aec6bdfc7dbc326e6058792afa4
Scripts/Core/generated/WorkbenchAPI/Terrain/TerrainToolDesc_HeightUser.c	19	0	0	d47c522777df582b56cb386350daae03a1baab1898a41c535c86cf10b2bee1cf
Scripts/Core/generated/WorkbenchAPI/Terrain/TerrainToolDesc_LayerAdd.c	22	0	0	2fbb8e082371f0c9fb3f2ff0f5a70946cf841b792ab19b1988b167881bab2f57
Scripts/Core/generated/WorkbenchAPI/Terrain/TerrainToolType.c	28	0	0	a7ae39c310d8906eff3b9bf2f9fcb7e467dff556eb3c2afd5433f4ecc8e39288
Scripts/Core/generated/World/CameraType.c	23	0	0	d65b066112135a1a3ff04b563d39a6140b7a6728a2a8d8b9056186c7fc1166b5
Scripts/Core/generated/World/Decal.c	19	0	0	fcebffd2d2fa08e0bdb56899670d07636ee61144be0c7a510288ec3972ec0d3c
Scripts/Core/generated/World/TraceBox.c	22	0	0	9c34f324653eb4fdcad5786f3636e5df488415923d0660c459ca305d64133ff6
Scripts/Core/generated/World/TraceFlags.c	33	0	0	1d01c6b0141de6e93f546fb8ab0bc81e3722fe1423cc7bdfeb0df58fe5fd2189
Scripts/Core/proto/EnAudio.c	16	1	0	80c47175468c6c785cfc5d6fb3fdcedb544b7bceeb48b4a940e1a388f65f56b5
Scripts/Core/proto/EnDebug.c	22	0	0	8099f4d4a43e807d2ebdee45a640805fa9314826418d732777acbf6a92843b9e
Scripts/Game/AI/Events/Danger/SCR_AIDangerEvent_UnsafeArea.c	18	0	0	ef5caa700fcc68767350b2db011b19e90ff75a21ce17d3edbb810e9cbdf90a32
Scripts/Game/AI/Events/EAIDangerEventType.c	3	0	0	c5a77eaa22b20352bf676767315ad89d1f16dca64a2d2afbe8da3360b1a410f6
Scripts/Game/AI/Movement/SCR_AIDecoCombatMove_AimingAllowed.c	29	0	0	adc7c20ba9e948d42377a2fb8c25532d45339a23076d5b9348375b1f0b083cd0
Scripts/Game/AI/Reaction/Danger/SCR_AIDangerReaction.c	17	2	3	69d38521521972697d34ebed4f5a29be71cd1e3294ebb5ebb546e3d11cb68a63
Scripts/Game/AI/Reaction/Danger/SCR_AIDangerReaction_ProjectileHit.c	17	1	0	c1edf145f0207192d229852d8a44f46a6559a595d12f82fcd0fa31e38aa6ddcd
Scripts/Game/AI/Reaction/Danger/SCR_AIDangerReaction_StartedBleeding.c	8	1	0	24ff8f60a2b17db27c0413f7fb72e3ad27b60ff88280239f159f6222a2d02ab8
Scripts/Game/AI/ScriptedNodes/Behavior/SCR_AICompleteAction.c	27	0	0	8efb3f004eb49b7b0c81d6ce1387bc529fd370cda0217c1d382d243868e7deb0
Scripts/Game/AI/ScriptedNodes/Behavior/SCR_AICompleteLookAction.c	19	0	0	7294c677f7d03c24bbe7a217dc949b0a64b0d738753aacb4e7a018629b444e1b
Scripts/Game/AI/ScriptedNodes/Generated/SendOrderMortar.c	0	0	0	e3b0c44298fc1c149afbf4c8996fb92427ae41e4649b934ca495991b7852b855
Scripts/Game/AI/ScriptedNodes/Groups/SCR_AIDecoTestIsAgentInGroup.c	22	0	0	bd36502f015c761f1c5e6a5e6c204408f8981bfe417e58ab709f6e2741702520
Scripts/Game/AI/ScriptedNodes/Groups/SCR_AIDecoTestIsGroup.c	8	0	0	e751c33c2b11556c4baf4ec26ed073d7f2db10954ed44dce56b5985fc4c018a8
Scripts/Game/AI/ScriptedNodes/Groups/SCR_AIDecoTestIsSlaveGroupOfEntity.c	18	0	0	02fc2f19ab47fde9a51bc2ebe0fe853dbc4a880df1a3c85a6ea5e364e9a302fb
Scripts/Game/AI/ScriptedNodes/Soldier/SCR_AIDecoTestIsEnteringOrLeavingVehicle.c	14	0	0	6a6121360520e7957f2b7e55d275eb600950e9debac8aa40b82a24fab5af56b0
Scripts/Game/AI/ScriptedNodes/Utils/SCR_AIDecoTestCharacterWounded.c	11	0	0	e66b4e6a889b5ca5a0663711fd61b16ec7fdc0ebe71a5279c22bdae3f74b659a
Scripts/Game/AI/ScriptedNodes/Vehicles/SCR_AIDecoTestIsDriverAliveInsideVehicle.c	19	0	0	34a1aa52e307f7a7295d4f3f3137dc7ffe46459f5950c0b50f05ebc988f69148
Scripts/Game/AI/ScriptedNodes/Vehicles/SCR_AIDecoTestIsEntityBurning.c	20	1	0	51a8f6d28287a5d2c726e989e308cc006007e2dc8afead6b849f8f5e52835518
Scripts/Game/AI/ScriptedNodes/Vehicles/SCR_AIDecoTestIsInTurret.c	17	0	0	d8234025cdfd1c6c425104cb833dd5e61fdc6ddc961f7c24a0d44722680c3075
Scripts/Game/AI/Talk/SCR_AISoundHandling.c	0	0	0	e3b0c44298fc1c149afbf4c8996fb92427ae41e4649b934ca495991b7852b855
Scripts/Game/Building/SCR_CampaignBuildingRankBudgetToEvaluateData.c	13	2	1	017fcce9afdea3f855432f1d73fa07350cdfc68f4cd5c295d947d41682a6dee6
Scripts/Game/Caches/SCR_CacheManagerConfig.c	5	0	0	d051f1d8761d51d7a87729c834db76eabfd129c20efc736e1a1048c2204b63da
Scripts/Game/Caches/SCR_CacheNoteComponent.c	36	3	3	4aff7138703f6a19a662105036d4f0b1964460091a7f9a5f3877682d850af8ec
Scripts/Game/Caches/SCR_CacheNoteUIInfo.c	21	1	0	c149714b6a0b4737e551df7413c8fc4f16ca8d274d52c906634609b83630eb61
Scripts/Game/Callsign/RoleCallsigns/SCR_LeaderRoleCallsign.c	32	1	2	563d9eafe7267721198563ed51c489ef9420ad52a9ac4d80614da41d4294850f
Scripts/Game/Camera/EManualCameraFlag.c	12	1	0	8e1165f3edcdddfa8665d266d22000f5aba86a4baf77a3de3552aebb094aa10d
Scripts/Game/Camera/SCR_ManualCameraSave.c	26	2	0	884366af16814a15c36a6b25433dff0c8d5a5e351d0596324e97b9bc768ae703
Scripts/Game/Campaign/Configurator/SCR_ConfirmBasesSignalsWidgetComponent.c	14	0	0	7ca099e927d34fbd8c0f9b3c4c3c8fc95c19d658c21482a117bfb977cffd0763
Scripts/Game/Campaign/SCR_ECampaignTaskReasons.c	16	1	0	ebdeebe7d7311b370d06367ffd60d76b0cf3050666499d2ece9415754f5a67f6
Scripts/Game/Campaign/SCR_RequestEvacuationMessage.c	15	0	0	06dc7516eb07fd33059af510ebf14e94ec0e8d7a38acaafebe2fb569f32b3ab1
Scripts/Game/Campaign/SCR_RequestMessage.c	27	0	0	07f14a6d39382fb4f192cad7f4e6ea2dcb3a395f60542c70c56adf469f42fddb
Scripts/Game/Character/Cameras/FirstPerson/CharacterCamera1stPersonFloat.c	19	1	2	51a352efd7f9777f749adb61c0c9879a174c18f78f2fcced2e6e5be815d3ef2f
Scripts/Game/Character/SCR_BushContainer.c	22	1	2	272a298d95c0fde8efb14ffaea0dd7917a10a356b21d467029de168ceaed1d9a
Scripts/Game/Cinematics/AttachPositionTrackModifier.c	41	1	0	f3816fc015cfab7f5d129f68e24f7ba05cb6bb0725bc0230d02994c06464b2f6
Scripts/Game/Cinematics/PlayNextTimelineCinematicTrack.c	28	1	3	3ece37affccaa5077ca21e23eb6807263f62dfd1313870120c47b739af448bd1
Scripts/Game/Cinematics/SCR_CinematicTrackBase.c	34	0	0	d6607c1ec1947e017b1e4c40ef75308e5e1ec8696816ab2a7fd68b593f3a429f
Scripts/Game/Cinematics/SCR_GlobalVariableCinematicTrack.c	34	1	2	4331771dd51fea42c2ce6d06bd307a3a32fe7ac4a638296e374b33b2169c2139
Scripts/Game/Components/AmbientInsectsComponent/SCR_InsectDef.c	18	1	0	7baec2a853ce6325633558a7d31524b15ee892149049a3a2da073da919ed52cf
Scripts/Game/Components/AmbientSoundsComponent/SCR_AudioHandleLoop.c	19	1	0	ecae5e1083adafdce51e7aba2a16bba9e09a1a2bce58f88ab15619af836b9a41
Scripts/Game/Components/AmbientSoundsComponent/SCR_DayTimeCurveDef.c	22	1	0	6ccc701c60f0274c848177b9c72a6ebf872d41d80c610ee85fd9d969262b436c
Scripts/Game/Components/AmbientSoundsComponent/SCR_RandomPositionalSoundsDef.c	12	1	0	8bce2e171d88c826a42c3db7ede8e45e496f3c8bb8f74b6f260a6ae87c7a0553
Scripts/Game/Components/AmbientSoundsComponent/SCR_SoundType.c	11	2	0	d0aa53a87b62ce76bcdc1f334e5ce35ae3df1680fd948f00e6ba31eb11f1b2e7
Scripts/Game/Components/AmbientSoundsComponent/SCR_SpawnDef.c	27	1	0	d041df3dc2b987c911b3ec8bdc0e7ebd1905ac35e677b3e0a6651bb457299b45
Scripts/Game/Components/AmbientSoundsComponent/SCR_TerrainDef.c	23	1	0	0872bb7517504b18564715e1079bf9fca5b82463ab7743a00c70e107f88ac790
Scripts/Game/Components/AmbientSoundsComponent/SCR_TerrainDefConfig.c	8	1	0	f3b7c72b382d90e8fb2d3157a4fae5b04873afe9ec194c9e77fcf606ec642a0d
Scripts/Game/Components/AmbientSoundsComponent/SCR_WindCurveDef.c	20	2	0	9041a775d3d7619504e606ce1783e85513047b23b0d3d0c92f8949844830efe8
Scripts/Game/Components/AreaMesh/SCR_CapturePointAreaMeshComponent.c	34	2	2	651a62ffa315137f4b418a24c5b28736db066542efc79feb8157399078c3e91c
Scripts/Game/Components/AreaMesh/SCR_TriggerAreaMeshComponent.c	27	2	2	21c73211419ca9e780b311abece6059142748cee5b86e1bfdbf5e6c6e7108974
Scripts/Game/Components/Arsenal/SCR_EArsenalAttributeGroup.c	8	1	0	9a90a51aeed4162a2dad435de7f63d42bbe69970e265fcd20690c0f54d97d718
Scripts/Game/Components/Arsenal/SCR_EArsenalItemMode.c	9	0	0	1bf8ac6b7d1d17e7ae5c1121d1b1e3a5025e60f598701c028542984f17a57d0c
Scripts/Game/Components/Debug/SCR_WBAfterWorldUpdateTest.c	34	2	3	425b2dd3ad6d5f4759a10b4499ecf900a6e930969dad6266af415fad5a7bad6e
Scripts/Game/Components/EffectModules/ModulePositionData/SCR_BaseEffectModulePositionData.c	21	1	3	2494cfb316dd5f873621220689044191bb4261b711282afc215c6bb6845ef172
Scripts/Game/Components/Gadgets/Configs/SCR_BaseDataPageConfig.c	8	0	0	258c53d43fb09e7524cac6d6b7b7b978c2815748fc81685446849358a0ab055b
Scripts/Game/Components/SCR_AmbientRadioChatterComponent.c	8	2	0	10ec86e8bc45ceb130b8f8741ffb58b5c4ff38e11ff417149f27d8ec7bb288bd
Scripts/Game/Components/SCR_NoVehicleSurfaceValidation.c	22	1	0	849f3c7148de51efc436e9e3c930d29a1a052ba6902a1d7e33ba79e8976922c2
Scripts/Game/Components/Voting/SCR_VotingAdmin.c	19	1	2	12993ad8e0d933ea7e5e5c278c4992d490d8ed8d3e2c5afb7325edaea1a3b1b4
Scripts/Game/Components/Weapons/SCR_MuzzleInMagComponent.c	19	2	1	cf14e02a28e7f99f7df844dfda3c40a411a6eeae6fc4edf8fda07aa2a3348ce1
Scripts/Game/Components/Weapons/SCR_RocketEjectorMuzzleComponent.c	20	2	1	fb936e114279064f25f55a992c1e20ef48c933f11fec8996197d05bf20af7ab6
Scripts/Game/Damage/DamageEffects/CharacterDamageEffects/SCR_DrowningDamageEffect.c	12	1	0	9975c9fcb98c21d69403b3d0dc5f0bd7fc8c126fd384c39112ca38a2f3874318
Scripts/Game/Damage/DamageEffects/CharacterDamageEffects/SCR_TourniquetDamageEffect.c	19	0	0	3056965daddabdfe547950122ed0b45338310a0cc03e9719fe88058dad94910d
Scripts/Game/Damage/DamageEffects/DamageEffectSources/SCR_BaseBulletDamageEffect.c	11	1	0	15efdf3454b29dd9499b25c5115f091c8a2669bf6d20788daef47f6df500741d
Scripts/Game/Damage/DamageEffects/DamageEffectSources/SCR_BlastForceDamageEffect.c	11	1	0	5942c8b0b079834b77015114a224395e0fc5bc4cf052e39f208a6f5cec1acc13
Scripts/Game/Damage/DamageEffects/DamageEffectSources/SCR_CollisionDamageEffect.c	11	1	0	2af94423d1bb888ffafef329f5d4e5c34b4fb8b08ffe999bb19606757ccdbd9d
Scripts/Game/Damage/DamageEffects/DamageEffectSources/SCR_ConcussionDamageEffect.c	11	1	0	714c25d1d3015ffb756c61e19b155a56e51a88d85df808d00a8bc70fedf93d86
Scripts/Game/Damage/DamageEffects/DamageEffectSources/SCR_CriticalExplosionDamageEffect.c	11	1	0	c6abf0bc0fa1c1109cd12b5ac91648c1e1c80ed795e48720fc06104ab3e36e4f
Scripts/Game/Damage/DamageEffects/DamageEffectSources/SCR_ExplosionDamageEffect.c	11	1	0	a7d2a2cd743281c687927612a7f929ae863d95b6912bb075af0a7520c43418ed
Scripts/Game/Damage/DamageEffects/DamageEffectSources/SCR_FragmentationDamageEffect.c	11	1	0	2f5113590c251420e3c455c68f72f77c21290bc9451c4979b08acd9fbf023fcb
Scripts/Game/Damage/DamageEffects/DamageEffectSources/SCR_GameMasterActionDamageEffect.c	10	0	0	d60b75beabe717285aa2d3fdfbe4f8dc1e9dc136cc74658dd319d962a726dfd5
Scripts/Game/Damage/DamageEffects/DamageEffectSources/SCR_IncendiaryBulletDamageEffect.c	11	1	0	c44b623858b38a0c8dd9cbccd95c2b7160c0c4763c85b406c757a12fc3825a9e
Scripts/Game/Damage/DamageEffects/DamageEffectSources/SCR_IncendiaryDamageEffect.c	12	1	0	cd0cdedad9699042054b90b372c5f107d17754d79ca8b42b91b1a864e3dacbfe
Scripts/Game/Damage/DamageEffects/DamageEffectSources/SCR_MeleeDamageEffect.c	10	1	0	8dd60a95cb62ab1bbbb0ec52eae76f1f80eac177e1b5cdfb20d6725d9ca1eed1
Scripts/Game/DataCollection/SCR_DataCollectorComponent.c	0	0	0	e3b0c44298fc1c149afbf4c8996fb92427ae41e4649b934ca495991b7852b855
Scripts/Game/Destruction/Building/SCR_BuildingDestructionConfig.c	32	1	0	43e818c025b0639a7c92d31aa702d09b8f4047923f0ba3d2f36e44e11784c186
Scripts/Game/Destruction/Building/SCR_BuildingRegionSetup.c	14	1	0	4c3d532fd141f7798dab9fe260e428f3baed5440e960b6acf0d7b9dfd9774159
Scripts/Game/Destruction/Building/SCR_BuildingRegionSetupMulti.c	7	1	0	78ae69a88b67919eb3833c8478232a4055d5d941059be522804620d62c7d798f
Scripts/Game/Destruction/SCR_DamagePhaseData.c	16	1	0	079dcdb3559b36430b6c8004cebc9d77bc241e62d1a626e2e2e6b1ce384ebfcc
Scripts/Game/Destruction/SCR_DamagePhaseTitle.c	10	0	0	80b957b9e24ee07456b40dac0e34f26be61f019287a8d3eea6d254a9c89da94b
Scripts/Game/Destruction/SCR_DamageRemapData.c	10	1	0	f7ae3b1ef14de2e389fa9f6722040aa48c284005e509a0c74e98db8174a6c8f4
Scripts/Game/Destruction/SCR_DestructionHeatmapEntry.c	19	1	0	0584202a8e5f6f36ea5dfbd44341601ac88b036b6d5829b4b8229f1cadcf682a
Scripts/Game/Destruction/SCR_DestructionHeatmapRegion.c	32	1	0	67b0206d7661a3184465af6c55f863462519dfde499dc9cf119b90c1d39640ab
Scripts/Game/Destruction/SCR_DestructionManager.c	18	1	1	25f1cff98dde850882fc1d46c68415eb053336bf3c26a9c3da79e9c5a71cfcfb
Scripts/Game/Destruction/Temporary/SCR_LargeDestructibleEntity.c	11	2	0	d66e5cd368893b83e86edd163de60ce1b65bf2a7025394cd9fc1ea6a31b84944
Scripts/Game/Destruction/Temporary/SCR_SmallDestructibleEntity.c	13	3	0	860795c5a7624456700655a73fdce0bbf641913be3801ddc384a34e9b427c3bf
Scripts/Game/Editor/Containers/Actions/ContextActions/Placeholder/SCR_AttachToParentContextAction.c	18	1	4	d923cd76a2de083460bb790f6c20706ea8711a81726543602ff428de7f8b066e
Scripts/Game/Editor/Containers/Actions/ContextActions/Placeholder/SCR_CopyAttributesContextAction.c	18	1	4	8ae6e3571e72ad9419525ca2ae42436c46a644a76e8ded487a09ffd1897f5539
Scripts/Game/Editor/Containers/Actions/ContextActions/Placeholder/SCR_CopyIngameTimestampContextAction.c	18	1	4	bd31588968a039cf42486732202dcc7777b2d109345d942e9be4fab8c62f4fda
Scripts/Game/Editor/Containers/Actions/ContextActions/Placeholder/SCR_CopyPrefabNameContextAction.c	18	1	4	ba045b25403f01aa6875c4d7eccc731f04c486b6364f094e686720d7d738c738
Scripts/Game/Editor/Containers/Actions/ContextActions/Placeholder/SCR_CopyServerTimestampContextAction.c	18	1	4	ad07a03c2d1c1c8cdba943714a278c0ae3f5428d0cc8ccdc3a58941bb46425b5
Scripts/Game/Editor/Containers/Actions/ContextActions/Placeholder/SCR_CopyWorldPositionContextAction.c	18	1	4	f9679f4d21a7dc4a408dfe20d1af835d3a8641a6886f6d439b26258d3a84435c
Scripts/Game/Editor/Containers/Actions/ContextActions/Placeholder/SCR_CreateLayerContextAction.c	18	1	4	2e2de5f27228eebb28e718a0d417eb3f5d9c7c0e6a4452c1d7e814fe396f2c72
Scripts/Game/Editor/Containers/Actions/ContextActions/Placeholder/SCR_CycleContextAction.c	18	1	4	5a770f3850b0525ce5fd16c15f4efa0e74f15d8b8ae03872d92c1896d7d25fb1
Scripts/Game/Editor/Containers/Actions/ContextActions/Placeholder/SCR_DeleteContextAction.c	18	1	4	c73776db750de557d7c3a4524ab560a74bf43a715fe6c68a2ff1051c7b6180fa
Scripts/Game/Editor/Containers/Actions/ContextActions/Placeholder/SCR_DetachContextAction.c	18	1	4	908a22217399de825067993e7652b6250b14b8ee1a7dda5e9424a2e04cbbb1b5
Scripts/Game/Editor/Containers/Actions/ContextActions/Placeholder/SCR_DisableSimulationContextAction.c	18	1	4	28cd1ffaae78dfbca86f99a09ae20293df44d3179587f1f80bbdf0b010097c58
Scripts/Game/Editor/Containers/Actions/ContextActions/Placeholder/SCR_EnableSimulationContextAction.c	18	1	4	95cddbe8190b3610e2733e28f96f5c2ccd29ee035a4a969e6d8aa531a9f94f2a
Scripts/Game/Editor/Containers/Actions/ContextActions/Placeholder/SCR_FillVehicleContextAction.c	18	1	4	dfe51665bea4fb34d61e87ee2c0b6be62859eb6185e9c1967cad515caf6f0b7c
Scripts/Game/Editor/Containers/Actions/ContextActions/Placeholder/SCR_FindInWorkshopContextAction.c	18	1	4	66f3aeee8801d02829d303cfb243a57e2e0f10680b0f892156d0235a02602af2
Scripts/Game/Editor/Containers/Actions/ContextActions/Placeholder/SCR_HideSelectionContextAction.c	18	1	4	b48606b2332daf04bfa078bb33252245fcaf47392f3bcaa297cd5f2858edba29
Scripts/Game/Editor/Containers/Actions/ContextActions/Placeholder/SCR_LockLayerContextAction.c	18	1	4	3069797689b6b8cc0409fccfcfc5ea12fccd53bf2caf1e9d75c0fe7bc3696e6e
Scripts/Game/Editor/Containers/Actions/ContextActions/Placeholder/SCR_MoveInFormationContextAction.c	18	1	4	94dcb72af1d1dbbaf1429e840f91d3549c4992ff1521acc88d674301f53b004d
Scripts/Game/Editor/Containers/Actions/ContextActions/Placeholder/SCR_MoveToFlightAltitudeContextAction.c	18	1	4	1ebb6592c13a800c9df1641611ddff09ba834b58c907ff28d7fecdefb305d128
Scripts/Game/Editor/Containers/Actions/ContextActions/Placeholder/SCR_MoveToSeatPositionContextAction.c	18	1	4	44cd9c895f02dee40cf45d23d3a303c2f160936d3e810fc71ba184b2db2a24ac
Scripts/Game/Editor/Containers/Actions/ContextActions/Placeholder/SCR_PasteAttributesContextAction.c	18	1	4	e932ed0de79ef9ba1d409ec4e8a8a5a5607f497fd0a3fcdeb66562a50ac32df6
Scripts/Game/Editor/Containers/Actions/ContextActions/Placeholder/SCR_PasteOnOriginalPositionContextAction.c	18	1	4	50b62bec1a84a4047093a9ddeca93a6ce7d44a12169f94e4989bc31f0a470d43
Scripts/Game/Editor/Containers/Actions/ContextActions/Placeholder/SCR_PatrolContextAction.c	18	1	4	c9b4452b930ce29883bd72f49e14bc3f7607a3ea58ab84440e46603ded07006d
Scripts/Game/Editor/Containers/Actions/ContextActions/Placeholder/SCR_RefuelContextAction.c	18	1	4	05a79e0ba8b4d9dbaff24227687ff7c4debda8a11ff94690865f0e70716230e1
Scripts/Game/Editor/Containers/Actions/ContextActions/Placeholder/SCR_ReplaceWithContextAction.c	18	1	4	b268a0047555f459132b03fa8753dcc1d2f48ac92a2b91a61b1ab59bba87e0ec
Scripts/Game/Editor/Containers/Actions/ContextActions/Placeholder/SCR_SelectCrewContextAction.c	18	1	4	b1ff77f496e462cdd80a8f430caf3aa95a4ae9fd69822d524be99a0eb209996e
Scripts/Game/Editor/Containers/Actions/ContextActions/Placeholder/SCR_SelectOccupantContextAction.c	18	1	4	1375ef8e7162e892d559cdbe72a5890b404940122e0424dab6a9f6eb512d7999
Scripts/Game/Editor/Containers/Actions/ContextActions/Placeholder/SCR_SelectPassengersContextAction.c	18	1	4	531918fdb7c5c9bb7a8aebac33e71abfc8f55d55101f7718f2fdf62d9dbd3ffe
Scripts/Game/Editor/Containers/Actions/ContextActions/Placeholder/SCR_SetAsLeaderContextAction.c	18	1	4	156fa192885ba2b0671cb5f396a9f25603ff6d06cf8ee9a86d0e2bba408f0f69
Scripts/Game/Editor/Containers/Actions/ContextActions/Placeholder/SCR_ShowSelectionContextAction.c	18	1	4	040e486274d6408f58d445590bbc084fe78a13120e0fde402eedf9178e23c9a5
Scripts/Game/Editor/Containers/Actions/ContextActions/Placeholder/SCR_SpawnPassengersContextAction.c	18	1	4	c4b700a2d95fdf2935c238b908551eb66b42dd58c89693972e984d9169aa7a2c
Scripts/Game/Editor/Containers/Actions/ContextActions/Placeholder/SCR_SuppressContextAction.c	18	1	4	790d07c62981687a21a4f573e87325c2c180221c46b9b5b954e773c96abca186
Scripts/Game/Editor/Containers/Actions/ContextActions/Placeholder/SCR_TransportContextAction.c	18	1	4	e2d7519c7ff4c68432a489a5238516365b0b6ed63f54aba76264e616196a8b32
Scripts/Game/Editor/Containers/Actions/ContextActions/Placeholder/SCR_UnloadContextAction.c	18	1	4	a3badc7cd694b54fc8f949211c235e2c78e676a98e1642a042345df3b64c35df
Scripts/Game/Editor/Containers/Actions/ContextActions/SCR_CutContextAction.c	18	1	4	98d8177e8c207102eeb0e8e8f62fe0ea164bf6b4ba854237b96a816fa3111309
Scripts/Game/Editor/Containers/Actions/ContextActions/SCR_GetInContextAction.c	18	1	4	66b5ddf070a72d88755e1508686ebedded0abc0e1a28f20d18bf4e466d447db1
Scripts/Game/Editor/Containers/Actions/ContextActions/SCR_OrientToSeaNormalContextAction.c	28	1	4	789f1708f6b6c4184b8ca4e7d874554b331af51e760dd3ec0646c396899f0cd0
Scripts/Game/Editor/Containers/Actions/ContextActions/SCR_OrientToTerrainContextAction.c	27	1	4	2fc52b2c16f9ea665a5bde880f722882984933dc1f17ca6c00891e7c26871b55
Scripts/Game/Editor/Containers/Actions/ContextActions/SCR_SwitchCameraToContextAction.c	18	1	4	a89ecafa33622f90a9b98a960e223c0fed1b3042daa9c12b621f36a67245192b
Scripts/Game/Editor/Containers/Actions/ToolbarActions/SCR_DeleteDestroyedToolbarAction.c	27	1	4	9724cb79168dab13dc8d24cdaf74a20bb75104f93b32990af2e861e2dc5d2d6b
Scripts/Game/Editor/Containers/AttributeVariables/SCR_BoolEditorAttributeVar.c	35	1	0	5b01701afd39b3fee233b0b7ae2e488411ae7f1c5cc97c549ad9e73246cd1074
Scripts/Game/Editor/Containers/AttributeVariables/SCR_FloatEditorAttributeVar.c	35	1	0	624a157b1bb615011d91c130b86eea973e4ddd6105de5dff883f4370a84fffea
Scripts/Game/Editor/Containers/AttributeVariables/SCR_IntEditorAttributeVar.c	35	1	0	505e1c12c52ee4466d1c435d2ebd6f9547f8ed346878cab79538496a17b20af1
Scripts/Game/Editor/Containers/Attributes/DynamicDescriptions/SCR_BaseButtonAttributeDynamicDescription.c	19	1	1	5e8cdd56a5bc689db4cc31706c41b4e0ebbba52e2356378e508ef7a8422dea1c
Scripts/Game/Editor/Containers/Attributes/SCR_ArsenalWeaponRackEquipmentEditorAttribute.c	5	1	0	cb41311d8707de5ff22ae3ab563fe9028b65690718556d4098d7668b4b5fc7af
Scripts/Game/Editor/Containers/Attributes/SCR_FactionLoadoutEquipmentEditorAttribute.c	5	1	1	c98126b72c6fdd00a6c6b41102977601cff02fa782b305d8e55745db01c9c68d
Scripts/Game/Editor/Containers/Attributes/SCR_FactionLoadoutOutfitEditorAttribute.c	5	1	1	d72ec4912b1dae26bd1504f0859419a54fcd7bb67a099725e3727eedaff615dd
Scripts/Game/Editor/Containers/Attributes/SCR_HealthOtherEditorAttribute.c	10	1	1	ef953bfe693954ac8f3505fae197c46f799a90b84f3480b149b7afe444223ba5
Scripts/Game/Editor/Containers/Attributes/SCR_LogoOverlayEditorAttribute.c	15	1	2	bcc8059e7577209ebb29ddc4d84bb3d31e04ee6d704ad4a1964e4d61a89cb577
Scripts/Game/Editor/Containers/Attributes/SCR_PlayerBudgetAIEditorAttribute.c	10	1	2	25350f8a90f491b72d375cd9a8cf43f28334eabd9438d4aae8765d648cd6d3a9
Scripts/Game/Editor/Containers/Attributes/SCR_PlayerBudgetAIEnableEditorAttribute.c	19	1	3	7cc04bb18ed10fc6b6d503a90f96f75626fde6de0bc03febf9252d95ff081de4
Scripts/Game/Editor/Containers/Attributes/SCR_PlayerBudgetPropEditorAttribute.c	10	1	2	3ff372015988f403997fc6a0ddfafc74f3b5afbf42dc95c5b9c21527b7877245
Scripts/Game/Editor/Containers/Attributes/SCR_PlayerBudgetPropEnableEditorAttribute.c	19	1	3	f8cd8d036aab45909669f3a7685cac7b76765f64a6cca7e7ee0266748f4296d3
Scripts/Game/Editor/Containers/Attributes/SCR_PlayerBudgetSystemEditorAttribute.c	10	1	2	5b81015ed43b6aa92a4126a5d8f2832dfdc2999161bfee8c61af93602b5401e9
Scripts/Game/Editor/Containers/Attributes/SCR_PlayerBudgetSystemEnableEditorAttribute.c	19	1	3	94769832f5365a1aded7c9cc9e2f85f7612939efb17d06cdf2a46d4da558d655
Scripts/Game/Editor/Containers/Attributes/SCR_PlayerBudgetVehicleEditorAttribute.c	10	1	2	d483d44dfb4aec175b8c405da37067783b0255c3425d75ba221125c7918a3693
Scripts/Game/Editor/Containers/Attributes/SCR_SetEnableDamageEditorVehicleAttribute.c	18	1	3	3b38617e334b9bef57aef45ffea831c7175049d72f6fd5a523cd696e8030a8d5
Scripts/Game/Editor/Containers/Attributes/SCR_SetSuppliesVehicleEditorAttribute.c	10	1	1	ea5a322975db77cd2bb3ae6f18836c100475fcc86fd49dbb30ab3176895160a7
Scripts/Game/Editor/Containers/Attributes/SCR_SupportStationEnableFuelEditorAttribute.c	8	1	2	4106d100aba4198a08182cf8fde5001366532aaa5e2902cdc37ba327435d6f06
Scripts/Game/Editor/Containers/Attributes/SCR_SupportStationEnableHealEditorAttribute.c	8	1	2	87a576bde205b3544a1316fc91e661485725747fb47c8fc91e91628254425888
Scripts/Game/Editor/Containers/Attributes/SCR_SupportStationEnableRepairEditorAttribute.c	8	1	2	b03809d7043422c30219935a6f96d28526d350e00e63fce4f0e577b9413a073b
Scripts/Game/Editor/Containers/Attributes/SCR_TaskTextCustomEditorAttribute.c	5	1	1	4c019a598686b95a9db926f789a30f3656fed66bb0d6b67b0b0684b10456f9d3
Scripts/Game/Editor/Containers/Attributes/SCR_ValidTypeBaseEditorAttribute.c	23	1	1	11b63d87404af7e7f99f47beb29aefc2864f7fe05342ffc500f5e8d83cd085b8
Scripts/Game/Editor/Containers/EditableEntityFilters/SCR_EntityTypesEditableEntityFilter.c	15	1	2	5d63e39049e0029c19c3a0165058f2b6ef8d25108db63fd64743ecd2d3d0ad17
Scripts/Game/Editor/Containers/Interactions/SCR_EditableGroupInteraction.c	12	0	0	2a5b00b7f1fdc2bd9b5ae539965211456bcd217898891e91ccae51f78cc29963
Scripts/Game/Editor/Containers/PlaceableEntities/SCR_PlaceableEntitiesGameModeRegistry.c	25	1	3	ed6f2ae6a48726abf4c6e644e89f8c0b1c5ab0bd30fae73fadfcb02d262e10fb
Scripts/Game/Editor/Containers/Texture/SCR_BaseTextureResource.c	12	1	0	22f160f4d1810ce3864129a68f67ce3cc410cbce66d70b9a1837d3cbda29b171
Scripts/Game/Editor/Containers/Texture/SCR_ImageSetResource.c	23	1	0	9bdbf2fe24c70eed61334840bbf0e8db35c42c59e4e8d339f3a78b72fb3835ee
Scripts/Game/Editor/Containers/Texture/SCR_TextureResource.c	19	1	0	75ec107668d7216f149ada9882065099902deebfc4ef1d88d922f8fb8598d56f
Scripts/Game/Editor/Containers/Tooltip/SCR_EntityTooltipConfig.c	22	1	0	559f630c10fa3290bb92540b86c1f3381284af3734a2d7b8c52291d0108b1783
Scripts/Game/Editor/Containers/UIInfo/SCR_BlockUnequipItemHintUIInfo.c	17	0	0	a7f6474899e70450ed8131a29155fd5e21151cd3ff5e872cdf0ad11b945af86c
Scripts/Game/Editor/Containers/UIInfo/SCR_ColorUIInfo.c	31	2	2	43172aaf778153f5a3223c977eeb22c15cc8be07ced42b5cddcec09c5581b83b
Scripts/Game/Editor/Containers/UIInfo/SCR_ColoredTextNotificationUIInfo.c	15	1	1	37c8cc80495de43e08d22a96579c1b7ea3ae36f1e7cda9df6f4a1f8fcb39743c
Scripts/Game/Editor/Containers/UIInfo/SCR_PlayerSupplyAllocationItemHintInfo.c	26	0	0	b6b52d911b08f7286f7be4da1884b1243770ff44f4936cd34aac2792bbc9fe4b
Scripts/Game/Editor/Containers/UIInfo/SCR_PlayerUIInfo.c	29	2	3	c03d0796cfa8df897d37cc967e951825388df7c1e8a25db218bfed843bb2af70
Scripts/Game/Editor/Containers/UIInfo/SCR_SupplyCostItemHintUIInfo.c	27	1	0	a7f8d01e79e2cbccd69fc3c1a1bb23ce8c08a8ca9c300a6cab02f41b557e4373
Scripts/Game/Editor/Docs/Editor_Radial_Menu.c	4	0	0	4fe4a042880eebaaac2c656ce2b10795d115e7689b1d9e98f139f860139dad0f
Scripts/Game/Editor/Entities/SCR_EditorPingEntity.c	15	2	1	2d95764855d5da24c6ac2a9ac6bed3e98c93d0e9b9862b8a77f7e65411dbaa28
Scripts/Game/Editor/Enums/EEditableEntityBudget.c	26	1	0	13708ae412ba65a2dc2d516ebad2302c556dcdd4653224a272793a92ae390f44
Scripts/Game/Editor/Enums/EEditableEntityHighlight.c	7	0	0	3154be89ce1f45c0b6e50b7aa3365d98301207c38e5ce822cfb3cfc7202331c7
Scripts/Game/Editor/Enums/EEditableEntityInteraction.c	11	1	0	df18cac4465f8989ea6b047290398b714468e465f00bce087b51efa8df536b15
Scripts/Game/Editor/Enums/EEditableEntityRegister.c	15	1	0	2fd06a0cb449da6cd373f02b632156da13ad96338fcd7a29b3dcd18503bcb54b
Scripts/Game/Editor/Enums/EEditableEntityType.c	16	1	0	72088592525e2b15cd2f21dbb4b0e9b1a7584c71e5325491a509cbe323f37f49
Scripts/Game/Editor/Enums/EEditorAttributeMultiSelect.c	9	1	0	74de1d3ff7d22ec61c9ff3f4466500ecf978fbaacdbcefbfeb8995d06324b2d1
Scripts/Game/Editor/Enums/EEditorCanClose.c	8	1	0	e1581ffd1b66d3a4f902005d27473b2c3fcef72f9a7927229baaf49134dce663
Scripts/Game/Editor/Enums/EEditorCanOpen.c	10	1	0	0ab9251eda18847047c18e7ef8c2ba3f08776050265e781431be1f323f1ac527
Scripts/Game/Editor/Enums/EEditorCommandActionFlags.c	10	1	0	7e1fd03d94c97f6f88f7d2d58bb8b8d6d7c2923d4eb7cc1ef7e0fbe4a79e9c9c
Scripts/Game/Editor/Enums/EEditorContextActionFlags.c	6	0	0	bf5579042983a6e3c41350d85e64281c0b616d2153b8e2ce6c1985d23b2e8fad
Scripts/Game/Editor/Enums/EEditorCursor.c	21	1	0	c5d1752bc8e247c00ab1454ab33867989fd341c765802d9235a1f05fdbd2e0ce
Scripts/Game/Editor/Enums/EEditorEvent.c	27	1	0	e9be2e2388f3ea23983e26906e7bf0e210decfa06b24b5ff2d47afee076f3548
Scripts/Game/Editor/Enums/EEditorEventOperation.c	18	1	0	ac7aa19d9d2b39fab46f136c757280d9f71ab148bf6d88696181861a93e1dec6
Scripts/Game/Editor/Enums/EEditorMenuOverlayLayer.c	13	1	0	d61a74675e81dd50fd8ac6359f6a3fc3f0e31ee4eef8a0b0f7864c1578f04f8c
Scripts/Game/Editor/Enums/EEditorMenuOverlayRoot.c	9	1	0	27191988fe9afd22ed3741f391e8e25a4dee2ac74413431c18f36f3ed6c080e2
Scripts/Game/Editor/Enums/EEditorMode.c	13	1	0	92927ae6f1c19cdaf1807afc19c877742b523ab1c9b0787de976b25b702a09b3
Scripts/Game/Editor/Enums/EEditorModeAccess.c	6	0	0	b9a40113204316ac63417e644137894d6169f378eaee0e7896e03af5cdafc612
Scripts/Game/Editor/Enums/EEditorModeFlag.c	10	1	0	6d9330ad138a549249a037ddf36576c44d25f149aa93be7a1973f8c2a44d2485
Scripts/Game/Editor/Enums/EEditorPlacingFlags.c	10	0	0	65a327b3be7fcd2bfc2c1d371ccb421a4fb962221afbf924aae67010492b1a48
Scripts/Game/Editor/Enums/EEditorRadialMenuType.c	9	1	0	bca49c17ad5a2baa32e04cfc0a32b17608932ff0ba987a9eee35463bdc96fd76
Scripts/Game/Editor/Enums/EEditorState.c	9	1	0	5cb64c08e14a4970747892c17b0ca342d3193e25b4e14e1a36ff4e94e5ed496f
Scripts/Game/Editor/Enums/EEditorTaskCompletionType.c	9	1	0	8b366e66170d5cd8e8744ae2e39542378646803e7e7ecd5de64944ae3a328923
Scripts/Game/Editor/Enums/EEditorToolbarActionFlags.c	4	0	0	618a76c459d5a2d4247b440c829de45b499d1cec9ae2df6f882ad3f9969a7bef
Scripts/Game/Editor/Enums/EEditorTransformSnap.c	10	1	0	94c81611cc6cb117dfe09b29a08c6091fb07784a1c21c4401b89c7505a8fef03
Scripts/Game/Editor/Enums/EEditorTransformVertical.c	10	1	0	fc8bed5f08ea631a30026eb230ef694e80e01333833667f485b9ca0684076e9d
Scripts/Game/Editor/SCR_EditorPersistentData.c	7	0	0	078e1f1613faf925ab797ed069b4318401b6ce93412fe73a1282b376349aab4d
Scripts/Game/Editor/UI/Components/Attributes/SCR_GameOverTypeAttributeUIComponent.c	12	1	0	fadca868b4bebef656896b74630453ad9e40031afc6b6e21c37c740dcfe2b84b
Scripts/Game/Editor/UI/Components/Attributes/SCR_OverrideEditorAttributeUIComponent.c	3	0	0	e880ef1d754c5cc6febde209908366c1fdf73a6406812e5c65b70ee93445acdc
Scripts/Game/Editor/UI/Components/Attributes/SCR_TimePresetsAttributeUIComponent.c	30	0	0	8d968d0984b736c81a086d02a5b842ef1f1980c301f271929729e37d7ea59472
Scripts/Game/Editor/UI/Components/Attributes/SCR_VectorSliderEditorAttributeUIComponent.c	26	2	1	6d78e4aa66090298ea1d2bfe4d8c1485daa241e48e51633a22cabd093c9f0786
Scripts/Game/Editor/UI/Components/EditableEntityFilters/Effects/SCR_DisabledEntitiesEditorUIEffect.c	10	1	1	59efd607225549c4f1ec562de56da5331d92745d8eff65cb8b542963c87f7205
Scripts/Game/Editor/UI/Components/Modes/SCR_AdminModeEditorUIComponent.c	4	1	0	90bc07f8a30cded99f88d930b6e4fdbc7cf982b83fd8d38afef6beaa27784cc1
Scripts/Game/Editor/UI/Components/Modes/SCR_BaseModeEditorUIComponent.c	9	1	0	fcd6711b34d5dc8063c0b496a34c8cc0c65cb3d3a8fa772cb228dc535f77ecf2
Scripts/Game/Editor/UI/Components/Modes/SCR_CommandModeEditorUIComponent.c	4	1	0	699894074729f46a15ecc9d22248b3e6e9958885e89618d21e5056ea0577ddd6
Scripts/Game/Editor/UI/Components/Modes/SCR_EditModeEditorUIComponent.c	4	1	0	57d1cad2a70f21994c36a897becf21e5092ad53087a743bef4009fba07006337
Scripts/Game/Editor/UI/Components/Toolbar/Items/SCR_FactionsToolbarItemEditorUIComponent.c	4	1	0	6d1c06940e0a3e54e044da70c20a7662b47235c1c9880d6b0f8f9034e0928428
Scripts/Game/Editor/UI/Components/Tooltips/Tooltips/Details/SCR_GridTooltipDetail.c	23	1	2	c5e30642d00a0d171e1550c92cb73c0d007b5fc1faa3c6e69cd1b01499d4058c
Scripts/Game/Editor/UI/Components/Tooltips/Tooltips/Details/SCR_GunnersTooltipDetail.c	5	1	0	f0b098d77be325e41c3b9c35ec166041cd651a692eeacff1446abb626414526d
Scripts/Game/Entities/Campaign/SCR_CampaignRadioMsgWhitelistConfig.c	21	0	0	53ef8e035be0bceb4bba411f6c5dd55feac588d9f5e8b38629dc05225455509e
Scripts/Game/Entities/Power/SCR_EPoleCableType.c	17	0	0	bcaec77024adebc039439ecf7aa8976d54108bb8acf0abd478b72f4739f5dc48
Scripts/Game/Entities/Power/SCR_JunctionPowerPole.c	11	2	0	3e85304166cdab12a518c3c8a006afdfb88d43d9b1f8c3357157cd415aac4aef
Scripts/Game/Entities/Power/SCR_PowerPoleSlot.c	20	3	0	d252cd29f50ed1e2c5e437b639dae86f5d53f72cc618785d7a3100bd387c02f5
Scripts/Game/Entities/Preview/EPreviewEntityFlag.c	13	0	0	65dc381396b4c2bb7f7463c51fbaa7f60d2cdf52b817543bf0a24e7bbbee7a22
Scripts/Game/Entities/Preview/EPreviewEntityMesh.c	6	1	0	0566549a5102575b145a49b85d51c86a51091ba3092f33f751204cbfef9b95d2
Scripts/Game/Enums/EAICombatPropertiesComponentTraits.c	7	0	0	22205351b9157d5281756a5eccf0c1727879e9b69da88bd07a197578957b1267
Scripts/Game/Enums/ELoadoutOccluderType.c	14	0	0	b0933b4966c257f462a3a3c2fadd767697f39960c0c12dc2062bc8be0e0373eb
Scripts/Game/Enums/ETagCategory.c	4	0	0	1cd8ff087c62cf724b992fa1c615348de95991ab82250a67674e24fdeb0324d5
Scripts/Game/Enums/SCR_EBoxSide.c	14	2	0	44a163f8675236fad3b8151dce8c938c30defb3c767c4b10c5e7bd1fe801b1b8
Scripts/Game/Enums/SCR_ECanCallEndGame.c	4	0	0	1b1d1b691feffe43620ed1fc4e89122b8a54b7eb64e2ac658c09650672b2ded1
Scripts/Game/Enums/SCR_ECharacterDistanceMeasurementMethod.c	8	1	0	077f44b1c6e721190487023fcf7bbc4a209bbb50100afa16cfcc3c710ca835c8
Scripts/Game/Enums/SCR_EFireModeChange.c	9	2	0	3c1104916bda74e01a98b069ccfe37a3731a84bd3dbb083253b77fa3652fd01b
Scripts/Game/Enums/SCR_EPlacementType.c	3	0	0	bbf852cf67fc0bfc79eb5189b1fa4d96c62846de067f7aa9876cbdb74c7c0feb
Scripts/Game/FactionCommander/MenuHandlers/SCR_FactionCommanderMainCommandMenuHandler.c	10	1	0	861ff1659d8614ad07c8da3ae7ed1e5adce1968ed7485b832107ce8bb7f3ff44
Scripts/Game/GameMode/PrefabsSpawning/SCR_BasePrefabCategory.c	23	1	2	d62f60e444b2b68c479e617620ccdd0be4ea693fcaca9e6e1b2b250a44b98b15
Scripts/Game/GameMode/PrefabsSpawning/SCR_PrefabCategory.c	13	1	1	67327595cc75b6ddff227d06706d5712277b5336b0660ac56e550d7c0f26696f
Scripts/Game/GameMode/Respawn/SpawnPointRequestResult/SCR_AnyInvalidSpawnPointRequestResultInfo.c	11	1	1	aafdd45335fd79e780110cbb9d0cb8f228cb80a19f75daec5e33209e4190f4ae
Scripts/Game/GameMode/SCR_ECharacterDisguiseType.c	11	1	0	6a82afe8f0a813ffb52e663f475f73c958dacac7b9d4c147a27afbdfda7580a6
Scripts/Game/GameMode/Tutorial/Logic/SCR_EFakeBaseServices.c	12	0	0	b8632e7700f1e36290dbe11c64aee8feca69b2f0a46c6908f1c192d8db01f7e2
Scripts/Game/GameMode/Tutorial/Logic/SCR_ETutorialArlandStageMasters.c	17	0	0	8187e5c68c30b1893f747c98e4d4bbef795a7ce39cc484a82a3689e391bf81a5
Scripts/Game/GameMode/Tutorial/Logic/SCR_ETutorialArlandSupplyTruckWaypointMode.c	7	0	0	8d99bf21b26a9cfee8a3904bc60258228f6814afbad9a98432b4c61bea9322ef
Scripts/Game/GameMode/Tutorial/Logic/SCR_ETutorialBreakType.c	7	0	0	cc4532ab9008992870d642add44b622c8417b4879bfa4b0ad02dd0d9e7f665ad
Scripts/Game/GameMode/Tutorial/Logic/SCR_ETutorialCourses.c	20	0	0	2116244bfbc192c9e2af56ed0726d4826eb5dfaf960fced221a3fc6773f4f2c2
Scripts/Game/GameMode/Tutorial/Logic/SCR_TutorialInventoryItemSearchPredicate.c	10	0	0	18df1f7f758525d35e63825f9058097c5d1e2a5bc81e265c28642edab3493729
Scripts/Game/GameMode/Tutorial/Logic/SCR_TutorialInventoryPrefabSearchPredicate.c	17	0	0	86a4a410ff5a28c0ca6c0a01117a78bfdee467f2f77c8b12b9f71cc575cb92c0
Scripts/Game/GameMode/Tutorial/Stages/CombatEngineeringCourse/SCR_Tutorial_CombatEngineering_END.c	23	2	3	1bb5ee0d9d8cc6a1c7e7895bbea96b0f74202ff99fc5debf195230f39e0aaf60
Scripts/Game/GameMode/Tutorial/Stages/CombatEngineeringCourse/SCR_Tutorial_CombatEngineering_SpawnEntity_1.c	22	2	3	96e2f1f2d12f329613119948cd9f4742d61b298fafc92d36c16e3fdab4418b91
Scripts/Game/GameMode/Tutorial/Stages/CombatEngineeringCourse/SCR_Tutorial_CombatEngineering_SpawnEntity_2.c	27	2	3	75f2275bc816eb4f42e8f0b0e7f962b125a419dccf63de725a78b9e8861b0bb0
Scripts/Game/GameMode/Tutorial/Stages/Conflict/SCR_Tutorial_Seizing_END.c	23	2	3	0aa7d01c64acf4ebaa64596eb052464b18fe4727af5e37e58a6aac53cfd0fbd4
Scripts/Game/GameMode/Tutorial/Stages/Conflict/SCR_Tutorial_Seizing_OpenRadioMenu.c	0	0	0	e3b0c44298fc1c149afbf4c8996fb92427ae41e4649b934ca495991b7852b855
Scripts/Game/GameMode/Tutorial/Stages/Conflict/SCR_Tutorial_Seizing_Place_Antenna.c	15	2	2	9161322cdfcae128f39966c0daf437937a5a295b3583edce07ccf42fd8efbcfb
Scripts/Game/GameMode/Tutorial/Stages/Conflict/SCR_Tutorial_Seizing_TAKE_RADIO.c	0	0	0	e3b0c44298fc1c149afbf4c8996fb92427ae41e4649b934ca495991b7852b855
Scripts/Game/GameMode/Tutorial/Stages/DrivingSimple/SCR_Tutorial_Driving_DRIVEROAD10.c	20	2	3	87087a3f0fb80ac5e25a9304c0933e0bc07be4ea80f09da4f60035c4cb2c707d
Scripts/Game/GameMode/Tutorial/Stages/DrivingSimple/SCR_Tutorial_Driving_DRIVEROAD11.c	20	2	3	cb8d8f37274dbfc6c81f297d976b3a61bc6d118d15028729ab629379bc686212
Scripts/Game/GameMode/Tutorial/Stages/DrivingSimple/SCR_Tutorial_Driving_DRIVEROAD2.c	21	2	3	050f717b95688ad12c02c3924e189435cf3ed010250734f460b0c0e21df64a33
Scripts/Game/GameMode/Tutorial/Stages/DrivingSimple/SCR_Tutorial_Driving_DRIVEROAD3.c	20	2	3	327cdb91e45acd026bcc4a3d4d5f6aaa8402e02e40f74a28eefb1e45cb8a9964
Scripts/Game/GameMode/Tutorial/Stages/DrivingSimple/SCR_Tutorial_Driving_DRIVEROAD4.c	21	2	3	b7716d5f170f708c0b8f1d9cd7264e2d5fec9966f10531565b1dcdd9da020449
Scripts/Game/GameMode/Tutorial/Stages/DrivingSimple/SCR_Tutorial_Driving_DRIVEROAD5.c	23	2	3	8b0cee7f33ab065f6f309df16d564dd71f78a23ab9a8bbbb27b73142e033dd78
Scripts/Game/GameMode/Tutorial/Stages/DrivingSimple/SCR_Tutorial_Driving_DRIVEROAD6.c	20	2	3	dfca937a221b1eca005faec427c30dc97de60ecc7b1047a02f9efeb7f7d9e226
Scripts/Game/GameMode/Tutorial/Stages/DrivingSimple/SCR_Tutorial_Driving_DRIVEROAD7.c	20	2	3	8d2ca90d35d251ae879bb5f9fa9e8892a5a4284944ec92b3a956bdc79fa5b5a0
Scripts/Game/GameMode/Tutorial/Stages/DrivingSimple/SCR_Tutorial_Driving_DRIVEROAD8.c	21	2	3	1730835f2fb05bf8b6a606ba220aa13969df91084339028a04923ba264856225
Scripts/Game/GameMode/Tutorial/Stages/DrivingSimple/SCR_Tutorial_Driving_GETOUT.c	21	2	3	ae96c665475d7442afc6731c5f9f3a7493a164f53224a748f8d0b4f75d32455a
Scripts/Game/GameMode/Tutorial/Stages/Helicopters/SCR_Tutorial_Heli_END.c	9	2	1	ff403bd545d2fb3f8c4763bff53bc1bffef97feab6299e0c4231357351e092fa
Scripts/Game/GameMode/Tutorial/Stages/Helicopters/SCR_Tutorial_Heli_FLIGHT_01.c	28	2	3	896ce431fd90353c2c5570c358774c7a05b99f957cdea18937766fd31e6c9cb8
Scripts/Game/GameMode/Tutorial/Stages/Helicopters/SCR_Tutorial_Heli_FLIGHT_02.c	25	2	3	525ad7a82436be6689d9cfa1af7655f322d21e6f6f578d585af1d2fd7b46f3fd
Scripts/Game/GameMode/Tutorial/Stages/INTRO/SCR_Tutorial_Intro_ListenToCaptain.c	20	2	3	dcf68b72aefe311469704bd3f5241c36d6a830368dd441f3bd50a8edfd83220d
Scripts/Game/GameMode/Tutorial/Stages/Mortars/SCR_TutorialStageMortars_Sights.c	14	2	2	9086c013a6cdacb7ea5adf7d438069679b2957bcfcd4f4395f44817b16f72df8
Scripts/Game/GameMode/Tutorial/Stages/Movement/SCR_Tutorial_Obstace_CRAWL.c	26	2	3	de3d23d62b82a7a3f8ba5fa6982e8866af423427f11dc8af9b306a137d66cee0
Scripts/Game/GameMode/Tutorial/Stages/Movement/SCR_Tutorial_Obstace_END.c	15	2	2	123c25bdfcea63641cbc1e7d587cc132195ba5bc8104ff91f63ef4fcc5d8e41b
Scripts/Game/GameMode/Tutorial/Stages/Movement/SCR_Tutorial_Obstace_LADDEROFF.c	23	2	3	ec2f0d2fc86c4f3aac2560e571c8e87b107339ba5a4776eb3b7b00d08726bfe1
Scripts/Game/GameMode/Tutorial/Stages/Movement/SCR_Tutorial_Obstace_LADDERUP.c	22	2	3	6642976dabd5edc82817395bc117738d2361f09af53a6b1c81cf836a04e11d9e
Scripts/Game/GameMode/Tutorial/Stages/Movement/SCR_Tutorial_Obstace_OVERPASS.c	15	2	2	5888f3b634103e2c23b0a7083fedeb25b04a5fabcd9d8ebf991e1ad7c36d5256
Scripts/Game/GameMode/Tutorial/Stages/Movement/SCR_Tutorial_Obstace_PLATFORM.c	15	2	2	7e91ee2b40b8c05a3929ac3dbbcbb409c52e39b367cdae573c4b42e2c23fdc39
Scripts/Game/GameMode/Tutorial/Stages/Movement/SCR_Tutorial_Obstace_VAULTHIGH.c	20	2	3	767bcee657ae402a138974f8bba10449aa437692857d8c33289148078b50e29f
Scripts/Game/GameMode/Tutorial/Stages/Movement/SCR_Tutorial_Obstace_WALLTWO.c	24	2	3	5572b596506e21c73bb1f90f86506afbf0076deafa9c0dca59f60439b277285f
Scripts/Game/GameMode/Tutorial/Stages/Movement/SCR_Tutorial_Obstace_WINDOW.c	23	2	3	7674522367180fe67b40fcc662da0dbc0d2ed59a374a4b78158ad6e2cb8798d8
Scripts/Game/GameMode/Tutorial/Stages/Movement/SCR_Tutorial_Obstace_ZIGZAG.c	17	2	2	1f1f939fdffacd2913a21678a246a8243140e2d400a4a9dbf9c256ec7167b153
Scripts/Game/GameMode/Tutorial/Stages/Movement/SCR_Tutorial_Obstace_ZIGZAGEND.c	14	2	2	03ec22daf6337bf20cecd1e7a5c0d1481b6527c2b3483e88588d53edcf0a8998
Scripts/Game/GameMode/Tutorial/Stages/Navigation/SCR_Tutorial_Navigation_ISLAND.c	26	2	3	facda103c481d27d7b3a6ff9b17b8cd483fbe53bdbb78e6b5df01ef7caa4f56b
Scripts/Game/GameMode/Tutorial/Stages/Navigation/SCR_Tutorial_Navigation_MAPTOOLS.c	26	2	3	3a616a29dbc3b733125f0e8524ef944e01f2585320c504f7c7a41b57c7ae2064
Scripts/Game/GameMode/Tutorial/Stages/Navigation/SCR_Tutorial_Navigation_MAP_INTROCTUCTION.c	23	2	3	eab98b57785e99d30a76f712d1667fc9b11bef81deaf3a9ceac4efd00114ea9f
Scripts/Game/GameMode/Tutorial/Stages/Navigation/SCR_Tutorial_Navigation_MOVE.c	14	2	2	b9f9135995691273853fab4a48c7ecc52094bd13b7f2c8e838e69d4019173526
Scripts/Game/GameMode/Tutorial/Stages/ShootingRange/SCR_Tutorial_ShootingRange_EQUIP_WEAPON.c	26	2	3	6b7f3525436bf0d796688213960d79b5ae1ab8c989c370fc62d4d103c472c03f
Scripts/Game/GameMode/Tutorial/Stages/ShootingRange/SCR_Tutorial_ShootingRange_FIRINGPOS_ONE.c	24	2	3	f6ca1f355b72a379a8ed9024b004820dbb5299e7206ebcc4ad1dc4907252f901
Scripts/Game/GameMode/Tutorial/Stages/ShootingRange/SCR_Tutorial_ShootingRange_FIRINGPOS_TWO.c	19	2	2	a3b87193a27c7c024c8fa2b826ceab96bed42427551b92b27d80bde5dcceb61b
Scripts/Game/GameMode/Tutorial/Stages/ShootingRange/SCR_Tutorial_ShootingRange_GETIN_STATIC.c	31	2	3	e43d151eda4c51188fac3907bfa30dd226fc311d07a47ab49155e389d4b0f5cc
Scripts/Game/GameMode/Tutorial/Stages/SpecialWeapons/SCR_Tutorial_SW_MOVE_BACK.c	17	2	2	190b866493bfe0833296fe5dc9eedeb39c5944d8332e4054c399894b717d238a
Scripts/Game/GameMode/Tutorial/Stages/VehicleMaintenance/SCR_Tutorial_VehicleMaintenance_CLOSE_INVENTORY.c	26	2	3	9c760a9f08dd1d76d4a5ea17e6fb2d5ec03b478750034b42b794e1a60feb04e9
Scripts/Game/Generators/CablePoleGenerator/SCR_PoleCable.c	8	1	0	9152467b84f9d6a094ac308b4af6a0667184db58b2c3b75ae77bfccd89b1e584
Scripts/Game/Generators/CablePoleGenerator/SCR_PowerlineGeneratorJunctionData.c	20	1	0	9edc5bdc2233c308f5fca986dbf371cc509d64ddab48c0a3a8df26c79ac75c5b
Scripts/Game/Generators/PrefabGenerator/PrefabGeneratorPointData.c	8	1	0	c72d5caca746d419bb1e701f4e8d11a2c4b0b98bc723b938e78c6fdd55edb2ef
Scripts/Game/Generators/PrefabGenerator/SCR_PrefabGeneratorAssetPoint.c	8	1	0	3a9cf12e87da6b9925cd5a80bd8f17cc49b4045e90440342165d34fa8d2947aa
Scripts/Game/Generators/WallGenerator/SCR_WallPair.c	6	1	0	df48c6ad2733d0856c3ff2380d61bb2baccbd2a903037a7374ae7b5e78f29522
Scripts/Game/Generators/WallGenerator/WallGeneratorPointData.c	24	0	0	9f0b1c1aefb804ff273b6e82a45ac96850cc0040862eb5ce1c13edfb24f0283d
Scripts/Game/Generators/WallGenerator/WallLengthGroup.c	7	1	0	328cab4052585f48952e787dfeb2b6a67f0bb418c4fa7b7a6c814b954dad6cf6
Scripts/Game/Global/Enums/ETimeFormatParam.c	14	2	0	13ce75394b8fecb5903baf5501dd0c6c40a35cac3f77f85b947618a30274732f
Scripts/Game/Global/Enums/SCR_EGyroAxisDirection.c	7	0	0	58fa1873be6d1cace4a51f78035be3d22cb61680f84902febbab913b15b6b519
Scripts/Game/Identity/SCR_EBloodType.c	10	0	0	f779f9eb2c06cfe63e4558eb5476544106e7fd18e34586a70c757ea4866103ae
Scripts/Game/Identity/SCR_EIdentityGender.c	8	0	0	de56a1393f7b3aa1cf3b2cfa2d923c82c77bba838c12dbd38c251e5c2a55d5f6
Scripts/Game/Interactions/Display/SCR_InteractButtonComponent.c	27	1	0	4838bb5c1bc80332759d5f97999f5d9c35f39cd6316d5ebde0a42fd7dff5b29f
Scripts/Game/Interactions/Display/SCR_NearbyContextColorsComponentInteract.c	26	1	0	09051f41d9144adfce07586ed3734490ad5bae24f94e990b62aea7ff2207b99c
Scripts/Game/Inventory/ItemInterestAttributes.c	11	0	0	684abffc77cd73ec116a93891ae27db9eb682ca09321236428dd90eff1d2b6fd
Scripts/Game/Inventory/LinkedStorages/SCR_BaseLinkedStorageLogic.c	14	1	2	960bd2ac18979434a9007f7107023438ccd8a61cab13bc736f4de9130503222e
Scripts/Game/Inventory/SCR_AlternativeModel.c	10	1	0	803b690a7d9940942ff6d5e2c773d9e2559cac259cba388fd5bc888cbc0b6474
Scripts/Game/Inventory/SCR_BaseInventoryItemComponent.c	8	2	0	a6fbc4c4cb2e022da715863dd9c5c12fb434445ca10d0d37f2af7ab461dd7a30
Scripts/Game/Language/EStringTableStatus.c	12	1	0	7b20a4fee36c62fd22c7fce8bff1d0421259a9ccc3842f7580e1e4ba92d5c933
Scripts/Game/Language/EStringTableTerminology.c	4	0	0	dcd92b6f67db71d8c68a9321a4d1e63946b10a1e9b05e599bfe6c94ef0c79d64
Scripts/Game/Music/SCR_SpawnMusic.c	30	0	0	8527c1cba377c4eea0d7b08339e222b94134cf69e4d6b97dc753957e3ee6a404
Scripts/Game/Network/Notifications/ENotificationReceiver.c	17	0	0	2b6b3b38d26b16f78c8e8c14568f36381097df6e0567a07664b9f95585a73dae
Scripts/Game/Network/Notifications/NotificationDisplayData/SCR_NotificationGroupName.c	21	1	1	524d2af8b98028e29f42a97ffd8b808f1ded3d7a5452fdb64a66d776f07dbc67
Scripts/Game/Network/Notifications/NotificationDisplayData/SCR_NotificationPlayerAndAproxNumber.c	23	1	1	6ef1d9704e41a306d87270fc02149957954420b7819b9e3de978ff8c44d9aca2
Scripts/Game/Particles/SCR_ReplicatedParticleEffectEntity.c	31	3	2	49cec397d204c198213fcfb26770cc2d3e6319222756b3f2aaec9b5be82f3f81
Scripts/Game/Perception/TestScriptSensor.c	8	1	0	20552526a84000c7bd8e691727e7ceabc42e0dca59dbfecbfef72b84b83845da
Scripts/Game/Respawn/RequestHandling/Implementation/FreeSpawn/SCR_FreeSpawnData.c	28	1	4	f38275bd9f4b6e7fe27788987e0ec26aa9f339f4ade0345522d894c6db714a4e
Scripts/Game/Sandbox/Resources/ContainerQueue/Storage/Policy/Consumer/SCR_ResourceConsumerStoragePolicy.c	19	2	2	a1a9f92f3fa0c0853beb29c54340191e3eb405047c3accb40e241d84001ea48b
Scripts/Game/Sandbox/Resources/ContainerQueue/Storage/Policy/Consumer/SCR_ResourceConsumerStoragePolicyGeneric.c	8	0	0	4b358e588428ebcdad16b6e10b0d482a70ad431467c9ceb687eeca9ee5948d88
Scripts/Game/Sandbox/Resources/ContainerQueue/Storage/Policy/Encapsulator/SCR_ResourceConsumerStoragePolicy.c	19	2	2	ef7e4b1321f8a181c95ae51cc5d1fe7c9f93b390475f6a615715252296993521
Scripts/Game/Sandbox/Resources/ContainerQueue/Storage/Policy/Encapsulator/SCR_ResourceConsumerStoragePolicyGeneric.c	8	0	0	9733b9edc4be63bc8b42c193a76fa3aaebe8f368759560add48c9692f6454711
Scripts/Game/Sandbox/Resources/ContainerQueue/Storage/Policy/Generator/SCR_ResourceGeneratorStoragePolicy.c	18	2	3	19f56abd700af64f46a510ccb116acce464b5d3704107cc15b08723b5ea93639
Scripts/Game/ScenarioFramework/Actions/AIActions/SCR_ScenarioFrameworkAIActionDisableLOD.c	23	0	0	3427983c84ff2c95993334a6f1a17767be64a152dd501bbebfd541a3e746b643
Scripts/Game/ScenarioFramework/Actions/AIActions/SCR_ScenarioFrameworkAIActionSetCombatType.c	5	1	1	166f214235e6d20633c4cb3bbec77dbd3c7f52b702ed55245bd1bbbc715d7932
Scripts/Game/ScenarioFramework/Actions/AIActions/SCR_ScenarioFrameworkAIActionSetFormation.c	21	0	0	8550d3c09bd88fa74d123119dd7c93fc0759b45c57ab3ed51a8a3c2594ee7e86
Scripts/Game/ScenarioFramework/Actions/AIActions/SCR_ScenarioFrameworkAIActionSetGroupCombatMode.c	19	0	0	2b8dd21a2f8c770bfbdb1547df8aabe827a114060726967a5fb57ad9514b5e2d
Scripts/Game/ScenarioFramework/Actions/AIActions/SCR_ScenarioFrameworkAIActionSetHoldFire.c	5	1	1	b74c75b45f91d459d993deab6d68b5087595cdb26941455034d90de8ef186d3b
Scripts/Game/ScenarioFramework/Actions/AIActions/SCR_ScenarioFrameworkAIActionSetMaxAutonomousDistance.c	18	0	0	7651e64dd4d8dfa7c1f3847ad4964ae8dfd1b2c63bf6038512c7ba9f899392bd
Scripts/Game/ScenarioFramework/Actions/AIActions/SCR_ScenarioFrameworkAIActionSetPerceptionFactor.c	26	0	0	79890250f70a7e45c11d52dc5b82d6fc274c3d339d44105b6ab23b54f11204da
Scripts/Game/ScenarioFramework/Actions/ActionGetters/SCR_ScenarioFrameworkGet.c	32	0	0	a0dda4de8edd33154f2bd37679a5a101728d8cfd5b6e91e8c012718f195629ce
Scripts/Game/ScenarioFramework/Actions/ActionGetters/SCR_ScenarioFrameworkGetArea.c	20	0	0	a33b1d4f2d8a284be59f179b6e5303125937a062a463d87fa5b0d5f68d90c693
Scripts/Game/ScenarioFramework/Actions/ActionGetters/SCR_ScenarioFrameworkGetCountEntitiesInTrigger.c	12	0	0	3c3e439487694ca763eb74f99b2978994749d879d8658ebed747ef3554a9e6a2
Scripts/Game/ScenarioFramework/Actions/ActionGetters/SCR_ScenarioFrameworkGetEntityByName.c	12	0	0	8140c615ad1a8008c0a2c77ad4f216a928e3bae36d1abdfbd52a4a1b9650e0f0
Scripts/Game/ScenarioFramework/Actions/ActionGetters/SCR_ScenarioFrameworkGetLastFinishedTaskEnity.c	13	0	0	8c2fd0ad9beb003305ff0d9d09434693e22ef25bd2256f60085a4978785420e0
Scripts/Game/ScenarioFramework/Actions/ActionGetters/SCR_ScenarioFrameworkGetLastFinishedTaskLayer.c	13	0	0	40403d6638d251d90a953a52d8b4647ba728ae75b67c0782ad9f3b361f768717
Scripts/Game/ScenarioFramework/Actions/ActionGetters/SCR_ScenarioFrameworkGetLayerBase.c	20	0	0	d42cb3c7c070f4af8f970416fc6a4622d2020a69e902281d06441bfac917401f
Scripts/Game/ScenarioFramework/Actions/ActionGetters/SCR_ScenarioFrameworkGetLayerBaseFromVariable.c	28	0	0	c54a4fbea74b430729f58369137338c6cd35b13edd3ecbefad8704c935d339a2
Scripts/Game/ScenarioFramework/Actions/ActionGetters/SCR_ScenarioFrameworkGetLayerTask.c	20	0	0	31de22e894ffba1f39104a4617a6084d706a460abc9cec621cf6da9c6ac1cf6f
Scripts/Game/ScenarioFramework/Actions/ActionGetters/SCR_ScenarioFrameworkGetRandomLayerBase.c	25	0	0	ca719e37bff19d7c2bd1a10d992633992af5ef4e106f23dcf94e3605fa66f3e9
Scripts/Game/ScenarioFramework/Actions/ActionGetters/SCR_ScenarioFrameworkGetSpawnedEntity.c	20	0	0	d9c85596f30373382d98d05e7d7cd2d3661b67a51709d9d4667911e2b5c61011
Scripts/Game/ScenarioFramework/Actions/ActionGetters/SCR_ScenarioFrameworkGetSpawnedEntityFromVariable.c	28	0	0	c7b46dfb4a60f73fc87f5e61f226b58e2acc9390369db95b5fe413ea0f44039f
Scripts/Game/ScenarioFramework/Actions/ActionGetters/SCR_ScenarioFrameworkGetVoiceOverActorEntity.c	22	1	0	2f03c8146362c007b6f486e578811bbe005b9c17736eb49b0723e88206345901
Scripts/Game/ScenarioFramework/Actions/ActionInputs/InstigatorContextConditions/SCR_ScenarioFrameworkInstigatorContextConditionVictimTypename.c	31	0	0	bd6d2b206454742f57e3d266e79ad8fb4c9eed1784a457bff858c833f557778a
Scripts/Game/ScenarioFramework/Actions/DamageActions/DamageInstigatorConditions/Enums/SCR_ScenarioFrameworkDamageContextEnumType.c	12	0	0	217bbd2e8df10d43f9caaf81619ed269676d8e11934b28855db56dbb79de521e
Scripts/Game/ScenarioFramework/Actions/DamageActions/DamageInstigatorConditions/Enums/SCR_ScenarioFrameworkDamageContextHitZoneGroupBase.c	11	1	2	b567c4f4e4f12c310352db3214342d61e2f6da12e1294854aa34c2b453304f58
Scripts/Game/ScenarioFramework/Actions/DamageActions/DamageInstigatorConditions/Enums/SCR_ScenarioFrameworkDamageContextHitZoneGroupCharacter.c	12	0	0	9623d5946c9ea77e2967831052aaaa91b65bed2f8a48442b53a014b14949ca34
Scripts/Game/ScenarioFramework/Actions/DamageActions/DamageInstigatorConditions/SCR_ScenarioFrameworkDamageContextConditionCollider.c	18	0	0	feece7cc9d37fa1342e0b1ac6489cea8b902f23b0a9537b9461c193b24809ae7
Scripts/Game/ScenarioFramework/Actions/DamageActions/DamageInstigatorConditions/SCR_ScenarioFrameworkDamageContextConditionDamageType.c	18	0	0	df0ab7e5834105af44887f9e14a2e7263201adf4c9c40a57eed9752654173029
Scripts/Game/ScenarioFramework/Actions/MedicalActions/SCR_ScenarioFrameworkMedicalActionAddFallDamage.c	14	1	2	72fcfd28aa091799e22b951df34e6c2a5824da4e31dec2758c0c73b67a763200
Scripts/Game/ScenarioFramework/Actions/MedicalActions/SCR_ScenarioFrameworkMedicalActionAddParticularBleeding.c	14	1	2	4e91c042839210f016893d003abfa743c42da5a1468d119df9c651d762f0d446
Scripts/Game/ScenarioFramework/Actions/MedicalActions/SCR_ScenarioFrameworkMedicalActionAddRandomBleeding.c	11	1	2	a52915a2c9e1d46da8e567c2fdd0da270e822f8975a5ea8c116081050a2261b4
Scripts/Game/ScenarioFramework/Actions/MedicalActions/SCR_ScenarioFrameworkMedicalActionEnableDamageHandling.c	14	1	2	fce078eb24a474e4b7375b1aef1503dde6d0214ab84ed17d75112666c9367e0e
Scripts/Game/ScenarioFramework/Actions/MedicalActions/SCR_ScenarioFrameworkMedicalActionRemoveAllBleedings.c	11	1	2	51d3fe687f741a54e0bc4bce7d927c8de70d8725a2b5aa8b00800ce0ae5dbe40
Scripts/Game/ScenarioFramework/Actions/MedicalActions/SCR_ScenarioFrameworkMedicalActionRemoveGroupBleeding.c	14	1	2	844b071244afd27f4eb9b535603fff37a829c2fa3fc6a30cc3351c9a51233019
Scripts/Game/ScenarioFramework/Actions/MedicalActions/SCR_ScenarioFrameworkMedicalActionSetBleedingRate.c	14	1	2	1b24b5439a66c98b7907a0f6fce53e46568e32a6a5d24155bdc391a361670f7d
Scripts/Game/ScenarioFramework/Actions/MedicalActions/SCR_ScenarioFrameworkMedicalActionSetBlood.c	21	1	2	decdf049bd82640055be38f44c838362c0c10ce6cbf57bccf16dc9b4f3a13969
Scripts/Game/ScenarioFramework/Actions/MedicalActions/SCR_ScenarioFrameworkMedicalActionSetPermitUnconsciousness.c	14	1	2	72918fc942e3ad26d7125a4413127dd5d4f7a0d3472e088aab6a98fa510f1b52
Scripts/Game/ScenarioFramework/Actions/MedicalActions/SCR_ScenarioFrameworkMedicalActionSetRegenerationRate.c	14	1	2	39237c34f68998358654485b50dcc57ac9862723a50e853036d6455def3cd609
Scripts/Game/ScenarioFramework/Actions/SCR_ScenarioFrameworkActionDeleteEntity.c	19	0	0	a4ed3834bad757f3923abd8e9f20e02f3d14194cb13367096be0021e0f8eb11b
Scripts/Game/ScenarioFramework/Actions/SCR_ScenarioFrameworkActionDeleteMarker.c	23	0	0	4dda72c9b969fa55bafcdee7735c7fb6c0cd6df626b74ed87579d2e7aa1eb5fe
Scripts/Game/ScenarioFramework/Actions/SCR_ScenarioFrameworkActionPlayCinematic.c	21	0	0	23a97847424dcde485b2b43d0aa3561cfa0ff2eeb9b21eaeb1cfa9498b457502
Scripts/Game/ScenarioFramework/Actions/SCR_ScenarioFrameworkActionPlayCommunicationSoundOnEntity.c	26	0	0	e5f9edb96f4a8406cff6fadfc3b77ef64182400208fb81818ef6b10e32d2cfce
Scripts/Game/ScenarioFramework/Actions/SCR_ScenarioFrameworkActionPlayMusic.c	23	0	0	57b578355d6564c19918791bc4648fe5c511e8dcfdb8ec720bee6ce67a41e86c
Scripts/Game/ScenarioFramework/Actions/SCR_ScenarioFrameworkActionPlaySound.c	20	0	0	d8a3ee20b7be931a432be41883a5cf063352ff22aa6069f80259a77aaff29a54
Scripts/Game/ScenarioFramework/Actions/SCR_ScenarioFrameworkCreateVariable.c	22	0	0	69d634c00e46b53b32d33111a358c4ba39e1d7476534807e2e0c9376bf861e4a
Scripts/Game/ScenarioFramework/Components/SCR_ScenarioFrameworkLayerTaskDestroy.c	10	2	0	3c495c7ab8a63acd1840e741a42719443171db484eb0caffc94e63a355dccec5
Scripts/Game/ScenarioFramework/Components/SCR_ScenarioFrameworkLayerTaskKill.c	10	2	0	829b465cfe723b18c8319ab81d63c585c04037b16f9772e842f7f44c3ab767b9
Scripts/Game/ScenarioFramework/Components/SCR_ScenarioFrameworkNotorietyComponent.c	1	0	0	b14c01a4858367c4ef20b5554377030863e44557d7adeaf263f6c71b997319b1
Scripts/Game/ScenarioFramework/Components/SCR_ScenarioFrameworkSlotDestroy.c	9	2	0	fb1cc1cf8d4524b2e7fe91039b720d08e98620e713029115b63611ab321d70c7
Scripts/Game/ScenarioFramework/Components/SCR_ScenarioFrameworkSlotExtraction.c	19	2	1	00ed583ab374467ddb096ff176b112ca43ef4213d5389c09c36af13fdb2435dd
Scripts/Game/ScenarioFramework/Components/SCR_ScenarioFrameworkUserActionConditionData.c	21	0	0	d7952cbb6bfb60efd4f9cb409ea0a3cdd906258f95b8ec770131b84efcb81eed
Scripts/Game/ScenarioFramework/Conditions/ProjectileConditions/SCR_ScenarioFrameworkOnProjectileShotConditionIsSuppressed.c	19	1	0	91752b1b502a54a90bb523e7b2f426b62e8812478030e254dca6956f60c8e7d2
Scripts/Game/ScenarioFramework/Conditions/ProjectileConditions/SCR_ScenarioFrameworkOnProjectileShotConditionPlayerId.c	14	1	0	7832c0ffeb03fc4a782bc9904eee4a02b2f6bf2a55e1f7cb2dc69b4b54aed5dc
Scripts/Game/ScenarioFramework/Configs/SCR_QRFSpawnSafeZone.c	21	1	0	25815950cdaf87820326a4a9b402c0c6ad293570753ec11ad21f2d22ffb102f5
Scripts/Game/ScenarioFramework/Configs/SCR_QRFTypeMaxDistance.c	21	1	0	601d2b2c2e4be509673df6ebaea0f70e7925f9b756c700454cb78bf5d9fc1df7
Scripts/Game/ScenarioFramework/Configs/SCR_ScenarioFrameworkFactionAliasConfig.c	10	1	0	68a864fff43eef88649892c88c51e80a98ed487e31430977f355c5c81ac8e38d
Scripts/Game/ScenarioFramework/Configs/SCR_ScenarioFrameworkFactionSwitchedObject.c	9	1	0	f9820d91a34e302c128c213ea2487916b173d050aae0a5fc5227390ef1f2f9cb
Scripts/Game/ScenarioFramework/Enums/SCR_EAnimationState.c	5	0	0	3a598d2a4db953f9b1a017f2336997652c0b2e645048890ea88d1576c4db1075
Scripts/Game/ScenarioFramework/Enums/SCR_EAnimationStateToCheck.c	5	0	0	a78be1882a7e372ec77557a7402583c56260bdcdb5133f7a2c6d7b232785483d
Scripts/Game/ScenarioFramework/Enums/SCR_ECombatOps_Everon_Tasks.c	20	0	0	caf2d57f5267fe74cc76b9679d6a91a187ccbec4491ca01240e4e05a9d0f228d
Scripts/Game/ScenarioFramework/Enums/SCR_ESFTaskType.c	9	1	0	f331e9536c7d2a0e011566e2c8fe7605f9164c1b49cd208ef5358f50364287fa
Scripts/Game/ScenarioFramework/Enums/SCR_EScenarioFrameworkComparisonOperator.c	9	0	0	2f81031c0fd184c1c11ab6748bb9b3483be4afbbbc93fdbe8c90c196f56fe31c
Scripts/Game/ScenarioFramework/Enums/SCR_EScenarioFrameworkLogicOperators.c	17	1	1	6537172b738401615ac608a80e8c610e354baf066dad5be6ab816c59f717d804
Scripts/Game/ScenarioFramework/Enums/SCR_EScenarioFrameworkTriggerActivation.c	21	2	0	584a598c1f1e2e8f55106b0dbf26d582b366b558256670305b19d195e37714b3
Scripts/Game/ScenarioFramework/Enums/SCR_ETaskNotificationSettings.c	8	0	0	9b99d6a9af10ac0606f66523db4cafe210de26af88e226bc328f7df3e5733c67
Scripts/Game/ScenarioFramework/Tasks/SCR_ScenarioFrameworkTaskClearArea.c	9	2	0	ac6321cfd1a5847574da271e3a39f97a81c54f15d909a27db2631afbfb20727f
Scripts/Game/Systems/DamageEffects/SCR_BatchedDamageEffects.c	6	1	0	78f2bd0fa9f28b95b8578650e3adfb149218849b69955390d66b4f0bf68fa5b7
Scripts/Game/TaskSolver/GroupCondition/SCR_AIGroupAutonomyCheck.c	25	1	0	7b7af13fd927c44bd4a85cb5d87cc2a8ba70b0e7ca7ff95a4d6b4645fb75a9d3
Scripts/Game/TaskSolver/GroupCondition/SCR_AIGroupSubordinationCheck.c	13	1	0	2fae4ae5b5165391aa0e7be4a034e6a4f5ce3b6e0d37b855c5b1df178e469010
Scripts/Game/TaskSolver/SCR_ConditionCheckUIEntry.c	23	1	0	b73488dbc63034d4957e91db73d4bb2822fce9a8c1d244fcfd62a30a00a6e3cd
Scripts/Game/TaskSolver/SCR_EResupplyTaskSolverErrorState.c	8	1	0	707121e5d481c764aab8e96c892d8d8b6482ce98278bc9c418f5d575b798cd68
Scripts/Game/TaskSolver/SCR_EResupplyTaskSolverState.c	10	1	0	2fd48aea64dd51e8b2d245d95cb915605568418cac4106bcd558bc3dd6a64198
Scripts/Game/TaskSolver/SCR_TaskSolverConfig.c	20	1	0	4e1d7d1d41d688de8a892610eeaab97efbf0d17f85e2636f09ee02b7ffa64121
Scripts/Game/TaskSolver/SCR_TaskSolverContext.c	7	1	0	d5c1aa2f56b066016f4be2a082f3c88f7994110dda22a614debc0d4860880408
Scripts/Game/TaskSolver/SCR_VehicleConditionCheckUIEntry.c	14	1	0	b9dede76c50aae231a8d496c23d15d85f47cdd4239a53f7a71352efa314eaf1c
Scripts/Game/Tasks/Notifications/SCR_EGroupTaskPopUpPriority.c	12	2	0	f1dec153e8f6b99a2d258d2e829d3b00b55ea5dcf28bbc1e3026f23780cf581b
Scripts/Game/Tasks/Notifications/SCR_ETaskNotification.c	21	0	0	e50c92110cb3167522abd96833beadf5d05d686aa4061d3fcf460bb9d91cda76
Scripts/Game/Tasks/Notifications/SCR_ETaskNotificationAllowedRole.c	9	1	0	8de470437ad1ac6a97498a045764af7171cf589ad4838f140918ddfafa33a233
Scripts/Game/Tasks/UI/SCR_TaskDetailDialog.c	5	1	0	0b1b01637387e4f8fb00b61dae44fa6b5d6fb76e4be06df6ccde75f4ff841e8e
Scripts/Game/TimeAndWeather/SCR_TimeAndWeatherState.c	32	1	0	c5eba463c4ed541e04fcb53c460fcf991176d2f2d416836faadcb8753f329b0e
Scripts/Game/UI/Components/WidgetLibrary/SCR_InputButton/SCR_InputButtonEnums.c	24	1	0	502c65c854e933ccf0b4a9657923bc6d552614132d0c87a3f99c95e7f1864e6e
Scripts/Game/UI/Components/WidgetLibrary/SCR_LoadingOverlay.c	1	0	0	1298759ebb2c6106a1c788cc54aac01b90a8b53a6ec27106c7f0bade4dc19481
Scripts/Game/UI/HUD/AvailableActions/Conditions/Editor/SCR_EditorCountOrMoreEntitiesSelectedActionCondition.c	22	1	1	c45660d1ea5ad0a7abce3138f122e8404b66359f9cb3041f2e780b73e525db08
Scripts/Game/UI/HUD/AvailableActions/Conditions/Editor/SCR_EditorModeActiveActionCondition.c	15	1	1	0dd0279e30701a44012dde8d719af216e8fb4b874b4793ad40233c1e04ee40fd
Scripts/Game/UI/HUD/AvailableActions/Conditions/Editor/SCR_EditorOpenedActionCondition.c	23	2	2	12a7759e7e53fb76072c6e6dcd72e6742ce5b532cc38a497f7500c4ff6383680
Scripts/Game/UI/HUD/AvailableActions/Conditions/Editor/SCR_EditorPlacedEntityFlagsCondition.c	13	0	0	985f4049a097148d25c4f9cd91374140865f2a7ca0a72adad99805180f9a8ac5
Scripts/Game/UI/HUD/AvailableActions/Conditions/Game/Character/Health/SCR_HasWoundTypeCondition.c	29	1	0	88a88cf10c83f4379376c64fb2d2794196e3a872b46b173fb7d37295263df99a
Scripts/Game/UI/HUD/AvailableActions/Conditions/Game/Character/Health/SCR_IsCharacterConsciousCondition.c	9	0	0	e3dc935859d15961407feaad2f658a5369cc5c66e9e192d4a279dd9b1850bf7a
Scripts/Game/UI/HUD/AvailableActions/Conditions/Game/Character/SCR_ActiveVoNActionCondition.c	30	1	1	4a2bb696dd1e5331dd2bbe04185d679c4e4202b6fb26b39140003df0cf9d8b54
Scripts/Game/UI/HUD/AvailableActions/Conditions/Game/Character/SCR_CanCharacterLeaveLadderCondition.c	24	2	1	e0e90a62a073119fed4beda35f27c5d0ac0626dad550b83903c939ff4f5c9188
Scripts/Game/UI/HUD/AvailableActions/Conditions/Game/Character/SCR_CanItemBeInspectedCondition.c	23	1	0	dc7dbb17cac69437ed717401a8121bbcfc59ecb30c7929ccd499b5e07687151f
Scripts/Game/UI/HUD/AvailableActions/Conditions/Game/Character/SCR_CharacterBleedingCondition.c	11	1	0	c76bbf690e6606528cf2487692a91e012b176452ad8e1951f755bde5f27ba1f6
Scripts/Game/UI/HUD/AvailableActions/Conditions/Game/Character/SCR_CharacterCanFireWeaponCondition.c	10	0	0	04ed1748613b8ceab865b0fb123bc55123cff0bbf6e346cd6809502ec9b88f1f
Scripts/Game/UI/HUD/AvailableActions/Conditions/Game/Character/SCR_CharacterCanGetOutCondition.c	12	1	1	a468f558fd7485d3efeb24030367ea1907b978e86d10b4f206e06a7c9d6a57aa
Scripts/Game/UI/HUD/AvailableActions/Conditions/Game/Character/SCR_CharacterHasGadgetInHandCondition.c	12	1	0	d34f9e32b6db2b106876a366cf3606bcb508c1cbb4a35f1b69a89251e5706f7d
Scripts/Game/UI/HUD/AvailableActions/Conditions/Game/Character/SCR_CharacterHasItemInHandCondition.c	10	0	0	d3bccdf5be926b96e09fc1237a2c984733357ef8ff87cd79e346f52b4db886eb
Scripts/Game/UI/HUD/AvailableActions/Conditions/Game/Character/SCR_CharacterHasLongRadioCondition.c	12	1	1	639f51625a9bf0010391ce85b4f036d17e51be8a015bc4c376c531423e019477
Scripts/Game/UI/HUD/AvailableActions/Conditions/Game/Character/SCR_CharacterHasWeaponCondition.c	13	1	1	7e5a4278c8ec16fd7ddacfc3db99432a4ab49a11c93d86afe4e25d3dd8f7de39
Scripts/Game/UI/HUD/AvailableActions/Conditions/Game/Character/SCR_CharacterIsFallingCondition.c	13	1	1	32632183ddf23e10fc6ccca12ab5c1a85a6aca69565e2f236f0b9a23359d7f62
Scripts/Game/UI/HUD/AvailableActions/Conditions/Game/Character/SCR_CharacterIsGettingInCondition.c	13	1	1	b5823e0f166cdf875caadb60cf61a109a3ac3b968d804e3423d0773d5186171e
Scripts/Game/UI/HUD/AvailableActions/Conditions/Game/Character/SCR_CharacterIsSwimmingCondition.c	12	1	1	268ca663091c1d616da89c06bea7ec4d8a9faf7aadf5b3fb9ace860ddf9e0762
Scripts/Game/UI/HUD/AvailableActions/Conditions/Game/Character/SCR_CharacterIsUsingItem.c	14	1	1	0d65dec464235ee3345cc46162dba7aeb2bf1b01383c98d9fee56dde3cf76d70
Scripts/Game/UI/HUD/AvailableActions/Conditions/Game/Character/SCR_CharacterRadioCountCondition.c	17	2	1	f85359771f04c8934da66084739a61e81be50d4e83432b57e89627f7c559463b
Scripts/Game/UI/HUD/AvailableActions/Conditions/Game/Character/SCR_CharacterReloadingCondition.c	10	1	0	e067aa9477028c5b4cb3aaceb446c2ebbb884e30ac95953676b0ac961b2a6be5
Scripts/Game/UI/HUD/AvailableActions/Conditions/Game/Character/SCR_CharacterSprintingCondition.c	16	0	0	dfc43428c4740bcf396a23b8b9de405727ca66d7f06342e664ba30a36a75c78b
Scripts/Game/UI/HUD/AvailableActions/Conditions/Game/Character/SCR_CharacterStanceCondition.c	17	1	1	eb6989dcf7fd4a79842df0c2b2b5022b7119a7959f64362a6b39111c340d29c5
Scripts/Game/UI/HUD/AvailableActions/Conditions/Game/Character/SCR_CharacterWeaponTypeCondition.c	23	2	1	a34581c56b652ddd997a9a7b3871213e68b95723d3f9066310a4581d4f368ed1
Scripts/Game/UI/HUD/AvailableActions/Conditions/Game/Character/SCR_DetonatorHasConnectedChargesCondition.c	23	1	0	c04115dcb1a9eaca124dd8def6a0921a0ab6249c83054f279a9f12a4d6cd5066
Scripts/Game/UI/HUD/AvailableActions/Conditions/Game/Character/SCR_IsCharacterInControlCondition.c	25	1	1	d2221725a1ebd20915ef3dd112c8ae90366b9fd45511bbdab7ba26b34578cd63
Scripts/Game/UI/HUD/AvailableActions/Conditions/Game/Character/SCR_IsCharacterUsingLRRCondition.c	10	1	1	845184f96f595a8d9dff3f2522af239edf45c90e541916ed604e3053694313ea
Scripts/Game/UI/HUD/AvailableActions/Conditions/Game/Character/SCR_WeaponSwitchAvailableCondition.c	10	1	0	3e1bb353f01a9eed6c17e88421190debde584facbf120ece986a10020c3f41d9
Scripts/Game/UI/HUD/AvailableActions/Conditions/Game/Command/SCR_CommandMenuOpenCondition.c	20	1	0	cf813c39e37fe20037d7b680a257e56b520e90370914960591459c79f654af85
Scripts/Game/UI/HUD/AvailableActions/Conditions/Game/Command/SCR_CommandMenuSelectedCondition.c	19	1	0	e5e86f76849ba33d618237e345acd0be5f51e6da304df9c781326a9c51a8bb4e
Scripts/Game/UI/HUD/AvailableActions/Conditions/Game/Map/SCR_MapCanActivateCondition.c	12	1	0	ad2e42294227660ef6f850854a55f11d1f224d3c4bbbbb09b27fb4990b559ae0
Scripts/Game/UI/HUD/AvailableActions/Conditions/Game/Map/SCR_MapCanDragCondition.c	10	1	0	25ac4a2718df1e80875d8bc3a3be48914440f4543d5177f7bde590c671910fec
Scripts/Game/UI/HUD/AvailableActions/Conditions/Game/Map/SCR_MapCanResetRotationCondition.c	9	1	0	482675a69d38c03530d64eca83e8a03481b91633fc1c9ea30a433d1202c93abb
Scripts/Game/UI/HUD/AvailableActions/Conditions/Game/SCR_IsActionTriggeredCondition.c	13	1	0	6c2dc5cc31d453bc75019c785e33f2bea80f8bd0d7c0cfe0d4f3bfa0be994d51
Scripts/Game/UI/HUD/AvailableActions/Conditions/Game/SCR_IsContextEnabledCondition.c	14	1	0	e232e1c119c85041b562eda6eab944b37061996e46e3668ad64cedbfc9b54edb
Scripts/Game/UI/HUD/AvailableActions/Conditions/Game/SCR_IsUsingMouseAndKeyboardCondition.c	9	1	0	c6e93a658c9bea6af049bd1a5fa870bccd4112a7b42956fbcfb6dad7e860d7fb
Scripts/Game/UI/HUD/AvailableActions/Conditions/Game/Vehicle/SCR_HelicopterAutohoverCondition.c	11	1	1	ee9e937d7dd44e0e0a99abbea5ce58490c8f52c5e79a6b137e9936cbac16809e
Scripts/Game/UI/HUD/AvailableActions/Conditions/Game/Vehicle/SCR_VehicleBrakeCondition.c	21	1	1	26eacd891f846dccc43353338577d3363a7b6fe2e1b82a0ebb5a442b83ebe3d4
Scripts/Game/UI/HUD/AvailableActions/Conditions/Game/Vehicle/SCR_VehicleDamageStateCondition.c	18	0	0	fcd144b685ffd87dd3b7911fb25a6d31ecc11df600bb8b9415bc406516d81c7c
Scripts/Game/UI/HUD/AvailableActions/Conditions/Game/Vehicle/SCR_VehicleDrivingAssistanceCondition.c	16	1	1	b20d32369760553db04a0745f304bc3047cac497d6273b44ee3d6d2c13052337
Scripts/Game/UI/HUD/AvailableActions/Conditions/Game/Vehicle/SCR_VehicleThrottleCondition.c	22	2	1	029a22bedddd05d030b7ee1c2f99b97c16d05d320ecb94c30622710f180fb423
Scripts/Game/UI/HUD/AvailableActions/Conditions/Game/Weapon/SCR_HasMultipleMuzzles.c	13	1	0	74738c9008ba5606da27ea7e3bcb24a3c6410e35be5c74f189bee97836739036
Scripts/Game/UI/HUD/AvailableActions/Conditions/Game/Weapon/SCR_HasMultipleWeaponsCondition.c	27	1	0	1ae2b52b399e25c2532bd1648f46e4aec5313aaea71660e62c15ef6ed7039d2e
Scripts/Game/UI/HUD/AvailableActions/Conditions/Game/Weapon/SCR_IsBallisticDataDisplayVisibleCondition.c	12	1	0	dcb775dec249ab9dc05ab0e81b6254b315c1db51818cb2b2a115f871d94bb5c7
Scripts/Game/UI/HUD/AvailableActions/Conditions/Game/Weapon/SCR_WeaponHasMagazineCondition.c	13	2	1	9a9ec674b4285af2bc4535cdafeec096a319dd541a8b6a9bebba578912219699
Scripts/Game/UI/HUD/AvailableActions/Conditions/Game/Weapon/SCR_WeaponManipulation.c	8	1	0	b90f9a75fe5e4fb6f37c5a193d14627fcf3c8c8a75651c318fefdcecf5184d3f
Scripts/Game/UI/HUD/AvailableActions/Conditions/Game/Weapon/SCR_WeaponMuzzleChamberedCondition.c	15	1	0	d901cc444d138149e304ddfe1d60f7206ac83f824db675d3a181b8a4e08f117a
Scripts/Game/UI/HUD/AvailableActions/Conditions/Game/Weapon/SCR_WeaponSightsHasZeroing.c	12	0	0	dfb38fb391ab38b2a37fed396d4d25d277a875a2282c9afc321e0fc8f66ae337
Scripts/Game/UI/HUD/AvailableActions/Conditions/Logic/SCR_ANDCondition.c	23	1	1	99fb4bb40a5b23b2dff6428031566c71bf7a19588c505bcd89506efa6d45740f
Scripts/Game/UI/HUD/AvailableActions/Conditions/Logic/SCR_Comparer.c	39	2	1	660094850e9aa98bb970eb77850a28ea49cbe5b2de13bba187013d3996ed9e93
Scripts/Game/UI/HUD/AvailableActions/Conditions/Logic/SCR_ORCondition.c	23	1	1	97bbaa8d27d6db91543ade420919ad95cc2a26e8afdc23a3203495af8b607c58
Scripts/Game/UI/HUD/AvailableActions/Conditions/SCR_AvailableActionsGroupCondition.c	10	1	0	eb6ed970fc8cbfc76aada6091809cb8bbe72a3ac13d751c8ff856229dff397e1
Scripts/Game/UI/HUD/AvailableActions/Conditions/SCR_RadialMenuActiveActionCondition.c	21	1	1	c5fd04f97f903080ed5a3f29b657aa32b0ccad93907ad398a1dd89b7cce88967
Scripts/Game/UI/HUD/AvailableActions/Conditions/SCR_RadialMenuTypeActiveActionCondition.c	24	1	1	172b074457628429f2826c8fe6a94eb0a3fa3449e752efe0a72b54c498e66412
Scripts/Game/UI/HUD/MortarInfo/SCR_MortarAzimuthDisplay.c	16	1	0	1ce9b1a5cd9a767a59ed0e494bed9cec4f4aedec2f89dd460eca46588215ccb1
Scripts/Game/UI/HUD/MortarInfo/SCR_MortarElevationDisplay.c	17	0	0	73a6e0f332013e8e10b5d5aff477404c1cd1c93140e3d64f57b41bbbfc318b64
Scripts/Game/UI/HUD/MortarInfo/SCR_MortarInfo.c	25	1	2	a10ca9e015db746deb95902d9d1bc639240d6224e419c65f66d7999be8313077
Scripts/Game/UI/HUD/MortarInfo/SCR_MortarInfoWidgets.c	27	1	2	d0241cf9df3eb2d23fe9b32e005a4ec5b5f95f9cc968a41b81ae9689ca1b1edd
Scripts/Game/UI/HUD/MortarInfo/SCR_VehicleTurretAzimuthDisplay.c	27	1	1	109fe5b97539af2b6cb3ab00419fa5f528c0e485206ebbd45197bc4cd483ceaf
Scripts/Game/UI/HUD/SelectionMenu/SCR_SelectionMenu.c	0	0	0	e3b0c44298fc1c149afbf4c8996fb92427ae41e4649b934ca495991b7852b855
Scripts/Game/UI/HUD/StatsPanel/SCR_StatsPanel_Latency.c	20	0	0	b0044e3193e4430c611757f1fc6195f96faf3baa3e745c6ddd843d7508035c74
Scripts/Game/UI/MANW2025/SCR_MANW_RankLabelWidgets.c	25	1	2	4ba708764e470ddcbfcb790fecd1bbcbe631aedb5914dd8e664b48dbe414946f
Scripts/Game/UI/Menu/BetaWarningDialog.c	31	2	3	b963a037554233842a9a6ca926bfd43bc44178473f5818030c799ba777e9d0ff
Scripts/Game/UI/Menu/ContentBrowser/AddonManager/SCR_WorkshopAddonBarWidgets.c	25	0	0	f7b53dd81ff0d03526b365d69270c76ac580d176fad6529b0797673e19d092c3
Scripts/Game/UI/Menu/FieldManual/Events/SCR_FieldManualEntryScriptedWidgetEventHandler.c	22	1	0	c76dc68c4308e3c77c9535909970521d92f1ee9ace17ccb56d8d91474923aa24
Scripts/Game/UI/Menu/SCR_PlayerProfileDialogUI.c	19	2	2	9a3324d2828efbb18080fcfafbbdd02c06d358485359f491179222870ed1b8d2
Scripts/Game/UI/Menu/ServerBrowser/SCR_MultiplayerMenuComponent.c	6	1	0	4ae40f917d62475f5ccfdd5a2638d1f4070bf976390f381c184f881a4cdc86c4
Scripts/Game/UI/Menu/SettingsMenu/SCR_SettingBindingEngine.c	13	1	0	17a23af2f6501fea637aa58ce43fc14757ec3f28dc9cb9a533f76dd4702fbb8b
Scripts/Game/UI/Tasks/SCR_AssignedGroupLabelWidgets.c	25	2	2	fdfb97208ebc9b841e3d3b1f3dc46fccd34add2127e28681e5b9c6a119d04899
Scripts/Game/UI/Tasks/SCR_AssignedPlayerLabelUIComponent.c	25	0	0	1dc735000a615c2f1735e9b97bbadb3741faaffa331dcc517a0c7900592f0ea6
Scripts/Game/UserActions/SCR_AdjustShellTimeFuzeAction.c	1	0	0	8c2574892063f995fdf756bce07f46c1a5193e54cd52837ed91e32008ccf41ac
Scripts/Game/UserActions/SCR_LootAction.c	16	0	0	839bcb247b8b7f1cb2937b94276170cdacacba437adcab637815e3268e740039
Scripts/Game/UserActions/SCR_MineFlagPickUpAction.c	23	1	2	e9d9764003291f5d1152081cad093e12a812dc0a2f6eec94347e8788ee36046c
Scripts/Game/UserActions/SCR_OpenStorageAction.c	20	1	1	4e1b2a48a48c2254bb2d4e89ba9e5d70a89e2157091f8dc1aa1a8888e835dcb4
Scripts/Game/UserActions/SCR_ScriptedSignalUserActionDecrease.c	12	1	0	39b8ae6327c7d115ca7b6b0d81ed4f8b2bdbf965585394b782cb428fbbf97c08
Scripts/Game/Utilities/SCR_ProfaneFilter.c	0	0	0	e3b0c44298fc1c149afbf4c8996fb92427ae41e4649b934ca495991b7852b855
Scripts/Game/Utilities/SCR_ResourceNameUtils.c	25	1	0	9628bc9b50fef54474c12251781d7b180e8371d25534229471a0124002d64b46
Scripts/Game/Vehicle/SCR_CompartmentDoorInfo.c	10	1	0	26c98837b0efc0355c79d02db0ed3d74038a84b152aafe7b7d4f6aac190f35be
Scripts/Game/Vehicle/SCR_DoctorCompartmentSlot.c	15	1	0	6cec56ad40485f2e96230e20f8765b737fca4fc25def9a320dfdb63c162f77f7
Scripts/Game/Vehicle/SCR_WeaponRackSlotInfo.c	12	0	0	a3363b560b8cf2de4cd1694443e6149e722ccf1d4bc71dad02ae48408092982f
Scripts/Game/Weapon/Attachments/Attachments_base_KS.c	17	4	0	963d17845e763f7af46c283026a2b2b293bdb88c0a81493b0ad2d525d97bb48a
Scripts/Game/Weapon/Attachments/Attachments_bayonet.c	21	6	0	790b46f084e36adaa3ee86847d5c51a625e4a84f7495b01f013945f99adf1ab5
Scripts/Game/Weapon/EjectorInterface.c	22	5	0	92982a9e2a8eb9872223d9d4704495a9ef29147e93f054b13b22283c13da2787
Scripts/Game/generated/AI/AIAnimal.c	32	0	0	4d065e585278c2e6354829fe7ee9472114e656292a5ff0b5d5e9d4d67f237c15
Scripts/Game/generated/AI/AIAnimalManagerReactToCloseEntitiesMovement.c	19	0	0	6d8c9e49018907946bb36b6ca3a5bec59e1e53f8c5caae6464839ab63a50c677
Scripts/Game/generated/AI/AIAnimalReactToDanger.c	19	0	0	ff1573ea4491cd9aa795e386bbba0397fb330e5d517a93dc9c8a3f46226bcdf2
Scripts/Game/generated/AI/AIBaseAimingComponent.c	23	0	0	f2257bcd4c6d139d5dee0cd1a2e837b93b6793fc0f37b32ac6137dc026aa12ad
Scripts/Game/generated/AI/AIBehaviorTreeComponent.c	25	0	0	e59032c2b3de876e7cd6687462d7ccd20a935eab02408c0b429c6917c0d7478b
Scripts/Game/generated/AI/AIBehaviorTreeComponentBase.c	23	0	0	173cff272065b4c3c09ed97c3a80683016ddd42ae1e72979021555914053da26
Scripts/Game/generated/AI/AICarMovementComponent.c	22	0	0	6cbbe8ed605625c443b18134707c7f36b8b6031788e93d607bac7e901e8dbe50
Scripts/Game/generated/AI/AICarMovementComponentClass.c	19	0	0	209c08792c4b005cf7807087a6821104c6f628d41fffd01bfc308790d6c78831
Scripts/Game/generated/AI/AIChimeraBehaviorTreeComponent.c	24	0	0	6dd16c02624e82ec5872648ff933f47991f4add76aaa4d90c45afd24a99ce81d
Scripts/Game/generated/AI/AICombatPropertiesComponent.c	22	0	0	9bf858c5f8fd9f113a2648bca8c794c9e5143edab402f517e08a9aedb1c1d07c
Scripts/Game/generated/AI/AIComponent.c	20	0	0	533f430a06c2f31fe1738cdf6e2018cc452327f32bde9fa5870501365f48ef6c
Scripts/Game/generated/AI/AIComponentClass.c	19	0	0	0f01fb2f4bf860c1f21e147b6c34e98fd16d2ef2ba66879916b1c805e9e34684
Scripts/Game/generated/AI/AIComponentEntity.c	23	0	0	9426a9fce5ab8b5c16203c8c4fc374c8519be564d41550fa15aff40171899d44
Scripts/Game/generated/AI/AIControlComponent.c	29	0	0	0fae93d464db468acd7b0cfacd41c88bf34c47df1498b80f5503ee33d153908f
Scripts/Game/generated/AI/AIDangerEvent.c	24	0	0	f4e1ff7e784dfe46a122367a1185e03dddc1049e21bf8c0c5b776607684daf74
Scripts/Game/generated/AI/AIDangerEventWeaponFire.c	29	0	0	b287fc327846f4b939b6bdf0adf09cf8aeac0144ca29604493aa34d855aa56a0
Scripts/Game/generated/AI/AIDiagSystem.c	19	0	0	6196efc73d500ea0ab9d8c545df6d8c5ad3f3cc824f335f809147164f98d7e20
Scripts/Game/generated/AI/AIEvent.c	27	0	0	15264199e9f5c740d0f51523c3fde4896ca982809b20b99c3812af33dc18f094
Scripts/Game/generated/AI/AIExtraMoveParams.c	27	0	0	eaf036eefa27a553b5b9342506df006d0a956c1cd92d73a9d8a802ff0eb6b61b
Scripts/Game/generated/AI/AIFlock.c	38	0	0	a94130bc1d03f86d682b15e4df066758c1fb66bd770b8feb5db2b1e7690fe482
Scripts/Game/generated/AI/AIFlyingMovementComponent.c	23	0	0	1c356a2a8832931f4e8507e98baec928ef2ce29e7e5e5423e0bdbd0b94a6edd7
Scripts/Game/generated/AI/AIFormationComponent.c	23	0	0	1650b01ed233bcb71c25730853dc826d1f95b8f6b5d1c7c443096133378da1ca
Scripts/Game/generated/AI/AIFormationComponentClass.c	19	0	0	1a89b5dd94e9ae94c7e35eeb98f608ead6bf74b52100c718e79c757061958c57
Scripts/Game/generated/AI/AIHelicopterMovementComponent.c	23	0	0	2b22811403b87e67f26b798cca967329ce34b7025c5aee0c76e6ceb3a31ea826
Scripts/Game/generated/AI/AIMessage.c	38	0	0	13ec88a9dead5729b8f22b9b58d2ce2081e43004cc1b11d0f5c871c8c0347bd6
Scripts/Game/generated/AI/AIOnMessage.c	19	0	0	3c0a27ad1a47cdbedc14c06ddc6ec9533c80a5696e3b28eeee0082ab0e4f9573
Scripts/Game/generated/AI/AISpawnerGroup.c	32	0	0	c6a6b16601bf29c0480833c2b3e95134d51fc42db23c8066f529178ba63abd81
Scripts/Game/generated/AI/AITask.c	19	0	0	2f062965c654fd97be4860d027d0cf5d8ceaa38f3b655b818b1a062d92221104
Scripts/Game/generated/AI/AITaskAim.c	19	0	0	2f8c12eac24838c0b1cec50daa658413cd1e5b6d64f9b379c2960d78e98e093e
Scripts/Game/generated/AI/AITaskCallMethod.c	19	0	0	1f54d084f11cf7368c06fb2a0b3f0deb94645b6d5fddae31ad19f791f355b840
Scripts/Game/generated/AI/AITaskChangeStance.c	19	0	0	116c4e999aa743816821057d06137f973358ab1f1ae0c6e327207e31f5aa9503
Scripts/Game/generated/AI/AITaskCharacterAim.c	19	0	0	79fdb4dbd0f67ef2dd408d4df42775080280c84bea597560a82502a1132ef55c
Scripts/Game/generated/AI/AITaskCharacterRaiseWeapon.c	19	0	0	ad2e4c23d88bc7b5ab8ae5cade19bdf5a383820241705ec20f84269858236a9b
Scripts/Game/generated/AI/AITaskCharacterSetMovementSpeed.c	19	0	0	73f9ac11fc4e9baf83c333e2a679b380f2fcf9bbc4ec8cb5b0141220ada744e3
Scripts/Game/generated/AI/AITaskCharacterStop.c	19	0	0	742462b54237f717ae8365c89c4b7701fa5bf84791d89c66f3093e336c679d6f
Scripts/Game/generated/AI/AITaskClearDanger.c	19	0	0	2d416590578f7b263b3c2a096faaf294cce86ed30d19994e8e5036233a71680e
Scripts/Game/generated/AI/AITaskCreateGroup.c	19	0	0	41941882d3b6884228c814ea39bd4314a6c6eeaa86759348778ff302198dd3e6
Scripts/Game/generated/AI/AITaskCreatePosition.c	19	0	0	fbd370413f3bfa2cf50d183f77dccfef895296f08e1bfdeeaf68dd87f8ec5d02
Scripts/Game/generated/AI/AITaskCurrentOrder.c	19	0	0	a692dacc50cc9e75bbdc46f1219e34656e5be5a12bd578fd4ebc5f1244686015
Scripts/Game/generated/AI/AITaskFindEntity.c	19	0	0	d640458037935dff0c490d8b34d1d8e946c481412655c7483bdd560a7295865c
Scripts/Game/generated/AI/AITaskFindSmartAction.c	19	0	0	3e1f17cf1b62c790c3f977abc226c96fe04ab061257cc57c4c2663b9353248cd
Scripts/Game/generated/AI/AITaskFinishOrder.c	19	0	0	9970be3e43e80f440d6be77d816da6fdfb83267692b966254320b9abfc5db05b
Scripts/Game/generated/AI/AITaskFire.c	19	0	0	fdae6aae7989f12a6e627d57aa13fdbd7df40a46664cd8da6d371f34ebc32b5e
Scripts/Game/generated/AI/AITaskGetAimingPosition.c	19	0	0	56356950cff7f3163a8ac3dd3ba22e77f0005451cc13e7378e6fa453a49e7850
Scripts/Game/generated/AI/AITaskGetControlledEntity.c	19	0	0	256cd078b4cb5946017410f8f21e3922c49f3656fbca2a5a3c4f64a96bfe50db
Scripts/Game/generated/AI/AITaskGetCurrentSmartAction.c	19	0	0	18d06c7ca2ed3d034723a012ec88b4aae90c4f962290dd97e7cdfebb0fafbc9f
Scripts/Game/generated/AI/AITaskGetFormationOffset.c	19	0	0	2e15ca02750fa75c3a166d2406c715133d11133bafa39948a4f2a34d1efd3ea4
Scripts/Game/generated/AI/AITaskGetGroupChildren.c	19	0	0	a5fae552c2ab95cdd51661a0ae05a34e80ffb48f4cb758a1946216d5c2e5d3de
Scripts/Game/generated/AI/AITaskGetInVehicle.c	19	0	0	cb33097a18a6c1d76dfe64b653fb6a6a7c74c42f4ed2a6b587096bb9f82faed1
Scripts/Game/generated/AI/AITaskGetOutVehicle.c	19	0	0	811288863103c921b4c68d0c3e7cfa73342b8e4950357ade4d89059af2460fa0
Scripts/Game/generated/AI/AITaskGetSmartActionParams.c	19	0	0	0a973a69390effa26d095253f824538a2f34a24920322b073b250d32f135a3e2
Scripts/Game/generated/AI/AITaskGetWaypoint.c	19	0	0	391e03fa2a745421b5c8693470df42ad6e56ce63fd861ffd70fa5bcbc00ee020
Scripts/Game/generated/AI/AITaskGroupMove.c	19	0	0	13fde4d116235f478354bf80dd47d8a08b3e91b15c9a1770f23abd113832c8f0
Scripts/Game/generated/AI/AITaskGroupMoveToEntity.c	19	0	0	dec489f41ca8104dee86768e2e882096cedcaba3ec2ba6124b0b235d2c6f4285
Scripts/Game/generated/AI/AITaskGroupSetMovementSpeed.c	19	0	0	0e818a69f5ee580bad27ead86b3dc022b3cbcb73e2ede05b9724240580fe420f
Scripts/Game/generated/AI/AITaskIdle.c	19	0	0	233b2920b40d84b31cb6d932711bf2de0365019c8cb25c59ddfec5cd3b45df1a
Scripts/Game/generated/AI/AITaskMove.c	19	0	0	9d3e7e462f7aed165a0faf46ca42381b940f814e06baa205414ceecb32be1f8b
Scripts/Game/generated/AI/AITaskMoveInFormation.c	19	0	0	9bf8235450ddfc8bed636e6a7e6d5e101cd2a50cce65e546f85782d732d6ac37
Scripts/Game/generated/AI/AITaskMoveToEntity.c	19	0	0	c42e3623a1a8802bf76f231d5d44f9a9db1dda5c5d2f72206cdbb2a6c03feff6
Scripts/Game/generated/AI/AITaskMoveToWaypoint.c	19	0	0	d6889d483236c396865089b551cf8e53729bed2d1281d4f91a7b1291d2bc4aec
Scripts/Game/generated/AI/AITaskOrient.c	19	0	0	53f4832b1d3c149304270706bfee535d17a5c174f9a8e75a1e18fcac18841553
Scripts/Game/generated/AI/AITaskPerformObjectAction.c	19	0	0	b1d6c06082a589dd6a99d78c4126487b00cb49f722c2228da450bf42e8b30623
Scripts/Game/generated/AI/AITaskPerformSmartAction.c	19	0	0	9c76709175ded08a74faef5fedeb49d81a72bb5709972299aa0098f5fba414e6
Scripts/Game/generated/AI/AITaskPickTarget.c	19	0	0	089ba9b94588c03a1554d3071f2e80cfbc85d93259b98e99adc8cce75660715e
Scripts/Game/generated/AI/AITaskPlayGesture.c	19	0	0	6e7eed8177cc9b1ae82134caec17858f34d1747644a23c623fab0da5f1c28fe5
Scripts/Game/generated/AI/AITaskReload.c	19	0	0	7e1b7c14be4a02e2a31b553e2e48f61cf7a0c1409b05cf8ca07fe52fa8a17447
Scripts/Game/generated/AI/AITaskRequestAction.c	19	0	0	75337b864b1f613e54e87d2c0c819282d4b4e3499fa3b985c66d5ef65828c234
Scripts/Game/generated/AI/AITaskResetPathfindingFilters.c	19	0	0	3387b57872fd6db99c0172a24ad6c92d8b5859dcce848470305512c06dc6d2a4
Scripts/Game/generated/AI/AITaskReturnState.c	19	0	0	9b1e179575e3256e8c6c737cf1f256b0c9f5072ac9ef78585736a0941d2f967e
Scripts/Game/generated/AI/AITaskScripted.c	27	0	0	0801961ce1440c411473c971deb536adb7a37f12f78004b28025b1ce253855b8
Scripts/Game/generated/AI/AITaskSendOrder.c	19	0	0	36dc1e53e3563cee58c31b2bb97a78bf0a233bd1ac85e04285853b27f8ccd8ff
Scripts/Game/generated/AI/AITaskSetADS.c	19	0	0	ec1ee56402cd89c61488499e23f212f1bed12cd748c97b0b8653621200ab23d3
Scripts/Game/generated/AI/AITaskSetMovementSpeed.c	19	0	0	e99554f6eb51307787148edd9ff42ea1feee01d3027ca65587b9044451f8e21d
Scripts/Game/generated/AI/AITaskSetPathfindingFilters.c	19	0	0	3b31ca26cd6e3daf991bf3ee576c64ce7f3eb837cb77db652e98f20ecd885f82
Scripts/Game/generated/AI/AITaskSetVariable.c	19	0	0	5a08e1acc3699d3af1afc3ba2c7d0e87588f2040a825ca4a79d01fc3a122cda3
Scripts/Game/generated/AI/AITaskStop.c	19	0	0	faf75600285e10ee6fd0e1868c3b24af594c152ebe4dfbb93f639fe6f563bc7b
Scripts/Game/generated/AI/AIWorldSystem.c	20	0	0	2570a00e2c0f3bd41da0a414227d95bbf2a8f87002a56365618ed48bfbda64a1
Scripts/Game/generated/AI/AimPoint.c	20	0	0	68d4fba6abcbb00be1f6b21649a3e5a057cba65948eb273fefe98cdfb640dab2
Scripts/Game/generated/AI/Animals/AIFlockMovementComponent.c	23	0	0	9c7294dfc7d5354a1c87e096ea7fbef617c0974546ab4fb05190223e30e74a83
Scripts/Game/generated/AI/AssignmentSolver.c	30	0	0	7674cc8f85de460fa5894febdb0f79042ca7f95071e90f2baf68a618783f7a7a
Scripts/Game/generated/AI/BaseAimPoint.c	21	0	0	22b3641b4f0b03d65b89aeaffa5402bb530b8ed5022a85adfb10117fc14b9822
Scripts/Game/generated/AI/BaseDecoratorTest.c	19	0	0	5e3f29215fd1a35f0e0376abb09b9e24d10378f663c161d9f22fd4f8a69b92cd
Scripts/Game/generated/AI/BaseSinglePortContainer.c	19	0	0	8b26a801b46bbe0b19c3d55c6c1dbfba3fcf2d11e2a11acffe54c847a760ae14
Scripts/Game/generated/AI/BehaviorTree.c	19	0	0	75e9ea2ba28a3497e274df4436efdf43593748f37e70f26fb0511e517fa9a4b6
Scripts/Game/generated/AI/BtVariable.c	22	0	0	1ec2f865c75f5b1e4ae4650a4288b980c73ae1716a910a90b604c8c6d22d5e42
Scripts/Game/generated/AI/Character/AICharacterMovementComponent.c	26	0	0	6cf0e76c7e666d1d551e48657ac9cbbe5c77b8dbfd54b4386562b19a9f107b27
Scripts/Game/generated/AI/ChimeraAIAgent.c	23	0	0	77311f9aa3a12406f3cfb9353fd239b1ee800c1a1ffe2e897b830b39ede68fdb
Scripts/Game/generated/AI/ChimeraAIControlComponent.c	24	0	0	5268add9823cc31a9fb0ae018b8e48b4dfd6569599d5ee27b770d281775f2b91
Scripts/Game/generated/AI/ChimeraAIGroup.c	23	0	0	3fc004750b7fd612e8886de10180b88504c9e77c5f72f39e6de77cf2520e91f8
Scripts/Game/generated/AI/ChimeraAIPathfindingComponent.c	23	0	0	f22f68e76f3e60622b4d3547e88753cf1e73122c2152a89d747e89d023a51bf5
Scripts/Game/generated/AI/ChimeraAIVehicleControlComponent.c	23	0	0	a68c94ad18a17bc23d45c1372094e58670a29ed79d2528deda64de58ce74c58c
Scripts/Game/generated/AI/CoverManagerComponent.c	23	0	0	9b2f313f512438e4c6431b9cf3ab3870370fc9209015425bc60d9f6a6a023cf5
Scripts/Game/generated/AI/DecoAiming.c	19	0	0	c634d00b2068e3c2a44a3175b97ba4edd7a8f8955cffe0eee6775a6481c9ccb6
Scripts/Game/generated/AI/DecoCheckLOD.c	19	0	0	03d74fc0ac54e8269a154501a375838c4ab3306d7843b61cc7630b1993ef8063
Scripts/Game/generated/AI/DecoDangerEvent.c	19	0	0	df6f5e7dec98925c0d64c33106f73fedc0ab010153cd414aee037da8ee6dbc42
Scripts/Game/generated/AI/DecoIsInVehicle.c	19	0	0	795f440ef5f758babac36840b6bc77f2b58581f8f67472dd35c396461ca53af7
Scripts/Game/generated/AI/DecoTestDistanceToEntity.c	19	0	0	097867f7992002bac33bcc0c41c3fc9de36367e745f75e74a23442e322e15127
Scripts/Game/generated/AI/DecoTestOrder.c	19	0	0	84c042ea6a9baea6c6b3df70f1d137026948af99f06089d37bd8411c3b9fb22c
Scripts/Game/generated/AI/DecoTestVariable.c	19	0	0	52aed978bebbd062f142fc007601aab8e4c336bdde50f8d46420b4158a6022f3
Scripts/Game/generated/AI/Decorator.c	19	0	0	5bb3a78a82249355bba6fdc23dc50cca457d36bbbe6f330500a4c939543f7689
Scripts/Game/generated/AI/DecoratorEntity.c	19	0	0	1469631293469345faf43cf897f0b294199fb682ace4a735671d937534d64492
Scripts/Game/generated/AI/DecoratorPathCompletedTest.c	19	0	0	2530a58a770b0b2e66e21eda46adca871b3e0957e5f9463d08717d0549463f81
Scripts/Game/generated/AI/DecoratorScripted.c	25	0	0	37045abcaf5dd96dd1996e552648854ac2fc0ffd0dd93334d7fdea32a44d3b62
Scripts/Game/generated/AI/DecoratorTestCanPerformSmartActions.c	19	0	0	9379f1803634c8a5ba00edb1edfbe6b462031c5347f042043c3e2e4420b4d7ce
Scripts/Game/generated/AI/DecoratorTestDamageIsAlive.c	19	0	0	da15f07b855603c0f482bf63c89138524a385b9c25d5e24d03f494c33895bd22
Scripts/Game/generated/AI/DecoratorTestHasAimRequest.c	19	0	0	1a770031831d10db57a2dcce5c4c20c3a4cc782da16d304d01ff7a95c7a14b6f
Scripts/Game/generated/AI/DecoratorTestHasAmmo.c	19	0	0	966b81a71e85416cd0f9fe5e510a45c2ccd3259142e8f58c794bfcaf15be2c6d
Scripts/Game/generated/AI/DecoratorTestHasMoveRequest.c	19	0	0	bb8f05a3e771957f249e0664428cd456f7a3f9c943c12d5f4943b1536e34fe17
Scripts/Game/generated/AI/DecoratorTestHasWeapon.c	19	0	0	9270e0e8fe39f8e2be46b1fdf31611034238843cee6ef5fd7879419832349919
Scripts/Game/generated/AI/DecoratorTestIsPerformingSmartAction.c	19	0	0	6bf494e7df557625497f3340d472e75a3682cb9aee3a68fe485cddea88f85322
Scripts/Game/generated/AI/DecoratorTestIsWeaponRaised.c	19	0	0	752bf79325d274f2f84fee63449511978c91653ddb7bc1509f3d326eeef5ea3b
Scripts/Game/generated/AI/DecoratorTestScripted.c	20	0	0	55f1eeb11deb85f537289c1dbd2cb39f8b6fca118038ec59792d779c991e6c59
Scripts/Game/generated/AI/DecoratorTimedBase.c	19	0	0	b4d360ee8b51a2203d6f95fc4abe7b6bd7891cdcf2ddd0790f62f0eea450ae6b
Scripts/Game/generated/AI/DecoratorTimedDangerPerception.c	19	0	0	34e475ca3efd1ebb2727be419913b5bb8462a12f55d822ad6d6071ac922d08ea
Scripts/Game/generated/AI/DecoratorWeaponObstructed.c	19	0	0	e14611c74d91c402e9d1a3cdf1df694d4aeb3cbe3b47ac6dbc9192f43fce4c60
Scripts/Game/generated/AI/EAIActionState.c	24	0	0	674ffdb9de836e70aeda37a5abce419bcfd67a23abc8c98098cc2dfb45d43e3a
Scripts/Game/generated/AI/EAIDangerEventType.c	34	0	0	ce37deaf30e208247896bfc36abccbf45d6214bff639b252aec2a19c6554537d
Scripts/Game/generated/AI/EAIFindSmartAction_TagTest.c	23	0	0	f2ebe38da3899ffd87e79d018b039a142fa11cbd0984ad6a2230fb2c9aafc615
Scripts/Game/generated/AI/EAIOrderType.c	28	0	0	d0d5773d179ed424dcd168bff94c92fba3142d99176218b1e88bee4ff00fdd25
Scripts/Game/generated/AI/EAIUnitType.c	26	0	0	8b11a0a2e24474150ed277a888db37a591399c4e275a1d07c51e038e49f06203
Scripts/Game/generated/AI/EAIWaypointCompletionType.c	22	0	0	5a1bf72d3ecee814af25d1e9d5fd4c848f4298306cc38fafdddb343c84111b93
Scripts/Game/generated/AI/EAimPointType.c	22	0	0	3ef02bcf594e746aac8c20f733c9687fc21cbd7ae519bbc78a6dcc749ab0848b
Scripts/Game/generated/AI/EMoveError.c	29	0	0	faa431f383138b7ed1c24f60ec226466c972161885ec929bb8e0a986f7ea5b03
Scripts/Game/generated/AI/ENodeResult.c	26	0	0	a04cf75959a60cde4e75919ec093e3d69aff9d80098c89135cb6b9b21ea4826a
Scripts/Game/generated/AI/ForEachChild.c	19	0	0	bb27e58316e5a335be5c596df7e8f2e9c30836acc5930298c4659f340bfff231
Scripts/Game/generated/AI/InsectFlyMovementComponent.c	25	0	0	76e9554b99cac3a1d2a5f754c89aef716a83ed937d789bde61f1f6d78f6694cd
Scripts/Game/generated/AI/MineManagerComponent.c	29	0	0	83e75b0a6658009f68a720793f7d818d3e44019da00d247a0b19eb0c4cb1ee47
Scripts/Game/generated/AI/NavmeshCustomLinkComponent.c	20	0	0	3c456ed7620d0c2c422522e36106bd4a05f50cfe0bc9a70d822e982fdf6890ee
Scripts/Game/generated/AI/Node.c	37	0	0	69a1d08f6d11805ecb538783f72d0bff597e3ffd677f2098e40d025d8e141a46
Scripts/Game/generated/AI/NodePortsContainer.c	19	0	0	fe124c98d81d78dc6936506b569669c1ec61dc5547760736a31350df86a4cdff
Scripts/Game/generated/AI/OnEvent.c	19	0	0	9a049897f2b5108bd1bb73d87284ade9c1179a0b58646c26587dea56f18eebf4
Scripts/Game/generated/AI/Parallel.c	19	0	0	70f92de4ab718f5c6611908b5d68cc5932b9926395fc211b5d39c718e47cb07d
Scripts/Game/generated/AI/PathVisualizer.c	23	0	0	f4a23ee186cfe0d0f0aec423f28181a4779fa349b40248835b713eb51d939cb7
Scripts/Game/generated/AI/Repeater.c	19	0	0	ae816b88cf7614bfcfe3c20cf7cb15821855147f21cf400265733d4b64523e2a
Scripts/Game/generated/AI/RoadNetworkBridgeComponent.c	19	0	0	741ef60f16c3901c87952c57e6cebffbe1af85c7f7c28485c496fe70614c6874
Scripts/Game/generated/AI/RoadNetworkBridgeComponentClass.c	19	0	0	24ff65f97a2d6125b389c718636945cf8b2e2a92eaf8c8f770db8570c6e53d4e
Scripts/Game/generated/AI/RootNode.c	19	0	0	d0044fb91461d9973183e812de24c2c653ede37309ddefb90804a5913efb1f7e
Scripts/Game/generated/AI/RunBT.c	19	0	0	01ffe5a5fbb808076e7d35e2ce2d32f588b4816db74e5ccc847096ac64abb505
Scripts/Game/generated/AI/RunOnEntity.c	19	0	0	6ccdd2a79cfd009c89c81d25e54efbea4ef640b7af2c462723f77758ad06a047
Scripts/Game/generated/AI/RunOnce.c	19	0	0	5a7aef6275041e7db0a99fe155961d0fa4e5ffc413e4135f5d4a700562b88899
Scripts/Game/generated/AI/Selector.c	19	0	0	3ba5f787afef1a545b6b74a100143667f7008dc0f43751735bed01698a0e5c91
Scripts/Game/generated/AI/Sequence.c	19	0	0	3638c2e941d6fba070ba6c7fea9cbfd83968ca9295e710eb945125c39ebfc991
Scripts/Game/generated/AI/SingleInputPortContainer.c	19	0	0	cc453bc70a7b9c29a01bb32d05a1cfe47bf33c3e6d26afd3339f5083cf4a65c3
Scripts/Game/generated/AI/SingleOutputPortContainer.c	19	0	0	7c1c639606b92b256e40c549cbb12444ddc75650b09921f680676b224617ec26
Scripts/Game/generated/AI/SmartActions/AISmartActionComponent.c	31	0	0	281d1cbb794482b57a8f21954135881be1a3d64b55ff16901645a81b67605382
Scripts/Game/generated/AI/SmartActions/AISmartActionComponentClass.c	19	0	0	790d518f373e3d408456ce1b7909ec5fec83a2779eed34ccdea0d8051b524303
Scripts/Game/generated/AI/Switch.c	19	0	0	e85d67386c3cb424da9a8d4712c9b30821ec73e7c1b80f1cd799692c9211dca3
Scripts/Game/generated/AIKnowledgeComponent.c	14	2	0	fd527d0fb68d68511f3ca754b4404d31c0059b7e36efba82ebbc3e28ecbce085
Scripts/Game/generated/Animal/AnimalAnimationComponent.c	23	0	0	55047acc9bcb00f07c2f766f96d8e7a0a31c7b11c3888061f198ea2b9021a656
Scripts/Game/generated/Animal/AnimalCommandHandlerComponent.c	23	0	0	f35b0e703b9ca19009a095fac29b65bd62d58c7bc445dacbd085cf309b151117
Scripts/Game/generated/Animal/AnimalControllerComponent.c	26	0	0	6ade0f29c579cbf5d099f64385c0b7c994c84253ac5f8224a4fe2208f1364748
Scripts/Game/generated/Animal/BirdAnimationComponent.c	24	0	0	f91242cc2c281390e1f6016fc6b2841049018f57e3677dbcf8930e6ee2065387
Scripts/Game/generated/Animal/BirdAnimationComponentClass.c	19	0	0	7f58ffa41d5d06e420252bd6844a3bdaad256e2377c34f3552488f7161d8a2c4
Scripts/Game/generated/Base/BaseAnimPhysComponentClass.c	19	0	0	1f0dd4e6e5fb537021c35a6cde59119dff132245ccd23b06c8ea1d8bbb7f5233
Scripts/Game/generated/Base/BaseStaminaComponent.c	22	0	0	2a8d56142f47e9e949d968e16e433a80d549dc78833075c0cd8a8ce879045be7
Scripts/Game/generated/Base/FlattenGrassParametersObject.c	19	0	0	6983a8ffe4d225a1b05790b4d89e61b419e52fc732916e1e77cc74d4938385f7
Scripts/Game/generated/Base/HidingCloth.c	21	0	0	b6a677807ea5fd48c57e8f6895e6dbb33517fa0e5b200ec3c09d7a27b430ba76
Scripts/Game/generated/Base/MeshesVisibilitySwitchConfig.c	19	0	0	4abf92d8092f9c399e0ebacb554389276215207db7cc5e6a72b1814c26e5c4be
Scripts/Game/generated/Base/ScriptedCommand.c	21	0	0	24a5f5e7aeef98e890f04062216346768468027b2fe6f6ca48104c3be1fe6556
Scripts/Game/generated/BaseCompartmentDoor.c	11	1	1	82faf0bb09320c3edbbc5e4f103931289e966bb2c11230e2156172013d0d2c69
Scripts/Game/generated/BaseLightSlot.c	28	1	13	62b67679e1f0a1d8fd84b774acaeab2160bc1bf65bb38e0a2429ef61a4517549
Scripts/Game/generated/Building/BaseBuilding.c	35	0	0	a8b6b368aa0b46fedf0d3803d622eda91bc3f8305bbfe5eb9fe5ccbfd6ae9f3d
Scripts/Game/generated/Building/Building.c	19	0	0	1d5a37a5ab5bacc95383fa82316875577f8566c11d985ade07cff0c3c787566e
Scripts/Game/generated/Building/BuildingClass.c	20	0	0	7b3b52ab3c14ea14709809ed3c3a6dbc3a252882a75c871b654d98457afd7ce5
Scripts/Game/generated/Buildings/BaseSlotComponent.c	30	0	0	f08c5b2de13327cbb94e131b8abe4612f1f53e2f29b5316251d8e6781144553e
Scripts/Game/generated/Buildings/BaseSlotComponentClass.c	19	0	0	95dd52304aa669fb44b8067479becf98c4d404c7c64a7a170c7b44c7562ab285
Scripts/Game/generated/Buildings/ClimbingDataComponent.c	19	0	0	b3a91084cdfb55655dbdc138cbb71a530e6bb46a5d2650458b2aec2d5cbe37e9
Scripts/Game/generated/Buildings/ClimbingDataComponentClass.c	21	0	0	73f262ade6aa3b9c97fcc34419643b409091733316a131de13f8ad9000767dd2
Scripts/Game/generated/Buildings/DoorSlotComponent.c	19	0	0	de5bcf06fa4ab870469bf2f650e65e9259b408ccb3976b78436fdbb6db1cbff8
Scripts/Game/generated/Buildings/DoorSlotComponentClass.c	19	0	0	73fe2a13e90243f3a8a09c7e59eb507cb671f79b78ff9b2dd2de451fac2e2c0c
Scripts/Game/generated/Buildings/ELadderDoorState.c	25	0	0	0d8b088fed1262a5b05b30d281c07f645433a1ab6fdc752c751b2252a65dd43a
Scripts/Game/generated/Buildings/HelipadComponent.c	24	0	0	32feed9b381ae5cde50009fbe69403541fb4f4067cefbbc0a3457ae2eb3353cd
Scripts/Game/generated/Buildings/HelipadComponentClass.c	19	0	0	b9a755afed902d1bab9de832b7f207af309968c803cec477e3f513726dee08ce
Scripts/Game/generated/Buildings/LadderComponent.c	33	0	0	11da1f39681aadb3b713ab4bb883ba14b56a33969f2e9e3086204ef8ac063b58
Scripts/Game/generated/Buildings/LadderComponentClass.c	19	0	0	c96e7617b1090e094c49ae2074e5eca611f36c48b469f866fa3a6cacee59d897
Scripts/Game/generated/Buildings/MapDescriptorComponentClass.c	19	0	0	0c9e90b135eb43cfc9eac21e093c2a43cf2842845e51bda50d0b6c6fe24eee21
Scripts/Game/generated/Buildings/SlotBoneMappingObject.c	19	0	0	aa11a6f47393c7631fcc8aec0fc58f649dd6fd47585c625cff2410d65a0c1847
Scripts/Game/generated/Camera/BaseScriptedCameraItem.c	28	0	0	ac51b83a9139db948616d1dfe06fcc134da7327cfcb3bd325e552e328aee6260
Scripts/Game/generated/Camera/PlayerCamera.c	29	0	0	a72c246ca1694b53b6ef4780d82840acee6bae7fab5fc8be3df65b62414e6c7d
Scripts/Game/generated/Character/CharacterAnimationComponentClass.c	19	0	0	3e0fd86c43c9ff44b974269ae0e85267917412a9ed1cae16c89db69fe13ed148
Scripts/Game/generated/Character/CharacterBuoyancyComponent.c	19	0	0	9191f0f99de33d1eb0ba61100b7a421ca4889f4e6ac98f22104b6acd034ba5af
Scripts/Game/generated/Character/CharacterBuoyancyComponentClass.c	19	0	0	84b01f3ffb64b4b0ca57c7405c2abf4c26d88f1ac92841991883ae5f552f8460
Scripts/Game/generated/Character/CharacterCommand.c	19	0	0	6b3c56d4b812b6dda3d19acba71afdd95da14176215519824e55273478520cce
Scripts/Game/generated/Character/CharacterCommandClimbSettings.c	40	0	0	06d2a731a430789c1b996efd9cb9ca575d984a87af6794afd387458c79fae486
Scripts/Game/generated/Character/CharacterCommandDamage.c	19	0	0	96b1410ecf34190511bc7934d9876b00d4e22fe1b77a2dc5ca4caf449b75f0de
Scripts/Game/generated/Character/CharacterCommandDamageFullBody.c	19	0	0	7ff81fe4419c02bff5b3e513bcfcc823ab353815bd820d04cb98ede3776ab76c
Scripts/Game/generated/Character/CharacterCommandDeath.c	20	0	0	226ec85e4708193f34efab765da771e0789516c9bf418a5c96b33a0abf43d294
Scripts/Game/generated/Character/CharacterCommandFall.c	27	0	0	8c65f07604b221df1cee7f8c44278ab4b282da6d0b40de32ed21f7e4bd07fe20
Scripts/Game/generated/Character/CharacterCommandHandlerComponentClass.c	19	0	0	0555bf87e7e0f42d610d383aa80aef0cebd7e46724461077ed10f5800ff731ee
Scripts/Game/generated/Character/CharacterCommandItemChange.c	20	0	0	5418ed942edf322e184efea2f9586e0e4518eb8b48609dbc267110d17860d99d
Scripts/Game/generated/Character/CharacterCommandItemUse.c	19	0	0	4e1d56e67ca6003413880b284e6ffbe1764ca6d678a756983356acb32608476a
Scripts/Game/generated/Character/CharacterCommandLadder.c	26	0	0	1a8888f450ba92a822bbcbd9b2a7d094eb7cc33a78930e94361aa33aaa3c36d9
Scripts/Game/generated/Character/CharacterCommandMelee.c	22	0	0	adfdb4a726e8a974c1cc8076e8e72b49134cf67f35b87e60188377ca48d5b189
Scripts/Game/generated/Character/CharacterCommandMove.c	35	0	0	6ebb3e3f66a7a09714043eccbff38445ceb7763ccdc39005963fe2f898bcb2cf
Scripts/Game/generated/Character/CharacterCommandScripted.c	24	0	0	c547c53f78893cd7491a393d81927cf4462b02f638b7c2d0d0de06dacc541ae2
Scripts/Game/generated/Character/CharacterCommandSlide.c	19	0	0	b0aeedf509cb52b67ac68f8a961f73654f80e5de66fb61cd44838c73df5eb4c2
Scripts/Game/generated/Character/CharacterCommandUnconscious.c	30	0	0	4ad4e196806f920dc2385cae25008c00a7016082db0960b9f2565706f35fd891
Scripts/Game/generated/Character/CharacterCommandVehicle.c	20	0	0	8d10e8ebd20c38ced7388fc83b1eff5b663560f956d5737a5f94c1f612676e50
Scripts/Game/generated/Character/ChimeraCharacterClass.c	19	0	0	7095c28655737bef50604669756c0925fd24776436cf4b9c974acafc6f6ccfe9
Scripts/Game/generated/Character/DebugShootComponent.c	24	0	0	3ad0a6a9b5baaea350196510852a5ba1b28a755e3a76b6cfc682e6a06a961219
Scripts/Game/generated/Character/ECharacterCollisionShapeIndex.c	26	0	0	0d34c8922d9600eb40018e9d2d45194e5e598b8f9de226de03458aad764c0df9
Scripts/Game/generated/Character/ECharacterDataState.c	24	0	0	0e0851ce48fa3b6cd4e0f1e823c2edc69ca42922bf79ce4db884920c2a8d3d8f
Scripts/Game/generated/Character/ECharacterLifeState.c	22	0	0	b2ede900c850b427212f686c503176135f35e9238818dccb2a88032563171291
Scripts/Game/generated/Character/ECharacterStance.c	22	0	0	bab62bdf47433999aa67592278225e36e3954e9ddc3193fd6e2deb44e5823150
Scripts/Game/generated/Character/ECharacterStanceChange.c	24	0	0	4531ed083519f795739515f6d150c9a944f86f23f24f3d90159f1bdd2fcf0a7e
Scripts/Game/generated/Character/EEquipItemType.c	26	0	0	444a71b0e0ab780f4b53f35331547771290abb5a1d7f716544298f525644d494
Scripts/Game/generated/Character/EHitReactionType.c	22	0	0	4a3d0e5344201445ca497378be19db1b5109ba7d8652907bdb5c3af037e3e5e4
Scripts/Game/generated/Character/EItemGesture.c	22	0	0	029c249e981ccd72b6b5a0180296970d30fe033c6b00442c527e927892668639
Scripts/Game/generated/Character/ELandType.c	24	0	0	9212b15f801f804f03e7d4c8db72aa069a172809520635753f30cbf29e0055f7
Scripts/Game/generated/Character/EMovementType.c	23	0	0	c6935a41123c820d4855e7b44a0f0f906a4737dbc185e03acc6fee231b86ddd8
Scripts/Game/generated/Chat/BaseChatChannelStyle.c	19	0	0	3fc898de0495488bf97fa54f2197eba857693590dbf8b4da8d781eed14fe341a
Scripts/Game/generated/Chat/PrivateMessageChannel.c	19	0	0	6c2461252d1892aef8a44e4b5ca754c728cb5e10eca579c137a6755a2d8ff8cb
Scripts/Game/generated/ChimeraGameWorldEditor.c	10	1	0	b860ac0178287f3504ec218562fcbab8a2a91f461c7d66cdde00cd5b292cd3db
Scripts/Game/generated/ChimeraWorldUtils.c	16	1	4	df0827b1818762ac5e698179a0cb5c0a84425100e0810559357ae897c4234f90
Scripts/Game/generated/CompartmentDoorInfo.c	19	1	9	9f53f97c8628f4c00269974e53c9ff55963a2e8472b11a5ef4bb15dbffd4d696
Scripts/Game/generated/CompartmentDoorReference.c	11	1	1	2e82c6009ebd7fa87b8a5b26df82252d396c157f772d6504f703ebf14165df82
Scripts/Game/generated/CompartmentToSlotMapping.c	10	1	0	a09b399105c067c59ed36876f4bb257988dfd9f0af6b6780d979893528818e63
Scripts/Game/generated/Components/AIAnimalManagerComponent.c	25	0	0	bd2ccef3bbb3cddcb650ab2e1a5c33b220e48e2fd1e2de5dda2946e1427d4ce7
Scripts/Game/generated/Components/ActionsPerformerComponent.c	27	0	0	57d83654114a9b5cb523a899f465748fdc09de991a1deffdd0fa750d523404d3
Scripts/Game/generated/Components/AnimalSoundComponent.c	23	0	0	e1fab2a476bcee9c2f3ab7915f85b68a6df76fbfef1ab348c1894bed23714bd6
Scripts/Game/generated/Components/BaseAimingComponent.c	24	0	0	c98d3fb8ce207287692368ed3766755a66ec54a7d03134bb3bdf74af0c032c85
Scripts/Game/generated/Components/BaseStaminaComponentClass.c	19	0	0	5f37890d8c0c9431225711a8c7566d944de82d4fd10ae14cd8a98b5939e59a8e
Scripts/Game/generated/Components/BaseVehicleNodeComponent.c	23	0	0	3f65a053e0b118acbd3d8d39a144d10fb1371aa1b9e3c19d29451178488ec207
Scripts/Game/generated/Components/CarProcAnimComponent.c	23	0	0	ffcc2b38383dede6135ed015be1e4848ee31a119218e0c23347b410e0c00ca44
Scripts/Game/generated/Components/CharacterAimingComponent.c	19	0	0	2ba33a7ebc1673d37ec132212269529f07a5ddf9a534770ff8ebe65d92f3fa65
Scripts/Game/generated/Components/CharacterSoundComponent.c	19	0	0	f1fb7f7570845f195e430325980cb78a6b35247ab9a65ed1ae24a2979d072a54
Scripts/Game/generated/Components/CharacterSoundComponentClass.c	19	0	0	e636a3a2da31070e70762d637e1912a9076aae1d1909d08b5c70bcc734259230
Scripts/Game/generated/Components/CharacterStaminaComponentClass.c	19	0	0	a27ecef449a6d96ea84bad904b9f7d0a587aa605492a48e5e36fc906e74e80dd
Scripts/Game/generated/Components/CommunicationSoundComponent.c	26	0	0	ca3263ebc92d488ef46d3ca9253878f4972a30fd22d237829b13eb291cf05dca
Scripts/Game/generated/Components/CompartmentAnimationComponent.c	19	0	0	ca3a17f5d6842ba8f50a5f134204e390a3a9109d80b209d11f394cd09edeb91b
Scripts/Game/generated/Components/CompartmentAnimationComponentClass.c	19	0	0	efbd062e9e53df78373c7f1a3812e2a77219d9842f32d688b36db13c0fdea3a8
Scripts/Game/generated/Components/DoorComponent.c	20	0	0	4ab08b0f8b73763909203aed1c7655a3b10682ef7efcf96d40601e10b288c65c
Scripts/Game/generated/Components/DoorComponentClass.c	19	0	0	c8b986654531c505c9140d6661245d7bf4b874ecca4e5ea0b6ff3c1c201df770
Scripts/Game/generated/Components/EAmbientSoundFlags.c	30	0	0	1601f217d0b5e424ffe065c5543c2b23a69a5bb30c759e86095d1fbeab149729
Scripts/Game/generated/Components/EAmbientSoundType.c	25	0	0	6b503f1f5d8fd84c0dd188aa2ef9b2383fa1645e1a1608223864be06c790e3d3
Scripts/Game/generated/Components/EVehicleDrivingAssistanceMode.c	26	0	0	dbef08c6d51e18ca016bffe55bf153b23d9c065ecb9730a687af727f833a63ea
Scripts/Game/generated/Components/FuelManagerComponent.c	36	0	0	691aa4ed34f2d1a55a2d8a24f92d6e571513825b1e4b61d182f3f7c0f26ae203
Scripts/Game/generated/Components/GameComponent.c	25	0	0	f6c730c64e570d49cb57538b07eadec9b07021cd25d58a7e91629aa7212952ed
Scripts/Game/generated/Components/GameHierarchyComponent.c	23	0	0	3684d879ef026a6769bcbc0e54e08d94309fb2f6bdf6a6c8eb612d77483bd2fa
Scripts/Game/generated/Components/HelicopterAutopilotHelperComponent.c	24	0	0	017fba65b0c2c78c5a9744fa8fc1d03ef9922da02582d71bbea772e4e7eecfde
Scripts/Game/generated/Components/InventorySystem/InventoryItemComponentClass.c	19	0	0	3e7f002a32a81c109a3b986e54814da5ca589423df3496e95877730c28c59eed
Scripts/Game/generated/Components/InventorySystem/InventoryMagazineComponent.c	19	0	0	71547ffca32ba7663f918a85dca6be8dc66ef65c9966b74d5be45a13ea31d48f
Scripts/Game/generated/Components/InventorySystem/InventoryMagazineComponentClass.c	19	0	0	e48e2db731cc091d858d10a3a7865a17f7186abf492ca561169deb6daa8f474e
Scripts/Game/generated/Components/LongRangeSoundComponent.c	19	0	0	48ec645b818392dad263b0c13c6629f27408c373f085db9addb0caa35d8262dd
Scripts/Game/generated/Components/LongRangeSoundComponentClass.c	19	0	0	5a66e4ef3d3456454c3122fdfa17d04f4ffdde8ecde2fe16fbe46d655a4fd75e
Scripts/Game/generated/Components/NwkBufferedCarMovementComponent.c	23	0	0	acf8715e80e66ec9e0243f20eabd3603b95c82661edfb9db38f607c77f264618
Scripts/Game/generated/Components/NwkCarMovementComponent.c	25	0	0	f06188508f5d31d7e0495fc27d27fb5f41308be56f3d9e928c9d5a448c8095e9
Scripts/Game/generated/Components/NwkHeliMovementComponent.c	25	0	0	94e570864bd58c21402be17e9d5277896ba403f048c6ce742aa2e64bc1e8785f
Scripts/Game/generated/Components/NwkMovementComponent.c	29	0	0	e2b5b675d4f5a53c084777726cef2f5f5ceb049343e95b1d08f5eb3cf16366d8
Scripts/Game/generated/Components/NwkPhysicsMovementComponent.c	23	0	0	c2c816a8db29c36ebe4b45ae9b0527ac7194c5e6df1e5f26e5f514fae8015989
Scripts/Game/generated/Components/NwkSimpleMovementComponent.c	23	0	0	0c0ca8c61636bfaba18ed121eda1f0f35452810ac7318800e1e374c987c82301
Scripts/Game/generated/Components/NwkTrackedMovementComponent.c	25	0	0	a36ebb1f35d40d6a6d6e1285fd74255097cfc849a2345a232647ce782dc3df41
Scripts/Game/generated/Components/PrimaryControllerComponent.c	23	0	0	e3031d18e8115f8a7c05082dd8cbfb09cb1652c62823fcacf6f7f8d735deacd8
Scripts/Game/generated/Components/ProcAnimComponent.c	23	0	0	2a52734d73367cc86b4b825417ac5f5faf8d8c3f2854d4d964778ba53a5f9dcb
Scripts/Game/generated/Components/ProjectileSoundComponent.c	23	0	0	eeafc9c523e2fa30cccc701eb053eaa8198e5e716c7fa7386b229dcd752ece0e
Scripts/Game/generated/Components/RadioBroadcastComponent.c	22	0	0	2175bbb8f79e3011ba77c4151d37b1d4a8336fc694765771ec48c2f9eff85c70
Scripts/Game/generated/Components/RadioBroadcastComponentClass.c	19	0	0	19a2d3ffaad876218447181cff7899b516db8c5f96e50dd7b8111533b654c6d8
Scripts/Game/generated/Components/ScriptedRadioComponent.c	39	0	0	3f3e7a352330d9e4133425976a02fa4cceb05660745676c5ca0a7b23f9e8c845
Scripts/Game/generated/Components/SignalsManagerComponentClass.c	19	0	0	4a45660f7d74a8e1ceecf63f75f968727fa5ea518b712030a78f12ac92294410
Scripts/Game/generated/Components/SimplePawnControllerComponent.c	23	0	0	1072bae1d4b1f5d5e2798fc44291bfb7fb36ff48b73f97384608fdd7bf2b32c4
Scripts/Game/generated/Components/SimpleSoundComponent.c	35	0	0	c8602e11c40f95d9f72633c56ade9d37590b0935fc9adb819933f8ae69cab312
Scripts/Game/generated/Components/SimpleSoundComponentClass.c	19	0	0	dab9272171bf3cea947dcb3fb880ec316afdc971232f2c0704737bf2cd1e118e
Scripts/Game/generated/Components/SlidingDoorComponent.c	19	0	0	5a7c94ecc862b367bc973ef0fa68ee7f697667a43d6fb588a1660f0b9e3f9613
Scripts/Game/generated/Components/SlidingDoorComponentClass.c	19	0	0	2218773daf2dcac398767a45e4c7d75c3c640955f9defb66660b2a3272a9fdc6
Scripts/Game/generated/Components/SoundComponentClass.c	19	0	0	77d8ba59584c43d4d1b243b45520f06e1da20ac592ccbe649b90f31f18c4f007
Scripts/Game/generated/Components/StaticSoundComponent.c	19	0	0	fb9d026217e13d1158eadbcfb4a025a2a5f3218318ff150499479d942b149e62
Scripts/Game/generated/Components/StaticSoundComponentClass.c	19	0	0	3192237f1e922d16c6385220aa0ce1271d11924544feabbe04bf9c7c433d4094
Scripts/Game/generated/Components/TurretControllerComponentClass.c	19	0	0	135ab89486b4064ae8908af7492b008b0607294ff228044db4f32fa097bc316a
Scripts/Game/generated/Components/VehicleAnimationComponent.c	19	0	0	47b7e56306c78b8ac67aca2dbe9a914afa42059c1517abbf362bed5294fb70fb
Scripts/Game/generated/Components/VehicleAnimationComponentClass.c	19	0	0	cb245ed0cc0d8cc83c544ed798713dd39c8b9c629485367e3f87b3b171fc8124
Scripts/Game/generated/Components/VehicleLightPortalComponent.c	19	0	0	4661ff176b36cd0cd33d6f163af6790d1192b54117a2ba66cffe2de1f12d3b47
Scripts/Game/generated/Components/VehicleLightPortalComponentClass.c	19	0	0	661eb50b09976e5ead062387281d68fbccaf6a39c7df71079f9c3da6dc7ffbe2
Scripts/Game/generated/Components/VehicleProcAnimComponent.c	23	0	0	6d96c64767b038e0f4bcb150868c67f648762bb9c87375160104035659c80a00
Scripts/Game/generated/Components/VehicleSoundComponent.c	19	0	0	4d373688ab3cea6a486bebb49bc55b47b7c586e15d43bffaaecb29d24ed18c5c
Scripts/Game/generated/Components/VehicleSoundComponentClass.c	19	0	0	a9a4c251d3731b3e0159d6273dc3db38d6974818c62e93671e3dda21dc51a491
Scripts/Game/generated/Components/WeaponSoundComponent.c	23	0	0	20ae1d246c44003db5dddba9ca3f3ad46a16db39d77c8a310baf42fcb7101bc7
Scripts/Game/generated/Core/AchievementStatId.c	28	0	0	f0265d9025fab840a69a926dbbf68c182500fd0151a15694530d25c996fca206
Scripts/Game/generated/Core/Animations/AnimationIKTargetInfo.c	19	0	0	d7d61005af57a33fd48336b6a58decaa5c9de1ba955f096f9a83d54a884872f1
Scripts/Game/generated/Core/ChimeraWorldBase.c	19	0	0	ba25ff65c8084632cc46feb5382096c615d22affcf16f18be83254ced2ef091c
Scripts/Game/generated/Core/GameMaterial.c	24	0	0	2fbbd950cb20fb4219aae22ed81452ca02c61dd7cb81b70cff9e73e26648cc19
Scripts/Game/generated/Core/HitEffectInfo.c	25	0	0	30cd4f84450c2d64040c32a147429ecdf7ffff4d2cd4a1e91fb42f706827b029
Scripts/Game/generated/Core/ParticleEffectInfo.c	21	0	0	ddbc9331f24cdddc77986c435cfd69a9e0268c3d375081c72c749d7fcd0af474
Scripts/Game/generated/Core/PrefabList.c	24	0	0	4aea46ad36e79049ee8e9c34164b61352778567c22908509b98fb7bb298299c1
Scripts/Game/generated/Core/SoundInfo.c	20	0	0	d65e88fe7fe328a6a66f7f51384a37c42f706d20a973f257058ea01dd1e2e0e6
Scripts/Game/generated/Damage/BaseDamageContext.c	48	0	0	0f8e2a2aa225d53563119bdf1b3ef4b84b438bcbafcb04d7fa79aace8919ddf0
Scripts/Game/generated/Damage/DamageAreaComponent.c	30	0	0	66ccb4aabaa0d57db9426be9b1640974c1e00f72c6ddf00efdbbc881de826b91
Scripts/Game/generated/Damage/DamageAreas/Shapes/DamageAreaShapeBox.c	22	0	0	361fea5096fc5f7e33780185f29ed5b74ec463bb3effe6f4e5d779a869d023ae
Scripts/Game/generated/Damage/DamageAreas/Shapes/DamageAreaShapeSphere.c	19	0	0	038b68df75b1b7582baefe1083224c7717a88a0464ebaa32d00e75a3fe1f737a
Scripts/Game/generated/DamageEffects/DotDamageEffectTimerToken.c	23	0	0	72478d49b201aaf9ea5030177a023332424be7c556c97395e4c13e261df36f88
Scripts/Game/generated/DamageEffects/UnknownDamageEffect.c	19	0	0	1b20c8f25bc7993fabfbdcbe8933269c7920346fccee56b1f6fa1d34b84c8cf5
Scripts/Game/generated/DataExportErrorType.c	24	1	0	9b4744eb01448f75bea4f4409406035e6acb4751d692f810390696db98da75ab
Scripts/Game/generated/Destruction/BaseDestructibleData.c	21	0	0	54d7c10d7db2b9eb157ebbb51976bcff8699415009dd621b9a01d17e3261f237
Scripts/Game/generated/Destruction/BaseDestructionPhase.c	20	0	0	108312c36c642e719e364b24d51b819bc8adea48f38f96490f5534e3b08b1cc8
Scripts/Game/generated/Destruction/DestructibleDebris.c	19	0	0	191618aaa0be5c038b7f5d2e6d3d18c0f4d39f0bf06981e3e471d58c3d6cd199
Scripts/Game/generated/Destruction/DestructionHeatmapEntry.c	38	0	0	ee8f64120be52cf07424e04f3f0bb3817223be1800ef73e21dc91c94403f14f5
Scripts/Game/generated/Destruction/DestructionHeatmapRegion.c	31	0	0	7746a7157f7c2ee222f2e44f53ed098e8b8f22407c3e92fa770449b64cd581ed
Scripts/Game/generated/Door/DoorSystem.c	19	0	0	e1cc34bdbced48881805e00ab493f44b8df68042270e9564d9c05803a603e892
Scripts/Game/generated/ECommMethod.c	30	1	0	7dfef8dea030320ad69b7bcb4cd93ded3024c17903e45e64b9b05031ee5a1dd6
Scripts/Game/generated/ECompartmentType.c	13	1	0	bf096df24bc82cee60971c2ea7b55ba041d574afaa9a924027f60d5042dc7215
Scripts/Game/generated/EFuelType.c	16	1	0	7588d6d80e13d847009d29470f43a1923dfdd5e67743112309a6edddd2c75bca
Scripts/Game/generated/ELightType.c	21	1	0	59d11cb5cf0dd0ee86db9c47593e26ba63e1fe9625ca30c0f63b33261eba8127
Scripts/Game/generated/EPlayerRole.c	14	1	0	ad4f490f9d50a448d4bffc6215dc52ca6c1dca4c2a939f6397475e55ec7eaedc
Scripts/Game/generated/ETagCategory.c	13	1	0	4460372bf6ccf12f795dda8ccfd5b35ecbcb2d76695c6cbb7b50a1c5feef1294
Scripts/Game/generated/ETrackIRLeanMode.c	13	1	0	9ca97b8ced1cb43141ca94dfe880fa762105c07a0f59c6c0a40175f041042986
Scripts/Game/generated/EWaterSurfaceType.c	14	1	0	6dbea1e64080ea29a2357943ea39aeae6672e4bc4fe3c70c31876d770a6d67d9
Scripts/Game/generated/Effects/BaseEffectComponent.c	27	0	0	046daf1225e231bf8fbd1e3faed0d346149fd4cc44d45a9e2dbfdbdb2dae3c57
Scripts/Game/generated/Effects/ExplosionDamageContainer.c	22	0	0	106a97abd32d5260060f228ca49b11f2248b38bebc16bd6d27cb66b2c1a99d21
Scripts/Game/generated/Effects/HitEffectComponent.c	23	0	0	5bfdda90e2235458b29fd6b8cf2372f2a9e9a64d53419fb34032b45869ca0a9b
Scripts/Game/generated/Effects/MultiBarrelMuzzleEffectComponent.c	33	0	0	8c3f1859b6e3a053fc0b3820511f8f93f9bc15b85f83e0aa9784371b34bc7297
Scripts/Game/generated/Effects/MuzzleEffectComponent.c	33	0	0	01734eae440b992611dee5a63209aaff708a3cc8333fd381a70031c5c31666f7
Scripts/Game/generated/Effects/RocketTraceEffectComponent.c	23	0	0	296d8cbd424046568a82c923e419e0bcd921053a7c2793944b8661def6184b6d
Scripts/Game/generated/Effects/SpawnDecalEffect.c	19	0	0	1eefd645cef5c9686e1f31ec35acc2208cd4cf7655c1f6f9b3d391130aa5ff23
Scripts/Game/generated/Effects/SpawnDistanceParticleEffect.c	19	0	0	8f4adbc0a3d44ef8a077645da135b3cd3cf072fbff4513799fc056b1ece86894
Scripts/Game/generated/Effects/SpawnParticleEffect.c	19	0	0	2a56d6405d4cd47320279312495d9bfb711e845797860d8e87e05b73b9f79645
Scripts/Game/generated/Entities/DestructibleEntityClass.c	26	0	0	1daed35dc159e41c74942e145029a98e67d2bf4911c73b3ff3d78eaf1b284590
Scripts/Game/generated/Entities/GameEntity.c	23	0	0	61a571992f0536a99d4f957960569553adb9c852baddd8541f86974d2ce3ff0d
Scripts/Game/generated/Entities/PowerPoleEntity.c	23	0	0	929e2acf8eed775315eef530c7671227341c595af010560dba838d1a6883f55d
Scripts/Game/generated/Entities/PowerlineEntity.c	26	0	0	57adb52400bd40607b53d1eaa317757250e3a81289c5fe07e40686767a8570dc
Scripts/Game/generated/Entities/RadioManagerEntity.c	30	0	0	c8144aa3960fae17c1adb0be76fa73f772d9a688d9c683e629a51f471b0cdd6a
Scripts/Game/generated/Entities/RegionalDestructionManager.c	27	0	0	f224dbb3650757d1aebc57c0a86d5fb489dda19b521ed82f33c0778f6aacf922
Scripts/Game/generated/Entities/SoundWorld.c	26	0	0	1635d0e85291f602b59306dd189eb2c58945915636be4789f01b497043533644
Scripts/Game/generated/Entities/Turret.c	23	0	0	6834c7225ee8d3b3b4ec0a3b6c655a8b56745d688f333d6f4fcf581e9a9ac370
Scripts/Game/generated/Entities/VehiclePartPanel.c	26	0	0	8373d1638cd644477efac6cb3943a5fe4cfe1364319f9c1c1eb3b4b48f85f0c6
Scripts/Game/generated/EntityTypes/EjectableProjectile.c	20	0	0	53ebff1c48bd955a5082f2acccd7dc064a0075be34ea97099fa5602325d4f2a5
Scripts/Game/generated/EntityTypes/EjectableProjectileClass.c	19	0	0	5b5796d9e45894af164c6bba78740f1e0d7e42a75e298c68a8685c0bfe35c6ef
Scripts/Game/generated/EntityTypes/Projectile.c	19	0	0	a94ab11dab3478bb555d2645a430502ea5ed65602be4ad099c47f7ac212be3e8
Scripts/Game/generated/EntityTypes/ProjectileClass.c	19	0	0	a1defa1b80f8244f17f44a3216d0be122372be66c4e05a47ffa10c841ecfdef4
Scripts/Game/generated/EntityTypes/TracerProjectile.c	23	0	0	f84d22a02c8b162a5725b8af399a633bd8a73921f34d0b2b4877f7a5811ed620
Scripts/Game/generated/EquipmentStorageSlot.c	18	1	3	e865d620041dbb065fe052725c439c4d2ac22569ebbadecc867bd69de730a2c7
Scripts/Game/generated/ExcludeGenerateFlags.c	17	1	0	e8ba1667ae0fad4434909d11b7e62dbdf744d40f2b57c82569bbec5544100970
Scripts/Game/generated/Faction/ScriptedFaction.c	27	0	0	fda6d8820f132517b24251f07d95887beb6e5e5902a640d3fdc95d1e0e9c75f3
Scripts/Game/generated/FlightMode.c	18	1	0	1692e4e7864c2026ac29091132bf02ac9266100467cf4e76b3b391d1f082a12f
Scripts/Game/generated/GameStateTransitions/KickCauseGroup2.c	24	0	0	b68ba5af90884b4f6ab855b6cb5e64850bcda0f0df60a6a0b2aff6f22ca974cb
Scripts/Game/generated/GameStateTransitions/PlatformKickReason.c	27	0	0	f825edb383d07ee6bad0b2ab4de716620815566a698394fe5d31a8d774b6af37
Scripts/Game/generated/Gamepad/GadgetGamepadEffectsManagerComponent.c	23	0	0	64a36c2903ce2aa0412751c17ee250ca1ed814b1b1f818c507d513df86b2fdbd
Scripts/Game/generated/Gamepad/GamepadEffect.c	31	0	0	92eb3d20810e43ebfc80c1b86f7d9e5bd5c94d2c08ad74c79bbd23b2370eb330
Scripts/Game/generated/Gamepad/GamepadEffectsManagerComponent.c	28	0	0	65528601756295dfd8ca4bf6990eff22652b540586251b4138054cbe043afc11
Scripts/Game/generated/Gamepad/GamepadLightEffect.c	25	0	0	6c7933ce90c9b9d25181049b2a9b18b0f26f6179cd3e76211f29954433ee6d9f
Scripts/Game/generated/Gamepad/GamepadVibrationEffect.c	19	0	0	8aa9b9acd02c5cee4073f6c359a60da22dcdee8c6732b822c7dc5901b712b458
Scripts/Game/generated/Gamepad/VehicleGamepadEffectsManagerComponent.c	19	0	0	538c836a56b5bcf48eaab87e6533ee1733c8c9c2ac302b379c4dac4b03ced14c
Scripts/Game/generated/Gamepad/VehicleGamepadEffectsManagerComponentClass.c	19	0	0	48cb8e11b1a44ad819aee6120ff7ba85915353e026d3cbad317bf727d0b43902
Scripts/Game/generated/Generators/DistanceType.c	23	0	0	56aad515a909e651a5b7b326b88e419d60b10f99e49cd9d48089c44f17c02879
Scripts/Game/generated/Generators/ForestGeneratorGrid.c	32	0	0	a71f3278b5aaf5a4b44a63e481de3414674416a3a3a12e7b20a4585945e1762e
Scripts/Game/generated/Graph/GraphEdge.c	23	0	0	cc62c30076ca343b0583a4df46dc95b5f3fedf2d2c8f67df83fc27bbb42a8f6d
Scripts/Game/generated/Graph/GraphNode.c	28	0	0	b21a78c7d4725d72c669276c0393a91db36456128a72b22345dc6d399d00407c
Scripts/Game/generated/GridMap/CircleGridMap.c	29	0	0	da5e1c3b1d9af6aa42126da72b2ded3292f6189a5a452ba928350e409addcd50
Scripts/Game/generated/GridMap/PointGridMap.c	27	0	0	e2ad0c3953deed20cfe0094cf4a956cef21da9d393a6164882e19d793d742153
Scripts/Game/generated/Heatmap/EDestructionHeatmapCategory.c	23	0	0	4019302b6305bd0d6276e3b0e80bde65d3d9e4e69b2f2d5eda9924581e23b0b9
Scripts/Game/generated/HierarchicalPointInfo.c	10	1	0	9e89ff84142f1782f704e1bc8c1272f7c6d08a819fd495ce60fa1d71b39ef146
Scripts/Game/generated/HitZone/DamageManagerComponentClass.c	22	0	0	33f19f59ec471eb7eca2192e3bc7ed656ea8aaf7869597a561218a67e76385c7
Scripts/Game/generated/HitZone/EDamageState.c	25	0	0	7a4ed3e9c9569422d13f4b13647a0a338cda66f355c6bfce5ef5d991a7a8b230
Scripts/Game/generated/HitZone/EDamageType.c	32	0	0	0031b73a25173734d32e2eb921c5ba9980c22999912ce2f59dbca6aa270d53b3
Scripts/Game/generated/HitZone/EFallDamageType.c	21	0	0	89f27de121c106f238515ab148456d2384b5263d8b90b51a2cd485aede5afdb8
Scripts/Game/generated/HitZone/ESetMaxHealthFlags.c	24	0	0	e1892be70609bbc7c7b2b8c810b46511bb36c7eb299be87cc8b7343003d58ff6
Scripts/Game/generated/HitZone/HitZoneContainerComponentClass.c	19	0	0	62b99f772ff182fb2a9609d7fcd17b1d9eea28c0f90b13edd13fab4271b94bab
Scripts/Game/generated/HitZoneReplicationContext.c	10	1	0	fa4e04307b3c4d078ef5d6d170cc254fc4af658381e881d2e4501272c20227cc
Scripts/Game/generated/HitZoneReplicationFlags.c	21	1	0	7d684a0bd5eb696525f69ab07393cfc88e82b184017f519d0da1326c42620ddd
Scripts/Game/generated/Identity/FactionIdentity.c	24	0	0	a721a62bc778b9c8e732c3dd5ccd49c2387bdf86f358e05f697c6061d79010e9
Scripts/Game/generated/Identity/Identity.c	37	0	0	0210c45535c0301da26e6b146d6f80720f202da2cc2874f9ded8de1bd029d475
Scripts/Game/generated/Identity/IdentityBodyMesh.c	25	0	0	c4a9a8c07e42e1eadc4fdcd2917a3644d22eb44ca4bfb763713a0ae22cc9db29
Scripts/Game/generated/Identity/MeshConfig.c	19	0	0	c4849a9bc4ed1b6bd9d8b0efc970fd08c68f10d2d4b8b385e231662eba447e34
Scripts/Game/generated/Identity/SocialIdentity.c	25	0	0	c9867cab88aad692d81a8c416e70fbff9597ce791290afa45238597da7fe26d0
Scripts/Game/generated/Identity/SoundIdentity.c	27	0	0	cd10142786135c863d581d0f6e52f5bb3836f333d45cbc6a7ddf4227e3998c0b
Scripts/Game/generated/Identity/VisualIdentity.c	26	0	0	2a49d286bf5e07ccfa52f937a5b3e4e44a7d6de602cfbed331fc239a88a8a3d9
Scripts/Game/generated/InteriorRequestCallback.c	11	1	1	bb2f937667bdb402cb9a30dbbc0cd44cc4a006c77bd4fadc6e3516dc949213aa
Scripts/Game/generated/InventoryStorageManagerComponentClass.c	10	1	0	1c77220fb379f8426b3919e8e18723acfef3161896656eb76478a6cc62db1c92
Scripts/Game/generated/InventorySystem/AimingModifierAttributes.c	19	0	0	b22fb41e37a12392ed469fc072a298148305c68032f753fcc91b7c568a1ce600
Scripts/Game/generated/InventorySystem/AttachmentAttributes.c	20	0	0	43b3b3fcfe1c80daa910a5f34971449641313fabb6417c70f53767ef0db72264
Scripts/Game/generated/InventorySystem/AttachmentsStorageComponent.c	23	0	0	4d79a2571a26b953f67a7b65975f6ed52b113cb021d9ceb4dab842334c2015b8
Scripts/Game/generated/InventorySystem/BaseEquipedWeaponStorageComponent.c	23	0	0	74df3353daddcb900ae520c8ef6367d6c5d94f6f1cedc6469f96ccae1c819404
Scripts/Game/generated/InventorySystem/BaseItemAttributeData.c	19	0	0	092f370749a28a6169eac68c35993743d43ea7e8b5226fda229592ab42bf3242
Scripts/Game/generated/InventorySystem/BaseUniversalInventoryStorageComponent.c	23	0	0	d97859db6256185e2c0dce46a6176214afcbd63e8cc5f5927eda3b6231286556
Scripts/Game/generated/InventorySystem/CharacterVicinityComponent.c	33	0	0	b8d628947a10b80d74d88a7107752f141f966bcd1d184d40c0b56ca1c7d9fce7
Scripts/Game/generated/InventorySystem/CharacterVicinityComponentClass.c	19	0	0	f1f058426a499f040c2b783c935f912044755b3a187148512b90cbd67dd8e7e8
Scripts/Game/generated/InventorySystem/EStoragePurpose.c	27	0	0	ca3abde744abada63a1725b8d0e4e6a0a8a0ff899b0a33200736832f05c465b1
Scripts/Game/generated/InventorySystem/InventoryTask/BaseInventoryTask.c	21	0	0	a7b5ba7f7fa6c0e0e98e573900ee4eed8f44f45c3ec48601fb7b826ce6a2c49e
Scripts/Game/generated/InventorySystem/InventoryTask/InventoryOperationCallback.c	19	0	0	94eb26c5c50c136916e9caab80b46a057c290c2123b4a04b17b3ba63bf91426e
Scripts/Game/generated/InventorySystem/ItemActionAnimAttributes.c	19	0	0	ac98b413f27751c5e81d5a168eeb1b67973356be809ef6a0051795daeec657da
Scripts/Game/generated/InventorySystem/ItemAnimationAttributes.c	20	0	0	11d1f49964a8a457272915ac04294a6a6dd9355fe6ee5e30b4eb8346db5ea604
Scripts/Game/generated/InventorySystem/ItemAttributeCollection.c	28	0	0	69d1cee57d2e63ddc286ce9984cf8364c8db5f3c4e110e008e56fa2cd50677a6
Scripts/Game/generated/InventorySystem/ItemMovementSwayAttributes.c	19	0	0	bdb34b5402dc3a7bb1374ab5cb7290cbb3b01547fae8deb8fbbe7572d3b83fee
Scripts/Game/generated/InventorySystem/ItemOneHandAnimAttributes.c	19	0	0	b9c2c6624cd408cc2c7b9454596dddad83fc578bd23bed21bb209cf84cd34289
Scripts/Game/generated/InventorySystem/LoadoutSlotInfo.c	20	0	0	48b94fd63034d633e6c436a75528294d4e3dd4d0c9f08fd8e491e90efc675c51
Scripts/Game/generated/InventorySystem/MultiSlotConfiguration.c	19	0	0	37a9fde12102863b8b674b48521286d3d73639115ae59684c02a9b0ec4fb9904
Scripts/Game/generated/InventorySystem/PreviewRenderAttributes.c	37	0	0	2e79eba967723adff3bcd8869a50ac9a0266c26a0ddfff6ff5c25619cdaf6bba
Scripts/Game/generated/InventorySystem/SerializerInventoryStorageManagerComponent.c	23	0	0	c71c792f672770fc757369e3b2a856d7cbc8f7371353cdfd3af8c2084f03324d
Scripts/Game/generated/InventorySystem/WeaponAttachmentAttributes.c	19	0	0	285dd5ae903c6ce66ee71ac0347d747721560add9753457836d6996df0b79719
Scripts/Game/generated/InventorySystem/WeaponAttachmentsStorageComponent.c	23	0	0	ffaed18de07b485d5b17bb0c49965223270dca20bc4ec2386e70743da784f74b
Scripts/Game/generated/LadderExitPointInfo.c	10	1	0	b0be8716d97ee54b4922fbe4b54fe194a719878f516331ab449d0f8aafcbe7df
Scripts/Game/generated/Loadout/BaseLoadoutClothComponent.c	22	0	0	ae294d0f9f2bfa7a05c7f464afca3b77244d0d5a1c557e55aa97ebf0a46b921f
Scripts/Game/generated/Loadout/BaseLoadoutClothComponentClass.c	19	0	0	4c9b90d273c35b56d8077c083bf713cf704ea6255e1648aa538729aa0fa4fa0e
Scripts/Game/generated/Loadout/BaseLoadoutManagerComponent.c	23	0	0	91158251db339d7b2eb5bf3f63ce58b27c3ca18f720200365ba5c10753c88b18
Scripts/Game/generated/Loadout/LoadoutAreaType.c	20	0	0	b727315e89d155e71ec19312e15d5deb30d2b8523c4700e406dbd0bef7900f54
Scripts/Game/generated/Loadout/LoadoutBackpackArea.c	19	0	0	213be915cfd4c342283cb7fe52cac1632f096e078b3f2856012e8b776b0a569f
Scripts/Game/generated/Loadout/LoadoutBootsArea.c	19	0	0	2bd594379fc35fab21ed110f1e868b03a930ccd98a1eaa23bb2f82e13e837525
Scripts/Game/generated/Loadout/LoadoutHandwearSlotArea.c	19	0	0	30161ef54b61cab1d1b0c49ed76afa26291cff308fa4db7dbb967cae7ae69580
Scripts/Game/generated/Loadout/LoadoutHeadCoverArea.c	19	0	0	995ad832745052601026777efe7669e33bc513cf04bec704c4a3e8ea05e819d3
Scripts/Game/generated/Loadout/LoadoutJacketArea.c	19	0	0	3d92e7ce732fdde91d29b5ae861a7a5fee084b21fb34c52a00968166ffb28313
Scripts/Game/generated/Loadout/LoadoutPantsArea.c	19	0	0	07371f1bc657ee03a6e6e46cd4b3191d9e35a90b854a31938482a6d55a9ec8df
Scripts/Game/generated/Loadout/LoadoutVestArea.c	19	0	0	40883df7df0666cab842d0c29b80e2484152a7b7c6af4b83bb5302eb0abb8e33
Scripts/Game/generated/Map/DrawingItem.c	23	0	0	022e8cec7ff087bf7987c66ebcddee260971d51fadbae3ae69f17681e79a8e44
Scripts/Game/generated/Map/EMapAreaType.c	21	0	0	c7747a61547071395f6b6f7354e96b050cd57aa220b3f8cb99fcd3434af720e8
Scripts/Game/generated/Map/EMapAreaVisualizationType.c	21	0	0	28c1e9a7216bb76a96abea2567f314e67f431693cc06946305544ab222bb8ed1
Scripts/Game/generated/Map/EMapBuildingType.c	23	0	0	e5774baf3dd17d4f59f2b4515f2ce581b8174800b076f96bb9548ad3a7c42c2e
Scripts/Game/generated/Map/EMapDataType.c	21	0	0	4d30eabb266e11a3b9f28f00ec8f2a7381c06836cb30f120ed822cca7d3625a5
Scripts/Game/generated/Map/EMapDescriptorUnit.c	27	0	0	1e0f473d86dac42d70406c56f85341c6ac5a529675e6a65f3f46349b32bef055
Scripts/Game/generated/Map/EMapDrawingShapeType.c	25	0	0	b31524acf75b1169c3c183c2b9d0c57c469d981834d74c8907202c844cd7bed9
Scripts/Game/generated/Map/EMapLineType.c	22	0	0	eed03726caa3f7d788dd4f771c5b8e85daccb180e288bd821773e65ce4d19c8c
Scripts/Game/generated/Map/EMapPowerlineType.c	22	0	0	f3328ccf5c9d7cd72a1824068ea764bdf4454807bc70126adf8f3a7224d5d618
Scripts/Game/generated/Map/MapAreaProperties.c	23	0	0	f1977dd5448c479e0c4a7b98a468b4cf394d3c0baf0a8a20c5ac1e64ee2a87c4
Scripts/Game/generated/Map/MapLink.c	28	0	0	c3abbe11310b8c2a640133639e62c244b75aad5f4b45bfe051b0bb3bdf421902
Scripts/Game/generated/Map/MapLinkProps.c	33	0	0	1e03a9d4dd3b1d629113c6739eb2efb3ba06bcd4050672f74bc275fe86b056e5
Scripts/Game/generated/Map/MapSelectionProperties.c	26	0	0	d5a1c136c271bb0b9ee0b3a6edade28229424ec57b6d8ec7e9f9cc49c6773192
Scripts/Game/generated/Map/MapWaterBodyProps.c	23	0	0	06511f4f4e921fecacbf6f92d9e67904f4b6ca757ef00b6c784f3419b6bb9c05
Scripts/Game/generated/Mission/MissionHeader.c	29	0	0	4c39906527f851aa0dd868689a41c8df698281b022267e6cd52ae152c2053241
Scripts/Game/generated/Music/LocationMusic.c	19	0	0	b18982e5bc3d49f8acc83f5e448c40bae0b4f07a240c413299c8e7b2fcabb8cf
Scripts/Game/generated/Music/Music.c	19	0	0	74e6d431dd959e7e0122228a389e59105446221dcd946aa21609a481685314fb
Scripts/Game/generated/Music/MusicCategory.c	27	0	0	1f93d469e1001e46825eaa933ba2e633ea747bf2ee855faaa6484d7950b84e0d
Scripts/Game/generated/Music/ScriptedMusic.c	38	0	0	ed832fbd00847148917d103f1b5071c96af0d81f3cd5d64bc9d2d5e2b9aabfe0
Scripts/Game/generated/Network/PlayerManagerKickReason.c	29	0	0	9f304c1f8ceba7265aa1f348f52a0cf7a13eebda99c9768e7c667b193538aecf
Scripts/Game/generated/Perception/CharacterPerceivableComponent.c	19	0	0	37a94d7ede7b00ce60116ed24029a63c39a9d94b2d974d5b7533c4b439f9e86d
Scripts/Game/generated/Perception/CharacterPerceivableComponentClass.c	19	0	0	859e03e2b97464866dece0615a9175566a108b94d677444a43918beb15e2f8f1
Scripts/Game/generated/Perception/PerceivableComponentClass.c	19	0	0	b72e9140530b037a86e61df58029631a37e4a8501a7dc4223e3c372978fb38be
Scripts/Game/generated/Perception/PerceptionManager.c	29	0	0	1bd3d46d0770916f592c8d9305f040730d9c2373cf7d9ef706c5c4446c84c445
Scripts/Game/generated/Physics/BuoyancyComponent.c	27	0	0	ee3bf2e4173811fb104d33da1127345fd3c3a0399e3b557df479a075236cd75d
Scripts/Game/generated/Physics/BuoyancyComponentClass.c	19	0	0	daecc9d209246cb9537760383d5cf6275699ae51d0a8d7c6d98f4a57ab11cb1a
Scripts/Game/generated/Physics/DynamicPhysicsObstacleComponent.c	23	0	0	4d9b6387bef48a1bbf88e160b3ee45e80759e836d0e22bd9f52b1b8cbbad2636
Scripts/Game/generated/Physics/VehicleBuoyancyComponent.c	21	0	0	d4615bf28da6e97123ea3f81ceb298f3b8f9dc05b0f007a222a786922dd9236a
Scripts/Game/generated/Physics/VehicleBuoyancyComponentClass.c	19	0	0	95de12e78d799aafd7c93cbf7e4058a7e2e22aa21aa6012cf96e3ea559ed181c
Scripts/Game/generated/Physiscs/AnimatedColliderComponentClass.c	19	0	0	2f79931230e9636715e520e1bcde950c90a884792856ff1830f88e12cb893af1
Scripts/Game/generated/Player/EUserInteraction.c	24	0	0	f39fcb6ec1e1831be8e1dbba1d45c2db091ef1fae2532c1cd8c69afa0c3158f9
Scripts/Game/generated/Plugins/Persistence/SaveGame/ESaveGameRequestFlags.c	20	0	0	fb0b67e4f7661c1d4b14154873e2584d0e5d63b36f3c66b2bd998505bb775401
Scripts/Game/generated/Plugins/Persistence/SaveGame/ESaveGameType.c	27	0	0	7aa6a3204570d6e0f35eae8568a896932fb7bd6faa6f0cc90760ce1096461a20
Scripts/Game/generated/Plugins/Persistence/SaveGame/SaveGameAddonVersion.c	28	0	0	1e325ec38f15feb44a6440cfde8ed5a9edb929aa910f0163f006bb5c68304699
Scripts/Game/generated/Plugins/Persistence/System/BaseContainerObject.c	28	0	0	cd9b52b57c6b8eb6c00df27215a986976a10973a23e52c3726bf85da811b5a98
Scripts/Game/generated/Plugins/Persistence/System/Bundling/BlobBundler.c	19	0	0	a23ae39eb8812ed31502aac1b7426c69355a40696d30c7e2c913ecc431c62bd1
Scripts/Game/generated/Plugins/Persistence/System/Bundling/JsonBundler.c	19	0	0	f4490c8d4b039d6af8d240f632e461bf2d580001eb2911833bfc8ee5ad4a4669
Scripts/Game/generated/Plugins/Persistence/System/Bundling/PersistenceBundler.c	22	0	0	1e2ed1254a39fc968c916430c0f66880ee41d6e346adb1011b5a8dab88ff2542
Scripts/Game/generated/Plugins/Persistence/System/Config/Configurations/EntityPersistenceConfig.c	26	0	0	05ba6cea2fa81a5bcc4530a4ccae0795afa8af6e9856b996ec5b6581c4fdc127
Scripts/Game/generated/Plugins/Persistence/System/Config/Configurations/PersistenceConfig.c	30	0	0	c01cf8677869ba457834b45e6c3f0d1d61e9568ed3de0303ff7522d2a04ab8c8
Scripts/Game/generated/Plugins/Persistence/System/Config/Configurations/ScriptedStatePersistenceConfig.c	19	0	0	6c4a17587986f598a583cb22cd9478dbf975bb2769a315d09bc998508e4ce604
Scripts/Game/generated/Plugins/Persistence/System/Config/PersistenceBundle.c	19	0	0	3893f0792d2e1dabb4ebf7b9bdb7f81a4868210b4065bf2eab9c3cfcde1d0d36
Scripts/Game/generated/Plugins/Persistence/System/Config/PersistenceCollection.c	23	0	0	c9a2365aca0828e8724c2f4f7b654c198557ab23a78e254095652197e01cf3c6
Scripts/Game/generated/Plugins/Persistence/System/Config/PersistenceSystemConfig.c	19	0	0	875b12ccc2ba46a3c6c57dc66e8281263b26c38616dce95f018b3e0b3333602d
Scripts/Game/generated/Plugins/Persistence/System/Config/PersistentState.c	22	0	0	1ccf7e226ab90b92879d6a86289673e5c4f56a09dab2845ee2db97b2073e36f7
Scripts/Game/generated/Plugins/Persistence/System/Config/Rules/ComponentClassPersistenceConfigRule.c	19	0	0	644c8a7af4c258bd2e8177e7c6b254b8e367c00c96dcb147b6c424ab96233f1c
Scripts/Game/generated/Plugins/Persistence/System/Config/Rules/PrefabPersistenceConfigRule.c	19	0	0	a8f34e82ed139cc33532ed80e33f35b63aeb6c0a897fc983c166e3dc8d0e79bb
Scripts/Game/generated/Plugins/Persistence/System/Databases/PersistenceDatabase.c	19	0	0	26894b5659692e775ff4cb6684343b13960652877d6a48c518e4a97c62e2b8c0
Scripts/Game/generated/Plugins/Persistence/System/Databases/SaveGameDatabase.c	19	0	0	ead4214a51d857cbb38735387c826fe6afacf92b3ea3191271128aa88141f081
Scripts/Game/generated/Plugins/Persistence/System/EPersistenceParentHandling.c	27	0	0	2bcde92cf4c8ab7fe71bb3482d85fc291ae7020a5f36377bc08de07a09d297eb
Scripts/Game/generated/Plugins/Persistence/System/EPersistenceStatusCode.c	30	0	0	9373e51702f22b8ef76dc7f7561b526ca1619c9a0ac8bf228eb70e80f2e82eca
Scripts/Game/generated/Plugins/Persistence/System/EPersistenceSystemState.c	24	0	0	473b97f910bfba5c92c7b9da094c2f455c5cf3576005045da35d625aac3b5ce7
Scripts/Game/generated/Plugins/Persistence/System/PersistenceCallback.c	19	0	0	98b4890bf6ea4de6987daf0393550ce7c483165f607f13c9fd194cbe56ed87a1
Scripts/Game/generated/Plugins/Persistence/System/Serializers/EComponentDeserializeEvent.c	22	0	0	ff2728502c27a2de8f47cd0b5896eceff1b50cf837980da27de1d390aa55c0f9
Scripts/Game/generated/Plugins/Persistence/System/Serializers/EDeserializeFailHandling.c	25	0	0	1b8b598c7415bbeaf165362822a22c834b2521bf083b32213a0bf634959b18df
Scripts/Game/generated/Plugins/Persistence/System/Serializers/EEntityDeserializeEvent.c	21	0	0	b208681753acdb50abe06650d74485d633bcfda6774443f3c3ce27ddf94d6808
Scripts/Game/generated/Plugins/Persistence/System/Serializers/EScriptedStateDeserializeEvent.c	22	0	0	f3ab66240162b70c7beeb8097b98b4eb0cb315553e501be2419cd759a556cdf4
Scripts/Game/generated/Plugins/Persistence/System/Serializers/ESerializeMode.c	22	0	0	76ddff9f4cb60882f9d4c42f9b58f6a1632861e2b3c7d59deb149c7b9766daeb
Scripts/Game/generated/Plugins/Persistence/System/Serializers/ESerializeResult.c	22	0	0	9396ea2c5e7d15d1de9d109d52fb49eb5eee88827fc679da19a64769623e92a2
Scripts/Game/generated/Plugins/Persistence/System/Serializers/SerializerDefaultSpawnData.c	25	0	0	71830620753e92f2db87b9545db98b37dd963ccc739c9ab90b8d3780d5f575f0
Scripts/Game/generated/Plugins/Persistence/System/Storages/GamemodeStorage.c	19	0	0	9d0060f3ca7e2352df20a3da3732795acabfa1b3c293646dea63cac277180db8
Scripts/Game/generated/Plugins/Persistence/System/Storages/PersistenceSessionStorage.c	19	0	0	e7cfb71603f59bcd87ff26f108197269e5d3a796540a7c284bfecb378450c587
Scripts/Game/generated/Plugins/Persistence/System/Storages/PersistenceStorageBase.c	19	0	0	023e2ca704817804f7dd9c03cb44922e8c7c1e878d6d5c0b677d1d1ab96ccb20
Scripts/Game/generated/Plugins/Serialization/BaseJsonSaveContainer.c	40	0	0	9b9e17116691f79ee86da5fe103c65e52a4070b21280105fa88482cc6bebdec6
Scripts/Game/generated/Plugins/Serialization/BinaryDataContainer.c	21	0	0	dcd1f2a35d97f10f9d5648bb15122d23638975c33526a47025b052a122755212
Scripts/Game/generated/Plugins/Serialization/BufferSaveContext.c	36	0	0	a24451ab6db9ba7bcbd51996625942274c4b5cf56dcd60836a8ef237e80b7f8d
Scripts/Game/generated/Plugins/Serialization/EPrettyFormatOptions.c	21	0	0	e32653ea51198e5886a17924a3451e7dc46cdf25e483105c60061308bd55db46
Scripts/Game/generated/Plugins/Serialization/JsonLoadContainer.c	22	0	0	ff61d92f00accea785dbc2515eb73fb43e0cddccd0dcc3e67f3c3711451d0d3d
Scripts/Game/generated/Plugins/Serialization/JsonSaveContainer.c	20	0	0	6c38786829bd6345312ff9dc8f89c2b7a4c555b78ef6ef9f28c4756c7f7c720d
Scripts/Game/generated/Plugins/Serialization/LoadContainer.c	23	0	0	04be744d00b150285898b658d7f3f0ae7b65de652ed35d6c2e4aea6d7b10295f
Scripts/Game/generated/Plugins/Serialization/Presets/BinaryLoadContext.c	26	0	0	232da3368f161716e4dad466ca82f89f3777b30dbec6d1303a342d1ace8b6c18
Scripts/Game/generated/Plugins/Serialization/Presets/BinarySaveContext.c	26	0	0	e253cc6b5815806fbb17c4d374166faa8de2531b535c4d823445aa6b3291bbae
Scripts/Game/generated/Plugins/Serialization/Presets/JsonLoadContext.c	22	0	0	03ed5f4300234c2f8eac46f4eb9f7be58b2c8b4efb9858175d9281c41167b8c2
Scripts/Game/generated/Plugins/Serialization/Presets/JsonSaveContext.c	24	0	0	e1a23d6c1d68751a3995705500573da2f8b862527e83ff6ff7151854f4429a55
Scripts/Game/generated/Plugins/Serialization/Presets/PrettyJsonSaveContext.c	22	0	0	c84c46b52f8a7ce4ef1d1fe8c54f4c08258e3d74c1bc76faef6950874c9741ea
Scripts/Game/generated/Plugins/Serialization/PrettyJsonSaveContainer.c	29	0	0	6f73150849e77aac3c19004e4c4ad6c78f7c00d2098ab29f472da269748a92c4
Scripts/Game/generated/Plugins/Serialization/SaveContainer.c	23	0	0	ee0437b63bba99f2284fcff4c61efface0b81806b0e7af506f3cdae858e2f080
Scripts/Game/generated/Preload/BasePreloadManager.c	23	0	0	37b065f6e863a580da503b4ff6131fd8534f6cdefbb53bd12d56bfaf4405f925
Scripts/Game/generated/PrivilegeCallback.c	11	1	1	df7a9a5446654e5dfbba75afb41687a06c527c52840c8bd63149866472e6d412
Scripts/Game/generated/Projectile/BaseMissileGuidanceComponent.c	23	0	0	b7b73e0caacb450bb8dcc23834f0ec687b56ca1f3be75f36fb1fd39117a740db
Scripts/Game/generated/Projectile/DistanceParticleEffect.c	19	0	0	99403ba9d32df3bd91d6335165f2e99327129d562fc97d0e5474333ae15a3455
Scripts/Game/generated/Projectile/Explosions/BaseExplosionDamage.c	19	0	0	d3e2fec4f38586f059fd17d8660fea5f43825a59a7584c0c244034680d3f645d
Scripts/Game/generated/Projectile/FlareMoveComponent.c	19	0	0	d3797be82e3d3345c62208af65992ecac6c2d7b9b89ff75855457c7e640c86fd
Scripts/Game/generated/Projectile/FlareMoveComponentClass.c	19	0	0	0ae7b15bec57f96f0edb1d332730b21e31f9133e7ddd456d1be17584544579e8
Scripts/Game/generated/Projectile/GrenadeMoveComponent.c	19	0	0	d1c10c52a657c69e6b1cc5b5587237944bc18cb5a152a0b3f1a834504bfc6ee4
Scripts/Game/generated/Projectile/GrenadeMoveComponentClass.c	19	0	0	89aa1cde8fe0f32206476f84cdccbc67230957dcdb7d85efae1946304d65a0f6
Scripts/Game/generated/Projectile/MissileMoveComponent.c	28	0	0	f4dcba899f693214b0b134ef729492fe2f3574f911649a96d21ef201aee30598
Scripts/Game/generated/Projectile/ProjectileMoveComponentClass.c	20	0	0	2eef1947d715d36b7457d3c97573b411734a67fb16016c6cfaa1e6ac76360759
Scripts/Game/generated/Projectile/ShellMoveComponent.c	19	0	0	95cd7942e467bd496d372c0d33fda14da4460c0d9e75dd917821d675e768da9d
Scripts/Game/generated/Projectile/ShellMoveComponentClass.c	19	0	0	b8b22aca97b93c525e33aeea302924066ad7f36a8e4236d668de87bf82885315
Scripts/Game/generated/Projectile/Trigger/BaseTriggerComponentClass.c	19	0	0	d9f3fe79fe60778387fb5a40a8739da31d6f0b666f3a95f9ea2563c03744a772
Scripts/Game/generated/Projectile/Trigger/CollisionTriggerComponent.c	23	0	0	2d2605b851e22defbfea2b828d2b6b20061c1a9ed10cd01b4092cf6ed974ef73
Scripts/Game/generated/Projectile/Trigger/ProximityTriggerComponent.c	19	0	0	326d09271fdad5bc5644f35d85127a193e520585ac51d8b49999a31ac1390a72
Scripts/Game/generated/Projectile/Trigger/ProximityTriggerComponentClass.c	19	0	0	58efa95753dfef8257dd179163d5b28739966c35a21db02ab72a5b8565cbe0e7
Scripts/Game/generated/Projectile/Trigger/TimerTriggerComponent.c	35	0	0	e11aa16eb8a52b023901d182526f5329f18e5430120f33b28dfafe3a5c1bd3f0
Scripts/Game/generated/Radio/EditorFactionTransceiver.c	20	0	0	b82e1f4b190725a3ebded757b2df4f69c55b64e2d7b9e15751483f770bea9a1a
Scripts/Game/generated/Radio/EditorTransceiver.c	19	0	0	386e76a9c9549f698fee2cadd1af311dafb62eb381c7817e80ef8f3f415f9c06
Scripts/Game/generated/Radio/IntercomTransceiver.c	19	0	0	4e4fa26175e9e92767178438166875e173eb81993b4199461811cc4d03cc0d11
Scripts/Game/generated/Radio/RadioTransceiver.c	19	0	0	887f1d71dd1be2f66d17ccde8f5d927624dda426c3d373b9f012c9c608de7860
Scripts/Game/generated/Radio/RelayTransceiver.c	19	0	0	1700a337194060144f45867d446cd55b48322c7cd7c642a5f2dfceeaa708d0dd
Scripts/Game/generated/Radio/ScriptedRadioMessage.c	23	0	0	db69769a7b3ecca32263f3f589c006033c96b2cf0efa0b92359595b6ad7e92ae
Scripts/Game/generated/Radio/VonRadioMessage.c	19	0	0	9d8725445689ed09c74a571f8902a397b5c5ff8845759cba29d6f5f7a22926c3
Scripts/Game/generated/RadioBroadcast/RadioBroadcastManager.c	23	0	0	52a23dc7fe921abcf33bd8994322e0615086dcd2601a101dc3371d1a8d487872
Scripts/Game/generated/RadioController.c	10	1	0	1f79a95d41c149ebe92454ef9e69c11ec316fc79accac126e1b300ac99027d27
Scripts/Game/generated/RearSightZeroingGenerator.c	10	1	0	9fabbfc1e922f6898ff9c27f34971293dfc6321e9d61f04a51f0d3f3c8aca326
Scripts/Game/generated/RegisteringComponentSlotInfo.c	11	1	0	4437fb2c885661022836e540a039b16d6f0239ca1f3f99dd3be0ae9fc6e0ea03
Scripts/Game/generated/RoadNetwork/BaseRoad.c	26	0	0	0bd3ec752e54ea3773696b03bb2e08c81e7d88d36d71b7523f7af915c888ccbd
Scripts/Game/generated/RoadNetwork/RoadNetworkManager.c	22	0	0	8b3289e37e38acdb4ed28b6d8e32451717e74c1ab0d29f9c2eba459a1eadedb0
Scripts/Game/generated/ScriptedSightsFOVInfo.c	30	1	4	267931a98e4a129687d08da8f414391bf0a2a9635bc478dee3bf8f8763021c0b
Scripts/Game/generated/ServerInfo.c	18	1	7	44a7410a9ed6c0d6d36685b8458f687b452c9d6520acbc91cb0507656bdb4759
Scripts/Game/generated/SightsFOVInfo.c	19	1	1	c1e5ee15885dfefbe0191c35a0a0184ae2a9187e7d63bd127573fd9fef31fdf1
Scripts/Game/generated/SignalCompressionFunc.c	22	1	0	eea3ca12f053a58423f932c7bc2e1de39d50585c21206a55a26f087ec80a44ba
Scripts/Game/generated/System/AIAmbientLightProbeSystem.c	19	0	0	9f2d7da9484091190167c9f02c230456019622e551539f7ddaabea562ca866cc
Scripts/Game/generated/System/AIFlockUpdateSystem.c	19	0	0	67d03d005a0990a737dd8e18415ed422a1aec2b29fd228eed99f3dbc06a15d87
Scripts/Game/generated/System/AIObstacleAvoidanceSystem.c	19	0	0	b54b8aa8fed24e5d1c82ac4fc2ea4697e50356da10d67e07d548ae93a07dd75d
Scripts/Game/generated/System/AISmartActionSystem.c	21	0	0	6c0ab38f41094138ea2f0c857168c441f5568e4a1d15421a19c53c71fd956e0e
Scripts/Game/generated/System/AIVehicleKnowledgeSystem.c	19	0	0	b5e4d7aa6499c258b65c55bd82ac15abd348a0c38f736b5395f3b0fa250327e3
Scripts/Game/generated/System/AoeDamageSystem.c	19	0	0	99018319e9f99e3a7bd011f88f02f75aa7584d25f874f6812e40ce9102312556
Scripts/Game/generated/System/BirdAnimationsUpdateSystem.c	19	0	0	8088b184bacb3f6d4c92618f6e788f9a8f86cc1f8871b5e2a97e5e6ae5f82a7c
Scripts/Game/generated/System/BoidsSystem.c	19	0	0	1e125811f49423421fe9d92546857becb7c2a228b34bbdbce3c284ce9ba95415
Scripts/Game/generated/System/BuoyancySystem.c	19	0	0	dba81d76826d255287039ab84ca2fee1d8800a5ee16e8b5acc2806e9611e144a
Scripts/Game/generated/System/CamerasSystem.c	19	0	0	a5e027d38c589a210670742675d61285d4ccb6cec194f94781fef00b8d3fb3fe
Scripts/Game/generated/System/CharacterIgnoreDamageSystem.c	19	0	0	ab3c277d118431228700846a390a2651f7ca7d5d2dae973c76a9489e20761ccc
Scripts/Game/generated/System/CharacterLeaningSystem.c	19	0	0	b7a7b496ba703359980c3cbb9b268403beb3e944f59abe665e8c6925491ed88c
Scripts/Game/generated/System/DecalSystem.c	19	0	0	89856313eee1763fd665b5c60cf111bc991ec27b0bb2d20d189dfc72c7b24cd0
Scripts/Game/generated/System/DestructionHeatmapSystem.c	19	0	0	985562bcfa3b5f1de3c37361ead84a0ec6d4f7d0541314744b3bb761769bf8e6
Scripts/Game/generated/System/DistanceParticleEffectSystem.c	19	0	0	c6e5b46c94bfc770bc7b9b352649c00acf72c7d9a1274d680d7d4c944e40a79a
Scripts/Game/generated/System/FallDamageInspectorSystem.c	19	0	0	bac2d0cf25b0a74f3eea091cdf4d390546ff67c5b0ad9e5aad1702a4eb2a3d3a
Scripts/Game/generated/System/FlattenGrassSystem.c	19	0	0	c6517f3efd53114825395c96534d202eaf68f252aa217d665d74bf82714319a2
Scripts/Game/generated/System/FuelSystem.c	19	0	0	052dd4895965123ff9c278fdf44598e00214a7729fd449acafc29ee4d23100eb
Scripts/Game/generated/System/GarbageSystemConfig.c	19	0	0	7d49575c469457ef064f52e021aec4bd4f5f63bf5c25d1e9e7c77466e0dd629b
Scripts/Game/generated/System/GarbageSystemConfigComponent.c	23	0	0	acda88c5a2700a077ea5c0d206118adab3c7a575b1466949f6b5d70b4f663d64
Scripts/Game/generated/System/HandleAimingUpdateSystem.c	19	0	0	1686c12d16fdcd23b7bebafe95efa3abf95e1004cf70098db18d94c154a05e7a
Scripts/Game/generated/System/HandleAnimatedColliderSystem.c	19	0	0	7faafe02411de2649cc6dfc677bfbd46af0284f36234ac707aa3d84e8a37669a
Scripts/Game/generated/System/HandleAnimationsInterpolateSystem.c	19	0	0	11fcce7ab9a1061b5333a24958941c3217a5668d4da6f79f0d5e4e9f54eabc23
Scripts/Game/generated/System/HandleAnimationsKeyframeNwkSystem.c	19	0	0	a5e2510b84212b171e381ff67826154a8d3b78f5e5b92416158dc66d584a2917
Scripts/Game/generated/System/HandleAnimationsKeyframeSystem.c	19	0	0	a2ebeafbbf11df616dba85fd2b3f122b11aab833d5ae7a69cc821c8d7baf72ef
Scripts/Game/generated/System/HandleAnimationsReplaySystem.c	19	0	0	d997a2dc3c3e44b96927d1b276e5b14d3be2d333908d6c41bf906316f6626617
Scripts/Game/generated/System/HandleClothsPhysicUpdateSystem.c	19	0	0	b092ee271c33793869da2013d9c7c45e18ea09e2e26b1d882bfa997bade05c7d
Scripts/Game/generated/System/HandleClothsPositionUpdateSystem.c	19	0	0	872328bc60f8e88cece5af12ac3e5c41dd4e5e6921a5b53e1d01d915e6772427
Scripts/Game/generated/System/HandleControlsSystem.c	19	0	0	5b8b3575ffbba865d8bb5b874e37abd4b70df57f1526e2aef0b44d0832e1c3df
Scripts/Game/generated/System/HandleDamageSystem.c	19	0	0	0f1b835a8e29e6f314d7c61406a605d27fca63f9fa72a9d73878e32f9ba7e58a
Scripts/Game/generated/System/HandleFireRequestsSystem.c	19	0	0	ecf14682ad3db6cd54428300c05e102ace4ae6daad4736e9318dda5bfd0ecf67
Scripts/Game/generated/System/HandleItemAnimationsSystem.c	19	0	0	6652b5c9108fc0111ac17422ee105ecaa236e8702de99058bb83a543a131b3fa
Scripts/Game/generated/System/HandlePlayerControllersUpdateSystem.c	19	0	0	f98183c62435a6b43f3dbf6e3344851f6f570c986a07fce71d5daa0a9b328f69
Scripts/Game/generated/System/HandleRagdollSystem.c	19	0	0	6e7bb93448ae57857332d5ae0631506927b2cc29d3e28ce6eafb380206dc308a
Scripts/Game/generated/System/HitRegistrationSystem.c	19	0	0	e5593ec16689b70a5b19e76b1947f3c0e0b727e31c8761a310c88ef34fce9d53
Scripts/Game/generated/System/InteractionSystem.c	19	0	0	77d6fb033781aea1ca9789df6edc09d41b2af8ff4a0d630e697cc3187cf6d37d
Scripts/Game/generated/System/InventoryStreamingSystem.c	19	0	0	8d6321d00361236a7e7cfb86eaac8093f198015da3156b16e0e453559ed02fb9
Scripts/Game/generated/System/InventorySystem.c	19	0	0	b039e573011ad0ada93d3cc9bbde11f0e00abeb00dbc4a396622c5b8d85f5927
Scripts/Game/generated/System/LightManagersSystem.c	19	0	0	1bc762bcb41b11268ef1e54b79ee73629f72aa9e4ec609f0878b0bebf7e3892f
Scripts/Game/generated/System/LongRangeSoundSystem.c	20	0	0	af48daba66763cd6d37c72101f31950ad6a595f8a9ae5f97b1247aa4191a7fb6
Scripts/Game/generated/System/NwkMovementConsumerSystem.c	24	0	0	569f82f8d4c05e2791bda447022f865667f8b4cc886247d746f16fd6c499d20f
Scripts/Game/generated/System/NwkMovementProducerSystem.c	24	0	0	0e885ba29d24775a764c94e1900e3f316f1d0ec287569b86948b462ba4ee4fe7
Scripts/Game/generated/System/PerceivableSystem.c	19	0	0	35502a379738deffebe156cec6242f3eb0837ff3e688d41a7fec6adcbd053f34
Scripts/Game/generated/System/PerceptionSystem.c	19	0	0	93e3bf3a76ac96d9edfbab6e56d54cc02440817df1fa05d128f428e239ff4a38
Scripts/Game/generated/System/ProcAnimSystem.c	19	0	0	cd8adf8c10253a92a9a0e83e99898da746cde7483d1ee5b944686afc4276d0b5
Scripts/Game/generated/System/ProjectileSimulationSystem.c	19	0	0	f6ea3f2942311bb8b5264a8deefef69e3cc76c417a3d8f3e36e6db744b6b5da5
Scripts/Game/generated/System/RecordInactivePhysEntitiesStateSystem.c	19	0	0	0197854528682481e845b9318a993bae44eca3864d856d099ff7da61ae26dfd5
Scripts/Game/generated/System/ReplicatedCamerasSystem.c	19	0	0	c20fee3a87c68efb425bb23f3a653ff546148eaf51051eb4e3f018cfa56fa473
Scripts/Game/generated/System/RespawnSystem.c	19	0	0	642e7ac7418fdc41dd062b5effedc4b450af7508bce9f18a5f56d5c625890ba0
Scripts/Game/generated/System/RestoreInactivePhysEntitiesStateSystem.c	19	0	0	60e654633ef30eb77a398866373e956a3c303049db36607fdacf6cbd6ab7717e
Scripts/Game/generated/System/RoadNetworkSystem.c	19	0	0	cf1797b8b7ab4fa9fc29c88978999eecf56275efe8fa135e1768e5c66a001ab3
Scripts/Game/generated/System/RplComponentDebugDrawSystem.c	19	0	0	06e428b8dc19c072a189992d7e35fef74387bbc6f18987ef6fc60b476b9cfc3d
Scripts/Game/generated/System/SignalsManagersSystem.c	19	0	0	9372e6c54f1c49794323aa8a420f3cb2d8204f1776077e2d70b2ca9da6d93597
Scripts/Game/generated/System/StaminaSystem.c	19	0	0	5c797ab53a06eea6700fb2be73fddae8a40b701cfe51eadb2f71e36a11843863
Scripts/Game/generated/System/TagSystem.c	23	0	0	14cb60c745e46a3e3e84b8a524e9ea2465552f3cf947a0c9b143daafdcf2656e
Scripts/Game/generated/System/VehicleDebugDrawSystem.c	19	0	0	00c0626b8e64eb6cacd324469c3c3fe616aedac0e981394076cbd660d218c948
Scripts/Game/generated/System/VehicleLightPortalSystem.c	19	0	0	8913aac13c45ce3a844d8fed6664d4524118214187702ec0e5c87887cdccf956
Scripts/Game/generated/System/VehiclePostSimulationSystem.c	19	0	0	247e52f2495c6c0179b78bbb3cbc696265bfeab66f14bc20d2dba062a1e4a7cb
Scripts/Game/generated/System/VehicleSimulationSystem.c	19	0	0	4e2f5d0d7e8eb7e7ba65fcbebb39b05a52d6a2c58add56eb971392c7ce967992
Scripts/Game/generated/System/VehicleUpdateAnimsSystem.c	19	0	0	a6c2a796364b0a954011afdafee3931b9022ff918e3283747dab07435d8a62ed
Scripts/Game/generated/System/VehicleUpdateSignalsSystem.c	19	0	0	5007c9a2dabd0bb733ff566e2b1532c6b39df9693ee92ea02b46ff269a8a3acd
Scripts/Game/generated/System/VicinitySystem.c	19	0	0	4c5fead31728a33a381e41e1d89f2dad8aaec75aefed1fa9e63a522708c60172
Scripts/Game/generated/System/VoNSystem.c	19	0	0	a295968046e79c8171291dec11cb5ffc793ff4e74f73a60ffe767ff015a529b4
Scripts/Game/generated/System/VolumesDebugSystem.c	19	0	0	9026e0678c9e02a6f7b4a26a1daac759294ad4e17695fd5599ca03f188174bca
Scripts/Game/generated/Systems/Persistence/Config/Entries/Rules/PlayerPersistenceConfigRule.c	19	0	0	94e8cb6680efe1aa0883619b032fe49ecce3ac4f8ee0a3fa8df182e8e6394bb8
Scripts/Game/generated/Systems/Persistence/Serializers/AICarMovementComponentSerializer.c	19	0	0	34fad84540fc3339181d65ed328ba746e1d097951b4264d8410575a630e3ab16
Scripts/Game/generated/Systems/Persistence/Serializers/BaseCompartmentManagerComponentSerializer.c	19	0	0	646a73d41f25c447cb4a6d2a0b6155ab7a3aba573cff3ad238336f1fbe07d2d2
Scripts/Game/generated/Systems/Persistence/Serializers/BaseInventoryStorageComponentSerializer.c	24	0	0	dcf0e33c062bcc3d634fc010e5d222130634bd4e3dbc157a0a6946f2b9e2b4ff
Scripts/Game/generated/Systems/Persistence/Serializers/BaseInventoryStorageComponentSerializerSlot.c	23	0	0	8a6680b488da764a0a4d4fa4b5173be4a7ac478dfe1b0305741240a19df85565
Scripts/Game/generated/Systems/Persistence/Serializers/BaseLightManagerComponentSerializer.c	19	0	0	fcf6ead5f17a375463f017b75cf62660108ba6fd2dac4508bb9ef36ba165440f
Scripts/Game/generated/Systems/Persistence/Serializers/BaseMuzzleComponentSerializer.c	19	0	0	ff48ebb2eff8abf3a93c58ee44a52970d2230aeef492a5b6c665d8040eb5fa45
Scripts/Game/generated/Systems/Persistence/Serializers/BaseRadioComponentSerializer.c	19	0	0	9b23dc55ce62db43bb5514a316b4f516cf407148649b062379054e1d1dbc6eef
Scripts/Game/generated/Systems/Persistence/Serializers/CarControllerComponentSerializer.c	19	0	0	23b4c6c68cfb344f3adcc03bb433ed7feb95e31a0ee68d74529fe6bd3b70e234
Scripts/Game/generated/Systems/Persistence/Serializers/CharacterControllerComponentSerializer.c	19	0	0	1999d3cf38d3bb328263c16a0edb4238f4e3877b528a141822fbe04d27468624
Scripts/Game/generated/Systems/Persistence/Serializers/CompartmentAccessComponentSerializer.c	19	0	0	a1220172048675698cad9f5d42c088f60edc6cb1e931adc27fc1cd60aeaf7beb
Scripts/Game/generated/Systems/Persistence/Serializers/DestructionManagerSerializer.c	19	0	0	d08bc8a40a6ad1b55910d950e51b134454d8858e93479adba4b09d71b32a8098
Scripts/Game/generated/Systems/Persistence/Serializers/DoorComponentSerializer.c	19	0	0	7f2d0864ad0779f7a894d4be1cd7c19f0f689be7377afc0aebd59f8b247d0891
Scripts/Game/generated/Systems/Persistence/Serializers/DoorSystemStateSerializer.c	19	0	0	4036400c964d2458487fbab593032d78a01135070c8b04e49c9273bbffc22100
Scripts/Game/generated/Systems/Persistence/Serializers/EquipedWeaponStorageComponentSerializer.c	19	0	0	4427302aa251d152c017c050f3e4ffdc83069bd1d0ffb2fad6254fa96244c054
Scripts/Game/generated/Systems/Persistence/Serializers/GarbageSystemStateSerializer.c	19	0	0	9825495b515e083240dcbfa60b82ebf3e13e3e509c735ea55b52d387693d5fb1
Scripts/Game/generated/Systems/Persistence/Serializers/HelicopterControllerComponentSerializer.c	19	0	0	8ecaa7bf078e3cbb0758677a666fb3dbc30106cd59c8ae999b33fc0752b8dd99
Scripts/Game/generated/Systems/Persistence/Serializers/HitZoneContainerComponentSerializer.c	19	0	0	c000f34722398a0694c83d5c442bdefc7fd5d5d2301c7a2fd8a3884c1f8b0109
Scripts/Game/generated/Systems/Persistence/Serializers/MagazineComponentSerializer.c	19	0	0	7c3961cf9e0c8783886e8e5baa33972e05693b8f394c902cb6eb37f664ff08dc
Scripts/Game/generated/Systems/Persistence/Serializers/MuzzleComponentSerializer.c	19	0	0	0cefa4368f15633b60bc19e9b48e64eb8f4acc9f732602a2cd890f480d8e99e0
Scripts/Game/generated/Systems/Persistence/Serializers/MuzzleInMagComponentSerializer.c	19	0	0	22507a7f83f2c31e12599a4e50c9da73444de3c49c941f21772ff462e97124f9
Scripts/Game/generated/Systems/Persistence/Serializers/PerceptionComponentSerializer.c	19	0	0	7c420a94fc18bb0bd0ab2cfd6f33e29e06ed72fdf4bdb78e64b16dd047f485a6
Scripts/Game/generated/Systems/Persistence/Serializers/RocketEjectorMuzzleComponentSerializer.c	19	0	0	95aaa338e809beff52e82d5e5057d5d2f1bdd14129c4b6a2b9ca3bfd4c92e5e0
Scripts/Game/generated/Systems/Persistence/Serializers/SlotManagerComponentSerializer.c	19	0	0	ce9bdbbe00f4742f54db06053e3b76a1ab48ede651181176b92d54ade9f867d1
Scripts/Game/generated/Systems/Persistence/Serializers/States/DoorSystemState.c	19	0	0	0806fbe7de68e35d61cc0fe44b10135a114be140d7263043511c85fde4a29e8d
Scripts/Game/generated/Systems/Persistence/Serializers/States/GarbageSystemState.c	19	0	0	8f686d5f514d717c84a2fbb5007a5cedf7ef4098d8e84255d36914515ad5884d
Scripts/Game/generated/Systems/Persistence/Serializers/TurretControllerComponentSerializer.c	19	0	0	5fbf7554e9487b9b208a15268ecbce3f32a4af53ad81aa85edf2058fa1c71b2d
Scripts/Game/generated/Systems/Persistence/Serializers/WeaponAttachmentsStorageComponentSerializer.c	19	0	0	b2d0f8830695531d744e5925ea051251c9a5250c50117ccb971dcc560d50292d
Scripts/Game/generated/Systems/Persistence/Serializers/WeaponComponentSerializer.c	19	0	0	5d2f037552aede20f56db4c6d2611cacbd4c61891c5e71ae5378421dfe1d0eb8
Scripts/Game/generated/Trigger/PrefabFilter.c	23	0	0	125f1ecb08b50b61b0a5f5cabe953bd8959c515d9246a2c8c37b8976de213c03
Scripts/Game/generated/Trigger/PreloadEntry.c	19	0	0	3a89509840040268f63c1f44ef071043767fbebffa29af0c0aff2cb81795a7e7
Scripts/Game/generated/Trigger/ScriptedGameTriggerEntity.c	27	0	0	c505b5eb36d36101d3df9f75f8eaa37e0d6c44b39854d5e24aa455314f9ac488
Scripts/Game/generated/Turrets/ETurretContextID.c	25	0	0	a2699f6dbc89e8b4ed4b7d8c3dcd04ec191d04722c0ede6ff27bd0003f9f42ba
Scripts/Game/generated/Turrets/ETurretReloadState.c	26	0	0	8940fe8581d89a4f4e34417411cf097e407e16dc66bd810348402575ab365b25
Scripts/Game/generated/Turrets/TurretComponentClass.c	19	0	0	d74bab2a753edf97d9b1cc7546acbd8ae1a87896ff7854f58cb8a0b4867c4567
Scripts/Game/generated/Turrets/TurretSlotComponent.c	23	0	0	1ee1725325f82c98171c9711fd5be25b8571b4a628d0d180fd10e5527667760f
Scripts/Game/generated/UI/Actions/ButtonTexture.c	28	0	0	71791fd07315e82089e35f788a3122630aa3740c48486d19310237940d7b4b2e
Scripts/Game/generated/UI/Actions/InputButtonData.c	28	0	0	cc9b28664dc895d9184a591efab12e6a1a5b74231440c4f1215c0d607cf5f229
Scripts/Game/generated/UI/Actions/InputButtonLayoutConfig.c	55	0	0	99fe4d28a0f5b162f93a7faa498b36aacd8952d39cfa222abcf11180e0e29e63
Scripts/Game/generated/UI/Actions/InputButtonLayoutEntry.c	25	0	0	9ca699dac16f3ab1f944303c0f60e805d8b6e592130af8b0c6269d57ca1a803c
Scripts/Game/generated/UI/HUD/BaseHUDComponent.c	27	0	0	eeccf64801873895dc5de8a2679f0fb09d4a5f4826f11f815fd0ae34180d2edf
Scripts/Game/generated/UI/HUD/BaseInfoDisplay.c	27	0	0	de414424ba0862bc10493eb4d843da6e6fadc08fdde5dd322091fa511d8acea6
Scripts/Game/generated/UI/HUD/GroupInfoDisplay.c	21	0	0	e8987a9a5813c0a447838b8e2e2900918440f73c1a573d1626fc56ce5ea4e808
Scripts/Game/generated/UI/HUD/HUDManagerComponent.c	38	0	0	0012187943602ea190905e05adf3fcf48bb54e135cd744c32ba8d13cdc00ec48
Scripts/Game/generated/UI/HUD/SelectionMenu/ScriptedSelectionMenu.c	26	0	0	cd76c0e7a8496a28296483d5730c2d7b33aa2620e7d809286f8a88e82067c91f
Scripts/Game/generated/UI/ItemPreviewWidget.c	21	0	0	601a6342c90db457672d17c200a8e54ebe62ce664d49d8e9caa3cf97aa88c5ba
Scripts/Game/generated/UI/MapWidget.c	19	0	0	3d4ceb786e5f4a04a05dc7f5f203dcf09f8fad7beb1e743b1050b4b936c55f10
Scripts/Game/generated/UserAction/CompartmentUserAction.c	20	0	0	739d805de5979f399f3d657876254a0e087c23cb10f1a5b9e7c0a7b8b19b723d
Scripts/Game/generated/UserAction/DoorUserAction.c	20	0	0	805c763606f509b8def86cf8caa5af4a010ff5c163b3648e71301923b4d6cc4a
Scripts/Game/generated/UserAction/VehicleDoorUserAction.c	21	0	0	cdc9f0c5f256dbddad700b5eef6ea9a24844859f1c67bf9999d367b7076b0d85
Scripts/Game/generated/Vegetation/BaseTree.c	23	0	0	2a929bc12c7629e5c2d96e57d293d2570ce231da783802d907af4c11e89bf983
Scripts/Game/generated/Vegetation/ETreeSoundTypes.c	29	0	0	b322eddc6eb139523fd490247f697c0be3168aebebdcf8cbcf5b52a743084795
Scripts/Game/generated/Vehicle/AirplaneControllerComponent.c	21	0	0	3d2852556cc6d8657f2af63f444f9cdcd649c482d3ba948aeb688c2956678dc7
Scripts/Game/generated/Vehicle/BaseCompartmentManagerComponentClass.c	19	0	0	2b38c44affe9d524c706096d703228d877e1829a85bea743af5fe34e1669310f
Scripts/Game/generated/Vehicle/BaseVehicle.c	27	0	0	2c797852ccfb655650345b947fefbc34c56a40a0b535eb36708d6511089ad0c4
Scripts/Game/generated/Vehicle/CarControllerComponent_BClass.c	19	0	0	886303997c5f8915dfcd776f41189cf689a1ce67a823acc50c53212294cfe781
Scripts/Game/generated/Vehicle/CargoCompartmentSlot.c	19	0	0	8ecf9d31881ca6f331e2e540569904a0cb354539d856aa03a0312f6c0e5ebe34
Scripts/Game/generated/Vehicle/CollectiveMode.c	25	0	0	84d1a0b2768bd62b16f8726a0dbecfcee8716746fcb6b14201bdc5a0d8c4e7f9
Scripts/Game/generated/Vehicle/CommonStateV1.c	40	0	0	6d3730a320ecc6ff5a46e412d9a496384bd04538102658447bad26df99912536
Scripts/Game/generated/Vehicle/CompartmentAccessibilityContext.c	19	0	0	6a1930e9b21abe74522a4fa258a5777915b6c41c4cfe9e2c9f1d05d431dcd6b0
Scripts/Game/generated/Vehicle/ECharacterDoorAnimType.c	25	0	0	4f403ff4b3f65f260869053337ae98e2215237312cdcd3bb19b2d786879aac52
Scripts/Game/generated/Vehicle/ECloseDoorAfterActions.c	24	0	0	eae0f3eb45ae14826c6f0ae33a9d125bb76c0824320912ebdf48e4b8b9ab3d85
Scripts/Game/generated/Vehicle/EGetOutType.c	23	0	0	6b0de88d3ac498f2ba590d3b81d4f0c764cf2c6bc2660eddfcecfe95efee546e
Scripts/Game/generated/Vehicle/EHandBrakeType.c	22	0	0	5da450fe6fbbf2a677d9aa4c0760a04ee0583c19bf14d5ac9843af0156dc3d40
Scripts/Game/generated/Vehicle/EmissiveLightSurfaceSlot.c	19	0	0	7666fe7c45eb62f932ae9e713ace95c6a2cea490e893efd00e5650ea6c64045c
Scripts/Game/generated/Vehicle/HelicopterControllerComponentClass.c	19	0	0	be5b9b587b8a22e5bb5a112f8d26c371f705a81aac6dbdeab20f0a994aeefc63
Scripts/Game/generated/Vehicle/PilotCompartmentSlot.c	19	0	0	c83aefea8af3cb9b91a68246aa5545889a1d02979dbbe7f8f063796bf1d20aac
Scripts/Game/generated/Vehicle/RotorState.c	22	0	0	ca3524e7bfd4c48d34f8c2a3244221350dc78ff216af0faba518c35e667ec555
Scripts/Game/generated/Vehicle/SpinDirection.c	21	0	0	40cc183b5619237e4d15fe9b77bce8d2f9514a780af732167e8b15d946da110b
Scripts/Game/generated/Vehicle/TrackedControllerComponent.c	21	0	0	0eccb0320d6ce447c1f3f9c2b2089e6e839ff0b1c917755321c367a222d25e00
Scripts/Game/generated/Vehicle/TrackedControllerComponentClass.c	19	0	0	d417931866125f7137b964ea6d988b8f8329f31dd8d4a059fcb48207887dcfca
Scripts/Game/generated/Vehicle/VehicleBaseSimulationClass.c	19	0	0	a8ee472d120ee2069c044489d0cb97dbad59bac0237ea2b85e2e9e4755e437aa
Scripts/Game/generated/Vehicle/VehicleFixedWingSimulation.c	36	0	0	81da33636c69134a1d2125b7abb85134d7402a6af6f9df2662dd10ae7da8c5a5
Scripts/Game/generated/Vehicle/VehicleWheeledSimulation_SA_BClass.c	19	0	0	98ecadd4e1041a496c29584396190cd1d0bfa43963494e972947a23b9e420f7a
Scripts/Game/generated/Weapon/AttachmentSlotComponentClass.c	19	0	0	9e2b6c88c2d73a428eea080912571c77787aefd5dc026b65abee3aca52c8a1b1
Scripts/Game/generated/Weapon/BallisticTableArray.c	19	0	0	0131f94bddee6aa6bbcbbc54678601ff90b23a36a4acad0954e1fd0b99af3e5b
Scripts/Game/generated/Weapon/BaseCollimatorReticleColor.c	21	0	0	41626f6349d20fd48edfc6d19a64d0c1fdb9de85ef44feabca5d501380ac7548
Scripts/Game/generated/Weapon/BaseCollimatorSightsComponentClass.c	19	0	0	735ab0c1827cb037810dca174eca5cfbd64f827ea2bfa3cdbe9fa34dce0fadcf
Scripts/Game/generated/Weapon/BaseEjectorInterface.c	19	0	0	086c9e1aca67858c59d1c9e895537c70d8ac235958b56f6805abbf1d2a7eb8eb
Scripts/Game/generated/Weapon/BaseFireMode.c	25	0	0	4d62b196990fca514c228e62d773c20772151224f9ecbdc7284dcf06a72f0a6f
Scripts/Game/generated/Weapon/BaseMagazineComponent.c	33	0	0	7f60357a0880d05094051717aec812a384cedf5f425e413599e2af0707a22305
Scripts/Game/generated/Weapon/BaseMagazineComponentClass.c	19	0	0	8869aec2466445051416a653464cf913b36277235ffc661cc3a931f4c6ee40ab
Scripts/Game/generated/Weapon/BaseSightsComponentClass.c	19	0	0	244f095b06525ebe742924cac7f2b9a46ff9e78ce7db81fd063400280ab9bd08
Scripts/Game/generated/Weapon/CaseEjectingEffectComponent.c	23	0	0	499fab636aff34966eda2bbc795abc6be76a109bf036f1af205e1fa5552f6048
Scripts/Game/generated/Weapon/CharacterGrenadeSlotComponent.c	23	0	0	d5ffbd2851500d8697c2b9e942b2563de784d7f31402477b4fdc042bce9712aa
Scripts/Game/generated/Weapon/CharacterHandWeaponSlotComponent.c	23	0	0	a53696c2b6cbeebd658b83633e43093372ba8a12d9aa3989171be0ae8e2e4de3
Scripts/Game/generated/Weapon/CharacterWeaponManagerComponent.c	24	0	0	ac80e5977bf3f58623bb4b6ca83499db2035a2080642c193aca772cc76614e52
Scripts/Game/generated/Weapon/CharacterWeaponSlotComponent.c	19	0	0	637ca88b83942aabd5a56164d461e7bb8690acb2b1d272bac79b241110812ec2
Scripts/Game/generated/Weapon/CharacterWeaponSlotComponentClass.c	19	0	0	21f3663ad73dec3cb02e57057b8da0d3fd7f6f0a9e7c500a4baf984022a1f865
Scripts/Game/generated/Weapon/EBurstType.c	24	0	0	b9307cebf095e2a9fcc2fe6a870e992311402f5bc83737e7d004dab11c7d0449
Scripts/Game/generated/Weapon/ECanBeEquippedResult.c	22	0	0	a01646be03f039dc4c36e9d971e7f74f090108850c1a29622dc4792ec93dd8e6
Scripts/Game/generated/Weapon/EMuzzleType.c	22	0	0	6fc7ac63ab25193b28b4d5429465182502a8890ca089d5af44f1174d681b16d3
Scripts/Game/generated/Weapon/EWeaponFiremodeType.c	24	0	0	5c1aa43da1747998e8ca63247ee663c8418668eb92c50a4c9b190cbf4adf8374
Scripts/Game/generated/Weapon/EWeaponType.c	30	0	0	aed21a6916eaad87f0c487ba5851494a2eb1a81311b559dc33421845a034cd1b
Scripts/Game/generated/Weapon/GrenadeSlotComponent.c	23	0	0	4bff3305b7e2f7ac99c1d67e3ab0cd53c166599867036f30079316d3a07ae8a5
Scripts/Game/generated/Weapon/MagazineAnimationComponent.c	19	0	0	060fc0177081778431e54b2a937b0785e591a4bde51d3f1a7c4e34eba0b9e1e1
Scripts/Game/generated/Weapon/MagazineAnimationComponentClass.c	19	0	0	2fb7c0969727a6d6443c97912b7cbe9d22683a5f5115799bc6850241332436d8
Scripts/Game/generated/Weapon/MagazineComponent.c	19	0	0	37ef46f18779608a321b79a52321f22ab7d38ffd834bdb3c34079cf71aaa52bd
Scripts/Game/generated/Weapon/MagazineComponentClass.c	19	0	0	d2d50c03c8d3ce99da3249df92495907ef9780219ecc94a0fe6d3e3c7dc6daaf
Scripts/Game/generated/Weapon/MagazineConfig.c	21	0	0	d796eb07e3c2be10b853182c09e6d01a39615cbbe1f4c55929ccce055c0373df
Scripts/Game/generated/Weapon/MortarAnimationComponent.c	19	0	0	5bd65ffa93ee8fd65a3c829cd32175eb5c68b9214e3e6fb66e54f857f1ab76d3
Scripts/Game/generated/Weapon/MortarAnimationComponentClass.c	19	0	0	dd35bff2dd779324ec6012b30db39944ea7fee8cafc280b9280bca4ee7b64f08
Scripts/Game/generated/Weapon/MortarMuzzleComponent.c	25	0	0	25b161d8f76fe498849fb8727e5626979efb3fa80a2f79d587fe301c395396dc
Scripts/Game/generated/Weapon/MortarMuzzleComponentClass.c	19	0	0	c43a7382f3b71b052f81d2c62377fe01f686c11fcf42b3283e1fe976f20b8c74
Scripts/Game/generated/Weapon/MultiFireWeaponManagerComponent.c	25	0	0	b1db68fa7a125e8402370f4ae1fb4c7263c842064024d323759c5afd8d29d719
Scripts/Game/generated/Weapon/MuzzleComponent.c	20	0	0	2eaef2d9145bf0eb9f51dd5737b89727f6f4bb8a4c166a9f98d3dc4e9e60dadc
Scripts/Game/generated/Weapon/MuzzleComponentClass.c	19	0	0	a87876572bdcdaad12a8cd5dd1fabbc497c68276f4af6d01bfe5eedf46ed8208
Scripts/Game/generated/Weapon/MuzzleInMagComponent.c	20	0	0	2b31dbe87b9619a67ae21fcf1c20d2c6db2a8c1cdee6c6c08742fe0d30d61862
Scripts/Game/generated/Weapon/SightRangeInfo.c	19	0	0	712a1f432e4bb21eb12452e5f22747cf594a99ddd516e7fd609d152a0780dd1f
Scripts/Game/generated/Weapon/SuppressorComponent.c	23	0	0	3b77d5ff5a4e3c0f5914c96f3aabbc5b067c67f419c9e75fab0553457de889f3
Scripts/Game/generated/Weapon/SwayWeaponAimModifier.c	21	0	0	951bcd8b189969763b158358531ba618ee4415e19516e95f163ebc14005888e6
Scripts/Game/generated/Weapon/UGLAnimationComponent.c	19	0	0	4544d4e9fbc7f7fd315241025c0128e5976431f2eeb379de0445d5591bf00ac5
Scripts/Game/generated/Weapon/UGLAnimationComponentClass.c	19	0	0	dd6f58df79134a3c0409a0b5e1781d6f6c342d6f31ad02029099d96e28ee75af
Scripts/Game/generated/Weapon/WeaponAnimationComponent.c	25	0	0	9cc3be5f61a3ffe8e99525a62fb897c4e17263382b5339449fa0f907b1603657
Scripts/Game/generated/Weapon/WeaponAnimationComponentClass.c	19	0	0	52fa3ef15d3ce6af9a26d100a9a16d60810e81c1f6b8dabe4809214cf81fb6b0
Scripts/Game/generated/Weapon/WeaponComponent.c	21	0	0	f291a5e05a3872523dde84b9fbba6058b949b7d239eca37c7f3ea9502a1b6ea5
Scripts/Game/generated/Weapon/WeaponComponentClass.c	19	0	0	7514f5668427df54e8748af8d6af164d6fc962f2eb9aa143b2a2fd2809f11d7e
Scripts/Game/generated/Weapon/WeaponGamepadEffectsManagerComponentClass.c	19	0	0	cade81218e637cff69a5e43f82e6d40530d5a1a44aad672c2987bbfe7c32358f
Scripts/Game/generated/Weapon/WeaponSlotComponent.c	23	0	0	499525ea7e07c4cb98b5c6c5cc08acfdb5f376ada967cd2628b5ea2c50dc9fae
Scripts/Game/generated/Weapon/WeaponSlotComponentClass.c	19	0	0	dc84ea1b14fed3c795ef316e25daa51161964b0f5c484fb7663ba1d7534ade62
Scripts/Game/generated/Weapon/ZeroGeneratorAimModifier.c	19	0	0	5a55a2b7dd90acafa3c5a76ff622b96860a415db97a85b487043bb28116fc7e5
Scripts/Game/generated/Weapon/ZeroingMarkInfo.c	19	0	0	49c96daeb47d3678996e482a993b8cb010d61c0cbaad799272a94b4fd8c11a59
Scripts/Game/generated/Weapons/EWeaponGroupFireMode.c	25	0	0	d1e9d7528c766215c88f15539327f1eb2dfe443e552f7ed7f0dfc3a1b1a84614
Scripts/Game/generated/Weapons/FireModeManagerComponent.c	29	0	0	1227bfba4ad35df1c9342c2d291773c86e595e7f79449c820e3280e0e76cc14b
Scripts/Game/generated/Weapons/FireModeManagerComponentClass.c	28	0	0	a8ed709e2c4e0cce7fa54015f6e64558b9d3905624fd93e04fa3ba7911c5daf0
Scripts/Game/generated/Weapons/RecoilData.c	19	0	0	f20236a6d76dda813ebd22d2237d91db8f6eed6d9f6c575ff1bcfdda8fef2a59
Scripts/Game/generated/Weapons/WeaponAimModifierContext.c	23	0	0	5975975e997ae96206c9852b98149fd039d4defdd11270edf00570f9670bc885
Scripts/Game/generated/Weapons/WeaponsGroup.c	27	0	0	5343acd2672750fca43afe12924732455ded2959fdd8099ac48fb4168eadffbf
Scripts/Game/generated/World/FlagAnimationComponent.c	19	0	0	d06baa53445c8a6f34983a7849dcbaa29592b636f05c6474910e00285bf8db79
Scripts/Game/generated/World/FlagAnimationComponentClass.c	19	0	0	5091b6bb81b39ce4af3e4ee8d5496f30da8b7ab5ec984287f94603f1b965182c
Scripts/Game/generated/World/LocalWeatherSituation.c	27	0	0	3f4a11fdd6a5b2abb6f074cf8f771562c5727b4394b79bbfa0ab5e2ab8b13459
Scripts/Game/generated/WorldSystems/AICenterOfMassSystem.c	19	0	0	28e341cc63d4b5ca1cb53053b028c17c05f23a4f3866e8d0f0dbdee5eff8a53b
Scripts/Game/generated/WorldSystems/BehaviorTreeSystem.c	19	0	0	cad5a9a36324bb82ec0e8c9b3656c62bd9198fe140c35d17362007cd6becacc4
Scripts/Game/generated/WorldSystems/NavmeshSystem.c	20	1	0	77df75a244e0feff11da4ec961b14ff6d36a8da2e996441288a7dd213a3db4cb
Scripts/Game/generated/online/BlockedRoomPlayer.c	25	0	0	813784cc85f768f9083e5ddeeaadb1809d6d657b8ffa0fcf69ffd90ef07de5a7
Scripts/GameCode/Components/CompartmentControllerComponent.c	10	1	0	5916d157e076cc048f5fb952365ed3f7f9d7e2842be2d673518762a572183d4b
Scripts/GameCode/Components/EHitZoneGroup.c	1	0	0	c93a46b6189db87e45f25b1b6932951da5669844d96fb0b3c14c0464461578b6
Scripts/GameCode/Components/InventorySystem/EquipedWeaponStorageComponent.c	8	2	0	3cf356cc7a44f2e23503adc9b58d578210fd4f175dd0bc5482fe81dd905aaaaa
Scripts/GameCode/Components/InventorySystem/EquipmentStorageComponent.c	11	2	0	8695b1bce72f675dc8b056d5c4522ecfd23085ace4447d7cdb78cf6b6eb50da7
Scripts/GameCode/Components/InventorySystem/SCR_CharacterVicinityComponent.c	13	1	1	54211dee5a5704f19ea841bf0a15965d59d9bfb9d1d65f337f2b6d68dcb7f642
Scripts/GameCode/Components/InventorySystem/SCR_EquipedLoadoutStorageComponent.c	8	2	0	f66f45a0cc4a7b201cf6ee5d8d2431c98e95889e1e44b4638e43037b4133e264
Scripts/GameCode/Components/SCR_VolumeDataProviderComponent.c	22	2	1	4f926db67aad542a07b8629b77fcb8ee912a8140dbf9a77539c7f68c8657b59c
Scripts/GameCode/Core/AnimationStringTypes.c	6	0	0	2b8d772da16203f75807e503799b46b7f2f454d726886a268f3424f8607b9565
Scripts/GameCode/Faction/FactionKey.c	2	1	0	8acc5eae08e60b5fdf7115705713498bd03c246550689bb0c1842744c11630a5
Scripts/GameCode/Light/ChimeraSunAndMoon.c	9	1	0	b1aac42658606e50eb993d17f97f0b065e9163fe6cca88bf3b369667a5f6b7d2
Scripts/GameCode/Loadout/LoadoutArmoredVestArea.c	3	1	0	94b0e111ada36470ab962805cdb602bf2b39fc6c4cb27b44e1c7bb944861a682
Scripts/GameCode/Loadout/LoadoutBinocularsArea.c	1	0	0	abd17e3b3bebc82f48130036d1fe7a7bb7f36fa8f180ab58f94661141cd54f5e
Scripts/GameCode/Loadout/LoadoutTypes.c	19	4	1	da7f686a71d241634dde707630a7759d9285d5d619c51275922f5f77b893a83c
Scripts/GameCode/Loadout/LoadoutWatchArea.c	15	0	0	a995e1a9b24889c24f374794d2a8c75b04366705330c41007cf6a6d091a976d8
Scripts/GameCode/Online/SCR_PlayerManagerKickReason.c	9	1	0	d2369c0c7fae2889976e67fc7febd83cb7d5ba7c57e20da88bea378bdf9e92a4
Scripts/GameLib/components/gameLibComponents.c	38	3	1	2cee2a0fcd4d7a372ad60bea8b09b46b23e4018d8cb31a90d06023e0f28af6e1
Scripts/GameLib/constants.c	8	1	0	fb54e85f9411be4e9652cf095640e8012811103b5e9b39676918c36b5820dc7a
Scripts/GameLib/gameLibWidgets.c	12	0	0	852e84070ab4ab4c28342a4d95fb34c27604472bda84e9fe9bc04998289fd037
Scripts/GameLib/generated/AttachPoint.c	17	1	5	cef6d459043da915fd24ac40208208670645749990f1b877e64d95e8edff456e
Scripts/GameLib/generated/Character/ECharacterMovementMode.c	24	0	0	66a68b87685759bdf264fedb711afe79a8bf41b6b0bcd1375189e50060e91d63
Scripts/GameLib/generated/Character/ECharacterRotationMode.c	22	0	0	3cf6cf5b1453f1b0483e6db9b20a2d056590cc8b2e0656009e02c42f093a8523
Scripts/GameLib/generated/CharacterAnimGraphComponentClass.c	10	1	0	7c884c892f1e3a46f92d1bec68fd21326c53970c7f18357dba2703af9c4c05ec
Scripts/GameLib/generated/CinematicTrackBase.c	18	1	5	8f2f27c5fc46c7a80c6d3e7b42872c9b2edf985f70f8068bf539e5310a054991
Scripts/GameLib/generated/Components/AnimationControllerComponent.c	20	0	0	f33f46fc01fc2397ac099ebd2e9ac94df5d0302151c243c1c6c4ffb8520a5f55
Scripts/GameLib/generated/Components/BaseAnimationControllerComponentClass.c	19	0	0	e903b20664c20d210db414b0cacf119de68ebd23a47c2a38dc1ffae4e1760c36
Scripts/GameLib/generated/Components/BaseMaterialParamsComponent.c	26	0	0	4775e60ca922849df0de2a42b6ffab3483fb34890fa62e2dc63b7cc2404e4733
Scripts/GameLib/generated/Components/Character/CharacterSndComponent.c	23	0	0	487b101818fcc07e1248b4e299fa70f4628325b03c9d6194527fdb4b9f5862d5
Scripts/GameLib/generated/Components/MaterialParamsComponent.c	29	0	0	e05cbcb6aa725bdde1968ae6b738ce3b28873726a8b76073370af4dd2a7d80a2
Scripts/GameLib/generated/Components/PawnMovementComponent.c	19	0	0	9a6b4008b537c72fb2588ba4a527441d13e6eca59961f2fba7315f11313d21eb
Scripts/GameLib/generated/Components/PawnMovementComponentClass.c	19	0	0	b07d1d501dd51f9e9a96f77d6439780f68dc13d38e83f985b99847bec0f45929
Scripts/GameLib/generated/Components/SndComponentClass.c	19	0	0	72f65b76dbbfb894048137bc138ff0f2d7f5d4a793eb867de714f3051d0af6c5
Scripts/GameLib/generated/Components/Sound/BaseStaticSoundComponent.c	29	0	0	de869a7580759130d911eb8bde7fbcb90381b1e892fbf7deb53ee2330e9a7439
Scripts/GameLib/generated/Components/SoundOutputStateComponent.c	33	0	0	a06ce5acd7f815532539562216c1df74ad666caf8edb8b043067934dde16f3cd
Scripts/GameLib/generated/Core/GameLibMaterial.c	19	0	0	0e12695be1683481c29bd43a07d49e186643482958b499b9fb612d748e34a589
Scripts/GameLib/generated/Core/SndInfo.c	19	0	0	e7c32f6232ea049d4a15b1a4d2539ca774d1599c487cb5a684eb03e60f116f1a
Scripts/GameLib/generated/DataError.c	26	1	0	71bec74d60e6bae896489933a09000bf4b1fa9d713a248638812297ae3e8f85c
Scripts/GameLib/generated/Dialogue/AnimationDialogueData.c	19	0	0	003dfd77bc3dd7cf6a77f9f0fe927f673ccfee77e1f6e49b6b1402d6c39eee5a
Scripts/GameLib/generated/Dialogue/AudioDialogueData.c	19	0	0	2fa47110dd9b0309ad5e24de206c3f2cf28c13f58fd943675063394dcacc66bf
Scripts/GameLib/generated/Dialogue/DialogueGlobalData.c	23	0	0	793919f3fbc479bd3282cb295c53523b178e8c58c5dcd59f87abd08c3c16c3d2
Scripts/GameLib/generated/Dialogue/DialogueID.c	23	0	0	8f8197ebc7d5dbf2f879f2d58f2b963abfc066058206c5a034b9bdcfc1c65963
Scripts/GameLib/generated/Dialogue/DialogueSpeaker.c	22	0	0	5fd5d6c8c3cad088df5e68e0bdd0f4b5f862249b7a2916641b334cf995bbb714
Scripts/GameLib/generated/Dialogue/DialogueSystem.c	19	0	0	588b8f9c039b5a834339b018755f959725d68b7ddffc3de9428f6a7d3dd22200
Scripts/GameLib/generated/Dialogue/DialogueTransitionRule.c	26	0	0	20044b61d66555bff188b0ffe2cccc09e1209355e10bb2b35558dd5cad5ac06b
Scripts/GameLib/generated/Dialogue/DialogueVariableMappingObject.c	27	0	0	60764abfc817e875082b839b5613f51340dfaec8a33951486f8687668f04da40
Scripts/GameLib/generated/Dialogue/DialogueVariableRule.c	19	0	0	363142a7327e5bb8ecbd201596e656d2abda43d10de8589c8ec47cfb3d1c5a92
Scripts/GameLib/generated/Dialogue/DynamicAudioDialogueData.c	19	0	0	f37d293e5ae04f25cad9d3b35a3ad7b6e988e317c3cad798e0093515f31a1322
Scripts/GameLib/generated/Dialogue/ObsoleteSentenceDialogueData.c	22	0	0	b9ed985a9ed29a1aa0e6245acbab01d99b0a5df5ff70a0622555ced42ef1313a
Scripts/GameLib/generated/Dialogue/SentenceDialogueData.c	19	0	0	5a56b56ed8b4c46e50973e85213d87d651167aef766759a0956078ea10942988
Scripts/GameLib/generated/Dialogue/TextDialogueData.c	21	0	0	83ac8190915e8615d46d18a8774747eca70115de865a6d43a2f4174725ac266f
Scripts/GameLib/generated/ERCONPermissions.c	13	1	0	9c832f580619608c66fe8b5a55552e4d19da5c3502817eac3fe6d9791d7730a7
Scripts/GameLib/generated/EServerCmdResultType.c	24	1	0	65a5d25fc3ea534732357674a7b734410780ca133e99c1ce43fc0c6e8b87e731
Scripts/GameLib/generated/Entities/CharacterEntity.c	31	0	0	3368c28bb31500190f85df150c349c405bf67403fe1d8b44758d215832930637
Scripts/GameLib/generated/Entities/CharacterEntityClass.c	19	0	0	652eb0e2036a3584786c93edbc3c2f47a789007e10bd83a0462b5338a50e34d7
Scripts/GameLib/generated/Entities/CinematicEntity.c	34	0	0	24257d9c66219c0e2d1186ff2cdde5dbe23a0d19e33392db1388d7b5d17050a1
Scripts/GameLib/generated/Entities/DecalEntity.c	23	0	0	00ef61d3e03cbb5c2a18d6f96bd04644c6b0fc1fd438b006e8888d680c6d9f5b
Scripts/GameLib/generated/Entities/GenericWorldEntity.c	28	0	0	187954dbeb4557a227f65b202a0343dd4d0eb59889c801454bd952aa4452bffa
Scripts/GameLib/generated/Entities/GenericWorldFogEntity.c	23	0	0	a710a4cabf59027f98b72b4010d6abbf29e81b5e7c69b5dc857e8e822ac0a868
Scripts/GameLib/generated/Entities/GenericWorldLightEntity.c	23	0	0	81d429e8caf038e937c1be96a5c19d94bbf63c1caf225f2be0e98b219dce6440
Scripts/GameLib/generated/Entities/GenericWorldPPEffect.c	23	0	0	545f394e4f34c962d98a2134129c8c1d7ec5e5c0d7945ad7a77b470ac30325ee
Scripts/GameLib/generated/Entities/GenericWorldRainEntity.c	23	0	0	61c98fac56fd3604eef771bea2172cc054efd8876f24990a34d8d301406d358e
Scripts/GameLib/generated/Entities/GenericWorldWindEntity.c	23	0	0	d2a1c41a27119f015fbd17e89c68223e390107f81074672d97b449b81185d1fe
Scripts/GameLib/generated/Entities/PawnEntityClass.c	19	0	0	384450f1a2437a010fbd146dfdc19458187b5bf072cfe119185fa8efab5723e3
Scripts/GameLib/generated/Entities/PawnRelatedEntity.c	24	0	0	6c9164164fc96bb8255784da7494513dd518fe9f4e2fcfacd7f404fb92e4ea38
Scripts/GameLib/generated/Entities/PawnRelatedEntityClass.c	19	0	0	df095e8f01333970031ed76b98d782ab9072852e5ed1e6b65b49ca2a204a2ea4
Scripts/GameLib/generated/Entities/PointChangedSituation.c	27	0	0	6ea9f56cf60bd789141262d425264f16c985746c066062d64675105ba33941be
Scripts/GameLib/generated/Entities/PolylineShapeEntity.c	23	0	0	a57eb4ee6145154059957848c85322a5e5b596557998348b1793717c9ce52a3a
Scripts/GameLib/generated/Entities/ProbeVolume.c	23	0	0	d310487f65e4c028b4fec1d24c88835626cebb71f44cc3f9c20e475fd19e5104
Scripts/GameLib/generated/Entities/RiverPartEntity.c	30	0	0	1b80d51a5cc7a422dc89f636eb796904395ab9caa2cd42274e18f827bb4738ed
Scripts/GameLib/generated/Entities/StaticModelEntity.c	25	0	0	3297ee860470c6998712ae4c6155a15de3aca0be22aef484a816066007ef1779
Scripts/GameLib/generated/Entities/TreeEntity.c	19	0	0	576901b38dc0b63ac472eff8a650921068a6e2a6030ddc3f601dcc3cbc89dbf3
Scripts/GameLib/generated/Entities/TreeEntityClass.c	21	0	0	34df27a398e3da39103237aed21cc80e4ec65e7398161bf6494f975b4abb1ed6
Scripts/GameLib/generated/Entities/VolumeEntity.c	23	0	0	d4c881c9679761b4ad8b9eccade52871b07df7780d13ba96c6a5b7e5e393743f
Scripts/GameLib/generated/Entities/VolumeReceiverEntity.c	23	0	0	f2fe23ec10a11ec11d0b08037c4a178f0778b0fda86c67796c45d64f8c58bf42
Scripts/GameLib/generated/Entities/WorldOccluderEntity.c	23	0	0	238109a616c951f61ea4e84d3a6e64fe875f06e807dff1cfbf51911d18ccec8e
Scripts/GameLib/generated/GameWorldEditor.c	24	1	7	7a3585552080afd856dc83cdec5151f2aa9928ec9aeec38bd55afee10b7bbfa7
Scripts/GameLib/generated/Graph/Connections/GraphNodeConnectionCurve.c	19	0	0	de56164a9b40cee98bfce67404caa1171f48cf51cba609b5d8952cecd1857617
Scripts/GameLib/generated/Graph/IGraphModel.c	19	0	0	ae6f79b2ec0e266a72a02fc4dc63f14d8bb5e7b3b0b1cf33053091503b60d9dc
Scripts/GameLib/generated/Graph/Ports/GraphNodePortCircle.c	21	0	0	e216d0867a385e9893f1ade0a70926b1403da1a25d418c02acb4fc6f61e63b9c
Scripts/GameLib/generated/Input/EActionTrigger.c	27	0	0	8e6d2d7668da54f43d1a8ced6e18ddf32b923eb17d7a5e9cebaf0b780a0ccec2
Scripts/GameLib/generated/Input/EInputBindingAxleCapture.c	22	0	0	5664cceea49f803eba8cda1905d23e8218638efae767e450369345a178ffe912
Scripts/GameLib/generated/Input/EInputBindingCalibrationData.c	21	0	0	9978b1513735799b8108498e8414c5400b0f701f58b4a27848e135b72d3a04f0
Scripts/GameLib/generated/Input/EInputBindingCalibrationStatus.c	23	0	0	1d5ed42df6374b973eb818993e6b2ebebc487020f008e3481af1db358f2817f7
Scripts/GameLib/generated/Input/KeyboardDeviceHandler.c	19	0	0	8345225694c765bc7340a609f6140b9e04663af46849cb05cfc2a5a68acde69f
Scripts/GameLib/generated/Input/MouseDeviceHandler.c	21	0	0	eaaa4a96697869768b668ae9d36d80cd7c073d396e3fafffd2054e1284734b85
Scripts/GameLib/generated/Input/TrackIRDeviceHandler.c	20	0	0	7073ba804ea8f5bfe8b6122af7ec17473c0cdfd81f8585132699e5b8f74bf222
Scripts/GameLib/generated/InputMappingKeyData.c	22	1	0	1b96a5a24493a53a95ad600e81620b20fb85885d862ef30908fe1937df89b5ef
Scripts/GameLib/generated/KickCauseCode.c	21	1	3	9e0f9265baa220510020b5a2c7f598d0ba35f494ccbb5dc7db91db9f7db1b9d5
Scripts/GameLib/generated/PawnEntityControllerFlags.c	13	1	0	9093a8bb6fe890302569a3b2421195aaf9162060a927d917172c9b07e452bbb0
Scripts/GameLib/generated/PawnEntitySystem.c	12	1	2	065bb7a7c194b44a10eaf517510ec007212f98610b4893d8de66686ba7749547
Scripts/GameLib/generated/Physics/PhysicsUtils.c	26	0	0	d82b01c4ca0c2791eefa284f9fa3f593eeb79fd295463fcc4992d7a3cdb1700a
Scripts/GameLib/generated/Physics/Vehicles/ContactSurface.c	27	0	0	d871bc227c77d3a65b9da9d4d9495480010ee408f9037a46893a1f130c3a6713
Scripts/GameLib/generated/PlatformKind.c	14	1	0	c1a0d2d6fe9a561ea4cf0b06e8f32d6343e7859c2628d68383374936dbb59b67
Scripts/GameLib/generated/PlatformRequestCallback.c	10	1	0	77c435ceb82255979d1a11450580573bc1eb29eacd6a716e35dcb5a4b0f030fe
Scripts/GameLib/generated/PlayerId.c	16	1	5	3bec0cd6e2c400b35d51a50f448405f372131e10c39ead66dc26a82b1803fd7b
Scripts/GameLib/generated/ProfanityFilterRequestCallback.c	11	1	1	b465bad1fc24fc98b95f7e0d30f89b45cf42d8947425b281e2a1dab98eb4ecdc
Scripts/GameLib/generated/PublicProfilesRequestCallback.c	10	1	0	d1d187ab533afeb9aeb5be59fd650226fe3ff482b06edd491dceaa8ad5cac52c
Scripts/GameLib/generated/RplMode.c	15	1	0	079fa505a81faeb8ffed9aa100c26809e6302c0b2c62b96b30f998fd14a60626
Scripts/GameLib/generated/ScriptPlatformRequestCallback.c	11	1	1	520a190036410444f8187787ff1f1f4bc7d95d03611b20273c715a00af5816f5
Scripts/GameLib/generated/ScriptProfanityFilterRequestCallback.c	11	1	1	d76ef37d7b2df16ede48c4b72d82184c0e34d4fc8ea8514085b384b16b9215da
Scripts/GameLib/generated/ScriptStringTableItem.c	14	1	2	827cbd0d5260e8ec0e704fb8c25441725de74fce333fcfc3eac2f9fa208eeb62
Scripts/GameLib/generated/ScriptTestingFramework/TestResultBase.c	30	0	0	380b2199d0592878d40593c79046564376f3c2e5e7b6fac98d1a1e358c77c406
Scripts/GameLib/generated/ScriptTestingFramework/TestResultTimeout.c	19	0	0	b56973b1b51ed7d43e7ff1c629b00bb2faddc59f2d197b4d3d694a677ef7ed44
Scripts/GameLib/generated/ScriptTestingFramework/TestStage.c	23	0	0	5779a90558c2a40b7357e37957b087bea43af117dabd592f22b6bd2445e28075
Scripts/GameLib/generated/ScriptTestingFramework/TestSuite.c	34	0	0	a6ae13dbc7bc56e1a5442950cd382f053048dc70887afab1b7fb95bea6941c8f
Scripts/GameLib/generated/ScriptValue/ScriptValue.c	29	0	0	aa31acf9bf620bc4a7d6de7e90fcde8cd686a4f3f70fb42fce48baacc1968460
Scripts/GameLib/generated/ScriptValue/ScriptValueArrayFloat.c	22	0	0	ed16e65eac5fb468918de3f5534590b322497d092fa82bbdfaad36d3afb7f45e
Scripts/GameLib/generated/ScriptValue/ScriptValueAttribute.c	22	0	0	afb6fb72c37140d26087c968652d70516b4817211a7b4efeee58c2df9a9215fc
Scripts/GameLib/generated/ScriptValue/ScriptValueBool.c	22	0	0	09a80bf6992fc478d85016a0c2673d6ad697d366b5c3b49c9d4c798e0b6568bb
Scripts/GameLib/generated/ScriptValue/ScriptValueEntity.c	22	0	0	f7102dcb7823115079681a559fec15d4b38bafd2e97d54cd643bea5181a9cdac
Scripts/GameLib/generated/ScriptValue/ScriptValueFloat.c	22	0	0	4d057e176c886641bc21369f2eff705b9efb5bf77853d86417c25de27443a776
Scripts/GameLib/generated/ScriptValue/ScriptValueInt.c	22	0	0	44b1615166a12dab2fbbce57dcaf1f50ae28dbd01ff3f41182d25ec7a5f1f934
Scripts/GameLib/generated/ScriptValue/ScriptValueManaged.c	22	0	0	9e6f54dd3d43eac6af206f520a0e05fef202c514ffb5a1c0f37d719eb5837f47
Scripts/GameLib/generated/ScriptValue/ScriptValueResourceName.c	22	0	0	c69fa88b0bc2a2c85133e2eb30b24d5ed7f0477127ec39fab2900c967f96c121
Scripts/GameLib/generated/ScriptValue/ScriptValueString.c	22	0	0	7490e58d8a7a8c816b3962227cdadebaeff85a3f1ab5818a51c45c64aa631dd1
Scripts/GameLib/generated/ScriptedWidgetTooltip.c	22	1	4	b57aa30127bd49fb9c125fd062ccbfec60dbf966aeff1b64f405ea9aeb9c9224
Scripts/GameLib/generated/ShapePointDataScriptBase.c	10	1	0	e923900bac2f4daa61e24e3e0faa4f0c110286ad162bbef971c50ed09555e2e3
Scripts/GameLib/generated/Sound/SndComponentCallbacks.c	25	0	0	d794f487a257eb479f288a5bfa027909795f3915aed02b73d14da95d99d5c7e6
Scripts/GameLib/generated/Sound/SndSystem.c	25	0	0	c0056964d8dcde3d8485dff9f5e83025a9ddbd3a0583869b3ab5a7f31bca8665
Scripts/GameLib/generated/Sound/SndWorld.c	24	0	0	3d59720d057e5792af125b13e18106d405a7458b1b9cafbf92edbe1cf3111c97
Scripts/GameLib/generated/Sound/SoundManagerModule.c	25	0	0	74b28b97706479d33dcb4354b1dd5ca3b9dc13f8850f8f1f252e0278e0bbf349
Scripts/GameLib/generated/TouchEvent.c	14	1	0	737b1bc6a3a409f29c3a4a968595acd9b79cb4ada30ec3b77ec86ef0999fad89
Scripts/GameLib/generated/TransformResetParams.c	25	1	3	6bc9e958f0f718cf4026235d6de69de53b8a14f5555f3343e65da71cf750c735
Scripts/GameLib/generated/UI/GameConsoleWidget.c	19	0	0	5229be620a6746b638dd132123a1a9dc0a3de78a1ae95ab321359fdf741cec9e
Scripts/GameLib/generated/UI/GraphWidget.c	20	0	0	927d90092f53e876999960bbdfdd20adf0f0bbdddea25b3d356817fb088eac1f
Scripts/GameLib/generated/UI/SmartPanelWidget.c	19	0	0	adcfddb662b8376966a7cb52c701853d0ebc25d7cd967f488fead5f4958ddd50
Scripts/GameLib/generated/UserPrivilege.c	19	1	0	109e06647023d3ed96a4d067bf99135c88e803248a07be2d7ccdbb6128509aa0
Scripts/GameLib/generated/UserPrivilegeResult.c	14	1	0	59f891b134bb263a87ecfbce8f72af0b8306c11e1128450a9fbea5aa28b55dcb
Scripts/GameLib/generated/WeatherFogPattern.c	16	1	6	6ffc029cb1eb5dbb557119653fcc3ab21d6c3bc40c541fc6a7f0b8bb989f756b
Scripts/GameLib/generated/WeatherLightning.c	13	1	3	9eab0c12c381bee0ec5d8fac680ee1f0c8368eabfaf23f50e99e2bfe0b6accb9
Scripts/GameLib/generated/WeatherLightningFlash.c	13	1	3	4d610542b9ac87ffea8e447f8f4f42be938e733080da975325a048b0adb5db5f
Scripts/GameLib/generated/WeatherLightningPattern.c	14	1	4	ec6559b21d45db8b09e01b7e5da54f6cc46fb9f4250b081764441a6b42b5c2e6
Scripts/GameLib/generated/WeatherManager.c	13	1	2	3d6fed577e1150b69cb0b82ac903f8bc49f281fd465cdfd3caa940382da86114
Scripts/GameLib/generated/WeatherTransition.c	14	1	4	eb48c4dc3207abdc28c5ee2289ef7444888b599cdd86609968712d1ab2fc653b
Scripts/GameLib/generated/WeatherTransitionRequestResponse.c	30	1	0	94fabb49ed0677548010e4840ba4d2cc533c370870f3a838d04688291343af62
Scripts/GameLib/generated/WeatherVariant.c	20	1	9	c6d6c77fd1851e01410ac0d44c0c7b9946e1699cfe8666da6e5e22e2a710afa3
Scripts/GameLib/generated/WeatherWindPattern.c	16	1	6	3fd3a1626e36f022874edaade0cd43c4d3c26acfd2374bcef3f91922a1cf1f2a
Scripts/GameLib/generated/WorkbenchAPI/BuildResourceContext.c	24	0	0	75f7f9b6231daf3b024d69dbbe64e938a85273f40d4f2b8f0ef686912df3712b
Scripts/GameLib/generated/WorkbenchAPI/GeoShapes/GeoAttribType.c	32	0	0	b2bbb4f9faa4ca917afaa882bfedbc677d2684383502cb49ac0f501ad1076e1c
Scripts/GameLib/generated/WorkbenchAPI/GeoShapes/GeoMultiPoint.c	26	0	0	a962187b58a2e27bd6cc6a02bc9847fbac5365178285dbc2ae5cf87a303a7122
Scripts/GameLib/generated/WorkbenchAPI/GeoShapes/GeoPoint.c	26	0	0	7e384a9ffd6f10cd9073483487b8aad8e1617c0911cc229c9a2ae6bfee9d554f
Scripts/GameLib/generated/WorkbenchAPI/GeoShapes/GeoPolygon.c	26	0	0	4f23674ca510881448dc7627b4a4beaea0a10313cc050fb568e6d54cff77eaa6
Scripts/GameLib/generated/WorkbenchAPI/GeoShapes/GeoPolyline.c	26	0	0	1cc27f5f3cc5e21d8ef9f4e1984dd62104295f0109dfb4cbdb31055afeba725d
Scripts/GameLib/generated/WorkbenchAPI/GeoShapes/GeoShape.c	30	0	0	52b5430a7dd5c8e89abd450f59726687a2afb039e2bc3220eec0fa0869c6a301
Scripts/GameLib/generated/WorkbenchAPI/GeoShapes/GeoShapeCollection.c	29	0	0	23c338f917b49ed02027d36f5a57a2f79a2fa0e43ab41a4bb6cf02d17c64bc97
Scripts/GameLib/generated/WorkbenchAPI/GeoShapes/GeoShapeLoader.c	39	0	0	15ef9d38eb10c8d83e7abba309d31d6d255c4553334a828bd7dd525fbf95000e
Scripts/GameLib/generated/WorkbenchAPI/GeoShapes/GeoShapeType.c	34	0	0	f7880d359cb1bfb97ad01821534dfa92161a73f78527fdf4963c9af3bee33df0
Scripts/GameLib/generated/WorkbenchAPI/GeoShapes/GeoVertexCollection.c	28	0	0	a7d94178d0e41dfabed70c643e5352377fa1b8f611fa8b38f0fb3ba94dbc5560
Scripts/GameLib/generated/WorkbenchAPI/MetaFile.c	27	0	0	55329bda2b02e1cec5391670aa6c74efb4a4f6d1b0078dc984ad6e7c1203c9bf
Scripts/GameLib/generated/WorkbenchAPI/ModifierKey.c	27	0	0	b7342d21f4747acb7d107e9c5da1fc742bedade07045dd9e949fa1ace3f1384e
Scripts/GameLib/generated/WorkbenchAPI/Modules/AnimEditor.c	23	0	0	bd4a77b6a56746727c1c21e9d4d2aaf9ce9d91c7cc1a67e02b28b418b5b737fd
Scripts/GameLib/generated/WorkbenchAPI/Modules/AudioEditor.c	23	0	0	bbd9efd838e783e68ea057946335354b063f0e4f0a2ec1e661f87d13c4465ba2
Scripts/GameLib/generated/WorkbenchAPI/Modules/NavmeshGeneratorMain.c	23	0	0	f6739ce30a90c8e614d31be428b883eb63d0857e1871b682c35d4cb7576fce7d
Scripts/GameLib/generated/WorkbenchAPI/Modules/ParticleEditor.c	23	0	0	0957b6903759e43fbc5df4c2ca143608c7a6036845d6392e87c47836dda03aed
Scripts/GameLib/generated/WorkbenchAPI/Modules/ScriptEditor.c	34	0	0	d75749b2bff1f4d8d92904f852d10fcf5d9fe90efe24a6eef594c329769a0965
Scripts/GameLib/generated/WorkbenchAPI/Modules/WBModuleDef.c	31	0	0	8cd12fd51d2244db6a78e99ed6cd1495bc9e805c8c32bcbe4a3471cb97e0f3af
Scripts/GameLib/generated/WorkbenchAPI/Modules/WorldEditor.c	31	0	0	c3331b3723a95b357323a7cf81e9cae25f3b80becf7d4a669e06ea0ca24adc6a
Scripts/GameLib/generated/WorldSubsceneComponentClass.c	10	1	0	1e793c219c30109e42d260ce5c511b6323c8153c8e1daf66886006138522726a
Scripts/GameLib/generated/WorldSystems/AnimationControllerSystem.c	19	0	0	1daae5ac9ff8baca0ffc413eec5b27319b6d4a5e64d885641e82221c3ce79732
Scripts/GameLib/generated/WorldSystems/AnimationPlayerSystem.c	19	0	0	ee8062badcbf25facd47124dcb02c23b8afe764bd11b11a6b1bc823b2ce1cbd0
Scripts/GameLib/generated/WorldSystems/NearbyEntitiesSystem.c	19	0	0	6fb66cb5f9cf20baa939e9f250d0de1baba2c7791dc40eabb6c1b9ec98cddcaa
Scripts/GameLib/generated/WorldSystems/ParticleEffectsSystem.c	19	0	0	00e6fd2d220793d06b7c67357398a17c4749d938f2518edbb934e47bed9d189f
Scripts/GameLib/generated/WorldSystems/RplSchedulerDebugController.c	19	0	0	6c9b4b140df1ba505b370c36c3ca7510b2b04f00c9420dc47da415df7d7719b0
Scripts/GameLib/generated/WorldSystems/WorldControllerInfo.c	22	0	0	76cf66d84fd3e686daaefd2a4c5010c9ddd63c840d0b0a5e553039e96b964ee8
Scripts/GameLib/generated/WorldSystems/WorldSystems.c	24	0	0	3763ab96e1370996118d27e1544a71bec5ae3faf58b88c43da705ebc53632b0e
Scripts/GameLib/generated/WorldSystems/WorldUpdatePointArgs.c	23	1	0	596435c40456223a14bc12f91c3a85e92f67f724435c894516bd2d08c4fd8329
Scripts/GameLib/generated/online/BackendDebugApi.c	34	0	0	c84835f980937434f37a3aae7d996003930c608c7cb99aeef70531da075efad9
Scripts/GameLib/generated/online/BackendImage.c	40	0	0	c781b2d4293dcb0577610f1cf0285cd1620d5c6ec807ce294ec998a75b6857d9
Scripts/GameLib/generated/online/EBackendCatalogueBoolFlag.c	23	0	0	0ac116ec24c1966151312b5e7cf94b1987a36e68720842d3b19000e715c6f9de
Scripts/GameLib/generated/online/EBackendCatalogueOrderDir.c	22	0	0	72b1ace03b6483ce8ed7bb2c5056d7b74bb3e69ad7c4594cd7f96542da85f832
Scripts/GameLib/generated/online/EDsSessionState.c	34	0	0	b12034720c15d863f5bb07c99e9b2d271f10f382504e76db5935bdf3a93615fc
Scripts/GameLib/generated/online/EJsonApiError.c	40	0	0	4940fa7e75e80d22c18ee309ee3f3afcc8585d6324a4aae5a66ed29dadc0de78
Scripts/GameLib/generated/online/EPendingLoadState.c	32	0	0	8c62f30593b11e0220f5492c3bd3d0da09760914aba7fbd7a8e3cca2f21576c4
Scripts/GameLib/generated/online/ERestResult.c	41	0	0	cec711f79a44a1260b101976a19844757f59994c198973859545a4984a49de32
Scripts/GameLib/generated/online/ERevisionAvailability.c	25	0	0	d5066ea7a7dbb778b1daf12b775c94fa419ef53d9bc8d388b67cb78b8731b3e7
Scripts/GameLib/generated/online/EServerType.c	28	0	0	338363278cff5a8931ee26935c21bd2ff3f374780e6fa1bd3ac6417dd5dae1a8
Scripts/GameLib/generated/online/EStringMatchType.c	23	0	0	26df40866e584da39a0457faf784c0b41709f1aa0fcd1df2c1a02930780b713a
Scripts/GameLib/generated/online/EWorkshopItemAccessState.c	26	0	0	cae7a6acb7d111ca8521a2b1a76b835389908535f6fc05835697d60189197014
Scripts/GameLib/generated/online/EWorkshopItemType.c	23	0	0	b03e7a1734307fea616b01776f45ac84be12258a348944a63cdcf421ae74a474
Scripts/GameLib/generated/online/EWorkshopReportType.c	30	0	0	e51c337e5a0e80ff2eace6eaaf1da9a4e42dfcc1acdb56eaab692f0ed6bfe464
Scripts/GameLib/generated/online/NewsFeedItem.c	51	0	0	5b983f6515d7fb4d78d37f3403b05f1e11b55b78cc4097874966da0335170138
Scripts/GameLib/generated/online/OnlineBanListData.c	33	0	0	cf93dd86f26e463c0dfa73495ff1c9d02e748938ee1406172f939ca977819fcd
Scripts/GameLib/generated/online/PopupFeedItem.c	55	0	0	5e30055034462cef06e713051a7b9c375716ff87e43f538e5eab59d2f906dee1
Scripts/GameLib/generated/online/ServerConfigApi.c	26	0	0	1df3a492ed0883081b40263486119605337abbce464bd426ec2a3e97e1bfa83f
Scripts/GameLib/generated/online/ServerConfigMeta.c	24	0	0	3971f4d4eaf2c56fcefd06c94539c6ae2a01f3d306ffc8d5a04eba7a17a35f56
Scripts/GameLib/generated/online/WorldSaveManifest.c	30	0	0	2a8725e097ae898a6a8e27e8dfccd6dff1d75b091e6c1b10b56f809dab21f10b
Scripts/GameLib/generated/online/bimage/EBImageFitMethod.c	25	0	0	d96bcdffb6952d5229a19531eb0a4e686708a790f46bd7109d48c9f5beedf972
Scripts/GameLib/generated/online/groups/EGroupApplicationCatalogueOrderBy.c	23	0	0	1650d1319f5823e1fb0d5a1bad8dabd1a42d8bf067d5521ca5afdb03f2bff855
Scripts/GameLib/generated/online/groups/EGroupCatalogueOrderBy.c	33	0	0	31fbea72fdb4274ed025fafb29dca568ce149be38ee799a7d843a84ec4f7a71d
Scripts/GameLib/generated/online/groups/EGroupEnlistmentStatus.c	25	0	0	88a3eecfe707e20cfe601497fc65649db70f8f34fe91740fb3c5ff4cf6993ac9
Scripts/GameLib/generated/online/groups/EGroupGameRegion.c	25	0	0	3954122620193c375b2c91eb3bb30b8373276bf44f995d7028d05e435e79906c
Scripts/GameLib/generated/online/groups/EGroupGameplayApproach.c	25	0	0	669adbe3af53a705108ff3ec9714a0254475b06189eb86a21511f572b16bb659
Scripts/GameLib/generated/online/groups/EGroupGameplayFocus.c	25	0	0	be842bab120043641c1dcdbbd70d95e824eee3f52b70cbdc32c7526d0f080495
Scripts/GameLib/generated/online/groups/EGroupImageType.c	22	0	0	4bceec729916900cc8d12c174de4c0a3933f3b8e8e550399e789581b3eacb1c1
Scripts/GameLib/generated/online/groups/EGroupMemberCatalogueOrderBy.c	23	0	0	c9cd39bb04fe2872008e9ccb4ddb98dc54159a53f0ec06533ab902952f6d2dec
Scripts/GameLib/generated/online/groups/EGroupReportReason.c	22	0	0	45498333c0ce3884a5a1904593904b3fefd0d6b645b92e1f1cc34612ed01e0cf
Scripts/GameLib/generated/online/groups/GroupMemberCatalogueFilters.c	27	0	0	f622468939e77dbbbda34dc2d271544299df7d81b1217b0b7829674808a768ad
Scripts/GameLib/generated/online/server/EServerCatalogueMode.c	28	0	0	846e999fe02c26070d0648d899cff59d950e3ac523225bb83168e91caeebf8d3
Scripts/GameLib/generated/online/server/EServerCatalogueOrderBy.c	30	0	0	37bda982805bc7e86d11c380a8dbdcd795ad792c95a1b53da0c0e2abd8a39a37
Scripts/GameLib/generated/online/server/EServerCataloguePlatformMatch.c	30	0	0	b81f74e4d1280b182c4cbf707725b4463ab048b99f33f22edc6ecf31751b7325
Scripts/GameLib/generated/online/server/EServerCatalogueSearchFlags.c	29	0	0	a163963e2ed31faca26410952b4d7fee8ea487e77bae597858a719ab3b78558b
Scripts/GameLib/generated/online/server/EServerCatalogueVersionMatch.c	26	0	0	624d07e4aa1cf963e697df878a6ff730a1b2298b54194ff87a9f2a8b56e8a6d1
Scripts/GameLib/generated/online/server/EServerPlatform.c	23	0	0	6218d270ccfe207fd85337c652c56e9bdf2443e43efe675f579e050d690e7f9e
Scripts/GameLib/generated/online/workshop/EWorkshopJobState.c	34	0	0	088763a4ef69fc9c4b0cdecf0c90cab55caa1a6d6d1acb43a906d5d81097f357
Scripts/GameLib/generated/online/workshop/EWorkshopJobTask.c	30	0	0	8fd2441aa48f0e4e95e4eb125546767480f21d12f7de8a3b4992b34ac12b6554
Scripts/GameLib/graph/GraphPortInfo.c	10	0	0	287aa58d1446e968694ac9a20b318741608b08ce4b497a5e8365c242a616b0ca
Scripts/GameLib/menuManager.c	48	6	2	a0b98c9335ab597b6292a12015c6e63b2f73a43c054846fabf24f97155d6ce58
Scripts/GameLib/online/OnlineTypes.c	7	0	0	8826a9373812afe07138b38c7fa1123463bd18692baa13a4686f0d1d40732c31
Scripts/GameLib/online/ServerBrowserFiltering.c	18	2	1	b36bdf17b5b59a627eb63ca016f2cf3fdced05ae9717e417cda27b1a3838e357
Scripts/WorkbenchGame/Editor/EditablePrefabsComponent/EditablePrefabsComponent_PreviewEntity.c	15	1	1	bacb0f8ed6d966850cc0e320928a746fda62f1808d356edc4f4392dc0dc59eb9
Scripts/WorkbenchGame/Editor/EditablePrefabsComponent/LabelsConfig/EditablePrefabsLabel_Theme.c	25	1	1	96fab86490a0c4457b067b6865457a0fdccf70ad2853e78cfe403ee919ec8b08
Scripts/WorkbenchGame/UserSettings/SCR_ReforgerEngineSettingsPlugin.c	13	1	1	e95b40dfb74768ede702d474aa0fe52d69e4e3c76aed525c4f08c40d74440e95
Source/ChimeraMenuBase.c	200	2	11	c78d7dfbd2d32b3de57aa590a12c5de5c84889dae127afeefe669c7e1fe81d8c
Source/InventoryStorageManagerComponent.c	56	1	43	ba67b9a27db16c69db9dc3c1222891bdbb5640ecce6f3b7a54276890e01c87ea
Source/SCR_AIGroup.c	2792	6	207	b01f66ef9e00bdd86d14a20146b3627bfab219402639847b7f6a099ce462ae08
Source/SCR_BaseGameMode.c	2102	2	109	97d1f30e175f8897180ca1870aefba5e7ea6d3469aa127417b757c0aeebb5261
Source/SCR_BaseGameModeComponent.c	103	2	25	f016a30f862a82512a9c31b04cc083505bf135b5c0447cadfac26aeb8c3b40c1
Source/SCR_BriefingConfig.c	22	1	2	a47517cc9b4a7b4d873e14e03b046df8ef44d2e2d5600494377dd62a5f7fc0d0
Source/SCR_ButtonBaseComponent.c	373	1	19	44955bbf807130a4b375f54f7ae1ef4ca2b9797747bde54e9f983771bf4b4599
Source/SCR_CameraBase.c	119	2	12	fae26b77b4af3c856ac26e6fb65b74038f43781e009e7da6566bbdcac2c1d596
Source/SCR_CharacterDamageManagerComponent.c	2119	3	98	4c96a7ee6fba009c154d1619fd03500de157fe947c249ead446bbb6dae4f9021
Source/SCR_CharacterInventoryStorageComponent.c	1652	7	78	9a8de817e8b9b7700630414d7ded1a93c57b695c07fc0c4bd35b200450b9c9da
Source/SCR_ChimeraCharacter.c	570	2	25	815f6b6251d4fb212e68d5115cef645a677d18aa2fefa9412a2b27a0def66e75
Source/SCR_DebriefingScreenMenu.c	141	1	6	adcf64a44dbcf99de93a323c5bd667e90b55b63ebea565fbf10559a8337f46cb
Source/SCR_Faction.c	929	3	73	186f355a3b15f6ac918fb069a0c6cbfb7765d02464bc49f518e37e33cf499492
Source/SCR_FactionManager.c	822	2	35	3b21198d3229b09bd1b795641fbfcbd3054f1049b7348a5df054f82273c3ff77
Source/SCR_GameModeHealthSettings.c	149	2	19	0ed1e7623a66d3c81cbac57e7d52a455c657bf8b7331762181da5912096533b0
Source/SCR_GroupsManagerComponent.c	1607	2	80	1857e2c775cd9728981ea04204ca25c1ff1785013e75087b06b4d0d0f6b7758c
Source/SCR_InventoryStorageManagerComponent.c	1941	18	107	399b228051a3598c42084925128d96d647d68a08fac328fbea0d4c01fd479c07
Source/SCR_ListBoxComponent.c	346	1	23	5f3cf4d1e6a155b5715cf3eabfdbc712d8ace80f23a4f7370d38459605794f58
Source/SCR_ManualCamera.c	482	2	28	bba54f71e67b1ac8a7fdc37fab906aaadf50d07e6c408a055cb574ceebc16ec9
Source/SCR_MapEntity.c	1439	2	84	3144676593113e270a2d3262549a6e1f416349e8850b7972b6ffc8a05274c58f
Source/SCR_MenuHelper.c	231	2	23	92aab456979c77a1c12cb8958112eec9f521591c661600f21c96513edd9e23aa
Source/SCR_PlayerController.c	1106	2	50	c49782aa3bb0dbab2876d13b78a5eb384e7e7530b951503289856fd983abb3d4
Source/SCR_PlayerControllerGroupComponent.c	1649	2	99	629d7567cf671054a73fe8bd931c52f12726fba2dd53054099bafbf983aea0a6
Source/SCR_PlayerManagerKickReason.c	9	1	0	3d6e46029010717b75a9eb7470fe36792e23de1677c7bbb477341040752b17f2
Source/SCR_RespawnBriefingComponent.c	343	3	23	a105d6f8d67463fdd81216f498751c9ff2f353d072710d5ca6bb1d1d8e499e3c
Source/SCR_RespawnComponent.c	493	3	41	9334e18a3c39a1cbf8935c6e7aea12a3aed9a48922e17c536e158b993cc5709e
Source/SCR_RespawnSystemComponent.c	366	2	32	bc5ce2e8f4a9d67cfd5d74c3a748e972b571fa4f318d293bf0171017fd4a5727
Source/SCR_ScriptedWidgetComponent.c	63	1	5	8ee67556409c8613bfff26c89ca64735683cc211c4ba5d3b3817c9559d11db05
Source/SCR_SpawnHandlerComponent.c	329	2	17	99f9d020608d7b9a5b296e547ec6927dd551098524d3b8107de242791b77a0fd
Source/SCR_SpawnPoint.c	804	2	67	9a1121084d846bf66676996d6ec34e8b59fe55dddbde91c0761ccfc1cceb5be4
Source/SCR_SpawnRequestComponent.c	643	4	44	3b1e0d14441d59f886e627527ffb79a9ebbab810d614ad76ffeeef6769ef10a4
Source/SCR_SpectateModeEditorUIComponent.c	3	1	0	d257041dd40d738c0bdfe9b832c672c366c64d13c8ee371079dae424eb544913
Source/SCR_WeaponAttachmentsStorageComponentSerializer.c	50	2	3	55c0cb5a183262b13eb38c6da69c661fb1a0d1549ef7f437a8926cfbeba8dd04
Source/SpectateTargetComponent.c	108	2	8	9a973d2ef70da8ebc4d217f79017ad11adb55051dacb3db196adff9d9933fd9a
Source/generated_2InventorySystem_2WeaponAttachmentsStorageComponent.c	14	2	0	beb9550b96c05772eedd88d4422f03e97f3ae06478de1ddf061a3f129298f43b
