symbol	kind	file	line	end_line	loc	parent	base
EScaleWidgetMode	enum	Carved/data/00008_ae9763b2.c	25	30	6		
RplKickCauseGroup	enum	Carved/data/00014_634bb337.c	117	122	6		
CinematicTrackAttribute	class	Carved/data/00034_bde28e08.c	2	12	11		UniqueAttribute
CinematicTrackAttribute	method	Carved/data/00034_bde28e08.c	7	7	1	CinematicTrackAttribute	
CinematicEventAttribute	class	Carved/data/00034_bde28e08.c	14	22	9		UniqueAttribute
CinematicEventAttribute	method	Carved/data/00034_bde28e08.c	18	18	1	CinematicEventAttribute	
BTNodeAttribute	class	Carved/data/00034_bde28e08.c	25	33	9		UniqueAttribute
BTNodeAttribute	method	Carved/data/00034_bde28e08.c	29	29	1	BTNodeAttribute	
BTNodeInAttribute	class	Carved/data/00034_bde28e08.c	35	37	3		BTNodeAttribute
BTNodeOutAttribute	class	Carved/data/00034_bde28e08.c	39	41	3		BTNodeAttribute
SignalInput	class	Carved/data/00035_a02ea9b6.c	10	19	10		
SignalInput	method	Carved/data/00035_a02ea9b6.c	15	15	1	SignalInput	
EItemInsertionResult	enum	Carved/data/00035_a02ea9b6.c	21	27	7		
RplSchedulerInsertionCtx	class	Carved/data/00035_a02ea9b6.c	29	32	4		
EDiagMenuGameLib	enum	Carved/data/00035_a02ea9b6.c	39	41	3		EDiagMenu
AttachPoint	sealed_class	Carved/data/00036_60c1bf3a.c	21	30	10		ScriptAndConfig
Set	method	Carved/data/00036_60c1bf3a.c	23	23	1	AttachPoint	
GetLocalTransform	method	Carved/data/00036_60c1bf3a.c	24	24	1	AttachPoint	
GetLocalTransformAxis	method	Carved/data/00036_60c1bf3a.c	26	26	1	AttachPoint	
GetWorldTransform	method	Carved/data/00036_60c1bf3a.c	27	27	1	AttachPoint	
GetWorldTransformAxis	method	Carved/data/00036_60c1bf3a.c	29	29	1	AttachPoint	
AutotestBase	sealed_class	Carved/data/00036_60c1bf3a.c	37	47	11		
AutotestBase	method	Carved/data/00036_60c1bf3a.c	39	39	1	AutotestBase	
AutotestBase	method	Carved/data/00036_60c1bf3a.c	40	40	1	AutotestBase	
Reset	method	Carved/data/00036_60c1bf3a.c	42	42	1	AutotestBase	
UpdateLastProcessingTime	method	Carved/data/00036_60c1bf3a.c	43	43	1	AutotestBase	
IsLastProcessingTime_Signal	method	Carved/data/00036_60c1bf3a.c	44	44	1	AutotestBase	
ResetLastProcessingTime_Signal	method	Carved/data/00036_60c1bf3a.c	45	45	1	AutotestBase	
SetLastProcessingTime_Treshold	method	Carved/data/00036_60c1bf3a.c	46	46	1	AutotestBase	
CharacterAnimGraphComponentClass	sealed_class	Carved/data/00037_bac29606.c	51	53	3		BaseAnimationControllerComponentClass
CinematicTrackBase	class	Carved/data/00037_bac29606.c	60	70	11		ScriptAndConfig
GetTrackName	method	Carved/data/00037_bac29606.c	62	62	1	CinematicTrackBase	
GetSceneName	method	Carved/data/00037_bac29606.c	63	63	1	CinematicTrackBase	
OnInit	method	Carved/data/00037_bac29606.c	67	67	1	CinematicTrackBase	
OnFinish	method	Carved/data/00037_bac29606.c	68	68	1	CinematicTrackBase	
OnApply	method	Carved/data/00037_bac29606.c	69	69	1	CinematicTrackBase	
CinematicTrackModifier	class	Carved/data/00037_bac29606.c	77	85	9		ScriptAndConfig
OnInit	method	Carved/data/00037_bac29606.c	79	79	1	CinematicTrackModifier	
OnApplyModifierBool	method	Carved/data/00037_bac29606.c	80	80	1	CinematicTrackModifier	
OnApplyModifierInt	method	Carved/data/00037_bac29606.c	81	81	1	CinematicTrackModifier	
OnApplyModifierFloat	method	Carved/data/00037_bac29606.c	82	82	1	CinematicTrackModifier	
OnApplyModifierVector	method	Carved/data/00037_bac29606.c	83	83	1	CinematicTrackModifier	
OnApplyModifierColor	method	Carved/data/00037_bac29606.c	84	84	1	CinematicTrackModifier	
DataError	enum	Carved/data/00043_24da2404.c	43	61	19		
ERCONPermissions	enum	Carved/data/00050_bca8bacd.c	135	140	6		
EServerCmdResultType	enum	Carved/data/00050_bca8bacd.c	147	163	17		
GameWorldEditor	class	Carved/data/00051_1af2ab9b.c	10	23	14		Managed
GetEditorAPI	method	Carved/data/00051_1af2ab9b.c	12	12	1	GameWorldEditor	
SaveWorld	method	Carved/data/00051_1af2ab9b.c	13	13	1	GameWorldEditor	
SaveWorldAs	method	Carved/data/00051_1af2ab9b.c	18	18	1	GameWorldEditor	
Undo	method	Carved/data/00051_1af2ab9b.c	19	19	1	GameWorldEditor	
Redo	method	Carved/data/00051_1af2ab9b.c	20	20	1	GameWorldEditor	
SwitchToGameMode	method	Carved/data/00051_1af2ab9b.c	21	21	1	GameWorldEditor	
SwitchToEditMode	method	Carved/data/00051_1af2ab9b.c	22	22	1	GameWorldEditor	
GenericComponentClass	class	Carved/data/00051_1af2ab9b.c	30	34	5		EntityComponentPrefabData
GenericComponentClass	method	Carved/data/00051_1af2ab9b.c	32	32	1	GenericComponentClass	
InputMappingKeyData	class	Carved/data/00055_4c90519c.c	76	78	3		ScriptAndConfig
KickCauseCode	sealed_class	Carved/data/00055_4c90519c.c	91	98	8		handle64
NewCode	method	Carved/data/00055_4c90519c.c	95	95	1	KickCauseCode	
GetGroup	method	Carved/data/00055_4c90519c.c	96	96	1	KickCauseCode	
GetReason	method	Carved/data/00055_4c90519c.c	97	97	1	KickCauseCode	
KickCauseGroup	enum	Carved/data/00055_4c90519c.c	105	113	9		
PawnEntityControllerFlags	enum	Carved/data/00074_3db153a4.c	7	12	6		
PawnEntitySystem	sealed_class	Carved/data/00074_3db153a4.c	19	23	5		WorldSystem
PossessPawn	method	Carved/data/00074_3db153a4.c	21	21	1	PawnEntitySystem	
DispossessPawn	method	Carved/data/00074_3db153a4.c	22	22	1	PawnEntitySystem	
PlatformKind	enum	Carved/data/00074_3db153a4.c	81	87	7		
PlatformRequestCallback	class	Carved/data/00074_3db153a4.c	94	96	3		Managed
PlayerId	sealed_class	Carved/data/00074_3db153a4.c	103	111	9		
PlayerId	method	Carved/data/00074_3db153a4.c	105	105	1	PlayerId	
PlayerId	method	Carved/data/00074_3db153a4.c	106	106	1	PlayerId	
Local	method	Carved/data/00074_3db153a4.c	108	108	1	PlayerId	
Invalid	method	Carved/data/00074_3db153a4.c	109	109	1	PlayerId	
IsValid	method	Carved/data/00074_3db153a4.c	110	110	1	PlayerId	
ProfanityFilterRequestCallback	class	Carved/data/00074_3db153a4.c	118	121	4		Managed
GetTexts	method	Carved/data/00074_3db153a4.c	120	120	1	ProfanityFilterRequestCallback	
PublicProfilesRequestCallback	class	Carved/data/00074_3db153a4.c	128	130	3		Managed
RplMode	enum	Carved/data/00074_3db153a4.c	138	144	7		
RplSession	sealed_class	Carved/data/00074_3db153a4.c	151	165	15		
RplSession	method	Carved/data/00074_3db153a4.c	153	153	1	RplSession	
RplSession	method	Carved/data/00074_3db153a4.c	154	154	1	RplSession	
mode	method	Carved/data/00074_3db153a4.c	157	157	1	RplSession	
TryGetListenAddress	method	Carved/data/00074_3db153a4.c	160	160	1	RplSession	
RegisterCallbacks	method	Carved/data/00074_3db153a4.c	162	162	1	RplSession	
Mode	method	Carved/data/00074_3db153a4.c	164	164	1	RplSession	
ScriptedWidgetTooltip	class	Carved/data/00075_92f4e99d.c	10	21	12		ScriptAndConfig
CheckOverflow	method	Carved/data/00075_92f4e99d.c	13	13	1	ScriptedWidgetTooltip	
Show	method	Carved/data/00075_92f4e99d.c	17	17	1	ScriptedWidgetTooltip	
Hide	method	Carved/data/00075_92f4e99d.c	18	18	1	ScriptedWidgetTooltip	
CreateTooltipWidget	method	Carved/data/00075_92f4e99d.c	20	20	1	ScriptedWidgetTooltip	
ScriptPlatformRequestCallback	class	Carved/data/00075_92f4e99d.c	28	31	4		PlatformRequestCallback
OnPrivilegeResult	method	Carved/data/00075_92f4e99d.c	30	30	1	ScriptPlatformRequestCallback	
ScriptProfanityFilterRequestCallback	class	Carved/data/00075_92f4e99d.c	38	41	4		ProfanityFilterRequestCallback
OnFilteredResult	method	Carved/data/00075_92f4e99d.c	40	40	1	ScriptProfanityFilterRequestCallback	
ScriptStringTableItem	class	Carved/data/00075_92f4e99d.c	49	54	6		ScriptAndConfig
ScriptStringTableItem	method	Carved/data/00075_92f4e99d.c	51	51	1	ScriptStringTableItem	
GetTargetPrefix	method	Carved/data/00075_92f4e99d.c	52	52	1	ScriptStringTableItem	
ShapePointDataScriptBase	class	Carved/data/00077_8182ab9b.c	7	9	3		ScriptAndConfig
TouchEvent	enum	Carved/data/00078_8b0bfd2c.c	103	108	6		
TransformResetParams	sealed_class	Carved/data/00078_8b0bfd2c.c	119	132	14		pointer
GetNewVelocity	method	Carved/data/00078_8b0bfd2c.c	126	126	1	TransformResetParams	
correction	method	Carved/data/00078_8b0bfd2c.c	128	128	1	TransformResetParams	
IsCorrection	method	Carved/data/00078_8b0bfd2c.c	131	131	1	TransformResetParams	
UserPrivilege	enum	Carved/data/00078_8b0bfd2c.c	194	205	12		
UserPrivilegeResult	enum	Carved/data/00078_8b0bfd2c.c	212	218	7		
WeatherFogPattern	class	Carved/data/00078_8b0bfd2c.c	225	233	9		ScriptAndConfig
GetMinFogAmount	method	Carved/data/00078_8b0bfd2c.c	227	227	1	WeatherFogPattern	
GetMaxFogAmount	method	Carved/data/00078_8b0bfd2c.c	228	228	1	WeatherFogPattern	
GetMinFogHeightDensity	method	Carved/data/00078_8b0bfd2c.c	229	229	1	WeatherFogPattern	
GetMaxFogHeightDensity	method	Carved/data/00078_8b0bfd2c.c	230	230	1	WeatherFogPattern	
GetMinDurationHours	method	Carved/data/00078_8b0bfd2c.c	231	231	1	WeatherFogPattern	
GetMaxDurationHours	method	Carved/data/00078_8b0bfd2c.c	232	232	1	WeatherFogPattern	
WeatherLightning	class	Carved/data/00078_8b0bfd2c.c	240	245	6		
SetPosition	method	Carved/data/00078_8b0bfd2c.c	242	242	1	WeatherLightning	
SetRadius	method	Carved/data/00078_8b0bfd2c.c	243	243	1	WeatherLightning	
AddLightningFlash	method	Carved/data/00078_8b0bfd2c.c	244	244	1	WeatherLightning	
WeatherLightningFlash	class	Carved/data/00078_8b0bfd2c.c	252	257	6		
SetStartTime	method	Carved/data/00078_8b0bfd2c.c	254	254	1	WeatherLightningFlash	
SetDuration	method	Carved/data/00078_8b0bfd2c.c	255	255	1	WeatherLightningFlash	
SetCooldown	method	Carved/data/00078_8b0bfd2c.c	256	256	1	WeatherLightningFlash	
WeatherLightningPattern	class	Carved/data/00078_8b0bfd2c.c	264	270	7		ScriptAndConfig
GetFrequencySeconds	method	Carved/data/00078_8b0bfd2c.c	266	266	1	WeatherLightningPattern	
GetPerturbationRangeSeconds	method	Carved/data/00078_8b0bfd2c.c	267	267	1	WeatherLightningPattern	
GetMinDurationHours	method	Carved/data/00078_8b0bfd2c.c	268	268	1	WeatherLightningPattern	
GetMaxDurationHours	method	Carved/data/00078_8b0bfd2c.c	269	269	1	WeatherLightningPattern	
WeatherManager	class	Carved/data/00078_8b0bfd2c.c	277	282	6		
WeatherManager	method	Carved/data/00078_8b0bfd2c.c	279	279	1	WeatherManager	
GetRegisteredWeatherManagerEntity	method	Carved/data/00078_8b0bfd2c.c	281	281	1	WeatherManager	
WeatherRainPattern	class	Carved/data/00078_8b0bfd2c.c	289	295	7		ScriptAndConfig
GetMinIntensity	method	Carved/data/00078_8b0bfd2c.c	291	291	1	WeatherRainPattern	
GetMaxIntensity	method	Carved/data/00078_8b0bfd2c.c	292	292	1	WeatherRainPattern	
GetMinDurationHours	method	Carved/data/00078_8b0bfd2c.c	293	293	1	WeatherRainPattern	
GetMaxDurationHours	method	Carved/data/00078_8b0bfd2c.c	294	294	1	WeatherRainPattern	
WeatherStateMachine	class	Carved/data/00079_55f5aa04.c	7	15	9		ScriptAndConfig
GetState	method	Carved/data/00079_55f5aa04.c	9	9	1	WeatherStateMachine	
GetStatesList	method	Carved/data/00079_55f5aa04.c	11	11	1	WeatherStateMachine	
GetNumStates	method	Carved/data/00079_55f5aa04.c	12	12	1	WeatherStateMachine	
GetStartStateName	method	Carved/data/00079_55f5aa04.c	13	13	1	WeatherStateMachine	
GetStartStateIndex	method	Carved/data/00079_55f5aa04.c	14	14	1	WeatherStateMachine	
WeatherTransition	class	Carved/data/00080_da29f5a5.c	7	13	7		ScriptAndConfig
GetDestinationName	method	Carved/data/00080_da29f5a5.c	9	9	1	WeatherTransition	
GetProbability	method	Carved/data/00080_da29f5a5.c	10	10	1	WeatherTransition	
GetDurationMin	method	Carved/data/00080_da29f5a5.c	11	11	1	WeatherTransition	
GetDurationMax	method	Carved/data/00080_da29f5a5.c	12	12	1	WeatherTransition	
WeatherTransitionRequestResponse	enum	Carved/data/00080_da29f5a5.c	20	42	23		
WeatherVariant	class	Carved/data/00080_da29f5a5.c	49	61	13		ScriptAndConfig
GetWindPattern	method	Carved/data/00080_da29f5a5.c	51	51	1	WeatherVariant	
GetRainPattern	method	Carved/data/00080_da29f5a5.c	52	52	1	WeatherVariant	
GetFogPattern	method	Carved/data/00080_da29f5a5.c	53	53	1	WeatherVariant	
GetLightningPattern	method	Carved/data/00080_da29f5a5.c	54	54	1	WeatherVariant	
GetVariantName	method	Carved/data/00080_da29f5a5.c	56	56	1	WeatherVariant	
GetDurationMin	method	Carved/data/00080_da29f5a5.c	57	57	1	WeatherVariant	
GetDurationMax	method	Carved/data/00080_da29f5a5.c	58	58	1	WeatherVariant	
GetNumTransitions	method	Carved/data/00080_da29f5a5.c	59	59	1	WeatherVariant	
GetTransitionsList	method	Carved/data/00080_da29f5a5.c	60	60	1	WeatherVariant	
WeatherWindPattern	class	Carved/data/00080_da29f5a5.c	68	76	9		ScriptAndConfig
GetMinSpeed	method	Carved/data/00080_da29f5a5.c	70	70	1	WeatherWindPattern	
GetMaxSpeed	method	Carved/data/00080_da29f5a5.c	71	71	1	WeatherWindPattern	
GetMinAngleRadians	method	Carved/data/00080_da29f5a5.c	72	72	1	WeatherWindPattern	
GetMaxAngleRadians	method	Carved/data/00080_da29f5a5.c	73	73	1	WeatherWindPattern	
GetMinDurationHours	method	Carved/data/00080_da29f5a5.c	74	74	1	WeatherWindPattern	
GetMaxDurationHours	method	Carved/data/00080_da29f5a5.c	75	75	1	WeatherWindPattern	
WorkshopComment	class	Carved/data/00085_ffa380a0.c	7	18	12		
GetId	method	Carved/data/00085_ffa380a0.c	10	10	1	WorkshopComment	
Content	method	Carved/data/00085_ffa380a0.c	12	12	1	WorkshopComment	
Update	method	Carved/data/00085_ffa380a0.c	14	14	1	WorkshopComment	
Report	method	Carved/data/00085_ffa380a0.c	15	15	1	WorkshopComment	
DeleteComment	method	Carved/data/00085_ffa380a0.c	17	17	1	WorkshopComment	
WorldSubsceneComponentClass	class	Carved/data/00086_87fd8484.c	7	9	3		GenericComponentClass
GraphPortInfo	class	Carved/data/00088_5c1c8da3.c	45	52	8		Managed
DialogPriority	enum	Carved/data/00089_1f44ed15.c	4	9	6		
DialogResult	enum	Carved/data/00089_1f44ed15.c	11	18	8		
ScriptMenuPresetEnum	enum	Carved/data/00089_1f44ed15.c	20	23	4		
GameLibMenusEnum	enum	Carved/data/00089_1f44ed15.c	25	28	4		ScriptMenuPresetEnum
MenuBindAttribute	class	Carved/data/00089_1f44ed15.c	30	38	9		UniqueAttribute
MenuBindAttribute	method	Carved/data/00089_1f44ed15.c	34	34	1	MenuBindAttribute	
MessageBox	class	Carved/data/00089_1f44ed15.c	40	47	8		MenuBase
Ok	method	Carved/data/00089_1f44ed15.c	43	43	1	MessageBox	
BoundingVolumeScr	class	Carved/data/00089_1f44ed15.c	52	56	5		
GetRoomsIds extends JsonApiStruct	class	Carved/data/00090_c2bfee5c.c	9	18	10		
GetRoomsIds	method	Carved/data/00090_c2bfee5c.c	13	13	1	GetRoomsIds extends JsonApiStruct	
RoomFilterBase	class	Carved/data/00090_c2bfee5c.c	20	24	5		JsonApiStruct
PageParams extends JsonApiStruct	class	Carved/data/00090_c2bfee5c.c	27	32	6		
SCR_ScriptProfanityFilterRequestCallback	class	Carved/data/00091_3f951e7b.c	2	13	12		ScriptProfanityFilterRequestCallback
OnFilteredResult	method	Carved/data/00091_3f951e7b.c	8	8	1	SCR_ScriptProfanityFilterRequestCallback	
CheckGUIDRequest	class	Carved/data/00093_00e655f6.c	1	9	9		JsonApiStruct
CheckGUIDRequest	method	Carved/data/00093_00e655f6.c	5	5	1	CheckGUIDRequest	
CheckGUIDResponse	class	Carved/data/00093_00e655f6.c	11	19	9		JsonApiStruct
CheckGUIDResponse	method	Carved/data/00093_00e655f6.c	15	15	1	CheckGUIDResponse	
CheckGUID	class	Carved/data/00093_00e655f6.c	21	46	26		NetApiHandler
GetRequest	method	Carved/data/00093_00e655f6.c	23	23	1	CheckGUID	
GetResponse	method	Carved/data/00093_00e655f6.c	28	28	1	CheckGUID	
EBTAddonInfo	class	Carved/data/00094_3002ad84.c	3	13	11		JsonApiStruct
EBTAddonInfo	method	Carved/data/00094_3002ad84.c	8	8	1	EBTAddonInfo	
EBTInfoRequest	class	Carved/data/00094_3002ad84.c	15	27	13		JsonApiStruct
EBTInfoRequest	method	Carved/data/00094_3002ad84.c	20	20	1	EBTInfoRequest	
EBTInfoDialog	class	Carved/data/00094_3002ad84.c	29	33	5		
OkButton	method	Carved/data/00094_3002ad84.c	32	32	1	EBTInfoDialog	
EBTInfo	class	Carved/data/00094_3002ad84.c	35	54	20		NetApiHandler
GetRequest	method	Carved/data/00094_3002ad84.c	38	38	1	EBTInfo	
GetResponse	method	Carved/data/00094_3002ad84.c	44	44	1	EBTInfo	
OpenXOBRequest	class	Carved/data/00095_599cfdf3.c	1	9	9		JsonApiStruct
OpenXOBRequest	method	Carved/data/00095_599cfdf3.c	5	5	1	OpenXOBRequest	
OpenXOBResponse	class	Carved/data/00095_599cfdf3.c	11	19	9		JsonApiStruct
OpenXOBResponse	method	Carved/data/00095_599cfdf3.c	15	15	1	OpenXOBResponse	
OpenXOB	class	Carved/data/00095_599cfdf3.c	21	38	18		NetApiHandler
GetRequest	method	Carved/data/00095_599cfdf3.c	23	23	1	OpenXOB	
GetResponse	method	Carved/data/00095_599cfdf3.c	28	28	1	OpenXOB	
WorkbenchDialog_AbortRetryIgnore	class	Carved/data/00096_8dd07c13.c	1	26	26		
ButtonAbort	method	Carved/data/00096_8dd07c13.c	7	7	1	WorkbenchDialog_AbortRetryIgnore	
ButtonRetry	method	Carved/data/00096_8dd07c13.c	14	14	1	WorkbenchDialog_AbortRetryIgnore	
ButtonIgnore	method	Carved/data/00096_8dd07c13.c	21	21	1	WorkbenchDialog_AbortRetryIgnore	
WorkbenchDialog_OKCancel	class	Carved/data/00096_8dd07c13.c	28	41	14		
ButtonOK	method	Carved/data/00096_8dd07c13.c	31	31	1	WorkbenchDialog_OKCancel	
ButtonCancel	method	Carved/data/00096_8dd07c13.c	37	37	1	WorkbenchDialog_OKCancel	
SCR_AutotestToolPlugin	class	Carved/data007/00000_3bbff8d5.c	8	23	16		WorkbenchPlugin
Configure	method	Carved/data007/00000_3bbff8d5.c	14	14	1	SCR_AutotestToolPlugin	
GetExecutablePath	method	Carved/data007/00000_3bbff8d5.c	19	19	1	SCR_AutotestToolPlugin	
SCR_AIPerformActionActivity	class	Carved/data007/00001_cd46ad1e.c	1	22	22		SCR_AIActivityBase
SCR_AIPerformActionActivity	method	Carved/data007/00001_cd46ad1e.c	6	6	1	SCR_AIPerformActionActivity	
GetActionDebugInfo	method	Carved/data007/00001_cd46ad1e.c	18	18	1	SCR_AIPerformActionActivity	
SCR_AIDangerEvent_UnsafeArea	class	Carved/data007/00003_83d9e7f0.c	1	18	18		AIDangerEvent
SetRadius	method	Carved/data007/00003_83d9e7f0.c	8	8	1	SCR_AIDangerEvent_UnsafeArea	
GetRadius	method	Carved/data007/00003_83d9e7f0.c	14	14	1	SCR_AIDangerEvent_UnsafeArea	
SCR_AISpawnerGroupFactionClass	class	Carved/data007/00003_83d9e7f0.c	24	27	4		AISpawnerGroupClass
SCR_AISpawnerGroupFaction	class	Carved/data007/00003_83d9e7f0.c	29	46	18		AISpawnerGroup
OnSpawn	method	Carved/data007/00003_83d9e7f0.c	34	34	1	SCR_AISpawnerGroupFaction	
SCR_BoardingTimedWaypointClass	class	Carved/data007/00004_e26d84ea.c	1	3	3		SCR_BoardingWaypointClass
SCR_BoardingTimedWaypoint	class	Carved/data007/00004_e26d84ea.c	6	25	20		SCR_BoardingWaypoint
GetHoldingTime	method	Carved/data007/00004_e26d84ea.c	12	12	1	SCR_BoardingTimedWaypoint	
SetHoldingTime	method	Carved/data007/00004_e26d84ea.c	20	20	1	SCR_BoardingTimedWaypoint	
SCR_AIDecoCombatMove_AimingAllowed	class	Carved/data007/00005_697dcc33.c	1	28	28		DecoratorScripted
TestFunction	method	Carved/data007/00005_697dcc33.c	6	6	1	SCR_AIDecoCombatMove_AimingAllowed	
GetOnHoverDescription	method	Carved/data007/00005_697dcc33.c	26	26	1	SCR_AIDecoCombatMove_AimingAllowed	
VisibleInPalette	method	Carved/data007/00005_697dcc33.c	27	27	1	SCR_AIDecoCombatMove_AimingAllowed	
SCR_AIDangerReaction	class	Carved/data007/00006_7b976fc5.c	4	18	15		
PerformReaction	method	Carved/data007/00006_7b976fc5.c	9	9	1	SCR_AIDangerReaction	
AddDebugMessage	method	Carved/data007/00006_7b976fc5.c	12	12	1	SCR_AIDangerReaction	
BaseContainerProps	method	Carved/data007/00006_7b976fc5.c	18	18	1	SCR_AIDangerReaction	
SCR_AIDangerReaction_DamageTaken	class	Carved/data007/00006_7b976fc5.c	19	37	19		SCR_AIDangerReaction
PerformReaction	method	Carved/data007/00006_7b976fc5.c	21	21	1	SCR_AIDangerReaction_DamageTaken	
SCR_AIDangerReaction_ProjectileHit	class	Carved/data007/00007_ccaf1a07.c	2	16	15		SCR_AIDangerReaction
PerformReaction	method	Carved/data007/00007_ccaf1a07.c	6	6	1	SCR_AIDangerReaction_ProjectileHit	
SCR_AIDangerReaction_StartedBleeding	class	Carved/data007/00007_ccaf1a07.c	18	24	7		SCR_AIDangerReaction
PerformReaction	method	Carved/data007/00007_ccaf1a07.c	20	20	1	SCR_AIDangerReaction_StartedBleeding	
BaseContainerProps	method	Carved/data007/00007_ccaf1a07.c	24	24	1	SCR_AIDangerReaction_StartedBleeding	
SCR_AIDangerReaction_UnsafeArea	class	Carved/data007/00007_ccaf1a07.c	25	47	23		SCR_AIDangerReaction
PerformReaction	method	Carved/data007/00007_ccaf1a07.c	27	27	1	SCR_AIDangerReaction_UnsafeArea	
SCR_AIDecoTestActivityIsFollow	class	Carved/data007/00008_6fffdc30.c	1	23	23		DecoratorTestScripted
TestFunction	method	Carved/data007/00008_6fffdc30.c	3	3	1	SCR_AIDecoTestActivityIsFollow	
SCR_AIDecoTestIsAvailable	class	Carved/data007/00009_bdb4ad04.c	1	25	25		DecoratorTestScripted
TestFunction	method	Carved/data007/00009_bdb4ad04.c	5	5	1	SCR_AIDecoTestIsAvailable	
SCR_AISuspendAction	class	Carved/data007/00010_d38ab77d.c	1	27	27		SCR_AIActionTask
EOnTaskSimulate	method	Carved/data007/00010_d38ab77d.c	5	5	1	SCR_AISuspendAction	
VisibleInPalette	method	Carved/data007/00010_d38ab77d.c	17	17	1	SCR_AISuspendAction	
GetOnHoverDescription	method	Carved/data007/00010_d38ab77d.c	23	23	1	SCR_AISuspendAction	
SCR_AIDecoTestIsAgentInGroup	class	Carved/data007/00011_91c7a745.c	1	21	21		DecoratorTestScripted
TestFunction	method	Carved/data007/00011_91c7a745.c	3	3	1	SCR_AIDecoTestIsAgentInGroup	
SCR_AIDecoTestHasMagazines	class	Carved/data007/00012_7af30c9e.c	1	26	26		DecoratorTestScripted
TestFunction	method	Carved/data007/00012_7af30c9e.c	6	6	1	SCR_AIDecoTestHasMagazines	
SCR_AISendGoalMessage	class	Carved/data007/00013_75157c1f.c	2	23	22		SCR_AISendMessageGeneric
EOnTaskSimulate	method	Carved/data007/00013_75157c1f.c	13	13	1	SCR_AISendGoalMessage	
GetOnHoverDescription	method	Carved/data007/00013_75157c1f.c	19	19	1	SCR_AISendGoalMessage	
SCR_AISendOrder	class	Carved/data007/00014_77b10a0d.c	2	34	33		SCR_AISendMessageGeneric
EOnTaskSimulate	method	Carved/data007/00014_77b10a0d.c	13	13	1	SCR_AISendOrder	
GetVariablesIn	method	Carved/data007/00014_77b10a0d.c	25	25	1	SCR_AISendOrder	
GetOnHoverDescription	method	Carved/data007/00014_77b10a0d.c	30	30	1	SCR_AISendOrder	
SCR_AIUpdateExecutedAction	class	Carved/data007/00015_5d35bce3.c	2	26	25		AITaskScripted
VisibleInPalette	method	Carved/data007/00015_5d35bce3.c	6	6	1	SCR_AIUpdateExecutedAction	
EOnTaskSimulate	method	Carved/data007/00015_5d35bce3.c	8	8	1	SCR_AIUpdateExecutedAction	
OnEnter	method	Carved/data007/00015_5d35bce3.c	17	17	1	SCR_AIUpdateExecutedAction	
GetOnHoverDescription	method	Carved/data007/00015_5d35bce3.c	22	22	1	SCR_AIUpdateExecutedAction	
SCR_AIDecoTestIsEnteringOrLeavingVehicle	class	Carved/data007/00016_ba40de1b.c	1	13	13		DecoratorTestScripted
TestFunction	method	Carved/data007/00016_ba40de1b.c	3	3	1	SCR_AIDecoTestIsEnteringOrLeavingVehicle	
SCR_AIDecoTestCharacterWounded	class	Carved/data007/00017_500c64d0.c	4	13	10		DecoratorTestScripted
TestFunction	method	Carved/data007/00017_500c64d0.c	6	6	1	SCR_AIDecoTestCharacterWounded	
SCR_AIDecoTestIsMovingTowardsMe	class	Carved/data007/00017_500c64d0.c	16	47	32		DecoratorTestScripted
TestFunction	method	Carved/data007/00017_500c64d0.c	18	18	1	SCR_AIDecoTestIsMovingTowardsMe	
SCR_AIGetPositionAndRotation	class	Carved/data007/00018_67e26e50.c	1	37	37		AITaskScripted
VisibleInPalette	method	Carved/data007/00018_67e26e50.c	3	3	1	SCR_AIGetPositionAndRotation	
GetVariablesIn	method	Carved/data007/00018_67e26e50.c	8	8	1	SCR_AIGetPositionAndRotation	
GetVariablesOut	method	Carved/data007/00018_67e26e50.c	17	17	1	SCR_AIGetPositionAndRotation	
EOnTaskSimulate	method	Carved/data007/00018_67e26e50.c	22	22	1	SCR_AIGetPositionAndRotation	
SCR_AIDecoTestDriverAliveInsideVehicle	class	Carved/data007/00019_7689188b.c	1	19	19		DecoratorTestScripted
TestFunction	method	Carved/data007/00019_7689188b.c	3	3	1	SCR_AIDecoTestDriverAliveInsideVehicle	
SCR_AIDecoTestIsInTurret	class	Carved/data007/00019_7689188b.c	38	55	18		DecoratorTestScripted
TestFunction	method	Carved/data007/00019_7689188b.c	41	41	1	SCR_AIDecoTestIsInTurret	
SCR_AICompleteWaypoint	class	Carved/data007/00020_c006ce87.c	1	43	43		AITaskScripted
GetVariablesIn	method	Carved/data007/00020_c006ce87.c	6	6	1	SCR_AICompleteWaypoint	
EOnTaskSimulate	method	Carved/data007/00020_c006ce87.c	11	11	1	SCR_AICompleteWaypoint	
VisibleInPalette	method	Carved/data007/00020_c006ce87.c	33	33	1	SCR_AICompleteWaypoint	
GetOnHoverDescription	method	Carved/data007/00020_c006ce87.c	38	38	1	SCR_AICompleteWaypoint	
SCR_AIDecoIsWithinRadius	class	Carved/data007/00021_a1216953.c	1	37	37		DecoratorScripted
GetVariablesIn	method	Carved/data007/00021_a1216953.c	6	6	1	SCR_AIDecoIsWithinRadius	
TestFunction	method	Carved/data007/00021_a1216953.c	11	11	1	SCR_AIDecoIsWithinRadius	
VisibleInPalette	method	Carved/data007/00021_a1216953.c	28	28	1	SCR_AIDecoIsWithinRadius	
GetOnHoverDescription	method	Carved/data007/00021_a1216953.c	33	33	1	SCR_AIDecoIsWithinRadius	
SCR_AIDecoTestIsReloading	class	Carved/data007/00022_fd29a99c.c	1	20	20		DecoratorTestScripted
TestFunction	method	Carved/data007/00022_fd29a99c.c	5	5	1	SCR_AIDecoTestIsReloading	
SCR_CampaignBuildingRankBudgetToEvaluateData	class	Carved/data007/00023_00ef5b74.c	3	10	8		SCR_CampaignBuildingBudgetToEvaluateData
CanBeUsed	method	Carved/data007/00023_00ef5b74.c	6	6	1	SCR_CampaignBuildingRankBudgetToEvaluateData	
SCR_CacheLocationData	class	Carved/data007/00023_00ef5b74.c	12	19	8		
SCR_CacheTerrainConfig	class	Carved/data007/00024_2b4914f1.c	2	6	5		ScriptAndConfig
ComponentEditorProps	method	Carved/data007/00024_2b4914f1.c	6	6	1	SCR_CacheTerrainConfig	
SCR_CacheNoteComponentClass	class	Carved/data007/00024_2b4914f1.c	7	7	1		ScriptComponentClass
SCR_CacheNoteComponent	class	Carved/data007/00024_2b4914f1.c	9	40	32		ScriptComponent
OnPostInit	method	Carved/data007/00024_2b4914f1.c	15	15	1	SCR_CacheNoteComponent	
GetNoteLines	method	Carved/data007/00024_2b4914f1.c	36	36	1	SCR_CacheNoteComponent	
BaseContainerProps	method	Carved/data007/00024_2b4914f1.c	40	40	1	SCR_CacheNoteComponent	
SCR_CacheNoteUIInfo	class	Carved/data007/00024_2b4914f1.c	41	57	17		SCR_InventoryUIInfo
GetInventoryItemDescription	method	Carved/data007/00024_2b4914f1.c	44	44	1	SCR_CacheNoteUIInfo	
ERoleCallsign	enum	Carved/data007/00024_2b4914f1.c	61	67	7		
SCR_LeaderRoleCallsign	class	Carved/data007/00025_b6a6f5c9.c	2	31	30		SCR_BaseRoleCallsign
IsValidRole	method	Carved/data007/00025_b6a6f5c9.c	5	5	1	SCR_LeaderRoleCallsign	
GetRoleIndex	method	Carved/data007/00025_b6a6f5c9.c	27	27	1	SCR_LeaderRoleCallsign	
SCR_PlayerLeaderRoleCallsign	class	Carved/data007/00025_b6a6f5c9.c	33	59	27		SCR_BaseRoleCallsign
IsValidRole	method	Carved/data007/00025_b6a6f5c9.c	36	36	1	SCR_PlayerLeaderRoleCallsign	
GetRoleIndex	method	Carved/data007/00025_b6a6f5c9.c	55	55	1	SCR_PlayerLeaderRoleCallsign	
SCR_FactionGroupRoleSpecificCallsignInfo	class	Carved/data007/00026_f70d60a3.c	4	30	27		
GetGroupRole	method	Carved/data007/00026_f70d60a3.c	13	13	1	SCR_FactionGroupRoleSpecificCallsignInfo	
GetCallsignNames	method	Carved/data007/00026_f70d60a3.c	20	20	1	SCR_FactionGroupRoleSpecificCallsignInfo	
SCR_AccelerationManualCameraComponent	class	Carved/data007/00027_2e243644.c	5	34	30		SCR_BaseManualCameraComponent
EOnCameraFrame	method	Carved/data007/00027_2e243644.c	13	13	1	SCR_AccelerationManualCameraComponent	
EOnCameraInit	method	Carved/data007/00027_2e243644.c	30	30	1	SCR_AccelerationManualCameraComponent	
SCR_HideHUDManualCameraComponent	class	Carved/data007/00028_482b4edb.c	5	28	24		SCR_BaseManualCameraComponent
EOnCameraInit	method	Carved/data007/00028_482b4edb.c	11	11	1	SCR_HideHUDManualCameraComponent	
EOnCameraExit	method	Carved/data007/00028_482b4edb.c	21	21	1	SCR_HideHUDManualCameraComponent	
SCR_MouseMoveManualCameraComponent	class	Carved/data007/00029_a72e5fab.c	5	26	22		SCR_BaseManualCameraComponent
Add	method	Carved/data007/00029_a72e5fab.c	11	11	1	SCR_MouseMoveManualCameraComponent	
SCR_TerrainCollisionManualCameraComponent	class	Carved/data007/00030_da21293f.c	5	23	19		SCR_BaseManualCameraComponent
EOnCameraFrame	method	Carved/data007/00030_da21293f.c	11	11	1	SCR_TerrainCollisionManualCameraComponent	
EOnCameraInit	method	Carved/data007/00030_da21293f.c	19	19	1	SCR_TerrainCollisionManualCameraComponent	
SCR_UIManualCameraComponent	class	Carved/data007/00031_4b1d7411.c	5	25	21		SCR_BaseManualCameraComponent
EOnCameraInit	method	Carved/data007/00031_4b1d7411.c	13	13	1	SCR_UIManualCameraComponent	
EOnCameraExit	method	Carved/data007/00031_4b1d7411.c	20	20	1	SCR_UIManualCameraComponent	
EManualCameraFlag	enum	Carved/data007/00032_aaba4c4b.c	7	16	10		
SCR_BaseCameraComponentClass	class	Carved/data007/00032_aaba4c4b.c	17	19	3		ScriptComponentClass
SCR_BaseCameraComponent	class	Carved/data007/00032_aaba4c4b.c	22	37	16		ScriptComponent
SCR_BaseCameraComponent	method	Carved/data007/00032_aaba4c4b.c	29	29	1	SCR_BaseCameraComponent	
SCR_ManualCameraSave	class	Carved/data007/00033_c79031f3.c	2	12	11		
SCR_ManualCameraComponentSave	class	Carved/data007/00033_c79031f3.c	15	24	10		
SCR_BaseCameraShakeProgress	class	Carved/data007/00034_6a479290.c	4	40	37		
IsRunning	method	Carved/data007/00034_6a479290.c	9	9	1	SCR_BaseCameraShakeProgress	
IsFinished	method	Carved/data007/00034_6a479290.c	14	14	1	SCR_BaseCameraShakeProgress	
Start	method	Carved/data007/00034_6a479290.c	22	22	1	SCR_BaseCameraShakeProgress	
Update	method	Carved/data007/00034_6a479290.c	27	27	1	SCR_BaseCameraShakeProgress	
Apply	method	Carved/data007/00034_6a479290.c	34	34	1	SCR_BaseCameraShakeProgress	
Clear	method	Carved/data007/00034_6a479290.c	39	39	1	SCR_BaseCameraShakeProgress	
SCR_CampaignAIVehicleSpawnComponentClass	class	Carved/data007/00035_e2561791.c	15	17	3		ScriptComponentClass
SCR_CampaignAIVehicleSpawnComponent	class	Carved/data007/00035_e2561791.c	19	21	3		ScriptComponent
SCR_CampaignSpawnPointGroupClass	class	Carved/data007/00036_17f6e87e.c	2	4	3		SCR_SpawnPointClass
SCR_CampaignSpawnPointGroup	class	Carved/data007/00036_17f6e87e.c	7	22	16		SCR_SpawnPoint
GetSpawnPointName	method	Carved/data007/00036_17f6e87e.c	10	10	1	SCR_CampaignSpawnPointGroup	
SCR_EUnassignReason	enum	Carved/data007/00037_8b561fc1.c	12	18	7		
SCR_EPopUpState	enum	Carved/data007/00037_8b561fc1.c	21	27	7		
CharacterCamera1stPersonFloat extends CharacterCamera1stPersonReady	class	Carved/data007/00038_1b529a95.c	4	19	16		
CharacterCamera1stPersonFloat	method	Carved/data007/00038_1b529a95.c	7	7	1	CharacterCamera1stPersonFloat extends CharacterCamera1stPersonReady	
OnUpdate	method	Carved/data007/00038_1b529a95.c	13	13	1	CharacterCamera1stPersonFloat extends CharacterCamera1stPersonReady	
CharacterCamera1stPersonReady extends CharacterCamera1stPerson	class	Carved/data007/00038_1b529a95.c	22	31	10		
CharacterCamera1stPersonReady	method	Carved/data007/00038_1b529a95.c	25	25	1	CharacterCamera1stPersonReady extends CharacterCamera1stPerson	
CharacterCamera3rdPersonClimb extends CharacterCamera3rdPersonErc	class	Carved/data007/00039_ea3f65b0.c	4	23	20		
CharacterCamera3rdPersonClimb	method	Carved/data007/00039_ea3f65b0.c	6	6	1	CharacterCamera3rdPersonClimb extends CharacterCamera3rdPersonErc	
OnUpdate	method	Carved/data007/00039_ea3f65b0.c	14	14	1	CharacterCamera3rdPersonClimb extends CharacterCamera3rdPersonErc	
SCR_BushContainer	class	Carved/data007/00040_65476f8f.c	3	22	20		
GetTreeType	method	Carved/data007/00040_65476f8f.c	12	12	1	SCR_BushContainer	
GetSlowdownHeightModifier	method	Carved/data007/00040_65476f8f.c	18	18	1	SCR_BushContainer	
SCR_BushTypeSlowConfig	class	Carved/data007/00040_65476f8f.c	24	44	21		
GetHeightSlowEffectModifier	method	Carved/data007/00040_65476f8f.c	34	34	1	SCR_BushTypeSlowConfig	
SCR_CharacterStaminaComponentClass	class	Carved/data007/00041_83bcf890.c	2	4	3		CharacterStaminaComponentClass
SCR_CharacterStaminaComponent	class	Carved/data007/00041_83bcf890.c	6	8	3		CharacterStaminaComponent
StaminaEventParams	class	Carved/data007/00041_83bcf890.c	11	13	3		
MetabolismEventParams	class	Carved/data007/00041_83bcf890.c	16	26	11		StaminaEventParams
AttachRotationTrackModifier	class	Carved/data007/00042_de010e56.c	41	70	30		CinematicTrackModifier
OnInit	method	Carved/data007/00042_de010e56.c	50	50	1	AttachRotationTrackModifier	
OnApplyModifierVector	method	Carved/data007/00042_de010e56.c	55	55	1	AttachRotationTrackModifier	
EnableCinematicTrack	class	Carved/data007/00043_55a0cacc.c	2	50	49		CinematicTrackBase
OnInit	method	Carved/data007/00043_55a0cacc.c	11	11	1	EnableCinematicTrack	
findEntity	method	Carved/data007/00043_55a0cacc.c	18	18	1	EnableCinematicTrack	
OnApply	method	Carved/data007/00043_55a0cacc.c	27	27	1	EnableCinematicTrack	
PlayNextTimelineCinematicTrack	class	Carved/data007/00044_7325ef39.c	2	27	26		CinematicTrackBase
PlayNext	method	Carved/data007/00044_7325ef39.c	11	11	1	PlayNextTimelineCinematicTrack	
OnFinish	method	Carved/data007/00044_7325ef39.c	18	18	1	PlayNextTimelineCinematicTrack	
OnInit	method	Carved/data007/00044_7325ef39.c	23	23	1	PlayNextTimelineCinematicTrack	
PostprocessCinematicTrack	class	Carved/data007/00044_7325ef39.c	29	53	25		CinematicTrackBase
OnApply	method	Carved/data007/00044_7325ef39.c	41	41	1	PostprocessCinematicTrack	
OnInit	method	Carved/data007/00044_7325ef39.c	48	48	1	PostprocessCinematicTrack	
SCR_CinematicTrackBase	class	Carved/data007/00045_8fdadce2.c	2	35	34		CinematicTrackBase
OnInit	method	Carved/data007/00045_8fdadce2.c	6	6	1	SCR_CinematicTrackBase	
FindOwner	method	Carved/data007/00045_8fdadce2.c	12	12	1	SCR_CinematicTrackBase	
FindOwner	method	Carved/data007/00045_8fdadce2.c	26	26	1	SCR_CinematicTrackBase	
CinematicTrackAttribute	method	Carved/data007/00045_8fdadce2.c	35	35	1	SCR_CinematicTrackBase	
SCR_GlobalVariableTrack	class	Carved/data007/00045_8fdadce2.c	36	67	32		CinematicTrackBase
OnInit	method	Carved/data007/00045_8fdadce2.c	46	46	1	SCR_GlobalVariableTrack	
OnApply	method	Carved/data007/00045_8fdadce2.c	51	51	1	SCR_GlobalVariableTrack	
SCR_MusicCinematicTrack	class	Carved/data007/00045_8fdadce2.c	69	113	45		CinematicTrackBase
Play	method	Carved/data007/00045_8fdadce2.c	75	75	1	SCR_MusicCinematicTrack	
Stop	method	Carved/data007/00045_8fdadce2.c	95	95	1	SCR_MusicCinematicTrack	
SCR_SoundComponentCinematicTrack	class	Carved/data007/00046_cf448487.c	2	52	51		SCR_CinematicTrackBase
OnInit	method	Carved/data007/00046_cf448487.c	12	12	1	SCR_SoundComponentCinematicTrack	
PlayEvent	method	Carved/data007/00046_cf448487.c	20	20	1	SCR_SoundComponentCinematicTrack	
TimecodeCinematicTrack	class	Carved/data007/00047_279421a2.c	2	25	24		CinematicTrackBase
OnInit	method	Carved/data007/00047_279421a2.c	10	10	1	TimecodeCinematicTrack	
OnApply	method	Carved/data007/00047_279421a2.c	16	16	1	TimecodeCinematicTrack	
SCR_BaseWaypointCommandHandler	class	Carved/data007/00048_e276fff9.c	2	14	13		
OnWaypointCreated	method	Carved/data007/00048_e276fff9.c	7	7	1	SCR_BaseWaypointCommandHandler	
OnWaypointIssued	method	Carved/data007/00048_e276fff9.c	13	13	1	SCR_BaseWaypointCommandHandler	
SCR_InsectDef	class	Carved/data007/00049_5ed52081.c	2	15	14		
ESpawnMethod	enum	Carved/data007/00049_5ed52081.c	16	21	6		
SCR_InsectGroup	class	Carved/data007/00049_5ed52081.c	24	34	11		
SCR_AudioHandleLoop	class	Carved/data007/00050_19174aba.c	2	19	18		
SCR_AudioHandleLoop	method	Carved/data007/00050_19174aba.c	15	15	1	SCR_AudioHandleLoop	
EDayTimeCurve	enum	Carved/data007/00050_19174aba.c	22	31	10		
SCR_DayTimeCurveDef	class	Carved/data007/00050_19174aba.c	35	42	8		
SCR_DayTimeCurveDefConfig	class	Carved/data007/00050_19174aba.c	45	49	5		
SCR_RandomPositionalSoundsDef	class	Carved/data007/00051_51e63a66.c	2	9	8		
SCR_SequenceDef	class	Carved/data007/00051_51e63a66.c	11	24	14		
SCR_SoundType	class	Carved/data007/00052_fa829591.c	2	9	8		
SCR_SpawnDef	class	Carved/data007/00052_fa829591.c	11	33	23		
ETerrainType	enum	Carved/data007/00052_fa829591.c	34	45	12		
SCR_TerrainDef	class	Carved/data007/00052_fa829591.c	48	58	11		
SCR_TerrainDefConfig	class	Carved/data007/00052_fa829591.c	61	65	5		
EWindCurve	enum	Carved/data007/00052_fa829591.c	69	74	6		
SCR_WindCurveDef	class	Carved/data007/00052_fa829591.c	77	84	8		
SCR_WindCurveDefConfig	class	Carved/data007/00052_fa829591.c	87	91	5		
SCR_CapturePointAreaMeshComponentClass	class	Carved/data007/00053_4546c41c.c	2	4	3		SCR_BaseAreaMeshComponentClass
SCR_CapturePointAreaMeshComponent	class	Carved/data007/00053_4546c41c.c	6	33	28		SCR_BaseAreaMeshComponent
GetRadius	method	Carved/data007/00053_4546c41c.c	11	11	1	SCR_CapturePointAreaMeshComponent	
EOnInit	method	Carved/data007/00053_4546c41c.c	17	17	1	SCR_CapturePointAreaMeshComponent	
SCR_CustomAreaMeshComponentClass	class	Carved/data007/00053_4546c41c.c	35	37	3		SCR_BaseAreaMeshComponentClass
SCR_CustomAreaMeshComponent	class	Carved/data007/00053_4546c41c.c	39	55	17		SCR_BaseAreaMeshComponent
GetRadius	method	Carved/data007/00053_4546c41c.c	45	45	1	SCR_CustomAreaMeshComponent	
EOnInit	method	Carved/data007/00053_4546c41c.c	51	51	1	SCR_CustomAreaMeshComponent	
SCR_SpawnPointAreaMeshComponentClass	class	Carved/data007/00054_e27c3357.c	2	4	3		SCR_BaseAreaMeshComponentClass
SCR_SpawnPointAreaMeshComponent	class	Carved/data007/00054_e27c3357.c	6	26	21		SCR_BaseAreaMeshComponent
GetRadius	method	Carved/data007/00054_e27c3357.c	9	9	1	SCR_SpawnPointAreaMeshComponent	
EOnInit	method	Carved/data007/00054_e27c3357.c	16	16	1	SCR_SpawnPointAreaMeshComponent	
SCR_TriggerAreaMeshComponentClass	class	Carved/data007/00055_0072456e.c	2	4	3		SCR_BaseAreaMeshComponentClass
SCR_TriggerAreaMeshComponent	class	Carved/data007/00055_0072456e.c	6	26	21		SCR_BaseAreaMeshComponent
GetRadius	method	Carved/data007/00055_0072456e.c	9	9	1	SCR_TriggerAreaMeshComponent	
EOnInit	method	Carved/data007/00055_0072456e.c	16	16	1	SCR_TriggerAreaMeshComponent	
SCR_WaypointAreaMeshComponentClass	class	Carved/data007/00055_0072456e.c	28	30	3		SCR_BaseAreaMeshComponentClass
SCR_WaypointAreaMeshComponent	class	Carved/data007/00055_0072456e.c	32	52	21		SCR_BaseAreaMeshComponent
GetRadius	method	Carved/data007/00055_0072456e.c	35	35	1	SCR_WaypointAreaMeshComponent	
EOnInit	method	Carved/data007/00055_0072456e.c	42	42	1	SCR_WaypointAreaMeshComponent	
SCR_ArsenalItemStandalone	class	Carved/data007/00056_5c2ecef2.c	3	23	21		SCR_ArsenalItem
GetItemResourceName	method	Carved/data007/00056_5c2ecef2.c	9	9	1	SCR_ArsenalItemStandalone	
SCR_ArsenalItemStandalone	method	Carved/data007/00056_5c2ecef2.c	16	16	1	SCR_ArsenalItemStandalone	
SCR_EArsenalAttributeGroup	enum	Carved/data007/00057_6abda9fe.c	1	7	7		
SCR_EArsenalItemMode	enum	Carved/data007/00057_6abda9fe.c	8	18	11		
SCR_EArsenalItemType	enum	Carved/data007/00057_6abda9fe.c	20	44	25		
SCR_WBAfterWorldUpdateTestClass	class	Carved/data007/00058_feb6acca.c	2	4	3		ScriptComponentClass
SCR_WBAfterWorldUpdateTest	class	Carved/data007/00058_feb6acca.c	6	32	27		ScriptComponent
SCR_WBAfterWorldUpdateTest	method	Carved/data007/00058_feb6acca.c	13	13	1	SCR_WBAfterWorldUpdateTest	
_WB_GetAfterWorldUpdateSpecs	method	Carved/data007/00058_feb6acca.c	19	19	1	SCR_WBAfterWorldUpdateTest	
_WB_AfterWorldUpdate	method	Carved/data007/00058_feb6acca.c	24	24	1	SCR_WBAfterWorldUpdateTest	
SCR_BaseEffectsModulePositionData	class	Carved/data007/00058_feb6acca.c	37	53	17		
spawn	method	Carved/data007/00058_feb6acca.c	41	41	1	SCR_BaseEffectsModulePositionData	
GetNewPosition	method	Carved/data007/00058_feb6acca.c	45	45	1	SCR_BaseEffectsModulePositionData	
ResetPositions	method	Carved/data007/00058_feb6acca.c	52	52	1	SCR_BaseEffectsModulePositionData	
SCR_EffectsModulePositionData_OwnerPosition	class	Carved/data007/00058_feb6acca.c	57	64	8		SCR_BaseEffectsModulePositionData
GetNewPosition	method	Carved/data007/00058_feb6acca.c	60	60	1	SCR_EffectsModulePositionData_OwnerPosition	
SCR_TourniquetStorageSlot	class	Carved/data007/00059_cc8d0e2d.c	1	20	20		SCR_EquipmentStorageSlot
GetAssociatedHZGroup	method	Carved/data007/00059_cc8d0e2d.c	8	8	1	SCR_TourniquetStorageSlot	
GetItem	method	Carved/data007/00059_cc8d0e2d.c	16	16	1	SCR_TourniquetStorageSlot	
SCR_CampaignBuildingCloseHintCondition	class	Carved/data007/00060_dfecd1f6.c	2	10	9		SCR_BaseEditorHintCondition
OnExitConditionEditor	method	Carved/data007/00060_dfecd1f6.c	5	5	1	SCR_CampaignBuildingCloseHintCondition	
SCR_EditorOpenedHintCondition	class	Carved/data007/00061_f070e61c.c	2	17	16		SCR_BaseEditorHintCondition
OnInitConditionEditor	method	Carved/data007/00061_f070e61c.c	5	5	1	SCR_EditorOpenedHintCondition	
OnExitConditionEditor	method	Carved/data007/00061_f070e61c.c	12	12	1	SCR_EditorOpenedHintCondition	
SCR_InputHintCondition	class	Carved/data007/00062_0d8e2ed9.c	2	26	25		SCR_BaseHintCondition
OnInitCondition	method	Carved/data007/00062_0d8e2ed9.c	8	8	1	SCR_InputHintCondition	
OnExitCondition	method	Carved/data007/00062_0d8e2ed9.c	18	18	1	SCR_InputHintCondition	
SCR_GeneralHintStorage	class	Carved/data007/00063_e3854a21.c	2	18	17		
GetHintByType	method	Carved/data007/00063_e3854a21.c	8	8	1	SCR_GeneralHintStorage	
SCR_HintEntry	class	Carved/data007/00063_e3854a21.c	21	37	17		
GetHintType	method	Carved/data007/00063_e3854a21.c	27	27	1	SCR_HintEntry	
GetHintInfo	method	Carved/data007/00063_e3854a21.c	33	33	1	SCR_HintEntry	
SCR_HintConditionList	class	Carved/data007/00064_d5061919.c	2	36	35		
Init	method	Carved/data007/00064_d5061919.c	10	10	1	SCR_HintConditionList	
Exit	method	Carved/data007/00064_d5061919.c	25	25	1	SCR_HintConditionList	
SCR_HintSequenceList	class	Carved/data007/00065_d0238876.c	2	41	40		
FindHint	method	Carved/data007/00065_d0238876.c	11	11	1	SCR_HintSequenceList	
CountHints	method	Carved/data007/00065_d0238876.c	19	19	1	SCR_HintSequenceList	
GetHint	method	Carved/data007/00065_d0238876.c	27	27	1	SCR_HintSequenceList	
SCR_HintSequenceList	method	Carved/data007/00065_d0238876.c	34	34	1	SCR_HintSequenceList	
SCR_AmbientRadioChatterComponent	class	Carved/data007/00066_0a91b612.c	5	7	3		SCR_MilitaryBaseLogicComponent
SCR_AntiPersonnelMineCollisionHandlerComponentClass	class	Carved/data007/00066_0a91b612.c	8	10	3		SCR_SpecialCollisionHandlerComponentClass
SCR_AntiPersonnelMineCollisionHandlerComponent	class	Carved/data007/00066_0a91b612.c	12	28	17		SCR_SpecialCollisionHandlerComponent
OnContactStart	method	Carved/data007/00066_0a91b612.c	15	15	1	SCR_AntiPersonnelMineCollisionHandlerComponent	
SCR_CampaignSoundComponentClass	class	Carved/data007/00067_436a0335.c	2	4	3		SoundComponentClass
SCR_CampaignSoundComponent	class	Carved/data007/00067_436a0335.c	6	27	22		SoundComponent
OnInit	method	Carved/data007/00067_436a0335.c	9	9	1	SCR_CampaignSoundComponent	
SCR_CampaignSoundComponent	method	Carved/data007/00067_436a0335.c	23	23	1	SCR_CampaignSoundComponent	
SCR_CharacterControllerComponent_TestClass	class	Carved/data007/00068_88093818.c	2	4	3		SCR_CharacterControllerComponentClass
SCR_CharacterControllerComponent_Test	class	Carved/data007/00068_88093818.c	6	23	18		SCR_CharacterControllerComponent
OnPrepareControls	method	Carved/data007/00068_88093818.c	9	9	1	SCR_CharacterControllerComponent_Test	
SCR_CharacterControllerComponent_Test	method	Carved/data007/00068_88093818.c	20	20	1	SCR_CharacterControllerComponent_Test	
SCR_LifetimeComponentClass	class	Carved/data007/00069_e9ab2ea8.c	2	4	3		ScriptComponentClass
SCR_LifetimeComponent	class	Carved/data007/00069_e9ab2ea8.c	7	28	22		ScriptComponent
EOnFrame	method	Carved/data007/00069_e9ab2ea8.c	13	13	1	SCR_LifetimeComponent	
OnPostInit	method	Carved/data007/00069_e9ab2ea8.c	24	24	1	SCR_LifetimeComponent	
SCR_NoVehicleSurfaceValidation	class	Carved/data007/00070_4283c8a9.c	1	19	19		SCR_DeployableSurfaceValidation
IsSurfaceValid	method	Carved/data007/00070_4283c8a9.c	4	4	1	SCR_NoVehicleSurfaceValidation	
SCR_Nozzle	class	Carved/data007/00070_4283c8a9.c	20	45	26		
SetProvider	method	Carved/data007/00070_4283c8a9.c	26	26	1	SCR_Nozzle	
GetProvider	method	Carved/data007/00070_4283c8a9.c	33	33	1	SCR_Nozzle	
SCR_Nozzle	method	Carved/data007/00070_4283c8a9.c	41	41	1	SCR_Nozzle	
SCR_ResupplyMedicalGadgetSupportStationComponentClass	class	Carved/data007/00072_fd7b2431.c	2	4	3		SCR_ResupplySupportStationComponentClass
SCR_ResupplyMedicalGadgetSupportStationComponent	class	Carved/data007/00072_fd7b2431.c	6	13	8		SCR_ResupplySupportStationComponent
GetSupportStationType	method	Carved/data007/00072_fd7b2431.c	9	9	1	SCR_ResupplyMedicalGadgetSupportStationComponent	
SCR_VotingAdmin	class	Carved/data007/00073_6dfad14c.c	2	18	17		SCR_VotingReferendum
IsAvailable	method	Carved/data007/00073_6dfad14c.c	5	5	1	SCR_VotingAdmin	
OnVotingEnd	method	Carved/data007/00073_6dfad14c.c	13	13	1	SCR_VotingAdmin	
SCR_VotingAutoKick	class	Carved/data007/00073_6dfad14c.c	21	32	12		SCR_VotingKick
IsAvailable	method	Carved/data007/00073_6dfad14c.c	24	24	1	SCR_VotingAutoKick	
SCR_MuzzleInMagComponentClass	class	Carved/data007/00074_7cc92849.c	2	4	3		MuzzleInMagComponentClass
SCR_MuzzleInMagComponent	class	Carved/data007/00074_7cc92849.c	6	18	13		MuzzleInMagComponent
CanBeReloaded	method	Carved/data007/00074_7cc92849.c	14	14	1	SCR_MuzzleInMagComponent	
SCR_RocketEjectorMuzzleComponentClass	class	Carved/data007/00074_7cc92849.c	20	22	3		RocketEjectorMuzzleComponentClass
SCR_RocketEjectorMuzzleComponent	class	Carved/data007/00074_7cc92849.c	24	35	12		RocketEjectorMuzzleComponent
GetDefaultRocketPrefab	method	Carved/data007/00074_7cc92849.c	31	31	1	SCR_RocketEjectorMuzzleComponent	
SCR_HorizontalAlignComponentClass	class	Carved/data007/00075_77a812c3.c	2	4	3		ScriptComponentClass
SCR_HorizontalAlignComponent	class	Carved/data007/00075_77a812c3.c	6	20	15		ScriptComponent
_WB_SetTransform	method	Carved/data007/00075_77a812c3.c	11	11	1	SCR_HorizontalAlignComponent	
SCR_BaseHitZoneSelector	class	Carved/data007/00076_d8afbee3.c	1	20	20		ScriptAndConfig
SelectHitZone	method	Carved/data007/00076_d8afbee3.c	11	11	1	SCR_BaseHitZoneSelector	
ShouldAbortWhenNoCompatibleHitZonesWereFound	method	Carved/data007/00076_d8afbee3.c	16	16	1	SCR_BaseHitZoneSelector	
SCR_AnimatedFallDamageEffect	class	Carved/data007/00078_3fb70a71.c	1	10	10		SCR_FallDamageEffect
HandleConsequences	method	Carved/data007/00078_3fb70a71.c	4	4	1	SCR_AnimatedFallDamageEffect	
SCR_DrowningDamageEffect	class	Carved/data007/00079_dc38a0ff.c	1	10	10		SCR_InstantDamageEffect
HandleConsequences	method	Carved/data007/00079_dc38a0ff.c	4	4	1	SCR_DrowningDamageEffect	
SCR_FallDamageEffect	class	Carved/data007/00079_dc38a0ff.c	11	20	10		SCR_InstantDamageEffect
HandleConsequences	method	Carved/data007/00079_dc38a0ff.c	14	14	1	SCR_FallDamageEffect	
SCR_TourniquetDamageEffect	class	Carved/data007/00080_d726f347.c	1	19	19		SCR_PersistentDamageEffect
HandleConsequences	method	Carved/data007/00080_d726f347.c	4	4	1	SCR_TourniquetDamageEffect	
OnEffectAdded	method	Carved/data007/00080_d726f347.c	12	12	1	SCR_TourniquetDamageEffect	
SCR_BlastForceDamageEffect	class	Carved/data007/00081_7ff67c73.c	11	20	10		SCR_ExplosionDamageEffect
HandleConsequences	method	Carved/data007/00081_7ff67c73.c	14	14	1	SCR_BlastForceDamageEffect	
SCR_CollisionDamageEffect	class	Carved/data007/00081_7ff67c73.c	21	30	10		SCR_InstantDamageEffect
HandleConsequences	method	Carved/data007/00081_7ff67c73.c	24	24	1	SCR_CollisionDamageEffect	
SCR_ConcussionDamageEffect	class	Carved/data007/00081_7ff67c73.c	31	40	10		SCR_InstantDamageEffect
HandleConsequences	method	Carved/data007/00081_7ff67c73.c	34	34	1	SCR_ConcussionDamageEffect	
SCR_CriticalExplosionDamageEffect	class	Carved/data007/00081_7ff67c73.c	41	50	10		SCR_ExplosionDamageEffect
HandleConsequences	method	Carved/data007/00081_7ff67c73.c	44	44	1	SCR_CriticalExplosionDamageEffect	
SCR_ExplosionDamageEffect	class	Carved/data007/00081_7ff67c73.c	51	60	10		SCR_InstantDamageEffect
HandleConsequences	method	Carved/data007/00081_7ff67c73.c	54	54	1	SCR_ExplosionDamageEffect	
SCR_FragmentationDamageEffect	class	Carved/data007/00081_7ff67c73.c	61	70	10		SCR_InstantDamageEffect
HandleConsequences	method	Carved/data007/00081_7ff67c73.c	64	64	1	SCR_FragmentationDamageEffect	
SCR_GameMasterActionDamageEffect	class	Carved/data007/00081_7ff67c73.c	71	80	10		SCR_InstantDamageEffect
HandleConsequences	method	Carved/data007/00081_7ff67c73.c	74	74	1	SCR_GameMasterActionDamageEffect	
SCR_IncendiaryDamageEffect	class	Carved/data007/00081_7ff67c73.c	90	99	10		SCR_InstantDamageEffect
HandleConsequences	method	Carved/data007/00081_7ff67c73.c	93	93	1	SCR_IncendiaryDamageEffect	
SCR_MeleeDamageEffect	class	Carved/data007/00081_7ff67c73.c	100	109	10		SCR_InstantDamageEffect
HandleConsequences	method	Carved/data007/00081_7ff67c73.c	103	103	1	SCR_MeleeDamageEffect	
SCR_MuzzleBlastDamageEffect	class	Carved/data007/00081_7ff67c73.c	110	119	10		SCR_BaseBlastDamageEffect
HandleConsequences	method	Carved/data007/00081_7ff67c73.c	113	113	1	SCR_MuzzleBlastDamageEffect	
SCR_AnalyticsTimer	class	Carved/data007/00082_4a61b7cc.c	1	25	25		
Start	method	Carved/data007/00082_4a61b7cc.c	7	7	1	SCR_AnalyticsTimer	
GetTimeSpent	method	Carved/data007/00082_4a61b7cc.c	15	15	1	SCR_AnalyticsTimer	
SCR_DataCollectorStoreDataModule	class	Carved/data007/00083_2ff78072.c	2	18	17		SCR_DataCollectorModule
Update	method	Carved/data007/00083_2ff78072.c	6	6	1	SCR_DataCollectorStoreDataModule	
StorePlayer	method	Carved/data007/00083_2ff78072.c	12	12	1	SCR_DataCollectorStoreDataModule	
SCR_DataCollectorDiagComponentClass	class	Carved/data007/00084_71a21469.c	2	4	3		ScriptComponentClass
SCR_DataCollectorDiagComponent	class	Carved/data007/00084_71a21469.c	6	16	11		ScriptComponent
OnPostInit	method	Carved/data007/00084_71a21469.c	10	10	1	SCR_DataCollectorDiagComponent	
SCR_DeployInventoryItemRestrictedAction	class	Carved/data007/00085_bebc5547.c	1	20	20		SCR_DeployInventoryItemBaseAction
CanBePerformedScript	method	Carved/data007/00085_bebc5547.c	4	4	1	SCR_DeployInventoryItemRestrictedAction	
SCR_OpenDeployableSpawnPointStorageAction	class	Carved/data007/00086_edd3b0d8.c	1	22	22		SCR_OpenStorageAction
CanBeShownScript	method	Carved/data007/00086_edd3b0d8.c	7	7	1	SCR_OpenDeployableSpawnPointStorageAction	
Init	method	Carved/data007/00086_edd3b0d8.c	13	13	1	SCR_OpenDeployableSpawnPointStorageAction	
SCR_BuildingDestructionConfig	class	Carved/data007/00087_74da3097.c	2	30	29		
SCR_BuildingDestructionConfig	method	Carved/data007/00087_74da3097.c	10	10	1	SCR_BuildingDestructionConfig	
SCR_BuildingLinkRegion	class	Carved/data007/00087_74da3097.c	32	38	7		
SCR_BuildingRegionSetup	class	Carved/data007/00088_dc5232d9.c	2	14	13		
SCR_BuildingRegionSetupMulti	class	Carved/data007/00088_dc5232d9.c	16	20	5		SCR_BuildingRegionSetup
SCR_BuildingResourceList	class	Carved/data007/00088_dc5232d9.c	22	26	5		
SCR_RegionIntersectDebrisEntityClass	class	Carved/data007/00089_fde02112.c	2	4	3		GenericEntityClass
SCR_RegionIntersectDebrisEntity	class	Carved/data007/00089_fde02112.c	7	22	16		GenericEntity
GetOtherRegionNumber	method	Carved/data007/00089_fde02112.c	12	12	1	SCR_RegionIntersectDebrisEntity	
SetOtherIndex	method	Carved/data007/00089_fde02112.c	18	18	1	SCR_RegionIntersectDebrisEntity	
SCR_DamagePhaseData	class	Carved/data007/00090_80bf81e6.c	3	16	14		
SCR_DamageRemapData	class	Carved/data007/00090_80bf81e6.c	27	34	8		
SCR_DestructionHeatmapEntry	class	Carved/data007/00091_8e0532ce.c	1	17	17		DestructionHeatmapEntry
OnDiag	method	Carved/data007/00091_8e0532ce.c	4	4	1	SCR_DestructionHeatmapEntry	
SCR_DestructionHeatmapRegion	class	Carved/data007/00091_8e0532ce.c	19	48	30		DestructionHeatmapRegion
MergeHeatmapEntries	method	Carved/data007/00091_8e0532ce.c	21	21	1	SCR_DestructionHeatmapRegion	
SCR_DestructionManagerClass	class	Carved/data007/00091_8e0532ce.c	50	52	3		DestructionManagerClass
SCR_DestructionManager	class	Carved/data007/00091_8e0532ce.c	54	66	13		DestructionManager
GetDestructionManagerInstance	method	Carved/data007/00091_8e0532ce.c	60	60	1	SCR_DestructionManager	
SCR_DestructionManagerComponentClass	class	Carved/data007/00091_8e0532ce.c	68	70	3		ScriptComponentClass
SCR_DestructionManagerComponent	class	Carved/data007/00091_8e0532ce.c	72	96	25		ScriptComponent
OnPostInit	method	Carved/data007/00091_8e0532ce.c	76	76	1	SCR_DestructionManagerComponent	
EOnInit	method	Carved/data007/00091_8e0532ce.c	82	82	1	SCR_DestructionManagerComponent	
SCR_LargeDestructibleEntityClass	class	Carved/data007/00092_499cc074.c	2	4	3		GenericEntityClass
SCR_LargeDestructibleEntity	class	Carved/data007/00092_499cc074.c	7	10	4		GenericEntity
SCR_SmallDestructibleEntityClass	class	Carved/data007/00092_499cc074.c	12	14	3		GenericEntityClass
SCR_SmallDestructibleEntity	class	Carved/data007/00092_499cc074.c	17	20	4		GenericEntity
SCR_DestroyedTreesData	class	Carved/data007/00092_499cc074.c	21	39	19		Managed
SCR_DestroyedTreesData	method	Carved/data007/00092_499cc074.c	31	31	1	SCR_DestroyedTreesData	
SCR_EditableWorldEntityComponentClass	class	Carved/data007/00093_36d0875a.c	2	4	3		SCR_EditableDescriptorComponentClass
SCR_EditableWorldEntityComponent	class	Carved/data007/00093_36d0875a.c	9	25	17		SCR_EditableDescriptorComponent
SetOwnerScripted	method	Carved/data007/00093_36d0875a.c	15	15	1	SCR_EditableWorldEntityComponent	
GetOwnerScripted	method	Carved/data007/00093_36d0875a.c	21	21	1	SCR_EditableWorldEntityComponent	
SCR_EditableEntityVehicleCompartmentVisibilityChildComponentClass	class	Carved/data007/00094_a899eb03.c	2	4	3		SCR_EditableEntityVisibilityChildComponentClass
SCR_EditableEntityVehicleCompartmentVisibilityChildComponent	class	Carved/data007/00094_a899eb03.c	6	14	9		SCR_EditableEntityVisibilityChildComponent
OnAddedToParent	method	Carved/data007/00094_a899eb03.c	10	10	1	SCR_EditableEntityVehicleCompartmentVisibilityChildComponent	
SCR_CameraDataEditorComponentClass	class	Carved/data007/00095_f6496069.c	2	4	3		SCR_BaseEditorComponentClass
SCR_CameraDataEditorComponent	class	Carved/data007/00095_f6496069.c	8	31	24		SCR_BaseEditorComponent
SaveComponents	method	Carved/data007/00095_f6496069.c	12	12	1	SCR_CameraDataEditorComponent	
LoadComponents	method	Carved/data007/00095_f6496069.c	22	22	1	SCR_CameraDataEditorComponent	
IsSave	method	Carved/data007/00095_f6496069.c	27	27	1	SCR_CameraDataEditorComponent	
SCR_CampaignBuildingCameraEditorComponentClass	class	Carved/data007/00096_3795800e.c	2	4	3		SCR_CameraEditorComponentClass
SCR_CampaignBuildingCameraEditorComponent	class	Carved/data007/00096_3795800e.c	8	27	20		SCR_CameraEditorComponent
CreateCamera	method	Carved/data007/00096_3795800e.c	10	10	1	SCR_CampaignBuildingCameraEditorComponent	
SCR_BaseEditorServerComponentClass	class	Carved/data007/00097_65763bad.c	2	4	3		ScriptComponentClass
SCR_BaseEditorServerComponent	class	Carved/data007/00097_65763bad.c	5	15	11		ScriptComponent
GetInstance	method	Carved/data007/00097_65763bad.c	7	7	1	SCR_BaseEditorServerComponent	
SCR_SpawnPointBaseCommandAction	class	Carved/data007/00098_2bf2a6c6.c	2	16	15		SCR_BaseCommandAction
FilterEntities	method	Carved/data007/00098_2bf2a6c6.c	4	4	1	SCR_SpawnPointBaseCommandAction	
CanBeShown	method	Carved/data007/00098_2bf2a6c6.c	12	12	1	SCR_SpawnPointBaseCommandAction	
SCR_AttachToParentContextAction	class	Carved/data007/00099_f603085e.c	2	18	17		SCR_BaseContextAction
CanBeShown	method	Carved/data007/00099_f603085e.c	4	4	1	SCR_AttachToParentContextAction	
CanBePerformed	method	Carved/data007/00099_f603085e.c	9	9	1	SCR_AttachToParentContextAction	
Perform	method	Carved/data007/00099_f603085e.c	14	14	1	SCR_AttachToParentContextAction	
BaseContainerProps	method	Carved/data007/00099_f603085e.c	18	18	1	SCR_AttachToParentContextAction	
SCR_CopyAttributesContextAction	class	Carved/data007/00099_f603085e.c	19	35	17		SCR_BaseContextAction
CanBeShown	method	Carved/data007/00099_f603085e.c	21	21	1	SCR_CopyAttributesContextAction	
CanBePerformed	method	Carved/data007/00099_f603085e.c	26	26	1	SCR_CopyAttributesContextAction	
Perform	method	Carved/data007/00099_f603085e.c	31	31	1	SCR_CopyAttributesContextAction	
BaseContainerProps	method	Carved/data007/00099_f603085e.c	35	35	1	SCR_CopyAttributesContextAction	
SCR_CopyIngameTimestampContextAction	class	Carved/data007/00099_f603085e.c	36	52	17		SCR_BaseContextAction
CanBeShown	method	Carved/data007/00099_f603085e.c	38	38	1	SCR_CopyIngameTimestampContextAction	
CanBePerformed	method	Carved/data007/00099_f603085e.c	43	43	1	SCR_CopyIngameTimestampContextAction	
Perform	method	Carved/data007/00099_f603085e.c	48	48	1	SCR_CopyIngameTimestampContextAction	
BaseContainerProps	method	Carved/data007/00099_f603085e.c	52	52	1	SCR_CopyIngameTimestampContextAction	
SCR_CopyPrefabNameContextAction	class	Carved/data007/00099_f603085e.c	53	69	17		SCR_BaseContextAction
CanBeShown	method	Carved/data007/00099_f603085e.c	55	55	1	SCR_CopyPrefabNameContextAction	
CanBePerformed	method	Carved/data007/00099_f603085e.c	60	60	1	SCR_CopyPrefabNameContextAction	
Perform	method	Carved/data007/00099_f603085e.c	65	65	1	SCR_CopyPrefabNameContextAction	
BaseContainerProps	method	Carved/data007/00099_f603085e.c	69	69	1	SCR_CopyPrefabNameContextAction	
SCR_CopyServerTimestampContextAction	class	Carved/data007/00099_f603085e.c	70	86	17		SCR_BaseContextAction
CanBeShown	method	Carved/data007/00099_f603085e.c	72	72	1	SCR_CopyServerTimestampContextAction	
CanBePerformed	method	Carved/data007/00099_f603085e.c	77	77	1	SCR_CopyServerTimestampContextAction	
Perform	method	Carved/data007/00099_f603085e.c	82	82	1	SCR_CopyServerTimestampContextAction	
BaseContainerProps	method	Carved/data007/00099_f603085e.c	86	86	1	SCR_CopyServerTimestampContextAction	
SCR_CopyWorldPositionContextAction	class	Carved/data007/00099_f603085e.c	87	103	17		SCR_BaseContextAction
CanBeShown	method	Carved/data007/00099_f603085e.c	89	89	1	SCR_CopyWorldPositionContextAction	
CanBePerformed	method	Carved/data007/00099_f603085e.c	94	94	1	SCR_CopyWorldPositionContextAction	
Perform	method	Carved/data007/00099_f603085e.c	99	99	1	SCR_CopyWorldPositionContextAction	
BaseContainerProps	method	Carved/data007/00099_f603085e.c	103	103	1	SCR_CopyWorldPositionContextAction	
SCR_CreateLayerContextAction	class	Carved/data007/00099_f603085e.c	104	120	17		SCR_SelectedEntitiesContextAction
CanBeShown	method	Carved/data007/00099_f603085e.c	106	106	1	SCR_CreateLayerContextAction	
CanBePerformed	method	Carved/data007/00099_f603085e.c	111	111	1	SCR_CreateLayerContextAction	
Perform	method	Carved/data007/00099_f603085e.c	116	116	1	SCR_CreateLayerContextAction	
BaseContainerProps	method	Carved/data007/00099_f603085e.c	120	120	1	SCR_CreateLayerContextAction	
SCR_CycleContextAction	class	Carved/data007/00099_f603085e.c	121	137	17		SCR_BaseContextAction
CanBeShown	method	Carved/data007/00099_f603085e.c	123	123	1	SCR_CycleContextAction	
CanBePerformed	method	Carved/data007/00099_f603085e.c	128	128	1	SCR_CycleContextAction	
Perform	method	Carved/data007/00099_f603085e.c	133	133	1	SCR_CycleContextAction	
BaseContainerProps	method	Carved/data007/00099_f603085e.c	137	137	1	SCR_CycleContextAction	
SCR_DeleteContextAction	class	Carved/data007/00099_f603085e.c	138	154	17		SCR_BaseContextAction
CanBeShown	method	Carved/data007/00099_f603085e.c	140	140	1	SCR_DeleteContextAction	
CanBePerformed	method	Carved/data007/00099_f603085e.c	145	145	1	SCR_DeleteContextAction	
Perform	method	Carved/data007/00099_f603085e.c	150	150	1	SCR_DeleteContextAction	
BaseContainerProps	method	Carved/data007/00099_f603085e.c	154	154	1	SCR_DeleteContextAction	
SCR_DetachContextAction	class	Carved/data007/00099_f603085e.c	155	171	17		SCR_BaseContextAction
CanBeShown	method	Carved/data007/00099_f603085e.c	157	157	1	SCR_DetachContextAction	
CanBePerformed	method	Carved/data007/00099_f603085e.c	162	162	1	SCR_DetachContextAction	
Perform	method	Carved/data007/00099_f603085e.c	167	167	1	SCR_DetachContextAction	
BaseContainerProps	method	Carved/data007/00099_f603085e.c	171	171	1	SCR_DetachContextAction	
SCR_DisableSimulationContextAction	class	Carved/data007/00099_f603085e.c	172	188	17		SCR_BaseContextAction
CanBeShown	method	Carved/data007/00099_f603085e.c	174	174	1	SCR_DisableSimulationContextAction	
CanBePerformed	method	Carved/data007/00099_f603085e.c	179	179	1	SCR_DisableSimulationContextAction	
Perform	method	Carved/data007/00099_f603085e.c	184	184	1	SCR_DisableSimulationContextAction	
BaseContainerProps	method	Carved/data007/00099_f603085e.c	188	188	1	SCR_DisableSimulationContextAction	
SCR_EnableSimulationContextAction	class	Carved/data007/00099_f603085e.c	189	205	17		SCR_BaseContextAction
CanBeShown	method	Carved/data007/00099_f603085e.c	191	191	1	SCR_EnableSimulationContextAction	
CanBePerformed	method	Carved/data007/00099_f603085e.c	196	196	1	SCR_EnableSimulationContextAction	
Perform	method	Carved/data007/00099_f603085e.c	201	201	1	SCR_EnableSimulationContextAction	
BaseContainerProps	method	Carved/data007/00099_f603085e.c	205	205	1	SCR_EnableSimulationContextAction	
SCR_FillVehicleContextAction	class	Carved/data007/00099_f603085e.c	206	222	17		SCR_BaseContextAction
CanBeShown	method	Carved/data007/00099_f603085e.c	208	208	1	SCR_FillVehicleContextAction	
CanBePerformed	method	Carved/data007/00099_f603085e.c	213	213	1	SCR_FillVehicleContextAction	
Perform	method	Carved/data007/00099_f603085e.c	218	218	1	SCR_FillVehicleContextAction	
BaseContainerProps	method	Carved/data007/00099_f603085e.c	222	222	1	SCR_FillVehicleContextAction	
SCR_FindInWorkshopContextAction	class	Carved/data007/00099_f603085e.c	223	239	17		SCR_BaseContextAction
CanBeShown	method	Carved/data007/00099_f603085e.c	225	225	1	SCR_FindInWorkshopContextAction	
CanBePerformed	method	Carved/data007/00099_f603085e.c	230	230	1	SCR_FindInWorkshopContextAction	
Perform	method	Carved/data007/00099_f603085e.c	235	235	1	SCR_FindInWorkshopContextAction	
BaseContainerProps	method	Carved/data007/00099_f603085e.c	239	239	1	SCR_FindInWorkshopContextAction	
SCR_HideSelectionContextAction	class	Carved/data007/00099_f603085e.c	240	256	17		SCR_BaseContextAction
CanBeShown	method	Carved/data007/00099_f603085e.c	242	242	1	SCR_HideSelectionContextAction	
CanBePerformed	method	Carved/data007/00099_f603085e.c	247	247	1	SCR_HideSelectionContextAction	
Perform	method	Carved/data007/00099_f603085e.c	252	252	1	SCR_HideSelectionContextAction	
BaseContainerProps	method	Carved/data007/00099_f603085e.c	256	256	1	SCR_HideSelectionContextAction	
SCR_LockLayerContextAction	class	Carved/data007/00099_f603085e.c	257	273	17		SCR_BaseContextAction
CanBeShown	method	Carved/data007/00099_f603085e.c	259	259	1	SCR_LockLayerContextAction	
CanBePerformed	method	Carved/data007/00099_f603085e.c	264	264	1	SCR_LockLayerContextAction	
Perform	method	Carved/data007/00099_f603085e.c	269	269	1	SCR_LockLayerContextAction	
BaseContainerProps	method	Carved/data007/00099_f603085e.c	273	273	1	SCR_LockLayerContextAction	
SCR_MoveInFormationContextAction	class	Carved/data007/00099_f603085e.c	274	290	17		SCR_BaseContextAction
CanBeShown	method	Carved/data007/00099_f603085e.c	276	276	1	SCR_MoveInFormationContextAction	
CanBePerformed	method	Carved/data007/00099_f603085e.c	281	281	1	SCR_MoveInFormationContextAction	
Perform	method	Carved/data007/00099_f603085e.c	286	286	1	SCR_MoveInFormationContextAction	
BaseContainerProps	method	Carved/data007/00099_f603085e.c	290	290	1	SCR_MoveInFormationContextAction	
SCR_MoveToFlightAltitudeContextAction	class	Carved/data007/00099_f603085e.c	291	307	17		SCR_BaseContextAction
CanBeShown	method	Carved/data007/00099_f603085e.c	293	293	1	SCR_MoveToFlightAltitudeContextAction	
CanBePerformed	method	Carved/data007/00099_f603085e.c	298	298	1	SCR_MoveToFlightAltitudeContextAction	
Perform	method	Carved/data007/00099_f603085e.c	303	303	1	SCR_MoveToFlightAltitudeContextAction	
BaseContainerProps	method	Carved/data007/00099_f603085e.c	307	307	1	SCR_MoveToFlightAltitudeContextAction	
SCR_MoveToSeatPositionContextAction	class	Carved/data007/00099_f603085e.c	308	324	17		SCR_BaseContextAction
CanBeShown	method	Carved/data007/00099_f603085e.c	310	310	1	SCR_MoveToSeatPositionContextAction	
CanBePerformed	method	Carved/data007/00099_f603085e.c	315	315	1	SCR_MoveToSeatPositionContextAction	
Perform	method	Carved/data007/00099_f603085e.c	320	320	1	SCR_MoveToSeatPositionContextAction	
BaseContainerProps	method	Carved/data007/00099_f603085e.c	324	324	1	SCR_MoveToSeatPositionContextAction	
SCR_PasteAttributesContextAction	class	Carved/data007/00099_f603085e.c	325	341	17		SCR_BaseContextAction
CanBeShown	method	Carved/data007/00099_f603085e.c	327	327	1	SCR_PasteAttributesContextAction	
CanBePerformed	method	Carved/data007/00099_f603085e.c	332	332	1	SCR_PasteAttributesContextAction	
Perform	method	Carved/data007/00099_f603085e.c	337	337	1	SCR_PasteAttributesContextAction	
BaseContainerProps	method	Carved/data007/00099_f603085e.c	341	341	1	SCR_PasteAttributesContextAction	
SCR_PasteOnOriginalPositionContextAction	class	Carved/data007/00099_f603085e.c	342	358	17		SCR_BaseContextAction
CanBeShown	method	Carved/data007/00099_f603085e.c	344	344	1	SCR_PasteOnOriginalPositionContextAction	
CanBePerformed	method	Carved/data007/00099_f603085e.c	349	349	1	SCR_PasteOnOriginalPositionContextAction	
Perform	method	Carved/data007/00099_f603085e.c	354	354	1	SCR_PasteOnOriginalPositionContextAction	
BaseContainerProps	method	Carved/data007/00099_f603085e.c	358	358	1	SCR_PasteOnOriginalPositionContextAction	
SCR_PatrolContextAction	class	Carved/data007/00099_f603085e.c	359	375	17		SCR_BaseContextAction
CanBeShown	method	Carved/data007/00099_f603085e.c	361	361	1	SCR_PatrolContextAction	
CanBePerformed	method	Carved/data007/00099_f603085e.c	366	366	1	SCR_PatrolContextAction	
Perform	method	Carved/data007/00099_f603085e.c	371	371	1	SCR_PatrolContextAction	
BaseContainerProps	method	Carved/data007/00099_f603085e.c	375	375	1	SCR_PatrolContextAction	
SCR_RefuelContextAction	class	Carved/data007/00099_f603085e.c	376	392	17		SCR_BaseContextAction
CanBeShown	method	Carved/data007/00099_f603085e.c	378	378	1	SCR_RefuelContextAction	
CanBePerformed	method	Carved/data007/00099_f603085e.c	383	383	1	SCR_RefuelContextAction	
Perform	method	Carved/data007/00099_f603085e.c	388	388	1	SCR_RefuelContextAction	
BaseContainerProps	method	Carved/data007/00099_f603085e.c	392	392	1	SCR_RefuelContextAction	
SCR_ReplaceWithContextAction	class	Carved/data007/00099_f603085e.c	393	409	17		SCR_BaseContextAction
CanBeShown	method	Carved/data007/00099_f603085e.c	395	395	1	SCR_ReplaceWithContextAction	
CanBePerformed	method	Carved/data007/00099_f603085e.c	400	400	1	SCR_ReplaceWithContextAction	
Perform	method	Carved/data007/00099_f603085e.c	405	405	1	SCR_ReplaceWithContextAction	
BaseContainerProps	method	Carved/data007/00099_f603085e.c	409	409	1	SCR_ReplaceWithContextAction	
SCR_SelectCrewContextAction	class	Carved/data007/00099_f603085e.c	410	426	17		SCR_BaseContextAction
CanBeShown	method	Carved/data007/00099_f603085e.c	412	412	1	SCR_SelectCrewContextAction	
CanBePerformed	method	Carved/data007/00099_f603085e.c	417	417	1	SCR_SelectCrewContextAction	
Perform	method	Carved/data007/00099_f603085e.c	422	422	1	SCR_SelectCrewContextAction	
BaseContainerProps	method	Carved/data007/00099_f603085e.c	426	426	1	SCR_SelectCrewContextAction	
SCR_SelectOccupantContextAction	class	Carved/data007/00099_f603085e.c	427	443	17		SCR_BaseContextAction
CanBeShown	method	Carved/data007/00099_f603085e.c	429	429	1	SCR_SelectOccupantContextAction	
CanBePerformed	method	Carved/data007/00099_f603085e.c	434	434	1	SCR_SelectOccupantContextAction	
Perform	method	Carved/data007/00099_f603085e.c	439	439	1	SCR_SelectOccupantContextAction	
BaseContainerProps	method	Carved/data007/00099_f603085e.c	443	443	1	SCR_SelectOccupantContextAction	
SCR_SelectPassengersContextAction	class	Carved/data007/00099_f603085e.c	444	460	17		SCR_BaseContextAction
CanBeShown	method	Carved/data007/00099_f603085e.c	446	446	1	SCR_SelectPassengersContextAction	
CanBePerformed	method	Carved/data007/00099_f603085e.c	451	451	1	SCR_SelectPassengersContextAction	
Perform	method	Carved/data007/00099_f603085e.c	456	456	1	SCR_SelectPassengersContextAction	
BaseContainerProps	method	Carved/data007/00099_f603085e.c	460	460	1	SCR_SelectPassengersContextAction	
SCR_SetAsLeaderContextAction	class	Carved/data007/00099_f603085e.c	461	477	17		SCR_BaseContextAction
CanBeShown	method	Carved/data007/00099_f603085e.c	463	463	1	SCR_SetAsLeaderContextAction	
CanBePerformed	method	Carved/data007/00099_f603085e.c	468	468	1	SCR_SetAsLeaderContextAction	
Perform	method	Carved/data007/00099_f603085e.c	473	473	1	SCR_SetAsLeaderContextAction	
BaseContainerProps	method	Carved/data007/00099_f603085e.c	477	477	1	SCR_SetAsLeaderContextAction	
SCR_ShowSelectionContextAction	class	Carved/data007/00099_f603085e.c	478	494	17		SCR_BaseContextAction
CanBeShown	method	Carved/data007/00099_f603085e.c	480	480	1	SCR_ShowSelectionContextAction	
CanBePerformed	method	Carved/data007/00099_f603085e.c	485	485	1	SCR_ShowSelectionContextAction	
Perform	method	Carved/data007/00099_f603085e.c	490	490	1	SCR_ShowSelectionContextAction	
BaseContainerProps	method	Carved/data007/00099_f603085e.c	494	494	1	SCR_ShowSelectionContextAction	
SCR_SpawnPassengersContextAction	class	Carved/data007/00099_f603085e.c	495	511	17		SCR_BaseContextAction
CanBeShown	method	Carved/data007/00099_f603085e.c	497	497	1	SCR_SpawnPassengersContextAction	
CanBePerformed	method	Carved/data007/00099_f603085e.c	502	502	1	SCR_SpawnPassengersContextAction	
Perform	method	Carved/data007/00099_f603085e.c	507	507	1	SCR_SpawnPassengersContextAction	
BaseContainerProps	method	Carved/data007/00099_f603085e.c	511	511	1	SCR_SpawnPassengersContextAction	
SCR_SuppressContextAction	class	Carved/data007/00099_f603085e.c	512	528	17		SCR_BaseContextAction
CanBeShown	method	Carved/data007/00099_f603085e.c	514	514	1	SCR_SuppressContextAction	
CanBePerformed	method	Carved/data007/00099_f603085e.c	519	519	1	SCR_SuppressContextAction	
Perform	method	Carved/data007/00099_f603085e.c	524	524	1	SCR_SuppressContextAction	
BaseContainerProps	method	Carved/data007/00099_f603085e.c	528	528	1	SCR_SuppressContextAction	
SCR_TransportContextAction	class	Carved/data007/00099_f603085e.c	529	545	17		SCR_BaseContextAction
CanBeShown	method	Carved/data007/00099_f603085e.c	531	531	1	SCR_TransportContextAction	
CanBePerformed	method	Carved/data007/00099_f603085e.c	536	536	1	SCR_TransportContextAction	
Perform	method	Carved/data007/00099_f603085e.c	541	541	1	SCR_TransportContextAction	
BaseContainerProps	method	Carved/data007/00099_f603085e.c	545	545	1	SCR_TransportContextAction	
SCR_UnloadContextAction	class	Carved/data007/00099_f603085e.c	546	562	17		SCR_BaseContextAction
CanBeShown	method	Carved/data007/00099_f603085e.c	548	548	1	SCR_UnloadContextAction	
CanBePerformed	method	Carved/data007/00099_f603085e.c	553	553	1	SCR_UnloadContextAction	
Perform	method	Carved/data007/00099_f603085e.c	558	558	1	SCR_UnloadContextAction	
BaseContainerProps	method	Carved/data007/00099_f603085e.c	562	562	1	SCR_UnloadContextAction	
SCR_UnlockLayerContextAction	class	Carved/data007/00099_f603085e.c	563	579	17		SCR_BaseContextAction
CanBeShown	method	Carved/data007/00099_f603085e.c	565	565	1	SCR_UnlockLayerContextAction	
CanBePerformed	method	Carved/data007/00099_f603085e.c	570	570	1	SCR_UnlockLayerContextAction	
Perform	method	Carved/data007/00099_f603085e.c	575	575	1	SCR_UnlockLayerContextAction	
SCR_CutContextAction	class	Carved/data007/00100_342de915.c	2	18	17		SCR_SelectedEntitiesContextAction
CanBeShown	method	Carved/data007/00100_342de915.c	4	4	1	SCR_CutContextAction	
CanBePerformed	method	Carved/data007/00100_342de915.c	9	9	1	SCR_CutContextAction	
Perform	method	Carved/data007/00100_342de915.c	14	14	1	SCR_CutContextAction	
BaseContainerProps	method	Carved/data007/00100_342de915.c	18	18	1	SCR_CutContextAction	
SCR_DefendContextAction	class	Carved/data007/00100_342de915.c	19	35	17		SCR_SelectedEntitiesContextAction
CanBeShown	method	Carved/data007/00100_342de915.c	21	21	1	SCR_DefendContextAction	
CanBePerformed	method	Carved/data007/00100_342de915.c	26	26	1	SCR_DefendContextAction	
Perform	method	Carved/data007/00100_342de915.c	31	31	1	SCR_DefendContextAction	
SCR_GetInContextAction	class	Carved/data007/00101_eba7d572.c	2	18	17		SCR_BaseContextAction
CanBeShown	method	Carved/data007/00101_eba7d572.c	4	4	1	SCR_GetInContextAction	
CanBePerformed	method	Carved/data007/00101_eba7d572.c	9	9	1	SCR_GetInContextAction	
Perform	method	Carved/data007/00101_eba7d572.c	14	14	1	SCR_GetInContextAction	
BaseContainerProps	method	Carved/data007/00101_eba7d572.c	18	18	1	SCR_GetInContextAction	
SCR_GetOutContextAction	class	Carved/data007/00101_eba7d572.c	19	35	17		SCR_BaseContextAction
CanBeShown	method	Carved/data007/00101_eba7d572.c	21	21	1	SCR_GetOutContextAction	
CanBePerformed	method	Carved/data007/00101_eba7d572.c	26	26	1	SCR_GetOutContextAction	
Perform	method	Carved/data007/00101_eba7d572.c	31	31	1	SCR_GetOutContextAction	
SCR_OrientToSeaNormalContextAction	class	Carved/data007/00102_3d401f10.c	2	28	27		SCR_SelectedEntitiesContextAction
CanBeShown	method	Carved/data007/00102_3d401f10.c	4	4	1	SCR_OrientToSeaNormalContextAction	
CanBePerformed	method	Carved/data007/00102_3d401f10.c	9	9	1	SCR_OrientToSeaNormalContextAction	
Perform	method	Carved/data007/00102_3d401f10.c	14	14	1	SCR_OrientToSeaNormalContextAction	
BaseContainerProps	method	Carved/data007/00102_3d401f10.c	28	28	1	SCR_OrientToSeaNormalContextAction	
SCR_OrientToTerrainContextAction	class	Carved/data007/00102_3d401f10.c	29	54	26		SCR_SelectedEntitiesContextAction
CanBeShown	method	Carved/data007/00102_3d401f10.c	31	31	1	SCR_OrientToTerrainContextAction	
CanBePerformed	method	Carved/data007/00102_3d401f10.c	36	36	1	SCR_OrientToTerrainContextAction	
Perform	method	Carved/data007/00102_3d401f10.c	42	42	1	SCR_OrientToTerrainContextAction	
BaseContainerProps	method	Carved/data007/00102_3d401f10.c	54	54	1	SCR_OrientToTerrainContextAction	
SCR_PasteContextAction	class	Carved/data007/00102_3d401f10.c	55	71	17		SCR_BaseContextAction
CanBeShown	method	Carved/data007/00102_3d401f10.c	57	57	1	SCR_PasteContextAction	
CanBePerformed	method	Carved/data007/00102_3d401f10.c	62	62	1	SCR_PasteContextAction	
Perform	method	Carved/data007/00102_3d401f10.c	67	67	1	SCR_PasteContextAction	
SCR_SwitchCameraToContextAction	class	Carved/data007/00103_7004588d.c	2	18	17		SCR_BaseContextAction
CanBeShown	method	Carved/data007/00103_7004588d.c	4	4	1	SCR_SwitchCameraToContextAction	
CanBePerformed	method	Carved/data007/00103_7004588d.c	9	9	1	SCR_SwitchCameraToContextAction	
Perform	method	Carved/data007/00103_7004588d.c	14	14	1	SCR_SwitchCameraToContextAction	
BaseContainerProps	method	Carved/data007/00103_7004588d.c	18	18	1	SCR_SwitchCameraToContextAction	
SCR_SwitchToPlayerContextAction	class	Carved/data007/00103_7004588d.c	19	37	19		SCR_BaseEditorAction
CanBeShown	method	Carved/data007/00103_7004588d.c	21	21	1	SCR_SwitchToPlayerContextAction	
CanBePerformed	method	Carved/data007/00103_7004588d.c	25	25	1	SCR_SwitchToPlayerContextAction	
Perform	method	Carved/data007/00103_7004588d.c	29	29	1	SCR_SwitchToPlayerContextAction	
IsServer	method	Carved/data007/00103_7004588d.c	33	33	1	SCR_SwitchToPlayerContextAction	
SCR_BrowserToolbarAction	class	Carved/data007/00104_94e4362d.c	2	16	15		SCR_EditorToolbarAction
IsServer	method	Carved/data007/00104_94e4362d.c	4	4	1	SCR_BrowserToolbarAction	
CanBeShown	method	Carved/data007/00104_94e4362d.c	8	8	1	SCR_BrowserToolbarAction	
Perform	method	Carved/data007/00104_94e4362d.c	12	12	1	SCR_BrowserToolbarAction	
SCR_DeleteDestroyedToolbarAction	class	Carved/data007/00105_925f2095.c	2	27	26		SCR_EditorToolbarAction
IsServer	method	Carved/data007/00105_925f2095.c	4	4	1	SCR_DeleteDestroyedToolbarAction	
CanBeShown	method	Carved/data007/00105_925f2095.c	8	8	1	SCR_DeleteDestroyedToolbarAction	
CanBePerformed	method	Carved/data007/00105_925f2095.c	12	12	1	SCR_DeleteDestroyedToolbarAction	
Perform	method	Carved/data007/00105_925f2095.c	17	17	1	SCR_DeleteDestroyedToolbarAction	
SCR_EditorToolbarAction	class	Carved/data007/00105_925f2095.c	29	37	9		SCR_BaseEditorAction
OnInit	method	Carved/data007/00105_925f2095.c	31	31	1	SCR_EditorToolbarAction	
OnExit	method	Carved/data007/00105_925f2095.c	34	34	1	SCR_EditorToolbarAction	
SCR_InstantActionTest	class	Carved/data007/00106_bea2d8dc.c	3	19	17		SCR_EditorToolbarAction
CanBeShown	method	Carved/data007/00106_bea2d8dc.c	5	5	1	SCR_InstantActionTest	
CanBePerformed	method	Carved/data007/00106_bea2d8dc.c	10	10	1	SCR_InstantActionTest	
Perform	method	Carved/data007/00106_bea2d8dc.c	15	15	1	SCR_InstantActionTest	
SCR_OpenWorldToolbarAction	class	Carved/data007/00107_3234f55d.c	2	16	15		SCR_EditorToolbarAction
IsServer	method	Carved/data007/00107_3234f55d.c	4	4	1	SCR_OpenWorldToolbarAction	
CanBeShown	method	Carved/data007/00107_3234f55d.c	8	8	1	SCR_OpenWorldToolbarAction	
Perform	method	Carved/data007/00107_3234f55d.c	12	12	1	SCR_OpenWorldToolbarAction	
SCR_ToggleInterfaceToolbarAction	class	Carved/data007/00108_80f5c020.c	2	18	17		SCR_EditorToolbarAction
IsServer	method	Carved/data007/00108_80f5c020.c	4	4	1	SCR_ToggleInterfaceToolbarAction	
CanBeShown	method	Carved/data007/00108_80f5c020.c	8	8	1	SCR_ToggleInterfaceToolbarAction	
Perform	method	Carved/data007/00108_80f5c020.c	12	12	1	SCR_ToggleInterfaceToolbarAction	
SCR_BaseButtonAttributeDynamicDescription	class	Carved/data007/00109_30ad3516.c	5	19	15		SCR_BaseAttributeDynamicDescription
HasPriorityOverButton	method	Carved/data007/00109_30ad3516.c	15	15	1	SCR_BaseButtonAttributeDynamicDescription	
SCR_BasicDisabledAttributeDynamicDescription	class	Carved/data007/00109_30ad3516.c	22	29	8		SCR_BaseAttributeDynamicDescription
IsValid	method	Carved/data007/00109_30ad3516.c	25	25	1	SCR_BasicDisabledAttributeDynamicDescription	
SCR_AIGroupFactionEditorAttribute	class	Carved/data007/00110_daebfa62.c	6	30	25		SCR_BaseFactionEditableAttribute
ValidEntity	method	Carved/data007/00110_daebfa62.c	8	8	1	SCR_AIGroupFactionEditorAttribute	
GetFaction	method	Carved/data007/00110_daebfa62.c	17	17	1	SCR_AIGroupFactionEditorAttribute	
SetFaction	method	Carved/data007/00110_daebfa62.c	22	22	1	SCR_AIGroupFactionEditorAttribute	
SCR_FactionLoadoutEquipmentEditorAttribute	class	Carved/data007/00111_d3644735.c	2	5	4		SCR_FactionLoadoutBaseEditorAttribute
BaseContainerProps	method	Carved/data007/00111_d3644735.c	5	5	1	SCR_FactionLoadoutEquipmentEditorAttribute	
SCR_FactionLoadoutOutfitEditorAttribute	class	Carved/data007/00111_d3644735.c	6	9	4		SCR_FactionLoadoutBaseEditorAttribute
BaseContainerProps	method	Carved/data007/00111_d3644735.c	9	9	1	SCR_FactionLoadoutOutfitEditorAttribute	
SCR_FactionLoadoutWeaponsEditorAttribute	class	Carved/data007/00111_d3644735.c	10	13	4		SCR_FactionLoadoutBaseEditorAttribute
SCR_GlobalFuelConsumptionScaleEditorAttribute	class	Carved/data007/00112_88c6f4fc.c	5	27	23		SCR_BaseValueListEditorAttribute
ReadVariable	method	Carved/data007/00112_88c6f4fc.c	8	8	1	SCR_GlobalFuelConsumptionScaleEditorAttribute	
WriteVariable	method	Carved/data007/00112_88c6f4fc.c	17	17	1	SCR_GlobalFuelConsumptionScaleEditorAttribute	
SCR_HealthOtherEditorAttribute	class	Carved/data007/00113_497a92e6.c	3	9	7		SCR_HealthEditorAttribute
ReadVariable	method	Carved/data007/00113_497a92e6.c	5	5	1	SCR_HealthOtherEditorAttribute	
SCR_HealthVehicleEditorAttribute	class	Carved/data007/00113_497a92e6.c	12	18	7		SCR_HealthEditorAttribute
ReadVariable	method	Carved/data007/00113_497a92e6.c	14	14	1	SCR_HealthVehicleEditorAttribute	
SCR_LogoOverlayEditorAttribute	class	Carved/data007/00114_501f1406.c	2	15	14		SCR_MenuOverlayEditorAttribute
UpdateInterlinkedVariables	method	Carved/data007/00114_501f1406.c	5	5	1	SCR_LogoOverlayEditorAttribute	
BaseContainerProps	method	Carved/data007/00114_501f1406.c	15	15	1	SCR_LogoOverlayEditorAttribute	
SCR_LogoOverlayPositionEditorAttribute	class	Carved/data007/00114_501f1406.c	16	19	4		SCR_MenuOverlayEditorAttribute
SCR_PlayerBudgetAIEditorAttribute	class	Carved/data007/00115_c75e485e.c	5	11	7		SCR_BasePlayerBudgetEditorAttribute
GetBudgetType	method	Carved/data007/00115_c75e485e.c	7	7	1	SCR_PlayerBudgetAIEditorAttribute	
BaseContainerProps	method	Carved/data007/00115_c75e485e.c	11	11	1	SCR_PlayerBudgetAIEditorAttribute	
SCR_PlayerBudgetAIEnableEditorAttribute	class	Carved/data007/00115_c75e485e.c	12	28	17		SCR_BasePlayerBudgetEnableEditorAttribute
GetBudgetType	method	Carved/data007/00115_c75e485e.c	14	14	1	SCR_PlayerBudgetAIEnableEditorAttribute	
GetEnableNotification	method	Carved/data007/00115_c75e485e.c	19	19	1	SCR_PlayerBudgetAIEnableEditorAttribute	
GetDisableNotification	method	Carved/data007/00115_c75e485e.c	24	24	1	SCR_PlayerBudgetAIEnableEditorAttribute	
SCR_PlayerBudgetPropEditorAttribute	class	Carved/data007/00115_c75e485e.c	32	38	7		SCR_BasePlayerBudgetEditorAttribute
GetBudgetType	method	Carved/data007/00115_c75e485e.c	34	34	1	SCR_PlayerBudgetPropEditorAttribute	
BaseContainerProps	method	Carved/data007/00115_c75e485e.c	38	38	1	SCR_PlayerBudgetPropEditorAttribute	
SCR_PlayerBudgetPropEnableEditorAttribute	class	Carved/data007/00115_c75e485e.c	39	55	17		SCR_BasePlayerBudgetEnableEditorAttribute
GetBudgetType	method	Carved/data007/00115_c75e485e.c	41	41	1	SCR_PlayerBudgetPropEnableEditorAttribute	
GetEnableNotification	method	Carved/data007/00115_c75e485e.c	46	46	1	SCR_PlayerBudgetPropEnableEditorAttribute	
GetDisableNotification	method	Carved/data007/00115_c75e485e.c	51	51	1	SCR_PlayerBudgetPropEnableEditorAttribute	
SCR_PlayerBudgetSystemEditorAttribute	class	Carved/data007/00115_c75e485e.c	59	65	7		SCR_BasePlayerBudgetEditorAttribute
GetBudgetType	method	Carved/data007/00115_c75e485e.c	61	61	1	SCR_PlayerBudgetSystemEditorAttribute	
BaseContainerProps	method	Carved/data007/00115_c75e485e.c	65	65	1	SCR_PlayerBudgetSystemEditorAttribute	
SCR_PlayerBudgetSystemEnableEditorAttribute	class	Carved/data007/00115_c75e485e.c	66	82	17		SCR_BasePlayerBudgetEnableEditorAttribute
GetBudgetType	method	Carved/data007/00115_c75e485e.c	68	68	1	SCR_PlayerBudgetSystemEnableEditorAttribute	
GetEnableNotification	method	Carved/data007/00115_c75e485e.c	73	73	1	SCR_PlayerBudgetSystemEnableEditorAttribute	
GetDisableNotification	method	Carved/data007/00115_c75e485e.c	78	78	1	SCR_PlayerBudgetSystemEnableEditorAttribute	
SCR_PlayerBudgetVehicleEditorAttribute	class	Carved/data007/00115_c75e485e.c	86	92	7		SCR_BasePlayerBudgetEditorAttribute
GetBudgetType	method	Carved/data007/00115_c75e485e.c	88	88	1	SCR_PlayerBudgetVehicleEditorAttribute	
BaseContainerProps	method	Carved/data007/00115_c75e485e.c	92	92	1	SCR_PlayerBudgetVehicleEditorAttribute	
SCR_PlayerBudgetVehicleEnableEditorAttribute	class	Carved/data007/00115_c75e485e.c	93	109	17		SCR_BasePlayerBudgetEnableEditorAttribute
GetBudgetType	method	Carved/data007/00115_c75e485e.c	95	95	1	SCR_PlayerBudgetVehicleEnableEditorAttribute	
GetEnableNotification	method	Carved/data007/00115_c75e485e.c	100	100	1	SCR_PlayerBudgetVehicleEnableEditorAttribute	
GetDisableNotification	method	Carved/data007/00115_c75e485e.c	105	105	1	SCR_PlayerBudgetVehicleEnableEditorAttribute	
SCR_RespawnTicketsEditorAttribute	class	Carved/data007/00116_1b341146.c	2	22	21		SCR_BaseValueListEditorAttribute
ReadVariable	method	Carved/data007/00116_1b341146.c	4	4	1	SCR_RespawnTicketsEditorAttribute	
WriteVariable	method	Carved/data007/00116_1b341146.c	15	15	1	SCR_RespawnTicketsEditorAttribute	
SCR_SetEnableDamageVehicleEditorAttribute	class	Carved/data007/00117_9f1f4fcb.c	2	18	17		SCR_SetEnableDamageEditorAttribute
ReadVariable	method	Carved/data007/00117_9f1f4fcb.c	4	4	1	SCR_SetEnableDamageVehicleEditorAttribute	
UpdateInterlinkedVariables	method	Carved/data007/00117_9f1f4fcb.c	9	9	1	SCR_SetEnableDamageVehicleEditorAttribute	
BaseContainerProps	method	Carved/data007/00117_9f1f4fcb.c	18	18	1	SCR_SetEnableDamageVehicleEditorAttribute	
SCR_SetEnableDamageOtherEditorAttribute	class	Carved/data007/00117_9f1f4fcb.c	19	35	17		SCR_SetEnableDamageEditorAttribute
ReadVariable	method	Carved/data007/00117_9f1f4fcb.c	21	21	1	SCR_SetEnableDamageOtherEditorAttribute	
UpdateInterlinkedVariables	method	Carved/data007/00117_9f1f4fcb.c	26	26	1	SCR_SetEnableDamageOtherEditorAttribute	
SCR_SetSuppliesVehicleEditorAttribute	class	Carved/data007/00118_6e182ef4.c	2	9	8		SCR_SetSuppliesBaseEditorAttribute
CanDisplay	method	Carved/data007/00118_6e182ef4.c	4	4	1	SCR_SetSuppliesVehicleEditorAttribute	
SCR_SetTaskCompletionAutomaticEditorAttribute	class	Carved/data007/00118_6e182ef4.c	11	34	24		SCR_BaseEditorAttribute
ReadVariable	method	Carved/data007/00118_6e182ef4.c	13	13	1	SCR_SetTaskCompletionAutomaticEditorAttribute	
WriteVariable	method	Carved/data007/00118_6e182ef4.c	22	22	1	SCR_SetTaskCompletionAutomaticEditorAttribute	
SCR_SupportStationEnableFuelEditorAttribute	class	Carved/data007/00119_97228b21.c	2	8	7		SCR_BaseSupportStationEnableEditorAttribute
GetSupportStationType	method	Carved/data007/00119_97228b21.c	4	4	1	SCR_SupportStationEnableFuelEditorAttribute	
BaseContainerProps	method	Carved/data007/00119_97228b21.c	8	8	1	SCR_SupportStationEnableFuelEditorAttribute	
SCR_SupportStationEnableHealEditorAttribute	class	Carved/data007/00119_97228b21.c	9	15	7		SCR_BaseSupportStationEnableEditorAttribute
GetSupportStationType	method	Carved/data007/00119_97228b21.c	11	11	1	SCR_SupportStationEnableHealEditorAttribute	
BaseContainerProps	method	Carved/data007/00119_97228b21.c	15	15	1	SCR_SupportStationEnableHealEditorAttribute	
SCR_SupportStationEnableRepairEditorAttribute	class	Carved/data007/00119_97228b21.c	16	22	7		SCR_BaseSupportStationEnableEditorAttribute
GetSupportStationType	method	Carved/data007/00119_97228b21.c	18	18	1	SCR_SupportStationEnableRepairEditorAttribute	
BaseContainerProps	method	Carved/data007/00119_97228b21.c	22	22	1	SCR_SupportStationEnableRepairEditorAttribute	
SCR_SupportStationEnableResupplyEditorAttribute	class	Carved/data007/00119_97228b21.c	23	29	7		SCR_BaseSupportStationEnableEditorAttribute
GetSupportStationType	method	Carved/data007/00119_97228b21.c	25	25	1	SCR_SupportStationEnableResupplyEditorAttribute	
SCR_ValidTypeBaseEditorAttribute	class	Carved/data007/00120_d0fbecb4.c	3	22	20		SCR_BaseEditorAttribute
IsValidEntityType	method	Carved/data007/00120_d0fbecb4.c	11	11	1	SCR_ValidTypeBaseEditorAttribute	
SCR_ValidTypeBaseValueListEditorAttribute	class	Carved/data007/00120_d0fbecb4.c	25	44	20		SCR_BaseValueListEditorAttribute
IsValidEntityType	method	Carved/data007/00120_d0fbecb4.c	33	33	1	SCR_ValidTypeBaseValueListEditorAttribute	
SCR_BoolEditorAttributeVar	class	Carved/data007/00121_aa086d24.c	2	34	33		SCR_BaseEditorAttributeVar
GetValue	method	Carved/data007/00121_aa086d24.c	6	6	1	SCR_BoolEditorAttributeVar	
SetValue	method	Carved/data007/00121_aa086d24.c	10	10	1	SCR_BoolEditorAttributeVar	
PropCompareScripted	method	Carved/data007/00121_aa086d24.c	15	15	1	SCR_BoolEditorAttributeVar	
ExtractScripted	method	Carved/data007/00121_aa086d24.c	19	19	1	SCR_BoolEditorAttributeVar	
InjectScripted	method	Carved/data007/00121_aa086d24.c	24	24	1	SCR_BoolEditorAttributeVar	
SCR_BoolEditorAttributeVar	method	Carved/data007/00121_aa086d24.c	30	30	1	SCR_BoolEditorAttributeVar	
SCR_FloatEditorAttributeVar	class	Carved/data007/00121_aa086d24.c	36	68	33		SCR_BaseEditorAttributeVar
GetValue	method	Carved/data007/00121_aa086d24.c	40	40	1	SCR_FloatEditorAttributeVar	
SetValue	method	Carved/data007/00121_aa086d24.c	44	44	1	SCR_FloatEditorAttributeVar	
PropCompareScripted	method	Carved/data007/00121_aa086d24.c	49	49	1	SCR_FloatEditorAttributeVar	
ExtractScripted	method	Carved/data007/00121_aa086d24.c	53	53	1	SCR_FloatEditorAttributeVar	
InjectScripted	method	Carved/data007/00121_aa086d24.c	58	58	1	SCR_FloatEditorAttributeVar	
SCR_FloatEditorAttributeVar	method	Carved/data007/00121_aa086d24.c	64	64	1	SCR_FloatEditorAttributeVar	
SCR_IntEditorAttributeVar	class	Carved/data007/00121_aa086d24.c	70	102	33		SCR_BaseEditorAttributeVar
GetValue	method	Carved/data007/00121_aa086d24.c	74	74	1	SCR_IntEditorAttributeVar	
SetValue	method	Carved/data007/00121_aa086d24.c	78	78	1	SCR_IntEditorAttributeVar	
PropCompareScripted	method	Carved/data007/00121_aa086d24.c	83	83	1	SCR_IntEditorAttributeVar	
ExtractScripted	method	Carved/data007/00121_aa086d24.c	87	87	1	SCR_IntEditorAttributeVar	
InjectScripted	method	Carved/data007/00121_aa086d24.c	92	92	1	SCR_IntEditorAttributeVar	
SCR_IntEditorAttributeVar	method	Carved/data007/00121_aa086d24.c	98	98	1	SCR_IntEditorAttributeVar	
SCR_EditorPlaceCharacterAvailableActionCondition	class	Carved/data007/00121_aa086d24.c	104	111	8		SCR_AvailableActionCondition
IsAvailable	method	Carved/data007/00121_aa086d24.c	107	107	1	SCR_EditorPlaceCharacterAvailableActionCondition	
SCR_EditableEntityCache	class	Carved/data007/00122_37af83af.c	1	40	40		
GetPrefab	method	Carved/data007/00122_37af83af.c	6	6	1	SCR_EditableEntityCache	
SetPrefab	method	Carved/data007/00122_37af83af.c	11	11	1	SCR_EditableEntityCache	
GetExtendedEntities	method	Carved/data007/00122_37af83af.c	16	16	1	SCR_EditableEntityCache	
SetExtendedEntities	method	Carved/data007/00122_37af83af.c	29	29	1	SCR_EditableEntityCache	
SCR_EditableEntityCoreLabelSettingExtended	class	Carved/data007/00123_75937021.c	2	16	15		SCR_EditableEntityCoreLabelSetting
IsValid	method	Carved/data007/00123_75937021.c	8	8	1	SCR_EditableEntityCoreLabelSettingExtended	
SCR_CurrentLayerEditableEntityFilter	class	Carved/data007/00124_a9a2fb20.c	6	27	22		SCR_BaseEditableEntityFilter
OnCurrentLayerChange	method	Carved/data007/00124_a9a2fb20.c	10	10	1	SCR_CurrentLayerEditableEntityFilter	
CanAdd	method	Carved/data007/00124_a9a2fb20.c	14	14	1	SCR_CurrentLayerEditableEntityFilter	
EOnEditorActivate	method	Carved/data007/00124_a9a2fb20.c	18	18	1	SCR_CurrentLayerEditableEntityFilter	
EOnEditorDeactivate	method	Carved/data007/00124_a9a2fb20.c	23	23	1	SCR_CurrentLayerEditableEntityFilter	
SCR_EntityTypesEditableEntityFilter	class	Carved/data007/00125_16714ab4.c	6	15	10		SCR_BaseEditableEntityFilter
CanAdd	method	Carved/data007/00125_16714ab4.c	11	11	1	SCR_EntityTypesEditableEntityFilter	
BaseContainerProps	method	Carved/data007/00125_16714ab4.c	15	15	1	SCR_EntityTypesEditableEntityFilter	
SCR_FocusedEditableEntityFilter	class	Carved/data007/00125_16714ab4.c	20	22	3		SCR_BaseEditableEntityFilter
SCR_HasFactionEditableEntityFilter	class	Carved/data007/00126_0bdade68.c	7	13	7		SCR_BaseEditableEntityFilter
CanAdd	method	Carved/data007/00126_0bdade68.c	9	9	1	SCR_HasFactionEditableEntityFilter	
SCR_PlayerDelegateEditableEntityFilter	class	Carved/data007/00127_6cca9e58.c	6	27	22		SCR_BaseEditableEntityFilter
AddDelayed	method	Carved/data007/00127_6cca9e58.c	8	8	1	SCR_PlayerDelegateEditableEntityFilter	
CanAdd	method	Carved/data007/00127_6cca9e58.c	12	12	1	SCR_PlayerDelegateEditableEntityFilter	
SCR_SoundEditorEffect	class	Carved/data007/00128_7259f564.c	7	20	14		SCR_BaseEditorEffect
EOnActivate	method	Carved/data007/00128_7259f564.c	15	15	1	SCR_SoundEditorEffect	
SCR_EditableWaypointInteraction	class	Carved/data007/00129_3848d9f4.c	2	16	15		SCR_EditableEntityInteraction
CanSetParent	method	Carved/data007/00129_3848d9f4.c	4	4	1	SCR_EditableWaypointInteraction	
SCR_EditableGroupInteraction	class	Carved/data007/00130_c682a88f.c	2	13	12		SCR_EditableEntityInteraction
CanSetParent	method	Carved/data007/00130_c682a88f.c	4	4	1	SCR_EditableGroupInteraction	
BaseContainerProps	method	Carved/data007/00130_c682a88f.c	13	13	1	SCR_EditableGroupInteraction	
SCR_PlaceableEntitiesGameModeRegistry	class	Carved/data007/00130_c682a88f.c	14	36	23		SCR_PlaceableEntitiesRegistry
Init	method	Carved/data007/00130_c682a88f.c	17	17	1	SCR_PlaceableEntitiesGameModeRegistry	
SCR_PlaceableEntitiesGameModeRegistry	method	Carved/data007/00130_c682a88f.c	29	29	1	SCR_PlaceableEntitiesGameModeRegistry	
BaseContainerProps	method	Carved/data007/00130_c682a88f.c	36	36	1	SCR_PlaceableEntitiesGameModeRegistry	
SCR_PlaceableEntitiesMeta	class	Carved/data007/00130_c682a88f.c	43	52	10		
GetDisplayName	method	Carved/data007/00130_c682a88f.c	48	48	1	SCR_PlaceableEntitiesMeta	
SCR_EditorAttributeList	class	Carved/data007/00131_0e81daed.c	2	26	25		
GetAttribute	method	Carved/data007/00131_0e81daed.c	7	7	1	SCR_EditorAttributeList	
GetAttributesCount	method	Carved/data007/00131_0e81daed.c	11	11	1	SCR_EditorAttributeList	
FindAttribute	method	Carved/data007/00131_0e81daed.c	15	15	1	SCR_EditorAttributeList	
InsertAllAttributes	method	Carved/data007/00131_0e81daed.c	19	19	1	SCR_EditorAttributeList	
SCR_EditorContentBrowserSaveStateDataUIHQ	class	Carved/data007/00132_5458901f.c	3	13	11		SCR_EditorContentBrowserSaveStateDataUI
CanBeShown	method	Carved/data007/00132_5458901f.c	6	6	1	SCR_EditorContentBrowserSaveStateDataUIHQ	
SCR_BaseTextureResource	class	Carved/data007/00133_a18357c0.c	2	12	11		
ApplyTo	method	Carved/data007/00133_a18357c0.c	7	7	1	SCR_BaseTextureResource	
SCR_ImageSetResource	class	Carved/data007/00133_a18357c0.c	14	34	21		SCR_BaseTextureResource
ApplyTo	method	Carved/data007/00133_a18357c0.c	23	23	1	SCR_ImageSetResource	
SCR_TextureResource	class	Carved/data007/00133_a18357c0.c	36	52	17		SCR_BaseTextureResource
ApplyTo	method	Carved/data007/00133_a18357c0.c	42	42	1	SCR_TextureResource	
SCR_EntityTooltipConfig	class	Carved/data007/00133_a18357c0.c	54	72	19		
GetTooltipData	method	Carved/data007/00133_a18357c0.c	63	63	1	SCR_EntityTooltipConfig	
SCR_AIGroupUIInfo	class	Carved/data007/00133_a18357c0.c	73	106	34		SCR_UIInfo
SetGroupFlag	method	Carved/data007/00133_a18357c0.c	81	81	1	SCR_AIGroupUIInfo	
GetGroupFlag	method	Carved/data007/00133_a18357c0.c	88	88	1	SCR_AIGroupUIInfo	
SetFlagIsFromImageSet	method	Carved/data007/00133_a18357c0.c	95	95	1	SCR_AIGroupUIInfo	
GetFlagIsFromImageSet	method	Carved/data007/00133_a18357c0.c	102	102	1	SCR_AIGroupUIInfo	
SCR_BaseSupplyItemHintUIInfo	class	Carved/data007/00134_8772db19.c	2	24	23		SCR_InventoryItemHintUIInfo
CanBeShown	method	Carved/data007/00134_8772db19.c	7	7	1	SCR_BaseSupplyItemHintUIInfo	
GetResourceComponent	method	Carved/data007/00134_8772db19.c	17	17	1	SCR_BaseSupplyItemHintUIInfo	
SCR_BlockUnequipItemHintUIInfo	class	Carved/data007/00135_847a1708.c	2	17	16		SCR_InventoryItemHintUIInfo
CanBeShown	method	Carved/data007/00135_847a1708.c	5	5	1	SCR_BlockUnequipItemHintUIInfo	
SCR_ColoredTextNotificationUIInfo	class	Carved/data007/00135_847a1708.c	19	31	13		SCR_UINotificationInfo
GetNotificationTextColor	method	Carved/data007/00135_847a1708.c	27	27	1	SCR_ColoredTextNotificationUIInfo	
SCR_ColorUIInfo	class	Carved/data007/00135_847a1708.c	33	60	28		SCR_UIInfo
GetColor	method	Carved/data007/00135_847a1708.c	41	41	1	SCR_ColorUIInfo	
CopyFrom	method	Carved/data007/00135_847a1708.c	48	48	1	SCR_ColorUIInfo	
SCR_CombiningInventoryItemHintUIInfo	class	Carved/data007/00135_847a1708.c	62	69	8		SCR_InventoryItemHintUIInfo
GetItemHintName	method	Carved/data007/00135_847a1708.c	65	65	1	SCR_CombiningInventoryItemHintUIInfo	
SCR_EditableEntityUIInfoColored	class	Carved/data007/00136_f001cce1.c	2	13	12		SCR_EditableEntityUIInfo
GetOverwriteColor	method	Carved/data007/00136_f001cce1.c	9	9	1	SCR_EditableEntityUIInfoColored	
SCR_EditorModeUIInfo	class	Carved/data007/00137_00a6c980.c	2	21	20		SCR_UIInfo
GetModeColor	method	Carved/data007/00137_00a6c980.c	11	11	1	SCR_EditorModeUIInfo	
GetOrder	method	Carved/data007/00137_00a6c980.c	17	17	1	SCR_EditorModeUIInfo	
SCR_NonrefundableItemHintUIInfo	class	Carved/data007/00138_d0d2dad5.c	2	20	19		SCR_InventoryItemHintUIInfo
SetContainsNonrefundableItem	method	Carved/data007/00138_d0d2dad5.c	7	7	1	SCR_NonrefundableItemHintUIInfo	
GetItemHintName	method	Carved/data007/00138_d0d2dad5.c	13	13	1	SCR_NonrefundableItemHintUIInfo	
SCR_PlayerSupplyAllocationItemHintUIInfo	class	Carved/data007/00139_be657bad.c	2	26	25		SCR_InventoryItemHintUIInfo
SetMSARCost	method	Carved/data007/00139_be657bad.c	7	7	1	SCR_PlayerSupplyAllocationItemHintUIInfo	
CanBeShown	method	Carved/data007/00139_be657bad.c	13	13	1	SCR_PlayerSupplyAllocationItemHintUIInfo	
GetItemHintName	method	Carved/data007/00139_be657bad.c	22	22	1	SCR_PlayerSupplyAllocationItemHintUIInfo	
SCR_PlayerUIInfo	class	Carved/data007/00139_be657bad.c	28	53	26		SCR_UIInfo
SetPlayerID	method	Carved/data007/00139_be657bad.c	34	34	1	SCR_PlayerUIInfo	
GetPlayerID	method	Carved/data007/00139_be657bad.c	40	40	1	SCR_PlayerUIInfo	
GetName	method	Carved/data007/00139_be657bad.c	46	46	1	SCR_PlayerUIInfo	
SCR_SimpleMessageUIInfo	class	Carved/data007/00139_be657bad.c	55	77	23		SCR_UIInfo
GetImageColor	method	Carved/data007/00139_be657bad.c	66	66	1	SCR_SimpleMessageUIInfo	
GetDisplayLoading	method	Carved/data007/00139_be657bad.c	73	73	1	SCR_SimpleMessageUIInfo	
SCR_SupplyCostItemHintUIInfo	class	Carved/data007/00140_8a25c5dd.c	2	26	25		SCR_InventoryItemHintUIInfo
SetSupplyCost	method	Carved/data007/00140_8a25c5dd.c	7	7	1	SCR_SupplyCostItemHintUIInfo	
CanBeShown	method	Carved/data007/00140_8a25c5dd.c	13	13	1	SCR_SupplyCostItemHintUIInfo	
GetItemHintName	method	Carved/data007/00140_8a25c5dd.c	22	22	1	SCR_SupplyCostItemHintUIInfo	
SCR_SupplyMoveItemHintUIInfo	class	Carved/data007/00140_8a25c5dd.c	28	39	12		SCR_BaseSupplyItemHintUIInfo
CanBeShown	method	Carved/data007/00140_8a25c5dd.c	31	31	1	SCR_SupplyMoveItemHintUIInfo	
SCR_ValuableIntelItemHintUIInfo	class	Carved/data007/00141_294b0b8d.c	2	30	29		SCR_InventoryItemHintUIInfo
SetIntel	method	Carved/data007/00141_294b0b8d.c	7	7	1	SCR_ValuableIntelItemHintUIInfo	
CanBeShown	method	Carved/data007/00141_294b0b8d.c	23	23	1	SCR_ValuableIntelItemHintUIInfo	
SCR_EditorPingEntityClass	class	Carved/data007/00142_521a15ea.c	2	4	3		GenericEntityClass
SCR_EditorPingEntity	class	Carved/data007/00142_521a15ea.c	13	15	3		GenericEntity
EntityEditorProps	method	Carved/data007/00142_521a15ea.c	15	15	1	SCR_EditorPingEntity	
SCR_EditorServerEntityClass	class	Carved/data007/00142_521a15ea.c	16	18	3		GenericEntityClass
SCR_EditorServerEntity	class	Carved/data007/00142_521a15ea.c	19	21	3		GenericEntity
EEditableEntityBudget	enum	Carved/data007/00143_9696580d.c	1	25	25		
EEditableEntityFilterAutoAdd	enum	Carved/data007/00143_9696580d.c	26	31	6		
EEditableEntityHighlight	enum	Carved/data007/00144_226d89ef.c	2	7	6		
EEditableEntityInteraction	enum	Carved/data007/00144_226d89ef.c	11	17	7		
EEditableEntityInteractionFlag	enum	Carved/data007/00144_226d89ef.c	21	28	8		
EEditableEntityRegister	enum	Carved/data007/00145_48e2caf0.c	10	15	6		
EEditableEntitySaveFlag	enum	Carved/data007/00145_48e2caf0.c	23	28	6		
EEditableEntityType	enum	Carved/data007/00146_e285d1d6.c	5	18	14		
EEditorAttributeMultiSelect	enum	Carved/data007/00146_e285d1d6.c	20	24	5		
EEditorCanClose	enum	Carved/data007/00146_e285d1d6.c	28	31	4		
EEditorCanOpen	enum	Carved/data007/00146_e285d1d6.c	35	40	6		
EEditorCommandActionFlags	enum	Carved/data007/00146_e285d1d6.c	44	50	7		
EEditorCursor	enum	Carved/data007/00146_e285d1d6.c	58	74	17		
EEditorEvent	enum	Carved/data007/00146_e285d1d6.c	78	100	23		
EEditorEventOperation	enum	Carved/data007/00146_e285d1d6.c	104	117	14		
EEditorMenuOverlayLayer	enum	Carved/data007/00146_e285d1d6.c	121	129	9		
EEditorMenuOverlayRoot	enum	Carved/data007/00146_e285d1d6.c	133	138	6		
EEditorMode	enum	Carved/data007/00146_e285d1d6.c	142	151	10		
EEditorPlacingFlags	enum	Carved/data007/00146_e285d1d6.c	165	172	8		
EEditorRadialMenuType	enum	Carved/data007/00146_e285d1d6.c	177	181	5		
EEditorState	enum	Carved/data007/00146_e285d1d6.c	185	192	8		
EEditorTaskCompletionType	enum	Carved/data007/00146_e285d1d6.c	193	198	6		
EEditorTransformSnap	enum	Carved/data007/00146_e285d1d6.c	204	209	6		
EEditorTransformVertical	enum	Carved/data007/00146_e285d1d6.c	213	218	6		
SCR_EditorPersistentData	class	Carved/data007/00146_e285d1d6.c	221	225	5		ModuleGameSettings
SCR_DropdownWithParamAttributeUIComponent	class	Carved/data007/00147_335d25dd.c	2	23	22		SCR_DropdownEditorAttributeUIComponent
CreateDropdownEntries	method	Carved/data007/00147_335d25dd.c	7	7	1	SCR_DropdownWithParamAttributeUIComponent	
GetFullDropdownEntryText	method	Carved/data007/00147_335d25dd.c	19	19	1	SCR_DropdownWithParamAttributeUIComponent	
SCR_OverrideEditorAttributeUIComponent	class	Carved/data007/00148_a5b84b14.c	12	14	3		SCR_BaseEditorAttributeUIComponent
SCR_OverrideModesEditorAttributeUIComponent	class	Carved/data007/00148_a5b84b14.c	16	40	25		SCR_ButtonBoxMultiSelectAttributeUIComponent
ToggleEnableAttribute	method	Carved/data007/00148_a5b84b14.c	18	18	1	SCR_OverrideModesEditorAttributeUIComponent	
SCR_TimePresetsAttributeUIComponent	class	Carved/data007/00149_07084f97.c	1	30	30		SCR_ButtonBoxAttributeUIComponent
SetFromVar	method	Carved/data007/00149_07084f97.c	5	5	1	SCR_TimePresetsAttributeUIComponent	
DelayedReset	method	Carved/data007/00149_07084f97.c	16	16	1	SCR_TimePresetsAttributeUIComponent	
OnChangeInternal	method	Carved/data007/00149_07084f97.c	23	23	1	SCR_TimePresetsAttributeUIComponent	
SCR_VectorSliderEditorAttributeUIComponent	class	Carved/data007/00149_07084f97.c	32	53	22		SCR_SliderEditorAttributeUIComponent
SetSliderSettings	method	Carved/data007/00149_07084f97.c	35	35	1	SCR_VectorSliderEditorAttributeUIComponent	
SCR_AssetBrowserAccessEditorUIComponent	class	Carved/data007/00149_07084f97.c	55	57	3		MenuRootSubComponent
SCR_BudgetUIInfo	class	Carved/data007/00150_40c5eb3a.c	2	25	24		SCR_UIInfo
GetPriorityOrder	method	Carved/data007/00150_40c5eb3a.c	9	9	1	SCR_BudgetUIInfo	
CreateInfo	method	Carved/data007/00150_40c5eb3a.c	15	15	1	SCR_BudgetUIInfo	
SCR_SetModeColorSelectedButtonEditorUIComponent	class	Carved/data007/00151_15018246.c	1	23	23		SCR_SetModeColorEditorUIComponent
SetColor	method	Carved/data007/00151_15018246.c	6	6	1	SCR_SetModeColorSelectedButtonEditorUIComponent	
SCR_UnlimitedDisclaimerEditorUIComponent	class	Carved/data007/00152_0eb5acb6.c	1	16	16		ScriptedWidgetComponent
HandlerAttached	method	Carved/data007/00152_0eb5acb6.c	4	4	1	SCR_UnlimitedDisclaimerEditorUIComponent	
SCR_CustomEditableEntityUIComponent	class	Carved/data007/00153_9ca74068.c	1	16	16		SCR_BaseEditableEntityUIComponent
OnInit	method	Carved/data007/00153_9ca74068.c	7	7	1	SCR_CustomEditableEntityUIComponent	
SCR_DisabledEntitiesEditorUIEffect	class	Carved/data007/00154_5a48277f.c	2	9	8		SCR_BaseEntitiesEditorUIEffect
ApplyOn	method	Carved/data007/00154_5a48277f.c	5	5	1	SCR_DisabledEntitiesEditorUIEffect	
SCR_OpacityEntitiesEditorUIEffect	class	Carved/data007/00154_5a48277f.c	11	21	11		SCR_BaseEntitiesEditorUIEffect
ApplyOn	method	Carved/data007/00154_5a48277f.c	17	17	1	SCR_OpacityEntitiesEditorUIEffect	
SCR_BaseModeEditorUIComponent	class	Carved/data007/00155_ec6db063.c	4	11	8		MenuRootSubComponent
HandlerAttachedScripted	method	Carved/data007/00155_ec6db063.c	7	7	1	SCR_BaseModeEditorUIComponent	
SCR_CommandModeEditorUIComponent	class	Carved/data007/00155_ec6db063.c	12	14	3		SCR_BaseModeEditorUIComponent
SCR_EditModeEditorUIComponent	class	Carved/data007/00155_ec6db063.c	15	17	3		SCR_BaseModeEditorUIComponent
SCR_PhotoModeEditorUIComponent	class	Carved/data007/00155_ec6db063.c	18	20	3		SCR_BaseModeEditorUIComponent
SCR_ToolbarContextBrowserEditorUIComponent	class	Carved/data007/00156_8713f3d6.c	1	21	21		ScriptedWidgetComponent
OpenAssetBrowserButton	method	Carved/data007/00156_8713f3d6.c	7	7	1	SCR_ToolbarContextBrowserEditorUIComponent	
HandlerAttached	method	Carved/data007/00156_8713f3d6.c	15	15	1	SCR_ToolbarContextBrowserEditorUIComponent	
SCR_DamageDisabledTooltipDetail	class	Carved/data007/00157_abc90fee.c	2	27	26		SCR_EntityTooltipDetail
InitDetail	method	Carved/data007/00157_abc90fee.c	10	10	1	SCR_DamageDisabledTooltipDetail	
SCR_DescriptionTooltipDetail	class	Carved/data007/00158_b626bbeb.c	2	19	18		SCR_EntityTooltipDetail
UpdateDetail	method	Carved/data007/00158_b626bbeb.c	7	7	1	SCR_DescriptionTooltipDetail	
InitDetail	method	Carved/data007/00158_b626bbeb.c	13	13	1	SCR_DescriptionTooltipDetail	
SCR_FactionPlayersTooltipDetail	class	Carved/data007/00159_cdda675c.c	2	24	23		SCR_EntityTooltipDetail
UpdateDetail	method	Carved/data007/00159_cdda675c.c	8	8	1	SCR_FactionPlayersTooltipDetail	
InitDetail	method	Carved/data007/00159_cdda675c.c	15	15	1	SCR_FactionPlayersTooltipDetail	
SCR_MapGridTooltipDetail	class	Carved/data007/00160_f79c50c7.c	2	22	21		SCR_EntityTooltipDetail
UpdateDetail	method	Carved/data007/00160_f79c50c7.c	8	8	1	SCR_MapGridTooltipDetail	
InitDetail	method	Carved/data007/00160_f79c50c7.c	16	16	1	SCR_MapGridTooltipDetail	
SCR_GroupOwnerTooltipDetail	class	Carved/data007/00160_f79c50c7.c	24	44	21		SCR_EntityTooltipDetail
UpdateDetail	method	Carved/data007/00160_f79c50c7.c	29	29	1	SCR_GroupOwnerTooltipDetail	
InitDetail	method	Carved/data007/00160_f79c50c7.c	39	39	1	SCR_GroupOwnerTooltipDetail	
SCR_GunnersTooltipDetail	class	Carved/data007/00161_4ffea74f.c	2	4	3		SCR_MultiOccupantVehcileTooltipDetail
SCR_HealthTooltipDetail	class	Carved/data007/00161_4ffea74f.c	6	27	22		SCR_DpsConditionBarBaseTooltipDetail
UpdateDetail	method	Carved/data007/00161_4ffea74f.c	9	9	1	SCR_HealthTooltipDetail	
InitDetail	method	Carved/data007/00161_4ffea74f.c	17	17	1	SCR_HealthTooltipDetail	
SCR_WaypointIndexTooltipDetail	class	Carved/data007/00162_c315181d.c	2	23	22		SCR_EntityTooltipDetail
UpdateDetail	method	Carved/data007/00162_c315181d.c	7	7	1	SCR_WaypointIndexTooltipDetail	
InitDetail	method	Carved/data007/00162_c315181d.c	18	18	1	SCR_WaypointIndexTooltipDetail	
VehicleBodyEffectBaseClass	class	Carved/data007/00163_7c2ce565.c	1	3	3		ParticleEffectEntityClass
VehicleBodyEffectBase	class	Carved/data007/00163_7c2ce565.c	5	24	20		ParticleEffectEntity
VehicleBodyEffectBase	method	Carved/data007/00163_7c2ce565.c	9	9	1	VehicleBodyEffectBase	
UpdateVehicleDustEffect	method	Carved/data007/00163_7c2ce565.c	12	12	1	VehicleBodyEffectBase	
SCR_CampaignRadioMsgWhitelistConfig	class	Carved/data007/00164_0dc6682b.c	2	21	20		
CanSendRadioMessage	method	Carved/data007/00164_0dc6682b.c	14	14	1	SCR_CampaignRadioMsgWhitelistConfig	
SCR_CampaignRelayAlternativeSpotClass	class	Carved/data007/00164_0dc6682b.c	23	25	3		GenericEntityClass
SCR_CampaignRelayAlternativeSpot	class	Carved/data007/00164_0dc6682b.c	29	31	3		GenericEntity
SCR_JunctionPowerPoleClass	class	Carved/data007/00165_0b723bc2.c	21	23	3		SCR_PowerPoleClass
SCR_JunctionPowerPole	class	Carved/data007/00165_0b723bc2.c	25	29	5		SCR_PowerPole
SCR_PoleCableSlot	class	Carved/data007/00165_0b723bc2.c	31	37	7		
SCR_PowerPoleSlotBase	class	Carved/data007/00166_6f73190c.c	2	6	5		Managed
SCR_PowerPoleSlot	class	Carved/data007/00166_6f73190c.c	9	13	5		SCR_PowerPoleSlotBase
SCR_PowerPoleSlotSingle	class	Carved/data007/00166_6f73190c.c	16	18	3		SCR_PowerPoleSlotBase
EPreviewEntityFlag	enum	Carved/data007/00166_6f73190c.c	19	30	12		
SCR_BasePreviewConfig	class	Carved/data007/00166_6f73190c.c	38	58	21		
SaveContainer	method	Carved/data007/00166_6f73190c.c	50	50	1	SCR_BasePreviewConfig	
SCR_FactionPlayerTriggerEntityClass	class	Carved/data007/00167_68be73d4.c	2	4	3		SCR_BaseFactionTriggerEntityClass
SCR_FactionPlayerTriggerEntity	class	Carved/data007/00167_68be73d4.c	5	22	18		SCR_BaseFactionTriggerEntity
ScriptedEntityFilterForQuery	method	Carved/data007/00167_68be73d4.c	9	9	1	SCR_FactionPlayerTriggerEntity	
EOnInit	method	Carved/data007/00167_68be73d4.c	16	16	1	SCR_FactionPlayerTriggerEntity	
SCR_EntityCatalogSupportStationResupplyData	class	Carved/data007/00168_92cee36c.c	2	12	11		SCR_BaseEntityCatalogData
GetResupplyType	method	Carved/data007/00168_92cee36c.c	8	8	1	SCR_EntityCatalogSupportStationResupplyData	
SCR_ESupportStationResupplyType	enum	Carved/data007/00168_92cee36c.c	15	23	9		
EAICombatPropertiesComponentTraits	enum	Carved/data007/00169_c7a9d26c.c	2	5	4		
SCR_EBoxSide	enum	Carved/data007/00169_c7a9d26c.c	25	33	9		
SCR_ECanCallEndGame	enum	Carved/data007/00169_c7a9d26c.c	34	38	5		
SCR_EFireModeChange	enum	Carved/data007/00169_c7a9d26c.c	44	49	6		
SCR_EPlacementType	enum	Carved/data007/00169_c7a9d26c.c	50	54	5		
SCR_ESurfaceMonitoringBehaviour	enum	Carved/data007/00169_c7a9d26c.c	55	62	8		
SCR_FactionCommanderBaseLogicComponentClass	class	Carved/data007/00170_c4857dae.c	2	4	3		SCR_MilitaryBaseLogicComponentClass
SCR_FactionCommanderBaseLogicComponent	class	Carved/data007/00170_c4857dae.c	6	22	17		SCR_MilitaryBaseLogicComponent
IsControlledByFaction	method	Carved/data007/00170_c4857dae.c	9	9	1	SCR_FactionCommanderBaseLogicComponent	
SCR_FactionCommanderSignupComponentClass	class	Carved/data007/00171_2b3514b0.c	3	5	3		SCR_MilitaryBaseLogicComponentClass
SCR_FactionCommanderSignupComponent	class	Carved/data007/00171_2b3514b0.c	7	23	17		SCR_MilitaryBaseLogicComponent
IsControlledByFaction	method	Carved/data007/00171_2b3514b0.c	10	10	1	SCR_FactionCommanderSignupComponent	
SCR_FactionCommanderMainCommandMenuHandler	class	Carved/data007/00172_2362ca1b.c	2	9	8		SCR_FactionCommanderBaseMenuHandler
CanEntryBeShown	method	Carved/data007/00172_2362ca1b.c	5	5	1	SCR_FactionCommanderMainCommandMenuHandler	
SCR_FactionCommanderMainRequestMenuHandler	class	Carved/data007/00172_2362ca1b.c	11	29	19		SCR_FactionCommanderBaseMenuHandler
CanEntryBeShown	method	Carved/data007/00172_2362ca1b.c	14	14	1	SCR_FactionCommanderMainRequestMenuHandler	
SCR_FieldManualConfigEntry_Standard	class	Carved/data007/00173_6571a8d1.c	2	25	24		SCR_FieldManualConfigEntry
SCR_FieldManualConfigEntry_Standard	method	Carved/data007/00173_6571a8d1.c	14	14	1	SCR_FieldManualConfigEntry_Standard	
CreateWidget	method	Carved/data007/00173_6571a8d1.c	21	21	1	SCR_FieldManualConfigEntry_Standard	
SCR_FieldManualPiece_LineBreak	class	Carved/data007/00174_0a9b8e5e.c	2	29	28		SCR_FieldManualPiece
CreateWidget	method	Carved/data007/00174_0a9b8e5e.c	6	6	1	SCR_FieldManualPiece_LineBreak	
SCR_BasePrefabCategory	class	Carved/data007/00175_45bbbd5b.c	3	23	21		
GetRatio	method	Carved/data007/00175_45bbbd5b.c	10	10	1	SCR_BasePrefabCategory	
Spawn	method	Carved/data007/00175_45bbbd5b.c	19	19	1	SCR_BasePrefabCategory	
SCR_PrefabCategory	class	Carved/data007/00175_45bbbd5b.c	26	36	11		SCR_BasePrefabCategory
Spawn	method	Carved/data007/00175_45bbbd5b.c	32	32	1	SCR_PrefabCategory	
SCR_PrefabsCategory	class	Carved/data007/00175_45bbbd5b.c	39	52	14		SCR_BasePrefabCategory
Spawn	method	Carved/data007/00175_45bbbd5b.c	48	48	1	SCR_PrefabsCategory	
SCR_EditorRespawnBriefingComponentClass	class	Carved/data007/00176_2ed13a9a.c	2	4	3		SCR_RespawnBriefingComponentClass
SCR_EditorRespawnBriefingComponent	class	Carved/data007/00176_2ed13a9a.c	6	32	27		SCR_RespawnBriefingComponent
GetInfo	method	Carved/data007/00176_2ed13a9a.c	15	15	1	SCR_EditorRespawnBriefingComponent	
SCR_TimedSpawnPointComponentClass	class	Carved/data007/00177_092e4de5.c	2	4	3		SCR_RespawnTimerComponentClass
SCR_TimedSpawnPointComponent	class	Carved/data007/00177_092e4de5.c	6	12	7		SCR_RespawnTimerComponent
todo	method	Carved/data007/00177_092e4de5.c	8	8	1	SCR_TimedSpawnPointComponent	
SCR_AnyInvalidSpawnPointRequestResultInfo	class	Carved/data007/00178_d962b1b7.c	3	10	8		SCR_BaseSpawnPointRequestResultInfo
IsValidRequestResultInfo	method	Carved/data007/00178_d962b1b7.c	6	6	1	SCR_AnyInvalidSpawnPointRequestResultInfo	
SCR_BaseEnumSpawnPointRequestResultInfo	class	Carved/data007/00178_d962b1b7.c	12	22	11		SCR_BaseSpawnPointRequestResultInfo
IsValidRequestResultInfo	method	Carved/data007/00178_d962b1b7.c	18	18	1	SCR_BaseEnumSpawnPointRequestResultInfo	
SCR_ECharacterDisguiseType	enum	Carved/data007/00179_6f6b1117.c	1	10	10		
SCR_EGameModeState	enum	Carved/data007/00179_6f6b1117.c	13	33	21		
SCR_GameModeSectorControlClass	class	Carved/data007/00180_040b41cf.c	2	4	3		SCR_BaseGameModeClass
SCR_GameModeSectorControl	class	Carved/data007/00180_040b41cf.c	9	11	3		SCR_BaseGameMode
SCR_TutorialInventoryItemSearchPredicate	class	Carved/data007/00181_3ee40f17.c	1	10	10		InventorySearchPredicate
IsMatch	method	Carved/data007/00181_3ee40f17.c	6	6	1	SCR_TutorialInventoryItemSearchPredicate	
SCR_Tutorial_CombatEngineering_ENDClass	class	Carved/data007/00182_0de8b2c9.c	2	4	3		SCR_BaseTutorialStageClass
SCR_Tutorial_CombatEngineering_END	class	Carved/data007/00182_0de8b2c9.c	7	23	17		SCR_BaseTutorialStage
Setup	method	Carved/data007/00182_0de8b2c9.c	10	10	1	SCR_Tutorial_CombatEngineering_END	
GetIsFinished	method	Carved/data007/00182_0de8b2c9.c	19	19	1	SCR_Tutorial_CombatEngineering_END	
EntityEditorProps	method	Carved/data007/00182_0de8b2c9.c	23	23	1	SCR_Tutorial_CombatEngineering_END	
SCR_Tutorial_CombatEngineering_EnterBuilding_1Class	class	Carved/data007/00182_0de8b2c9.c	24	26	3		SCR_BaseTutorialStageClass
SCR_Tutorial_CombatEngineering_EnterBuilding_1	class	Carved/data007/00182_0de8b2c9.c	28	45	18		SCR_BaseTutorialStage
Setup	method	Carved/data007/00182_0de8b2c9.c	31	31	1	SCR_Tutorial_CombatEngineering_EnterBuilding_1	
GetIsFinished	method	Carved/data007/00182_0de8b2c9.c	41	41	1	SCR_Tutorial_CombatEngineering_EnterBuilding_1	
SCR_Tutorial_CombatEngineering_ExitBuilding_2Class	class	Carved/data007/00183_3a0a1d5f.c	2	4	3		SCR_BaseTutorialStageClass
SCR_Tutorial_CombatEngineering_ExitBuilding_2	class	Carved/data007/00183_3a0a1d5f.c	6	27	22		SCR_BaseTutorialStage
Setup	method	Carved/data007/00183_3a0a1d5f.c	11	11	1	SCR_Tutorial_CombatEngineering_ExitBuilding_2	
GetIsFinished	method	Carved/data007/00183_3a0a1d5f.c	17	17	1	SCR_Tutorial_CombatEngineering_ExitBuilding_2	
SCR_Tutorial_CombatEngineering_SpawnEntity_1Class	class	Carved/data007/00184_30cd61da.c	2	4	3		SCR_BaseTutorialStageClass
SCR_Tutorial_CombatEngineering_SpawnEntity_1	class	Carved/data007/00184_30cd61da.c	6	22	17		SCR_BaseTutorialStage
Setup	method	Carved/data007/00184_30cd61da.c	12	12	1	SCR_Tutorial_CombatEngineering_SpawnEntity_1	
GetIsFinished	method	Carved/data007/00184_30cd61da.c	18	18	1	SCR_Tutorial_CombatEngineering_SpawnEntity_1	
EntityEditorProps	method	Carved/data007/00184_30cd61da.c	22	22	1	SCR_Tutorial_CombatEngineering_SpawnEntity_1	
SCR_Tutorial_CombatEngineering_SpawnEntity_2Class	class	Carved/data007/00184_30cd61da.c	23	25	3		SCR_BaseTutorialStageClass
SCR_Tutorial_CombatEngineering_SpawnEntity_2	class	Carved/data007/00184_30cd61da.c	27	48	22		SCR_BaseTutorialStage
Setup	method	Carved/data007/00184_30cd61da.c	33	33	1	SCR_Tutorial_CombatEngineering_SpawnEntity_2	
GetIsFinished	method	Carved/data007/00184_30cd61da.c	44	44	1	SCR_Tutorial_CombatEngineering_SpawnEntity_2	
EntityEditorProps	method	Carved/data007/00184_30cd61da.c	48	48	1	SCR_Tutorial_CombatEngineering_SpawnEntity_2	
SCR_Tutorial_CombatEngineering_STARTClass	class	Carved/data007/00184_30cd61da.c	49	51	3		SCR_BaseTutorialStageClass
SCR_Tutorial_CombatEngineering_START	class	Carved/data007/00184_30cd61da.c	54	69	16		SCR_BaseTutorialStage
Setup	method	Carved/data007/00184_30cd61da.c	57	57	1	SCR_Tutorial_CombatEngineering_START	
GetIsFinished	method	Carved/data007/00184_30cd61da.c	65	65	1	SCR_Tutorial_CombatEngineering_START	
SCR_Tutorial_SquadLeadership_OpenRequestingClass	class	Carved/data007/00185_4a9e8db2.c	2	4	3		SCR_BaseTutorialStageClass
SCR_Tutorial_SquadLeadership_OpenRequesting	class	Carved/data007/00185_4a9e8db2.c	6	19	14		SCR_BaseTutorialStage
Setup	method	Carved/data007/00185_4a9e8db2.c	9	9	1	SCR_Tutorial_SquadLeadership_OpenRequesting	
GetIsFinished	method	Carved/data007/00185_4a9e8db2.c	15	15	1	SCR_Tutorial_SquadLeadership_OpenRequesting	
SCR_Tutorial_SquadLeadership_RequestGroupClass	class	Carved/data007/00186_6c432d03.c	2	4	3		SCR_BaseTutorialStageClass
SCR_Tutorial_SquadLeadership_RequestGroup	class	Carved/data007/00186_6c432d03.c	6	15	10		SCR_BaseTutorialStage
GetIsFinished	method	Carved/data007/00186_6c432d03.c	11	11	1	SCR_Tutorial_SquadLeadership_RequestGroup	
SCR_Tutorial_SquadLeadership_STARTClass	class	Carved/data007/00187_36bd5ecc.c	2	4	3		SCR_BaseTutorialStageClass
SCR_Tutorial_SquadLeadership_START	class	Carved/data007/00187_36bd5ecc.c	7	22	16		SCR_BaseTutorialStage
Setup	method	Carved/data007/00187_36bd5ecc.c	10	10	1	SCR_Tutorial_SquadLeadership_START	
GetIsFinished	method	Carved/data007/00187_36bd5ecc.c	18	18	1	SCR_Tutorial_SquadLeadership_START	
SCR_Tutorial_Seizing_DisassembleBunkerClass	class	Carved/data007/00188_852d45d8.c	2	4	3		SCR_BaseTutorialStageClass
SCR_Tutorial_Seizing_DisassembleBunker	class	Carved/data007/00188_852d45d8.c	7	23	17		SCR_BaseTutorialStage
Setup	method	Carved/data007/00188_852d45d8.c	11	11	1	SCR_Tutorial_Seizing_DisassembleBunker	
GetIsFinished	method	Carved/data007/00188_852d45d8.c	19	19	1	SCR_Tutorial_Seizing_DisassembleBunker	
SCR_Tutorial_Seizing_ENDClass	class	Carved/data007/00189_a97ca4fc.c	2	4	3		SCR_BaseTutorialStageClass
SCR_Tutorial_Seizing_END	class	Carved/data007/00189_a97ca4fc.c	7	23	17		SCR_BaseTutorialStage
Setup	method	Carved/data007/00189_a97ca4fc.c	10	10	1	SCR_Tutorial_Seizing_END	
GetIsFinished	method	Carved/data007/00189_a97ca4fc.c	19	19	1	SCR_Tutorial_Seizing_END	
EntityEditorProps	method	Carved/data007/00189_a97ca4fc.c	23	23	1	SCR_Tutorial_Seizing_END	
SCR_Tutorial_Seizing_Enter_BuildingClass	class	Carved/data007/00189_a97ca4fc.c	24	26	3		SCR_BaseTutorialStageClass
SCR_Tutorial_Seizing_Enter_Building	class	Carved/data007/00189_a97ca4fc.c	28	53	26		SCR_BaseTutorialStage
Setup	method	Carved/data007/00189_a97ca4fc.c	31	31	1	SCR_Tutorial_Seizing_Enter_Building	
GetIsFinished	method	Carved/data007/00189_a97ca4fc.c	49	49	1	SCR_Tutorial_Seizing_Enter_Building	
SCR_Tutorial_Seizing_Place_AntennaClass	class	Carved/data007/00190_ea6148f8.c	2	4	3		SCR_BaseTutorialStageClass
SCR_Tutorial_Seizing_Place_Antenna	class	Carved/data007/00190_ea6148f8.c	6	15	10		SCR_BaseTutorialStage
GetIsFinished	method	Carved/data007/00190_ea6148f8.c	11	11	1	SCR_Tutorial_Seizing_Place_Antenna	
EntityEditorProps	method	Carved/data007/00190_ea6148f8.c	15	15	1	SCR_Tutorial_Seizing_Place_Antenna	
SCR_Tutorial_Seizing_RECEIVE_TRANSMITTIONClass	class	Carved/data007/00190_ea6148f8.c	16	18	3		SCR_BaseTutorialStageClass
SCR_Tutorial_Seizing_RECEIVE_TRANSMITTION	class	Carved/data007/00190_ea6148f8.c	21	37	17		SCR_BaseTutorialStage
Setup	method	Carved/data007/00190_ea6148f8.c	24	24	1	SCR_Tutorial_Seizing_RECEIVE_TRANSMITTION	
GetIsFinished	method	Carved/data007/00190_ea6148f8.c	33	33	1	SCR_Tutorial_Seizing_RECEIVE_TRANSMITTION	
SCR_Tutorial_Seizing_WEAPONClass	class	Carved/data007/00191_895d8863.c	2	4	3		SCR_BaseTutorialStageClass
SCR_Tutorial_Seizing_WEAPON	class	Carved/data007/00191_895d8863.c	7	29	23		SCR_BaseTutorialStage
Setup	method	Carved/data007/00191_895d8863.c	11	11	1	SCR_Tutorial_Seizing_WEAPON	
GetIsFinished	method	Carved/data007/00191_895d8863.c	21	21	1	SCR_Tutorial_Seizing_WEAPON	
SCR_Tutorial_Driving_DRIVEROAD10Class	class	Carved/data007/00192_be0d86cc.c	2	4	3		SCR_BaseTutorialStageClass
SCR_Tutorial_Driving_DRIVEROAD10	class	Carved/data007/00192_be0d86cc.c	7	20	14		SCR_BaseTutorialStage
Setup	method	Carved/data007/00192_be0d86cc.c	10	10	1	SCR_Tutorial_Driving_DRIVEROAD10	
GetIsFinished	method	Carved/data007/00192_be0d86cc.c	16	16	1	SCR_Tutorial_Driving_DRIVEROAD10	
EntityEditorProps	method	Carved/data007/00192_be0d86cc.c	20	20	1	SCR_Tutorial_Driving_DRIVEROAD10	
SCR_Tutorial_Driving_DRIVEROAD11Class	class	Carved/data007/00192_be0d86cc.c	21	23	3		SCR_BaseTutorialStageClass
SCR_Tutorial_Driving_DRIVEROAD11	class	Carved/data007/00192_be0d86cc.c	26	39	14		SCR_BaseTutorialStage
Setup	method	Carved/data007/00192_be0d86cc.c	29	29	1	SCR_Tutorial_Driving_DRIVEROAD11	
GetIsFinished	method	Carved/data007/00192_be0d86cc.c	35	35	1	SCR_Tutorial_Driving_DRIVEROAD11	
EntityEditorProps	method	Carved/data007/00192_be0d86cc.c	39	39	1	SCR_Tutorial_Driving_DRIVEROAD11	
SCR_Tutorial_Driving_DRIVEROAD2Class	class	Carved/data007/00192_be0d86cc.c	40	42	3		SCR_BaseTutorialStageClass
SCR_Tutorial_Driving_DRIVEROAD2	class	Carved/data007/00192_be0d86cc.c	45	59	15		SCR_BaseTutorialStage
Setup	method	Carved/data007/00192_be0d86cc.c	48	48	1	SCR_Tutorial_Driving_DRIVEROAD2	
GetIsFinished	method	Carved/data007/00192_be0d86cc.c	55	55	1	SCR_Tutorial_Driving_DRIVEROAD2	
EntityEditorProps	method	Carved/data007/00192_be0d86cc.c	59	59	1	SCR_Tutorial_Driving_DRIVEROAD2	
SCR_Tutorial_Driving_DRIVEROAD3Class	class	Carved/data007/00192_be0d86cc.c	60	62	3		SCR_BaseTutorialStageClass
SCR_Tutorial_Driving_DRIVEROAD3	class	Carved/data007/00192_be0d86cc.c	65	78	14		SCR_BaseTutorialStage
Setup	method	Carved/data007/00192_be0d86cc.c	68	68	1	SCR_Tutorial_Driving_DRIVEROAD3	
GetIsFinished	method	Carved/data007/00192_be0d86cc.c	74	74	1	SCR_Tutorial_Driving_DRIVEROAD3	
EntityEditorProps	method	Carved/data007/00192_be0d86cc.c	78	78	1	SCR_Tutorial_Driving_DRIVEROAD3	
SCR_Tutorial_Driving_DRIVEROAD4Class	class	Carved/data007/00192_be0d86cc.c	79	81	3		SCR_BaseTutorialStageClass
SCR_Tutorial_Driving_DRIVEROAD4	class	Carved/data007/00192_be0d86cc.c	84	98	15		SCR_BaseTutorialStage
Setup	method	Carved/data007/00192_be0d86cc.c	87	87	1	SCR_Tutorial_Driving_DRIVEROAD4	
GetIsFinished	method	Carved/data007/00192_be0d86cc.c	94	94	1	SCR_Tutorial_Driving_DRIVEROAD4	
EntityEditorProps	method	Carved/data007/00192_be0d86cc.c	98	98	1	SCR_Tutorial_Driving_DRIVEROAD4	
SCR_Tutorial_Driving_DRIVEROAD5Class	class	Carved/data007/00192_be0d86cc.c	99	101	3		SCR_BaseTutorialStageClass
SCR_Tutorial_Driving_DRIVEROAD5	class	Carved/data007/00192_be0d86cc.c	104	120	17		SCR_BaseTutorialStage
Setup	method	Carved/data007/00192_be0d86cc.c	107	107	1	SCR_Tutorial_Driving_DRIVEROAD5	
GetIsFinished	method	Carved/data007/00192_be0d86cc.c	116	116	1	SCR_Tutorial_Driving_DRIVEROAD5	
EntityEditorProps	method	Carved/data007/00192_be0d86cc.c	120	120	1	SCR_Tutorial_Driving_DRIVEROAD5	
SCR_Tutorial_Driving_DRIVEROAD6Class	class	Carved/data007/00192_be0d86cc.c	121	123	3		SCR_BaseTutorialStageClass
SCR_Tutorial_Driving_DRIVEROAD6	class	Carved/data007/00192_be0d86cc.c	126	139	14		SCR_BaseTutorialStage
Setup	method	Carved/data007/00192_be0d86cc.c	129	129	1	SCR_Tutorial_Driving_DRIVEROAD6	
GetIsFinished	method	Carved/data007/00192_be0d86cc.c	135	135	1	SCR_Tutorial_Driving_DRIVEROAD6	
EntityEditorProps	method	Carved/data007/00192_be0d86cc.c	139	139	1	SCR_Tutorial_Driving_DRIVEROAD6	
SCR_Tutorial_Driving_DRIVEROAD7Class	class	Carved/data007/00192_be0d86cc.c	140	142	3		SCR_BaseTutorialStageClass
SCR_Tutorial_Driving_DRIVEROAD7	class	Carved/data007/00192_be0d86cc.c	145	158	14		SCR_BaseTutorialStage
Setup	method	Carved/data007/00192_be0d86cc.c	148	148	1	SCR_Tutorial_Driving_DRIVEROAD7	
GetIsFinished	method	Carved/data007/00192_be0d86cc.c	154	154	1	SCR_Tutorial_Driving_DRIVEROAD7	
EntityEditorProps	method	Carved/data007/00192_be0d86cc.c	158	158	1	SCR_Tutorial_Driving_DRIVEROAD7	
SCR_Tutorial_Driving_DRIVEROAD8Class	class	Carved/data007/00192_be0d86cc.c	159	161	3		SCR_BaseTutorialStageClass
SCR_Tutorial_Driving_DRIVEROAD8	class	Carved/data007/00192_be0d86cc.c	164	178	15		SCR_BaseTutorialStage
Setup	method	Carved/data007/00192_be0d86cc.c	167	167	1	SCR_Tutorial_Driving_DRIVEROAD8	
GetIsFinished	method	Carved/data007/00192_be0d86cc.c	174	174	1	SCR_Tutorial_Driving_DRIVEROAD8	
EntityEditorProps	method	Carved/data007/00192_be0d86cc.c	178	178	1	SCR_Tutorial_Driving_DRIVEROAD8	
SCR_Tutorial_Driving_DRIVEROAD9Class	class	Carved/data007/00192_be0d86cc.c	179	181	3		SCR_BaseTutorialStageClass
SCR_Tutorial_Driving_DRIVEROAD9	class	Carved/data007/00192_be0d86cc.c	184	200	17		SCR_BaseTutorialStage
Setup	method	Carved/data007/00192_be0d86cc.c	187	187	1	SCR_Tutorial_Driving_DRIVEROAD9	
GetIsFinished	method	Carved/data007/00192_be0d86cc.c	196	196	1	SCR_Tutorial_Driving_DRIVEROAD9	
SCR_Tutorial_Driving_GETOUTClass	class	Carved/data007/00193_980dc9d3.c	2	4	3		SCR_BaseTutorialStageClass
SCR_Tutorial_Driving_GETOUT	class	Carved/data007/00193_980dc9d3.c	7	21	15		SCR_BaseTutorialStage
Setup	method	Carved/data007/00193_980dc9d3.c	10	10	1	SCR_Tutorial_Driving_GETOUT	
GetIsFinished	method	Carved/data007/00193_980dc9d3.c	17	17	1	SCR_Tutorial_Driving_GETOUT	
EntityEditorProps	method	Carved/data007/00193_980dc9d3.c	21	21	1	SCR_Tutorial_Driving_GETOUT	
SCR_Tutorial_Driving_STARTClass	class	Carved/data007/00193_980dc9d3.c	22	24	3		SCR_BaseTutorialStageClass
SCR_Tutorial_Driving_START	class	Carved/data007/00193_980dc9d3.c	27	46	20		SCR_BaseTutorialStage
Setup	method	Carved/data007/00193_980dc9d3.c	30	30	1	SCR_Tutorial_Driving_START	
GetIsFinished	method	Carved/data007/00193_980dc9d3.c	39	39	1	SCR_Tutorial_Driving_START	
SCR_Tutorial_Heli_ENDClass	class	Carved/data007/00194_b111fc62.c	2	4	3		SCR_BaseTutorialStageClass
SCR_Tutorial_Heli_END	class	Carved/data007/00194_b111fc62.c	7	9	3		SCR_BaseTutorialStage
EntityEditorProps	method	Carved/data007/00194_b111fc62.c	9	9	1	SCR_Tutorial_Heli_END	
SCR_Tutorial_Heli_FLIGHT_01Class	class	Carved/data007/00194_b111fc62.c	10	12	3		SCR_BaseTutorialStageClass
SCR_Tutorial_Heli_FLIGHT_01	class	Carved/data007/00194_b111fc62.c	15	36	22		SCR_BaseTutorialStage
Setup	method	Carved/data007/00194_b111fc62.c	20	20	1	SCR_Tutorial_Heli_FLIGHT_01	
SCR_Tutorial_Heli_FLIGHT_01	method	Carved/data007/00194_b111fc62.c	32	32	1	SCR_Tutorial_Heli_FLIGHT_01	
EntityEditorProps	method	Carved/data007/00194_b111fc62.c	36	36	1	SCR_Tutorial_Heli_FLIGHT_01	
SCR_Tutorial_Heli_FLIGHT_02Class	class	Carved/data007/00194_b111fc62.c	37	39	3		SCR_BaseTutorialStageClass
SCR_Tutorial_Heli_FLIGHT_02	class	Carved/data007/00194_b111fc62.c	42	60	19		SCR_BaseTutorialStage
Setup	method	Carved/data007/00194_b111fc62.c	47	47	1	SCR_Tutorial_Heli_FLIGHT_02	
SCR_Tutorial_Heli_FLIGHT_02	method	Carved/data007/00194_b111fc62.c	56	56	1	SCR_Tutorial_Heli_FLIGHT_02	
EntityEditorProps	method	Carved/data007/00194_b111fc62.c	60	60	1	SCR_Tutorial_Heli_FLIGHT_02	
SCR_Tutorial_Heli_FLIGHT_03Class	class	Carved/data007/00194_b111fc62.c	61	63	3		SCR_BaseTutorialStageClass
SCR_Tutorial_Heli_FLIGHT_03	class	Carved/data007/00194_b111fc62.c	66	83	18		SCR_BaseTutorialStage
Setup	method	Carved/data007/00194_b111fc62.c	70	70	1	SCR_Tutorial_Heli_FLIGHT_03	
SCR_Tutorial_Heli_FLIGHT_03	method	Carved/data007/00194_b111fc62.c	79	79	1	SCR_Tutorial_Heli_FLIGHT_03	
SCR_Tutorial_Heli_STARTClass	class	Carved/data007/00195_a0134f84.c	2	4	3		SCR_BaseTutorialStageClass
SCR_Tutorial_Heli_START	class	Carved/data007/00195_a0134f84.c	7	22	16		SCR_BaseTutorialStage
Setup	method	Carved/data007/00195_a0134f84.c	10	10	1	SCR_Tutorial_Heli_START	
GetIsFinished	method	Carved/data007/00195_a0134f84.c	18	18	1	SCR_Tutorial_Heli_START	
SCR_Tutorial_Intro_ListenToCaptainClass	class	Carved/data007/00196_4623b8fc.c	2	4	3		SCR_BaseTutorialStageClass
SCR_Tutorial_Intro_ListenToCaptain	class	Carved/data007/00196_4623b8fc.c	7	20	14		SCR_BaseTutorialStage
Setup	method	Carved/data007/00196_4623b8fc.c	10	10	1	SCR_Tutorial_Intro_ListenToCaptain	
GetIsFinished	method	Carved/data007/00196_4623b8fc.c	16	16	1	SCR_Tutorial_Intro_ListenToCaptain	
EntityEditorProps	method	Carved/data007/00196_4623b8fc.c	20	20	1	SCR_Tutorial_Intro_ListenToCaptain	
SCR_Tutorial_Intro_MoveClass	class	Carved/data007/00196_4623b8fc.c	21	23	3		SCR_BaseTutorialStageClass
SCR_Tutorial_Intro_Move	class	Carved/data007/00196_4623b8fc.c	26	38	13		SCR_BaseTutorialStage
Setup	method	Carved/data007/00196_4623b8fc.c	29	29	1	SCR_Tutorial_Intro_Move	
SCR_TutorialStageMedical_ENDClass	class	Carved/data007/00197_2351e1ac.c	2	4	3		SCR_BaseTutorialStageClass
SCR_TutorialStageMedical_END	class	Carved/data007/00197_2351e1ac.c	7	23	17		SCR_BaseTutorialStage
Setup	method	Carved/data007/00197_2351e1ac.c	10	10	1	SCR_TutorialStageMedical_END	
GetIsFinished	method	Carved/data007/00197_2351e1ac.c	19	19	1	SCR_TutorialStageMedical_END	
SCR_TutorialStageMedical_PULLOUTClass	class	Carved/data007/00198_63d87eb0.c	2	4	3		SCR_BaseTutorialStageClass
SCR_TutorialStageMedical_PULLOUT	class	Carved/data007/00198_63d87eb0.c	7	25	19		SCR_BaseTutorialStage
Setup	method	Carved/data007/00198_63d87eb0.c	12	12	1	SCR_TutorialStageMedical_PULLOUT	
GetIsFinished	method	Carved/data007/00198_63d87eb0.c	21	21	1	SCR_TutorialStageMedical_PULLOUT	
SCR_TutorialLogic_Mortars	class	Carved/data007/00199_050583cc.c	2	19	18		SCR_BaseTutorialCourseLogic
OnCourseStart	method	Carved/data007/00199_050583cc.c	5	5	1	SCR_TutorialLogic_Mortars	
SCR_TutorialStageMortars_FinalClass	class	Carved/data007/00200_06e7ffde.c	2	4	3		SCR_BaseTutorialStageClass
SCR_TutorialStageMortars_Final	class	Carved/data007/00200_06e7ffde.c	7	17	11		SCR_BaseTutorialStage
Setup	method	Carved/data007/00200_06e7ffde.c	10	10	1	SCR_TutorialStageMortars_Final	
SCR_TutorialStageMortars_SightsClass	class	Carved/data007/00201_e90be8b0.c	2	4	3		SCR_BaseTutorialStageClass
SCR_TutorialStageMortars_Sights	class	Carved/data007/00201_e90be8b0.c	7	14	8		SCR_BaseTutorialStage
GetIsFinished	method	Carved/data007/00201_e90be8b0.c	10	10	1	SCR_TutorialStageMortars_Sights	
BaseContainerProps	method	Carved/data007/00201_e90be8b0.c	14	14	1	SCR_TutorialStageMortars_Sights	
SCR_TutorialLogic_Obstacle	class	Carved/data007/00201_e90be8b0.c	15	18	4		SCR_BaseTutorialCourseLogic
SCR_Tutorial_Obstacle_CRAWLClass	class	Carved/data007/00202_cfc830f7.c	3	5	3		SCR_BaseTutorialStageClass
SCR_Tutorial_Obstacle_CRAWL	class	Carved/data007/00202_cfc830f7.c	8	27	20		SCR_BaseTutorialStage
Setup	method	Carved/data007/00202_cfc830f7.c	11	11	1	SCR_Tutorial_Obstacle_CRAWL	
GetIsFinished	method	Carved/data007/00202_cfc830f7.c	18	18	1	SCR_Tutorial_Obstacle_CRAWL	
EntityEditorProps	method	Carved/data007/00202_cfc830f7.c	27	27	1	SCR_Tutorial_Obstacle_CRAWL	
SCR_Tutorial_Obstacle_ENDClass	class	Carved/data007/00202_cfc830f7.c	28	30	3		SCR_BaseTutorialStageClass
SCR_Tutorial_Obstacle_END	class	Carved/data007/00202_cfc830f7.c	33	41	9		SCR_BaseTutorialStage
Setup	method	Carved/data007/00202_cfc830f7.c	36	36	1	SCR_Tutorial_Obstacle_END	
EntityEditorProps	method	Carved/data007/00202_cfc830f7.c	41	41	1	SCR_Tutorial_Obstacle_END	
SCR_Tutorial_Obstacle_FLAGClass	class	Carved/data007/00202_cfc830f7.c	42	44	3		SCR_BaseTutorialStageClass
SCR_Tutorial_Obstacle_FLAG	class	Carved/data007/00202_cfc830f7.c	47	59	13		SCR_BaseTutorialStage
Setup	method	Carved/data007/00202_cfc830f7.c	50	50	1	SCR_Tutorial_Obstacle_FLAG	
SCR_Tutorial_Obstacle_LADDEROFFClass	class	Carved/data007/00203_15228be9.c	2	4	3		SCR_BaseTutorialStageClass
SCR_Tutorial_Obstacle_LADDEROFF	class	Carved/data007/00203_15228be9.c	7	23	17		SCR_BaseTutorialStage
Setup	method	Carved/data007/00203_15228be9.c	10	10	1	SCR_Tutorial_Obstacle_LADDEROFF	
GetIsFinished	method	Carved/data007/00203_15228be9.c	19	19	1	SCR_Tutorial_Obstacle_LADDEROFF	
EntityEditorProps	method	Carved/data007/00203_15228be9.c	23	23	1	SCR_Tutorial_Obstacle_LADDEROFF	
SCR_Tutorial_Obstacle_LADDERUPClass	class	Carved/data007/00203_15228be9.c	24	26	3		SCR_BaseTutorialStageClass
SCR_Tutorial_Obstacle_LADDERUP	class	Carved/data007/00203_15228be9.c	29	44	16		SCR_BaseTutorialStage
Setup	method	Carved/data007/00203_15228be9.c	32	32	1	SCR_Tutorial_Obstacle_LADDERUP	
GetIsFinished	method	Carved/data007/00203_15228be9.c	40	40	1	SCR_Tutorial_Obstacle_LADDERUP	
EntityEditorProps	method	Carved/data007/00203_15228be9.c	44	44	1	SCR_Tutorial_Obstacle_LADDERUP	
SCR_Tutorial_Obstacle_OVERPASSClass	class	Carved/data007/00203_15228be9.c	45	47	3		SCR_BaseTutorialStageClass
SCR_Tutorial_Obstacle_OVERPASS	class	Carved/data007/00203_15228be9.c	50	58	9		SCR_BaseTutorialStage
Setup	method	Carved/data007/00203_15228be9.c	53	53	1	SCR_Tutorial_Obstacle_OVERPASS	
EntityEditorProps	method	Carved/data007/00203_15228be9.c	58	58	1	SCR_Tutorial_Obstacle_OVERPASS	
SCR_Tutorial_Obstacle_PLATFORMClass	class	Carved/data007/00203_15228be9.c	59	61	3		SCR_BaseTutorialStageClass
SCR_Tutorial_Obstacle_PLATFORM	class	Carved/data007/00203_15228be9.c	64	72	9		SCR_BaseTutorialStage
Setup	method	Carved/data007/00203_15228be9.c	67	67	1	SCR_Tutorial_Obstacle_PLATFORM	
EntityEditorProps	method	Carved/data007/00203_15228be9.c	72	72	1	SCR_Tutorial_Obstacle_PLATFORM	
SCR_Tutorial_Obstacle_STARTClass	class	Carved/data007/00203_15228be9.c	73	75	3		SCR_BaseTutorialStageClass
SCR_Tutorial_Obstacle_START	class	Carved/data007/00203_15228be9.c	78	94	17		SCR_BaseTutorialStage
Setup	method	Carved/data007/00203_15228be9.c	81	81	1	SCR_Tutorial_Obstacle_START	
GetIsFinished	method	Carved/data007/00203_15228be9.c	90	90	1	SCR_Tutorial_Obstacle_START	
SCR_Tutorial_Obstacle_VAULTHIGHClass	class	Carved/data007/00204_1d7f800b.c	2	4	3		SCR_BaseTutorialStageClass
SCR_Tutorial_Obstacle_VAULTHIGH	class	Carved/data007/00204_1d7f800b.c	7	20	14		SCR_BaseTutorialStage
Setup	method	Carved/data007/00204_1d7f800b.c	10	10	1	SCR_Tutorial_Obstacle_VAULTHIGH	
GetIsFinished	method	Carved/data007/00204_1d7f800b.c	16	16	1	SCR_Tutorial_Obstacle_VAULTHIGH	
EntityEditorProps	method	Carved/data007/00204_1d7f800b.c	20	20	1	SCR_Tutorial_Obstacle_VAULTHIGH	
SCR_Tutorial_Obstacle_VAULTLOWClass	class	Carved/data007/00204_1d7f800b.c	21	23	3		SCR_BaseTutorialStageClass
SCR_Tutorial_Obstacle_VAULTLOW	class	Carved/data007/00204_1d7f800b.c	26	42	17		SCR_BaseTutorialStage
Setup	method	Carved/data007/00204_1d7f800b.c	29	29	1	SCR_Tutorial_Obstacle_VAULTLOW	
GetIsFinished	method	Carved/data007/00204_1d7f800b.c	38	38	1	SCR_Tutorial_Obstacle_VAULTLOW	
SCR_Tutorial_Obstacle_WALLTWOClass	class	Carved/data007/00205_d5bc77b2.c	2	4	3		SCR_BaseTutorialStageClass
SCR_Tutorial_Obstacle_WALLTWO	class	Carved/data007/00205_d5bc77b2.c	7	24	18		SCR_BaseTutorialStage
Setup	method	Carved/data007/00205_d5bc77b2.c	10	10	1	SCR_Tutorial_Obstacle_WALLTWO	
GetIsFinished	method	Carved/data007/00205_d5bc77b2.c	20	20	1	SCR_Tutorial_Obstacle_WALLTWO	
EntityEditorProps	method	Carved/data007/00205_d5bc77b2.c	24	24	1	SCR_Tutorial_Obstacle_WALLTWO	
SCR_Tutorial_Obstacle_WINDOWClass	class	Carved/data007/00205_d5bc77b2.c	25	27	3		SCR_BaseTutorialStageClass
SCR_Tutorial_Obstacle_WINDOW	class	Carved/data007/00205_d5bc77b2.c	30	46	17		SCR_BaseTutorialStage
Setup	method	Carved/data007/00205_d5bc77b2.c	33	33	1	SCR_Tutorial_Obstacle_WINDOW	
GetIsFinished	method	Carved/data007/00205_d5bc77b2.c	42	42	1	SCR_Tutorial_Obstacle_WINDOW	
EntityEditorProps	method	Carved/data007/00205_d5bc77b2.c	46	46	1	SCR_Tutorial_Obstacle_WINDOW	
SCR_Tutorial_Obstacle_ZIGZAGClass	class	Carved/data007/00205_d5bc77b2.c	47	49	3		SCR_BaseTutorialStageClass
SCR_Tutorial_Obstacle_ZIGZAG	class	Carved/data007/00205_d5bc77b2.c	52	62	11		SCR_BaseTutorialStage
Setup	method	Carved/data007/00205_d5bc77b2.c	55	55	1	SCR_Tutorial_Obstacle_ZIGZAG	
EntityEditorProps	method	Carved/data007/00205_d5bc77b2.c	62	62	1	SCR_Tutorial_Obstacle_ZIGZAG	
SCR_Tutorial_Obstacle_ZIGZAGENDClass	class	Carved/data007/00205_d5bc77b2.c	63	65	3		SCR_BaseTutorialStageClass
SCR_Tutorial_Obstacle_ZIGZAGEND	class	Carved/data007/00205_d5bc77b2.c	68	75	8		SCR_BaseTutorialStage
Setup	method	Carved/data007/00205_d5bc77b2.c	71	71	1	SCR_Tutorial_Obstacle_ZIGZAGEND	
EntityEditorProps	method	Carved/data007/00205_d5bc77b2.c	75	75	1	SCR_Tutorial_Obstacle_ZIGZAGEND	
SCR_Tutorial_Obstacle_ZIGZAGSTARTClass	class	Carved/data007/00205_d5bc77b2.c	76	78	3		SCR_BaseTutorialStageClass
SCR_Tutorial_Obstacle_ZIGZAGSTART	class	Carved/data007/00205_d5bc77b2.c	81	95	15		SCR_BaseTutorialStage
Setup	method	Carved/data007/00205_d5bc77b2.c	84	84	1	SCR_Tutorial_Obstacle_ZIGZAGSTART	
SCR_Tutorial_Navigation_AIRBASEClass	class	Carved/data007/00206_ffb281b2.c	2	4	3		SCR_BaseTutorialStageClass
SCR_Tutorial_Navigation_AIRBASE	class	Carved/data007/00206_ffb281b2.c	7	26	20		SCR_BaseTutorialStage
Setup	method	Carved/data007/00206_ffb281b2.c	10	10	1	SCR_Tutorial_Navigation_AIRBASE	
GetIsFinished	method	Carved/data007/00206_ffb281b2.c	19	19	1	SCR_Tutorial_Navigation_AIRBASE	
SCR_Tutorial_Navigation_DRIVEClass	class	Carved/data007/00207_0b8b87d9.c	2	4	3		SCR_BaseTutorialStageClass
SCR_Tutorial_Navigation_DRIVE	class	Carved/data007/00207_0b8b87d9.c	7	17	11		SCR_BaseTutorialStage
Setup	method	Carved/data007/00207_0b8b87d9.c	10	10	1	SCR_Tutorial_Navigation_DRIVE	
SCR_Tutorial_Navigation_ISLANDClass	class	Carved/data007/00208_163078a5.c	2	4	3		SCR_BaseTutorialStageClass
SCR_Tutorial_Navigation_ISLAND	class	Carved/data007/00208_163078a5.c	7	26	20		SCR_BaseTutorialStage
Setup	method	Carved/data007/00208_163078a5.c	10	10	1	SCR_Tutorial_Navigation_ISLAND	
GetIsFinished	method	Carved/data007/00208_163078a5.c	19	19	1	SCR_Tutorial_Navigation_ISLAND	
EntityEditorProps	method	Carved/data007/00208_163078a5.c	26	26	1	SCR_Tutorial_Navigation_ISLAND	
SCR_Tutorial_Navigation_LIGHTHOUSEClass	class	Carved/data007/00208_163078a5.c	27	29	3		SCR_BaseTutorialStageClass
SCR_Tutorial_Navigation_LIGHTHOUSE	class	Carved/data007/00208_163078a5.c	32	51	20		SCR_BaseTutorialStage
Setup	method	Carved/data007/00208_163078a5.c	35	35	1	SCR_Tutorial_Navigation_LIGHTHOUSE	
GetIsFinished	method	Carved/data007/00208_163078a5.c	44	44	1	SCR_Tutorial_Navigation_LIGHTHOUSE	
SCR_Tutorial_Navigation_MAPTOOLSClass	class	Carved/data007/00209_6bf2f70c.c	2	4	3		SCR_BaseTutorialStageClass
SCR_Tutorial_Navigation_MAPTOOLS	class	Carved/data007/00209_6bf2f70c.c	7	26	20		SCR_BaseTutorialStage
Setup	method	Carved/data007/00209_6bf2f70c.c	11	11	1	SCR_Tutorial_Navigation_MAPTOOLS	
SCR_Tutorial_Navigation_MAPTOOLS	method	Carved/data007/00209_6bf2f70c.c	22	22	1	SCR_Tutorial_Navigation_MAPTOOLS	
EntityEditorProps	method	Carved/data007/00209_6bf2f70c.c	26	26	1	SCR_Tutorial_Navigation_MAPTOOLS	
SCR_Tutorial_Navigation_MAP_COMPASS_INTRODUCTIONClass	class	Carved/data007/00209_6bf2f70c.c	27	29	3		SCR_BaseTutorialStageClass
SCR_Tutorial_Navigation_MAP_COMPASS_INTRODUCTION	class	Carved/data007/00209_6bf2f70c.c	32	48	17		SCR_BaseTutorialStage
Setup	method	Carved/data007/00209_6bf2f70c.c	35	35	1	SCR_Tutorial_Navigation_MAP_COMPASS_INTRODUCTION	
GetIsFinished	method	Carved/data007/00209_6bf2f70c.c	44	44	1	SCR_Tutorial_Navigation_MAP_COMPASS_INTRODUCTION	
SCR_Tutorial_Navigation_MAP_INTROCTUCTIONClass	class	Carved/data007/00210_f1b053d3.c	2	4	3		SCR_BaseTutorialStageClass
SCR_Tutorial_Navigation_MAP_INTROCTUCTION	class	Carved/data007/00210_f1b053d3.c	7	23	17		SCR_BaseTutorialStage
Setup	method	Carved/data007/00210_f1b053d3.c	10	10	1	SCR_Tutorial_Navigation_MAP_INTROCTUCTION	
GetIsFinished	method	Carved/data007/00210_f1b053d3.c	19	19	1	SCR_Tutorial_Navigation_MAP_INTROCTUCTION	
EntityEditorProps	method	Carved/data007/00210_f1b053d3.c	23	23	1	SCR_Tutorial_Navigation_MAP_INTROCTUCTION	
SCR_Tutorial_Navigation_MOVEClass	class	Carved/data007/00210_f1b053d3.c	24	26	3		SCR_BaseTutorialStageClass
SCR_Tutorial_Navigation_MOVE	class	Carved/data007/00210_f1b053d3.c	29	36	8		SCR_BaseTutorialStage
Setup	method	Carved/data007/00210_f1b053d3.c	32	32	1	SCR_Tutorial_Navigation_MOVE	
EntityEditorProps	method	Carved/data007/00210_f1b053d3.c	36	36	1	SCR_Tutorial_Navigation_MOVE	
SCR_Tutorial_Navigation_NORTHClass	class	Carved/data007/00210_f1b053d3.c	37	39	3		SCR_BaseTutorialStageClass
SCR_Tutorial_Navigation_NORTH	class	Carved/data007/00210_f1b053d3.c	42	62	21		SCR_BaseTutorialStage
Setup	method	Carved/data007/00210_f1b053d3.c	45	45	1	SCR_Tutorial_Navigation_NORTH	
GetIsFinished	method	Carved/data007/00210_f1b053d3.c	55	55	1	SCR_Tutorial_Navigation_NORTH	
SCR_Tutorial_Navigation_STARTClass	class	Carved/data007/00211_d8adbe93.c	2	4	3		SCR_BaseTutorialStageClass
SCR_Tutorial_Navigation_START	class	Carved/data007/00211_d8adbe93.c	7	18	12		SCR_BaseTutorialStage
Setup	method	Carved/data007/00211_d8adbe93.c	10	10	1	SCR_Tutorial_Navigation_START	
SCR_Tutorial_LRS_ADSClass	class	Carved/data007/00212_52f67327.c	2	4	3		SCR_BaseTutorialStageClass
SCR_Tutorial_LRS_ADS	class	Carved/data007/00212_52f67327.c	6	27	22		SCR_BaseTutorialStage
Setup	method	Carved/data007/00212_52f67327.c	9	9	1	SCR_Tutorial_LRS_ADS	
GetIsFinished	method	Carved/data007/00212_52f67327.c	18	18	1	SCR_Tutorial_LRS_ADS	
SCR_Tutorial_ShootingRange_EQUIP_WEAPONClass	class	Carved/data007/00213_672712fc.c	2	4	3		SCR_BaseTutorialStageClass
SCR_Tutorial_ShootingRange_EQUIP_WEAPON	class	Carved/data007/00213_672712fc.c	7	26	20		SCR_BaseTutorialStage
Setup	method	Carved/data007/00213_672712fc.c	12	12	1	SCR_Tutorial_ShootingRange_EQUIP_WEAPON	
GetIsFinished	method	Carved/data007/00213_672712fc.c	19	19	1	SCR_Tutorial_ShootingRange_EQUIP_WEAPON	
EntityEditorProps	method	Carved/data007/00213_672712fc.c	26	26	1	SCR_Tutorial_ShootingRange_EQUIP_WEAPON	
SCR_Tutorial_ShootingRange_FIRINGPOS_ONEClass	class	Carved/data007/00213_672712fc.c	27	29	3		SCR_BaseTutorialStageClass
SCR_Tutorial_ShootingRange_FIRINGPOS_ONE	class	Carved/data007/00213_672712fc.c	32	49	18		SCR_BaseTutorialStage
Setup	method	Carved/data007/00213_672712fc.c	35	35	1	SCR_Tutorial_ShootingRange_FIRINGPOS_ONE	
GetIsFinished	method	Carved/data007/00213_672712fc.c	45	45	1	SCR_Tutorial_ShootingRange_FIRINGPOS_ONE	
EntityEditorProps	method	Carved/data007/00213_672712fc.c	49	49	1	SCR_Tutorial_ShootingRange_FIRINGPOS_ONE	
SCR_Tutorial_ShootingRange_FIRINGPOS_TWOClass	class	Carved/data007/00213_672712fc.c	50	52	3		SCR_BaseTutorialStageClass
SCR_Tutorial_ShootingRange_FIRINGPOS_TWO	class	Carved/data007/00213_672712fc.c	55	67	13		SCR_BaseTutorialStage
Setup	method	Carved/data007/00213_672712fc.c	58	58	1	SCR_Tutorial_ShootingRange_FIRINGPOS_TWO	
EntityEditorProps	method	Carved/data007/00213_672712fc.c	67	67	1	SCR_Tutorial_ShootingRange_FIRINGPOS_TWO	
SCR_Tutorial_ShootingRange_GETIN_STATICClass	class	Carved/data007/00213_672712fc.c	68	70	3		SCR_BaseTutorialStageClass
SCR_Tutorial_ShootingRange_GETIN_STATIC	class	Carved/data007/00213_672712fc.c	73	97	25		SCR_BaseTutorialStage
Setup	method	Carved/data007/00213_672712fc.c	77	77	1	SCR_Tutorial_ShootingRange_GETIN_STATIC	
GetIsFinished	method	Carved/data007/00213_672712fc.c	90	90	1	SCR_Tutorial_ShootingRange_GETIN_STATIC	
EntityEditorProps	method	Carved/data007/00213_672712fc.c	97	97	1	SCR_Tutorial_ShootingRange_GETIN_STATIC	
SCR_Tutorial_ShootingRange_GETOUT_STATICClass	class	Carved/data007/00213_672712fc.c	98	100	3		SCR_BaseTutorialStageClass
SCR_Tutorial_ShootingRange_GETOUT_STATIC	class	Carved/data007/00213_672712fc.c	103	125	23		SCR_BaseTutorialStage
Setup	method	Carved/data007/00213_672712fc.c	106	106	1	SCR_Tutorial_ShootingRange_GETOUT_STATIC	
GetIsFinished	method	Carved/data007/00213_672712fc.c	115	115	1	SCR_Tutorial_ShootingRange_GETOUT_STATIC	
SCR_Tutorial_SW_DETONATE_CHARGESClass	class	Carved/data007/00214_40a121b6.c	2	4	3		SCR_BaseTutorialStageClass
SCR_Tutorial_SW_DETONATE_CHARGES	class	Carved/data007/00214_40a121b6.c	7	14	8		SCR_BaseTutorialStage
GetIsFinished	method	Carved/data007/00214_40a121b6.c	10	10	1	SCR_Tutorial_SW_DETONATE_CHARGES	
SCR_Tutorial_SW_ENDINGClass	class	Carved/data007/00215_84c4ae75.c	2	4	3		SCR_BaseTutorialStageClass
SCR_Tutorial_SW_ENDING	class	Carved/data007/00215_84c4ae75.c	6	19	14		SCR_BaseTutorialStage
Setup	method	Carved/data007/00215_84c4ae75.c	9	9	1	SCR_Tutorial_SW_ENDING	
GetIsFinished	method	Carved/data007/00215_84c4ae75.c	15	15	1	SCR_Tutorial_SW_ENDING	
SCR_Tutorial_SW_MOVE_BACKClass	class	Carved/data007/00216_ad940bb5.c	2	4	3		SCR_BaseTutorialStageClass
SCR_Tutorial_SW_MOVE_BACK	class	Carved/data007/00216_ad940bb5.c	7	17	11		SCR_BaseTutorialStage
Setup	method	Carved/data007/00216_ad940bb5.c	10	10	1	SCR_Tutorial_SW_MOVE_BACK	
EntityEditorProps	method	Carved/data007/00216_ad940bb5.c	17	17	1	SCR_Tutorial_SW_MOVE_BACK	
SCR_Tutorial_SW_MOVE_TO_OBSTACLEClass	class	Carved/data007/00216_ad940bb5.c	18	20	3		SCR_BaseTutorialStageClass
SCR_Tutorial_SW_MOVE_TO_OBSTACLE	class	Carved/data007/00216_ad940bb5.c	23	35	13		SCR_BaseTutorialStage
Setup	method	Carved/data007/00216_ad940bb5.c	26	26	1	SCR_Tutorial_SW_MOVE_TO_OBSTACLE	
SCR_Tutorial_SW_STARTClass	class	Carved/data007/00217_201e8cca.c	2	4	3		SCR_BaseTutorialStageClass
SCR_Tutorial_SW_START	class	Carved/data007/00217_201e8cca.c	7	22	16		SCR_BaseTutorialStage
Setup	method	Carved/data007/00217_201e8cca.c	10	10	1	SCR_Tutorial_SW_START	
GetIsFinished	method	Carved/data007/00217_201e8cca.c	18	18	1	SCR_Tutorial_SW_START	
SCR_Tutorial_VehicleMaintenance_CLOSE_INVENTORYClass	class	Carved/data007/00218_ee2e5d39.c	2	4	3		SCR_BaseTutorialStageClass
SCR_Tutorial_VehicleMaintenance_CLOSE_INVENTORY	class	Carved/data007/00218_ee2e5d39.c	7	26	20		SCR_BaseTutorialStage
Setup	method	Carved/data007/00218_ee2e5d39.c	11	11	1	SCR_Tutorial_VehicleMaintenance_CLOSE_INVENTORY	
GetIsFinished	method	Carved/data007/00218_ee2e5d39.c	22	22	1	SCR_Tutorial_VehicleMaintenance_CLOSE_INVENTORY	
EntityEditorProps	method	Carved/data007/00218_ee2e5d39.c	26	26	1	SCR_Tutorial_VehicleMaintenance_CLOSE_INVENTORY	
SCR_Tutorial_VehicleMaintenance_ENDClass	class	Carved/data007/00218_ee2e5d39.c	27	29	3		SCR_BaseTutorialStageClass
SCR_Tutorial_VehicleMaintenance_END	class	Carved/data007/00218_ee2e5d39.c	32	48	17		SCR_BaseTutorialStage
Setup	method	Carved/data007/00218_ee2e5d39.c	35	35	1	SCR_Tutorial_VehicleMaintenance_END	
GetIsFinished	method	Carved/data007/00218_ee2e5d39.c	44	44	1	SCR_Tutorial_VehicleMaintenance_END	
SCR_Tutorial_VehicleMaintenance_GETOUTClass	class	Carved/data007/00219_95a212a5.c	2	4	3		SCR_BaseTutorialStageClass
SCR_Tutorial_VehicleMaintenance_GETOUT	class	Carved/data007/00219_95a212a5.c	7	20	14		SCR_BaseTutorialStage
Setup	method	Carved/data007/00219_95a212a5.c	10	10	1	SCR_Tutorial_VehicleMaintenance_GETOUT	
GetIsFinished	method	Carved/data007/00219_95a212a5.c	16	16	1	SCR_Tutorial_VehicleMaintenance_GETOUT	
SCR_DeathMatchGameOverScreenInfo	class	Carved/data007/00220_393e65f8.c	2	20	19		SCR_BaseGameOverScreenInfo
GetSubtitleParam	method	Carved/data007/00220_393e65f8.c	8	8	1	SCR_DeathMatchGameOverScreenInfo	
AIKnowledgeComponentClass	class	Carved/data007/00229_221a7d5f.c	383	385	3		GameComponentClass
AIKnowledgeComponent	class	Carved/data007/00229_221a7d5f.c	387	389	3		GameComponent
BaseCompartmentDoor	class	Carved/data007/00231_083dc71d.c	104	107	4		ScriptAndConfig
GetAnimDoorIndex	method	Carved/data007/00231_083dc71d.c	106	106	1	BaseCompartmentDoor	
BaseLightSlot	class	Carved/data007/00231_083dc71d.c	114	134	21		ScriptAndConfig
ShouldTick	method	Carved/data007/00231_083dc71d.c	116	116	1	BaseLightSlot	
GetLightSide	method	Carved/data007/00231_083dc71d.c	117	117	1	BaseLightSlot	
GetSurfaceID	method	Carved/data007/00231_083dc71d.c	119	119	1	BaseLightSlot	
GetParentSurfaceName	method	Carved/data007/00231_083dc71d.c	120	120	1	BaseLightSlot	
IsPresence	method	Carved/data007/00231_083dc71d.c	121	121	1	BaseLightSlot	
IsLightFunctional	method	Carved/data007/00231_083dc71d.c	122	122	1	BaseLightSlot	
GetOwner	method	Carved/data007/00231_083dc71d.c	123	123	1	BaseLightSlot	
GetLightEntity	method	Carved/data007/00231_083dc71d.c	124	124	1	BaseLightSlot	
GetLightType	method	Carved/data007/00231_083dc71d.c	125	125	1	BaseLightSlot	
GetLightID	method	Carved/data007/00231_083dc71d.c	126	126	1	BaseLightSlot	
SetLightFunctional	method	Carved/data007/00231_083dc71d.c	128	128	1	BaseLightSlot	
OnInit	method	Carved/data007/00231_083dc71d.c	132	132	1	BaseLightSlot	
OnLightStateChanged	method	Carved/data007/00231_083dc71d.c	133	133	1	BaseLightSlot	
BaseSlotMapping	class	Carved/data007/00231_083dc71d.c	141	143	3		ScriptAndConfig
ChimeraGameWorldEditor	class	Carved/data007/00240_4a8748c0.c	7	9	3		GameWorldEditor
ChimeraWorldUtils	sealed_class	Carved/data007/00240_4a8748c0.c	16	24	9		
ChimeraWorldUtils	method	Carved/data007/00240_4a8748c0.c	18	18	1	ChimeraWorldUtils	
ChimeraWorldUtils	method	Carved/data007/00240_4a8748c0.c	19	19	1	ChimeraWorldUtils	
TryGetWaterSurface	method	Carved/data007/00240_4a8748c0.c	22	22	1	ChimeraWorldUtils	
TryGetWaterSurfaceSimple	method	Carved/data007/00240_4a8748c0.c	23	23	1	ChimeraWorldUtils	
CompartmentDoorInfo	class	Carved/data007/00240_4a8748c0.c	31	42	12		BaseCompartmentDoor
UseTeleportForGetIn	method	Carved/data007/00240_4a8748c0.c	33	33	1	CompartmentDoorInfo	
UseTeleportForGetOut	method	Carved/data007/00240_4a8748c0.c	34	34	1	CompartmentDoorInfo	
GetEntryPointInfo	method	Carved/data007/00240_4a8748c0.c	35	35	1	CompartmentDoorInfo	
GetAIEntryPointInfo	method	Carved/data007/00240_4a8748c0.c	36	36	1	CompartmentDoorInfo	
GetAIJumpPointInfo	method	Carved/data007/00240_4a8748c0.c	37	37	1	CompartmentDoorInfo	
GetExitPointInfo	method	Carved/data007/00240_4a8748c0.c	38	38	1	CompartmentDoorInfo	
GetExitTeleportPointInfo	method	Carved/data007/00240_4a8748c0.c	39	39	1	CompartmentDoorInfo	
HasExitPointInfoDefined	method	Carved/data007/00240_4a8748c0.c	40	40	1	CompartmentDoorInfo	
GetStanceChangeOnExit	method	Carved/data007/00240_4a8748c0.c	41	41	1	CompartmentDoorInfo	
CompartmentDoorReference	class	Carved/data007/00240_4a8748c0.c	49	52	4		BaseCompartmentDoor
GetReferencedDoorCompartmentManager	method	Carved/data007/00240_4a8748c0.c	51	51	1	CompartmentDoorReference	
CompartmentToSlotMapping	class	Carved/data007/00240_4a8748c0.c	59	61	3		BaseSlotMapping
DataExportErrorType	enum	Carved/data007/00259_31017c70.c	25	41	17		
ECommMethod	enum	Carved/data007/00259_31017c70.c	190	212	23		
ECompartmentType	enum	Carved/data007/00259_31017c70.c	219	224	6		
EFuelType	enum	Carved/data007/00259_31017c70.c	440	448	9		
ELightType	enum	Carved/data007/00259_31017c70.c	455	468	14		
EngineState	enum	Carved/data007/00259_31017c70.c	475	488	14		
EPlayerRole	enum	Carved/data007/00264_ef2c50d9.c	102	108	7		
EquipmentStorageSlot	class	Carved/data007/00264_ef2c50d9.c	115	125	11		InventoryStorageSlot
CanAttachItem	method	Carved/data007/00264_ef2c50d9.c	117	117	1	EquipmentStorageSlot	
IsOccluded	method	Carved/data007/00264_ef2c50d9.c	118	118	1	EquipmentStorageSlot	
OnOccludedStateChanged	method	Carved/data007/00264_ef2c50d9.c	124	124	1	EquipmentStorageSlot	
ETagCategory	enum	Carved/data007/00264_ef2c50d9.c	132	137	6		
ETrackIRLeanMode	enum	Carved/data007/00264_ef2c50d9.c	144	149	6		
EWaterSurfaceType	enum	Carved/data007/00265_da893f6d.c	7	13	7		
ExcludeGenerateFlags	enum	Carved/data007/00265_da893f6d.c	20	29	10		
ExcludeSaveFlags	enum	Carved/data007/00265_da893f6d.c	36	45	10		
FlightMode	enum	Carved/data007/00266_8a7c894f.c	33	43	11		
FrontSightGLZeroingGenerator	class	Carved/data007/00266_8a7c894f.c	50	52	3		BaseZeroingGenerator
HierarchicalPointInfo	class	Carved/data007/00272_60bd4ba0.c	83	85	3		PointInfo
HitZoneReplicationContext	class	Carved/data007/00273_868980c9.c	25	27	3		ScriptAndConfig
HitZoneReplicationFlags	enum	Carved/data007/00273_868980c9.c	35	47	13		
InteriorRequestCallback	class	Carved/data007/00273_868980c9.c	230	233	4		Managed
OnCompleted	method	Carved/data007/00273_868980c9.c	232	232	1	InteriorRequestCallback	
InventoryStorageManagerComponentClass	class	Carved/data007/00273_868980c9.c	240	242	3		GameComponentClass
LadderExitPointInfo	class	Carved/data007/00280_636f995c.c	142	144	3		PointInfo
PrivilegeCallback	class	Carved/data007/00297_b55295a3.c	29	32	4		PlatformRequestCallback
OnPrivilegeResult	method	Carved/data007/00297_b55295a3.c	31	31	1	PrivilegeCallback	
RadioController	class	Carved/data007/00301_e2582715.c	160	162	3		WorldController
RearSightZeroingGenerator	class	Carved/data007/00301_e2582715.c	169	171	3		BaseZeroingGenerator
RegisteringComponentSlotInfo	class	Carved/data007/00301_e2582715.c	179	181	3		EntitySlotInfo
RotatingApertureZeroingGenerator	class	Carved/data007/00301_e2582715.c	234	236	3		BaseZeroingGenerator
ScriptedSightsFOVInfo	class	Carved/data007/00302_52074093.c	7	29	23		SightsFOVInfo
OnInit	method	Carved/data007/00302_52074093.c	14	14	1	ScriptedSightsFOVInfo	
OnUpdate	method	Carved/data007/00302_52074093.c	21	21	1	ScriptedSightsFOVInfo	
GetFOV	method	Carved/data007/00302_52074093.c	25	25	1	ScriptedSightsFOVInfo	
GetCurrentFOV	method	Carved/data007/00302_52074093.c	28	28	1	ScriptedSightsFOVInfo	
ScrServerCmdResult	class	Carved/data007/00302_52074093.c	36	46	11		
ScrServerCmdResult	method	Carved/data007/00302_52074093.c	38	38	1	ScrServerCmdResult	
ServerInfo	sealed_class	Carved/data007/00303_ff783018.c	7	17	11		
ServerInfo	method	Carved/data007/00303_ff783018.c	9	9	1	ServerInfo	
ServerInfo	method	Carved/data007/00303_ff783018.c	10	10	1	ServerInfo	
GetName	method	Carved/data007/00303_ff783018.c	12	12	1	ServerInfo	
GetScenarioName	method	Carved/data007/00303_ff783018.c	13	13	1	ServerInfo	
GetPlayerLimit	method	Carved/data007/00303_ff783018.c	14	14	1	ServerInfo	
IsCrossplay	method	Carved/data007/00303_ff783018.c	15	15	1	ServerInfo	
IsModded	method	Carved/data007/00303_ff783018.c	16	16	1	ServerInfo	
SightsFOVInfo	class	Carved/data007/00303_ff783018.c	28	35	8		ScriptAndConfig
GetFOV	method	Carved/data007/00303_ff783018.c	34	34	1	SightsFOVInfo	
SignalCompressionFunc	enum	Carved/data007/00303_ff783018.c	42	56	15		
WeatherStateTransitionManager	class	Carved/data007/00325_7213db38.c	422	426	5		BaseWeatherStateTransitionManager
WeatherStateTransitionManager	method	Carved/data007/00325_7213db38.c	424	424	1	WeatherStateTransitionManager	
SCR_PoleCable	class	Carved/data007/00326_b691e7e6.c	118	125	8		
SCR_PowerlineGeneratorJunctionData	class	Carved/data007/00326_b691e7e6.c	127	145	19		
SCR_PowerlineGeneratorPointData	class	Carved/data007/00326_b691e7e6.c	146	156	11		ShapePointDataScriptBase
SCR_Ray	class	Carved/data007/00327_1062a3a5.c	1	19	19		
Lerp	method	Carved/data007/00327_1062a3a5.c	12	12	1	SCR_Ray	
PrefabGeneratorPointData	class	Carved/data007/00328_dcbacf6b.c	1	5	5		ShapePointDataScriptBase
SCR_PrefabGeneratorAssetPoint	class	Carved/data007/00328_dcbacf6b.c	6	12	7		
SCR_PrefabGeneratorPointMeta	class	Carved/data007/00328_dcbacf6b.c	13	17	5		
SCR_TrackGeneratorEntityClass	class	Carved/data007/00329_ca72703d.c	2	4	3		SCR_LineGeneratorBaseEntityClass
SCR_TrackGeneratorEntity	class	Carved/data007/00329_ca72703d.c	6	10	5		SCR_LineGeneratorBaseEntity
WallGeneratorPointData	class	Carved/data007/00330_127d0a59.c	9	31	23		ShapePointDataScriptBase
WallLengthGroup	class	Carved/data007/00330_127d0a59.c	33	37	5		
WallWeightPair	class	Carved/data007/00330_127d0a59.c	40	53	14		
ETimeFormatParam	enum	Carved/data007/00331_2b48803e.c	4	10	7		
SCR_EGyroAxisDirection	enum	Carved/data007/00331_2b48803e.c	11	16	6		
SCR_EOpticsAngleUnits	enum	Carved/data007/00331_2b48803e.c	21	31	11		
SCR_DbgUI	class	Carved/data007/00332_3df2b9e0.c	1	27	27		
Matrix	method	Carved/data007/00332_3df2b9e0.c	8	8	1	SCR_DbgUI	
Quat	method	Carved/data007/00332_3df2b9e0.c	20	20	1	SCR_DbgUI	
SCR_RichTextTags	class	Carved/data007/00333_6a948d97.c	5	23	19		
TagColor	method	Carved/data007/00333_6a948d97.c	10	10	1	SCR_RichTextTags	
SCR_SystemHelper	class	Carved/data007/00334_ebdd3904.c	1	21	21		
GetResolutionName	method	Carved/data007/00334_ebdd3904.c	3	3	1	SCR_SystemHelper	
SCR_EResolutionName	enum	Carved/data007/00334_ebdd3904.c	23	32	10		
SCR_IdentityBioTypeHolderConfig	class	Carved/data007/00335_44ed83ef.c	2	19	18		
SCR_IdentityBioTypeHolderConfig	method	Carved/data007/00335_44ed83ef.c	11	11	1	SCR_IdentityBioTypeHolderConfig	
SCR_ActionMenuInputButtonComponent	class	Carved/data007/00336_033a00fa.c	1	24	24		SCR_InputButtonComponent
SetHoldAction	method	Carved/data007/00336_033a00fa.c	6	6	1	SCR_ActionMenuInputButtonComponent	
ForceSetHoldAction	method	Carved/data007/00336_033a00fa.c	16	16	1	SCR_ActionMenuInputButtonComponent	
CreateComboWidget	method	Carved/data007/00336_033a00fa.c	21	21	1	SCR_ActionMenuInputButtonComponent	
SCR_ENearbyInteractionContextColors	enum	Carved/data007/00336_033a00fa.c	25	33	9		
SCR_NearbyContextColorsComponentInteract	class	Carved/data007/00336_033a00fa.c	36	52	17		
SCR_EditorActionsManagerComponentClass	class	Carved/data007/00336_033a00fa.c	54	56	3		ActionsManagerComponentClass
SCR_EditorActionsManagerComponent	class	Carved/data007/00336_033a00fa.c	58	60	3		ActionsManagerComponent
SCR_PrefabSpawnCallback	class	Carved/data007/00337_3db95dce.c	1	21	21		ScriptedInventoryOperationCallback
OnComplete	method	Carved/data007/00337_3db95dce.c	6	6	1	SCR_PrefabSpawnCallback	
SCR_PrefabSpawnCallback	method	Carved/data007/00337_3db95dce.c	17	17	1	SCR_PrefabSpawnCallback	
SCR_ExplosiveChargeInventoryItemComponentClass	class	Carved/data007/00338_3bb36d43.c	12	14	3		SCR_PlaceableInventoryItemComponentClass
SCR_ExplosiveChargeInventoryItemComponent	class	Carved/data007/00338_3bb36d43.c	16	23	8		SCR_PlaceableInventoryItemComponent
ShouldHideInVicinity	method	Carved/data007/00338_3bb36d43.c	19	19	1	SCR_ExplosiveChargeInventoryItemComponent	
SCR_BaseLinkedStorageLogic	class	Carved/data007/00339_15df2791.c	2	13	12		
Init	method	Carved/data007/00339_15df2791.c	5	5	1	SCR_BaseLinkedStorageLogic	
DelayedInit	method	Carved/data007/00339_15df2791.c	12	12	1	SCR_BaseLinkedStorageLogic	
SCR_GetLinkedStorageChildren	class	Carved/data007/00339_15df2791.c	16	31	16		SCR_BaseLinkedStorageLogic
DelayedInit	method	Carved/data007/00339_15df2791.c	19	19	1	SCR_GetLinkedStorageChildren	
SCR_BaseInventoryItemComponentClass	class	Carved/data007/00340_5a5f4ad5.c	12	14	3		InventoryItemComponentClass
SCR_BaseInventoryItemComponent	class	Carved/data007/00340_5a5f4ad5.c	16	18	3		InventoryItemComponent
SCR_CharacterInventoryPreviewAttributes	class	Carved/data007/00340_5a5f4ad5.c	19	21	3		PreviewRenderAttributes
SCR_HeadgearPhysicsObserverAttribute	class	Carved/data007/00341_6cc6061f.c	1	10	10		SCR_PhysicsObserverAttribute
OnPhysicsStateChanged	method	Carved/data007/00341_6cc6061f.c	4	4	1	SCR_HeadgearPhysicsObserverAttribute	
SCR_VisibleInventoryItemComponentClass	class	Carved/data007/00342_511912ac.c	2	4	3		SCR_BaseInventoryItemComponentClass
SCR_VisibleInventoryItemComponent	class	Carved/data007/00342_511912ac.c	6	23	18		SCR_BaseInventoryItemComponent
SetHiddenInVicinity	method	Carved/data007/00342_511912ac.c	13	13	1	SCR_VisibleInventoryItemComponent	
ShouldHideInVicinity	method	Carved/data007/00342_511912ac.c	19	19	1	SCR_VisibleInventoryItemComponent	
EStringTableStatus	enum	Carved/data007/00343_69b3a343.c	2	10	9		
EStringTableTerminology	enum	Carved/data007/00343_69b3a343.c	11	16	6		
LocalizedString	class	Carved/data007/00343_69b3a343.c	36	38	3		string
SCR_MapMarkerDotCircle	class	Carved/data007/00344_d53b1bc6.c	5	25	21		SCR_MapMarkerEntity
EOnInit	method	Carved/data007/00344_d53b1bc6.c	17	17	1	SCR_MapMarkerDotCircle	
SCR_DeathMusic	class	Carved/data007/00345_8c39cf85.c	1	42	42		ScriptedMusic
OnPlayerDied	method	Carved/data007/00345_8c39cf85.c	6	6	1	SCR_DeathMusic	
Init	method	Carved/data007/00345_8c39cf85.c	14	14	1	SCR_DeathMusic	
OnDelete	method	Carved/data007/00345_8c39cf85.c	34	34	1	SCR_DeathMusic	
SCR_SpawnMusic	class	Carved/data007/00346_e1a30a14.c	1	32	32		ScriptedMusic
OnPlayerSpawned	method	Carved/data007/00346_e1a30a14.c	6	6	1	SCR_SpawnMusic	
Init	method	Carved/data007/00346_e1a30a14.c	11	11	1	SCR_SpawnMusic	
OnDelete	method	Carved/data007/00346_e1a30a14.c	25	25	1	SCR_SpawnMusic	
ENotificationReceiver	enum	Carved/data007/00347_91c53d26.c	4	18	15		
ENotificationSetPositionData	enum	Carved/data007/00347_91c53d26.c	23	29	7		
SCR_NotificationArsenalGameModeType	class	Carved/data007/00348_772f4169.c	2	27	26		SCR_NotificationPlayer
GetText	method	Carved/data007/00348_772f4169.c	4	4	1	SCR_NotificationArsenalGameModeType	
SCR_NotificationEntityCallsign	class	Carved/data007/00349_f792b7d2.c	7	22	16		SCR_NotificationEditableEntity
GetText	method	Carved/data007/00349_f792b7d2.c	9	9	1	SCR_NotificationEntityCallsign	
SCR_NotificationGroupName	class	Carved/data007/00350_1cfccba8.c	7	22	16		SCR_NotificationDisplayData
GetText	method	Carved/data007/00350_1cfccba8.c	9	9	1	SCR_NotificationGroupName	
SCR_NotificationInventoryItemName	class	Carved/data007/00350_1cfccba8.c	28	44	17		SCR_NotificationDisplayData
GetText	method	Carved/data007/00350_1cfccba8.c	30	30	1	SCR_NotificationInventoryItemName	
SCR_NotificationPlayerAndAproxNumber	class	Carved/data007/00351_5a08fc6b.c	7	24	18		SCR_NotificationAproxNumber
GetText	method	Carved/data007/00351_5a08fc6b.c	10	10	1	SCR_NotificationPlayerAndAproxNumber	
SCR_NotificationPlayerAndEntityCallsign	class	Carved/data007/00351_5a08fc6b.c	30	45	16		SCR_NotificationPlayer
GetText	method	Carved/data007/00351_5a08fc6b.c	32	32	1	SCR_NotificationPlayerAndEntityCallsign	
SCR_NotificationPlayerAndGroupName	class	Carved/data007/00352_8f061163.c	7	22	16		SCR_NotificationPlayer
GetText	method	Carved/data007/00352_8f061163.c	9	9	1	SCR_NotificationPlayerAndGroupName	
SCR_NotificationVoting	class	Carved/data007/00353_05ac3533.c	2	27	26		SCR_NotificationDisplayData
GetText	method	Carved/data007/00353_05ac3533.c	4	4	1	SCR_NotificationVoting	
RplSessionErrorHandler	class	Carved/data007/00354_db855df9.c	2	18	17		RplSessionCallbacks
RplSessionErrorHandler	method	Carved/data007/00354_db855df9.c	7	7	1	RplSessionErrorHandler	
EOnFailed	method	Carved/data007/00354_db855df9.c	13	13	1	RplSessionErrorHandler	
SCR_ReplicatedParticleEffectEntityClass	class	Carved/data007/00355_90871e76.c	2	4	3		ReplicatedParticleEffectEntityClass
SCR_ReplicatedParticleEffectEntity	class	Carved/data007/00355_90871e76.c	6	28	23		ReplicatedParticleEffectEntity
OnStateChanged	method	Carved/data007/00355_90871e76.c	11	11	1	SCR_ReplicatedParticleEffectEntity	
GetOnStateChanged	method	Carved/data007/00355_90871e76.c	21	21	1	SCR_ReplicatedParticleEffectEntity	
TestScriptSensor	class	Carved/data007/00355_90871e76.c	29	33	5		BaseSensor
SCR_EFocusToggleMode	enum	Carved/data007/00355_90871e76.c	36	42	7		
BuildableEntitySerializer	class	Carved/data007/00356_38695ace.c	1	16	16		GenericEntitySerializer
GetTargetType	method	Carved/data007/00356_38695ace.c	4	4	1	BuildableEntitySerializer	
DeserializeSpawnData	method	Carved/data007/00356_38695ace.c	10	10	1	BuildableEntitySerializer	
SCR_TutorialSpawnLogic	class	Carved/data007/00357_279f2277.c	2	17	16		SCR_SpawnLogic
OnPlayerSpawned_S	method	Carved/data007/00357_279f2277.c	6	6	1	SCR_TutorialSpawnLogic	
SCR_FreeSpawnData	class	Carved/data007/00358_a65ab7c1.c	2	27	26		SCR_SpawnData
GetPrefab	method	Carved/data007/00358_a65ab7c1.c	8	8	1	SCR_FreeSpawnData	
GetPosition	method	Carved/data007/00358_a65ab7c1.c	12	12	1	SCR_FreeSpawnData	
GetAngles	method	Carved/data007/00358_a65ab7c1.c	16	16	1	SCR_FreeSpawnData	
SCR_FreeSpawnData	method	Carved/data007/00358_a65ab7c1.c	21	21	1	SCR_FreeSpawnData	
SCR_FreeSpawnHandlerComponentClass	class	Carved/data007/00358_a65ab7c1.c	29	31	3		SCR_SpawnHandlerComponentClass
SCR_FreeSpawnHandlerComponent	class	Carved/data007/00358_a65ab7c1.c	33	35	3		SCR_SpawnHandlerComponent
SCR_SpawnPointSpawnData	class	Carved/data007/00359_4d87ce69.c	2	37	36		SCR_SpawnData
GetPrefab	method	Carved/data007/00359_4d87ce69.c	8	8	1	SCR_SpawnPointSpawnData	
GetPosition	method	Carved/data007/00359_4d87ce69.c	12	12	1	SCR_SpawnPointSpawnData	
GetAngles	method	Carved/data007/00359_4d87ce69.c	16	16	1	SCR_SpawnPointSpawnData	
GetRplId	method	Carved/data007/00359_4d87ce69.c	21	21	1	SCR_SpawnPointSpawnData	
GetSpawnPoint	method	Carved/data007/00359_4d87ce69.c	26	26	1	SCR_SpawnPointSpawnData	
SCR_SpawnPointSpawnData	method	Carved/data007/00359_4d87ce69.c	31	31	1	SCR_SpawnPointSpawnData	
SCR_ResourceConsumerStoragePolicy	class	Carved/data007/00360_deaa2f8d.c	2	18	17		SCR_ResourceStoragePolicyBase
GetStorageType	method	Carved/data007/00360_deaa2f8d.c	8	8	1	SCR_ResourceConsumerStoragePolicy	
IsStorageTypeValid	method	Carved/data007/00360_deaa2f8d.c	14	14	1	SCR_ResourceConsumerStoragePolicy	
SCR_ResourceConsumerStoragePolicyGeneric	class	Carved/data007/00360_deaa2f8d.c	20	27	8		SCR_ResourceStoragePolicyBase
IsStorageTypeValid	method	Carved/data007/00360_deaa2f8d.c	23	23	1	SCR_ResourceConsumerStoragePolicyGeneric	
BaseContainerProps	method	Carved/data007/00360_deaa2f8d.c	27	27	1	SCR_ResourceConsumerStoragePolicyGeneric	
SCR_ResourceEncapsulatorStoragePolicy	class	Carved/data007/00360_deaa2f8d.c	28	44	17		SCR_ResourceStoragePolicyBase
GetStorageType	method	Carved/data007/00360_deaa2f8d.c	34	34	1	SCR_ResourceEncapsulatorStoragePolicy	
IsStorageTypeValid	method	Carved/data007/00360_deaa2f8d.c	40	40	1	SCR_ResourceEncapsulatorStoragePolicy	
SCR_ResourceEncapsulatorStoragePolicyGeneric	class	Carved/data007/00360_deaa2f8d.c	46	53	8		SCR_ResourceStoragePolicyBase
IsStorageTypeValid	method	Carved/data007/00360_deaa2f8d.c	49	49	1	SCR_ResourceEncapsulatorStoragePolicyGeneric	
BaseContainerProps	method	Carved/data007/00360_deaa2f8d.c	53	53	1	SCR_ResourceEncapsulatorStoragePolicyGeneric	
SCR_ResourceGeneratorStoragePolicy	class	Carved/data007/00360_deaa2f8d.c	54	70	17		SCR_ResourceStoragePolicyBase
GetStorageType	method	Carved/data007/00360_deaa2f8d.c	60	60	1	SCR_ResourceGeneratorStoragePolicy	
IsStorageTypeValid	method	Carved/data007/00360_deaa2f8d.c	66	66	1	SCR_ResourceGeneratorStoragePolicy	
BaseContainerProps	method	Carved/data007/00360_deaa2f8d.c	70	70	1	SCR_ResourceGeneratorStoragePolicy	
SCR_ResourceGeneratorStoragePolicyGeneric	class	Carved/data007/00360_deaa2f8d.c	71	78	8		SCR_ResourceStoragePolicyBase
IsStorageTypeValid	method	Carved/data007/00360_deaa2f8d.c	74	74	1	SCR_ResourceGeneratorStoragePolicyGeneric	
SCR_ResourceEncapsulatorContainerStorageQueue	class	Carved/data007/00361_9b14d35a.c	2	18	17		SCR_ResourceContainerStorageQueue
RegisterContainer	method	Carved/data007/00361_9b14d35a.c	8	8	1	SCR_ResourceEncapsulatorContainerStorageQueue	
ComputePosition	method	Carved/data007/00361_9b14d35a.c	14	14	1	SCR_ResourceEncapsulatorContainerStorageQueue	
SCR_ResourceActorLinkComponentClass	class	Carved/data007/00362_5841a033.c	2	4	3		ScriptComponentClass
SCR_ResourceActorLinkComponent	class	Carved/data007/00362_5841a033.c	6	23	18		ScriptComponent
SetActor	method	Carved/data007/00362_5841a033.c	12	12	1	SCR_ResourceActorLinkComponent	
GetActor	method	Carved/data007/00362_5841a033.c	19	19	1	SCR_ResourceActorLinkComponent	
SCR_SupplyEffectsConfig	class	Carved/data007/00363_e56f9731.c	2	14	13		
ActivateEffect	method	Carved/data007/00363_e56f9731.c	7	7	1	SCR_SupplyEffectsConfig	
SCR_SupplyEffectBase	class	Carved/data007/00363_e56f9731.c	18	21	4		
ActivateEffect	method	Carved/data007/00363_e56f9731.c	20	20	1	SCR_SupplyEffectBase	
SCR_ScenarioFrameworkGet	class	Carved/data007/00364_4d3c43da.c	2	32	31		
SetValue	method	Carved/data007/00364_4d3c43da.c	8	8	1	SCR_ScenarioFrameworkGet	
Get	method	Carved/data007/00364_4d3c43da.c	15	15	1	SCR_ScenarioFrameworkGet	
FindEntityByName	method	Carved/data007/00364_4d3c43da.c	24	24	1	SCR_ScenarioFrameworkGet	
BaseContainerProps	method	Carved/data007/00364_4d3c43da.c	32	32	1	SCR_ScenarioFrameworkGet	
SCR_ScenarioFrameworkGetArea	class	Carved/data007/00364_4d3c43da.c	33	51	19		SCR_ScenarioFrameworkGet
Get	method	Carved/data007/00364_4d3c43da.c	39	39	1	SCR_ScenarioFrameworkGetArea	
BaseContainerProps	method	Carved/data007/00364_4d3c43da.c	51	51	1	SCR_ScenarioFrameworkGetArea	
SCR_ScenarioFrameworkGetAreaTrigger	class	Carved/data007/00364_4d3c43da.c	52	74	23		SCR_ScenarioFrameworkGet
Get	method	Carved/data007/00364_4d3c43da.c	58	58	1	SCR_ScenarioFrameworkGetAreaTrigger	
SCR_ScenarioFrameworkGetArrayOfLayerBases	class	Carved/data007/00365_13b9c7f7.c	2	30	29		SCR_ScenarioFrameworkGet
Get	method	Carved/data007/00365_13b9c7f7.c	10	10	1	SCR_ScenarioFrameworkGetArrayOfLayerBases	
SCR_ScenarioFrameworkGetCountEntitiesInTrigger	class	Carved/data007/00366_7906cca3.c	2	12	11		SCR_ScenarioFrameworkGetListEntitiesInTrigger
Get	method	Carved/data007/00366_7906cca3.c	5	5	1	SCR_ScenarioFrameworkGetCountEntitiesInTrigger	
BaseContainerProps	method	Carved/data007/00366_7906cca3.c	12	12	1	SCR_ScenarioFrameworkGetCountEntitiesInTrigger	
SCR_ScenarioFrameworkGetEntityByName	class	Carved/data007/00366_7906cca3.c	13	23	11		SCR_ScenarioFrameworkGet
Get	method	Carved/data007/00366_7906cca3.c	19	19	1	SCR_ScenarioFrameworkGetEntityByName	
BaseContainerProps	method	Carved/data007/00366_7906cca3.c	23	23	1	SCR_ScenarioFrameworkGetEntityByName	
SCR_ScenarioFrameworkGetEntityByNameFromVariable	class	Carved/data007/00366_7906cca3.c	24	42	19		SCR_ScenarioFrameworkGet
Get	method	Carved/data007/00366_7906cca3.c	30	30	1	SCR_ScenarioFrameworkGetEntityByNameFromVariable	
SCR_ScenarioFrameworkGetLastFinishedTaskEnity	class	Carved/data007/00367_dc1950fb.c	2	13	12		SCR_ScenarioFrameworkGet
Get	method	Carved/data007/00367_dc1950fb.c	5	5	1	SCR_ScenarioFrameworkGetLastFinishedTaskEnity	
BaseContainerProps	method	Carved/data007/00367_dc1950fb.c	13	13	1	SCR_ScenarioFrameworkGetLastFinishedTaskEnity	
SCR_ScenarioFrameworkGetLastFinishedTaskLayer	class	Carved/data007/00367_dc1950fb.c	14	25	12		SCR_ScenarioFrameworkGet
Get	method	Carved/data007/00367_dc1950fb.c	17	17	1	SCR_ScenarioFrameworkGetLastFinishedTaskLayer	
BaseContainerProps	method	Carved/data007/00367_dc1950fb.c	25	25	1	SCR_ScenarioFrameworkGetLastFinishedTaskLayer	
SCR_ScenarioFrameworkGetLayerBase	class	Carved/data007/00367_dc1950fb.c	26	44	19		SCR_ScenarioFrameworkGet
Get	method	Carved/data007/00367_dc1950fb.c	32	32	1	SCR_ScenarioFrameworkGetLayerBase	
BaseContainerProps	method	Carved/data007/00367_dc1950fb.c	44	44	1	SCR_ScenarioFrameworkGetLayerBase	
SCR_ScenarioFrameworkGetLayerBaseFromVariable	class	Carved/data007/00367_dc1950fb.c	45	71	27		SCR_ScenarioFrameworkGet
Get	method	Carved/data007/00367_dc1950fb.c	51	51	1	SCR_ScenarioFrameworkGetLayerBaseFromVariable	
BaseContainerProps	method	Carved/data007/00367_dc1950fb.c	71	71	1	SCR_ScenarioFrameworkGetLayerBaseFromVariable	
SCR_ScenarioFrameworkGetLayerTask	class	Carved/data007/00367_dc1950fb.c	72	90	19		SCR_ScenarioFrameworkGet
Get	method	Carved/data007/00367_dc1950fb.c	78	78	1	SCR_ScenarioFrameworkGetLayerTask	
BaseContainerProps	method	Carved/data007/00367_dc1950fb.c	90	90	1	SCR_ScenarioFrameworkGetLayerTask	
SCR_ScenarioFrameworkGetListEntitiesInTrigger	class	Carved/data007/00367_dc1950fb.c	91	116	26		SCR_ScenarioFrameworkGet
Get	method	Carved/data007/00367_dc1950fb.c	99	99	1	SCR_ScenarioFrameworkGetListEntitiesInTrigger	
GetEntitiesInTrigger	method	Carved/data007/00367_dc1950fb.c	108	108	1	SCR_ScenarioFrameworkGetListEntitiesInTrigger	
SCR_ScenarioFrameworkGetPlayerEntity	class	Carved/data007/00368_af9ab79e.c	2	21	20		SCR_ScenarioFrameworkGet
Get	method	Carved/data007/00368_af9ab79e.c	5	5	1	SCR_ScenarioFrameworkGetPlayerEntity	
SCR_ScenarioFrameworkGetRandomLayerBase	class	Carved/data007/00369_4bc17203.c	2	25	24		SCR_ScenarioFrameworkGet
Get	method	Carved/data007/00369_4bc17203.c	8	8	1	SCR_ScenarioFrameworkGetRandomLayerBase	
BaseContainerProps	method	Carved/data007/00369_4bc17203.c	25	25	1	SCR_ScenarioFrameworkGetRandomLayerBase	
SCR_ScenarioFrameworkGetSpawnedEntity	class	Carved/data007/00369_4bc17203.c	26	44	19		SCR_ScenarioFrameworkGet
Get	method	Carved/data007/00369_4bc17203.c	32	32	1	SCR_ScenarioFrameworkGetSpawnedEntity	
BaseContainerProps	method	Carved/data007/00369_4bc17203.c	44	44	1	SCR_ScenarioFrameworkGetSpawnedEntity	
SCR_ScenarioFrameworkGetSpawnedEntityFromVariable	class	Carved/data007/00369_4bc17203.c	45	71	27		SCR_ScenarioFrameworkGet
Get	method	Carved/data007/00369_4bc17203.c	51	51	1	SCR_ScenarioFrameworkGetSpawnedEntityFromVariable	
BaseContainerProps	method	Carved/data007/00369_4bc17203.c	71	71	1	SCR_ScenarioFrameworkGetSpawnedEntityFromVariable	
SCR_ScenarioFrameworkGetTask	class	Carved/data007/00369_4bc17203.c	72	90	19		SCR_ScenarioFrameworkGet
Get	method	Carved/data007/00369_4bc17203.c	78	78	1	SCR_ScenarioFrameworkGetTask	
SCR_ScenarioFrameworkGetVoiceOverActorEntity	class	Carved/data007/00370_0addbe67.c	2	22	21		SCR_ScenarioFrameworkGet
GetActor	method	Carved/data007/00370_0addbe67.c	11	11	1	SCR_ScenarioFrameworkGetVoiceOverActorEntity	
GetActorEntity	method	Carved/data007/00370_0addbe67.c	17	17	1	SCR_ScenarioFrameworkGetVoiceOverActorEntity	
SCR_ScenarioFrameworkParam	class	Carved/data007/00370_0addbe67.c	23	41	19		
GetValue	method	Carved/data007/00370_0addbe67.c	29	29	1	SCR_ScenarioFrameworkParam	
SCR_ScenarioFrameworkParam	method	Carved/data007/00370_0addbe67.c	37	37	1	SCR_ScenarioFrameworkParam	
SCR_ScenarioFrameworkInstigatorContextConditionVictimTypename	class	Carved/data007/00371_0019c2c9.c	2	31	30		SCR_ScenarioFrameworkInstigatorContextConditionBase
ConditionCheck	method	Carved/data007/00371_0019c2c9.c	11	11	1	SCR_ScenarioFrameworkInstigatorContextConditionVictimTypename	
BaseContainerProps	method	Carved/data007/00371_0019c2c9.c	31	31	1	SCR_ScenarioFrameworkInstigatorContextConditionVictimTypename	
SCR_ScenarioFrameworkActionInputBase	class	Carved/data007/00371_0019c2c9.c	32	43	12		
Init	method	Carved/data007/00371_0019c2c9.c	39	39	1	SCR_ScenarioFrameworkActionInputBase	
SCR_ScenarioFrameworkAIActionDisableLOD	class	Carved/data007/00372_91f8a6b1.c	2	23	22		SCR_ScenarioFrameworkAIAction
OnActivate	method	Carved/data007/00372_91f8a6b1.c	7	7	1	SCR_ScenarioFrameworkAIActionDisableLOD	
BaseContainerProps	method	Carved/data007/00372_91f8a6b1.c	23	23	1	SCR_ScenarioFrameworkAIActionDisableLOD	
SCR_ScenarioFrameworkAIActionEnableAI	class	Carved/data007/00372_91f8a6b1.c	24	46	23		SCR_ScenarioFrameworkAIAction
OnActivate	method	Carved/data007/00372_91f8a6b1.c	30	30	1	SCR_ScenarioFrameworkAIActionEnableAI	
SCR_ScenarioFrameworkAIActionSetCombatType	class	Carved/data007/00373_f0513228.c	3	5	3		SCR_ScenarioFrameworkAIAction
BaseContainerProps	method	Carved/data007/00373_f0513228.c	5	5	1	SCR_ScenarioFrameworkAIActionSetCombatType	
SCR_ScenarioFrameworkAIActionSetFormation	class	Carved/data007/00373_f0513228.c	6	25	20		SCR_ScenarioFrameworkAIAction
OnActivate	method	Carved/data007/00373_f0513228.c	12	12	1	SCR_ScenarioFrameworkAIActionSetFormation	
BaseContainerProps	method	Carved/data007/00373_f0513228.c	25	25	1	SCR_ScenarioFrameworkAIActionSetFormation	
SCR_ScenarioFrameworkAIActionSetGroupCombatMode	class	Carved/data007/00373_f0513228.c	26	43	18		SCR_ScenarioFrameworkAIAction
OnActivate	method	Carved/data007/00373_f0513228.c	32	32	1	SCR_ScenarioFrameworkAIActionSetGroupCombatMode	
SCR_ScenarioFrameworkAIActionSetHoldFire	class	Carved/data007/00373_f0513228.c	45	47	3		SCR_ScenarioFrameworkAIAction
BaseContainerProps	method	Carved/data007/00373_f0513228.c	47	47	1	SCR_ScenarioFrameworkAIActionSetHoldFire	
SCR_ScenarioFrameworkAIActionSetMaxAutonomousDistance	class	Carved/data007/00373_f0513228.c	48	64	17		SCR_ScenarioFrameworkAIAction
OnActivate	method	Carved/data007/00373_f0513228.c	54	54	1	SCR_ScenarioFrameworkAIActionSetMaxAutonomousDistance	
BaseContainerProps	method	Carved/data007/00373_f0513228.c	64	64	1	SCR_ScenarioFrameworkAIActionSetMaxAutonomousDistance	
SCR_ScenarioFrameworkAIActionSetPerceptionFactor	class	Carved/data007/00373_f0513228.c	65	89	25		SCR_ScenarioFrameworkAIAction
OnActivate	method	Carved/data007/00373_f0513228.c	71	71	1	SCR_ScenarioFrameworkAIActionSetPerceptionFactor	
BaseContainerProps	method	Carved/data007/00373_f0513228.c	89	89	1	SCR_ScenarioFrameworkAIActionSetPerceptionFactor	
SCR_ScenarioFrameworkAIActionSetSkill	class	Carved/data007/00373_f0513228.c	90	114	25		SCR_ScenarioFrameworkAIAction
OnActivate	method	Carved/data007/00373_f0513228.c	96	96	1	SCR_ScenarioFrameworkAIActionSetSkill	
SCR_ScenarioFrameworkAIAddDummyPriorityAction	class	Carved/data007/00374_dc0769f3.c	2	27	26		SCR_ScenarioFrameworkAIAction
OnActivate	method	Carved/data007/00374_dc0769f3.c	8	8	1	SCR_ScenarioFrameworkAIAddDummyPriorityAction	
SCR_ScenarioFrameworkAIFailDummyPriorityAction	class	Carved/data007/00375_8a49fcb2.c	2	20	19		SCR_ScenarioFrameworkAIAction
OnActivate	method	Carved/data007/00375_8a49fcb2.c	5	5	1	SCR_ScenarioFrameworkAIFailDummyPriorityAction	
SCR_ScenarioFrameworkDamageContextConditionCollider	class	Carved/data007/00377_f2846b68.c	2	18	17		SCR_ScenarioFrameworkDamageContextConditionBase
ConditionCheck	method	Carved/data007/00377_f2846b68.c	8	8	1	SCR_ScenarioFrameworkDamageContextConditionCollider	
BaseContainerProps	method	Carved/data007/00377_f2846b68.c	18	18	1	SCR_ScenarioFrameworkDamageContextConditionCollider	
SCR_ScenarioFrameworkDamageContextConditionDamageType	class	Carved/data007/00377_f2846b68.c	19	35	17		SCR_ScenarioFrameworkDamageContextConditionBase
ConditionCheck	method	Carved/data007/00377_f2846b68.c	25	25	1	SCR_ScenarioFrameworkDamageContextConditionDamageType	
BaseContainerProps	method	Carved/data007/00377_f2846b68.c	35	35	1	SCR_ScenarioFrameworkDamageContextConditionDamageType	
SCR_ScenarioFrameworkDamageContextConditionHitZone	class	Carved/data007/00377_f2846b68.c	36	53	18		SCR_ScenarioFrameworkDamageContextConditionBase
ConditionCheck	method	Carved/data007/00377_f2846b68.c	42	42	1	SCR_ScenarioFrameworkDamageContextConditionHitZone	
SCR_ScenarioFrameworkDamageContextConditionProjectilePrefab	class	Carved/data007/00378_7d7adddb.c	2	17	16		SCR_ScenarioFrameworkDamageContextConditionBase
ConditionCheck	method	Carved/data007/00378_7d7adddb.c	8	8	1	SCR_ScenarioFrameworkDamageContextConditionProjectilePrefab	
SCR_ScenarioFrameworkMedicalActionAddFallDamage	class	Carved/data007/00379_d47e5449.c	2	14	13		SCR_ScenarioFrameworkMedicalAction
OnActivate	method	Carved/data007/00379_d47e5449.c	8	8	1	SCR_ScenarioFrameworkMedicalActionAddFallDamage	
BaseContainerProps	method	Carved/data007/00379_d47e5449.c	14	14	1	SCR_ScenarioFrameworkMedicalActionAddFallDamage	
SCR_ScenarioFrameworkMedicalActionAddParticularBleeding	class	Carved/data007/00379_d47e5449.c	15	27	13		SCR_ScenarioFrameworkMedicalAction
OnActivate	method	Carved/data007/00379_d47e5449.c	21	21	1	SCR_ScenarioFrameworkMedicalActionAddParticularBleeding	
BaseContainerProps	method	Carved/data007/00379_d47e5449.c	27	27	1	SCR_ScenarioFrameworkMedicalActionAddParticularBleeding	
SCR_ScenarioFrameworkMedicalActionAddRandomBleeding	class	Carved/data007/00379_d47e5449.c	28	37	10		SCR_ScenarioFrameworkMedicalAction
OnActivate	method	Carved/data007/00379_d47e5449.c	31	31	1	SCR_ScenarioFrameworkMedicalActionAddRandomBleeding	
BaseContainerProps	method	Carved/data007/00379_d47e5449.c	37	37	1	SCR_ScenarioFrameworkMedicalActionAddRandomBleeding	
SCR_ScenarioFrameworkMedicalActionEnableDamageHandling	class	Carved/data007/00379_d47e5449.c	38	50	13		SCR_ScenarioFrameworkMedicalAction
OnActivate	method	Carved/data007/00379_d47e5449.c	44	44	1	SCR_ScenarioFrameworkMedicalActionEnableDamageHandling	
BaseContainerProps	method	Carved/data007/00379_d47e5449.c	50	50	1	SCR_ScenarioFrameworkMedicalActionEnableDamageHandling	
SCR_ScenarioFrameworkMedicalActionRemoveAllBleedings	class	Carved/data007/00379_d47e5449.c	51	60	10		SCR_ScenarioFrameworkMedicalAction
OnActivate	method	Carved/data007/00379_d47e5449.c	54	54	1	SCR_ScenarioFrameworkMedicalActionRemoveAllBleedings	
BaseContainerProps	method	Carved/data007/00379_d47e5449.c	60	60	1	SCR_ScenarioFrameworkMedicalActionRemoveAllBleedings	
SCR_ScenarioFrameworkMedicalActionRemoveGroupBleeding	class	Carved/data007/00379_d47e5449.c	61	73	13		SCR_ScenarioFrameworkMedicalAction
OnActivate	method	Carved/data007/00379_d47e5449.c	67	67	1	SCR_ScenarioFrameworkMedicalActionRemoveGroupBleeding	
BaseContainerProps	method	Carved/data007/00379_d47e5449.c	73	73	1	SCR_ScenarioFrameworkMedicalActionRemoveGroupBleeding	
SCR_ScenarioFrameworkMedicalActionSetBleedingRate	class	Carved/data007/00379_d47e5449.c	74	86	13		SCR_ScenarioFrameworkMedicalAction
OnActivate	method	Carved/data007/00379_d47e5449.c	80	80	1	SCR_ScenarioFrameworkMedicalActionSetBleedingRate	
BaseContainerProps	method	Carved/data007/00379_d47e5449.c	86	86	1	SCR_ScenarioFrameworkMedicalActionSetBleedingRate	
SCR_ScenarioFrameworkMedicalActionSetBlood	class	Carved/data007/00379_d47e5449.c	87	106	20		SCR_ScenarioFrameworkMedicalAction
OnActivate	method	Carved/data007/00379_d47e5449.c	93	93	1	SCR_ScenarioFrameworkMedicalActionSetBlood	
BaseContainerProps	method	Carved/data007/00379_d47e5449.c	106	106	1	SCR_ScenarioFrameworkMedicalActionSetBlood	
SCR_ScenarioFrameworkMedicalActionSetPermitUnconsciousness	class	Carved/data007/00379_d47e5449.c	107	119	13		SCR_ScenarioFrameworkMedicalAction
OnActivate	method	Carved/data007/00379_d47e5449.c	113	113	1	SCR_ScenarioFrameworkMedicalActionSetPermitUnconsciousness	
BaseContainerProps	method	Carved/data007/00379_d47e5449.c	119	119	1	SCR_ScenarioFrameworkMedicalActionSetPermitUnconsciousness	
SCR_ScenarioFrameworkMedicalActionSetRegenerationRate	class	Carved/data007/00379_d47e5449.c	120	132	13		SCR_ScenarioFrameworkMedicalAction
OnActivate	method	Carved/data007/00379_d47e5449.c	126	126	1	SCR_ScenarioFrameworkMedicalActionSetRegenerationRate	
BaseContainerProps	method	Carved/data007/00379_d47e5449.c	132	132	1	SCR_ScenarioFrameworkMedicalActionSetRegenerationRate	
SCR_ScenarioFrameworkMedicalActionSetResilience	class	Carved/data007/00379_d47e5449.c	133	152	20		SCR_ScenarioFrameworkMedicalAction
OnActivate	method	Carved/data007/00379_d47e5449.c	139	139	1	SCR_ScenarioFrameworkMedicalActionSetResilience	
SCR_ScenarioFrameworkActionAddNotoriety	class	Carved/data007/00380_182effd2.c	2	16	15		SCR_ScenarioFrameworkActionBase
OnActivate	method	Carved/data007/00380_182effd2.c	8	8	1	SCR_ScenarioFrameworkActionAddNotoriety	
SCR_ScenarioFrameworkActionChangeTime	class	Carved/data007/00381_5f7fe643.c	2	26	25		SCR_ScenarioFrameworkActionBase
OnActivate	method	Carved/data007/00381_5f7fe643.c	11	11	1	SCR_ScenarioFrameworkActionChangeTime	
SCR_ScenarioFrameworkActionDeleteEntity	class	Carved/data007/00382_00860237.c	2	19	18		SCR_ScenarioFrameworkActionBase
OnActivate	method	Carved/data007/00382_00860237.c	8	8	1	SCR_ScenarioFrameworkActionDeleteEntity	
BaseContainerProps	method	Carved/data007/00382_00860237.c	19	19	1	SCR_ScenarioFrameworkActionDeleteEntity	
SCR_ScenarioFrameworkActionDeleteMarker	class	Carved/data007/00382_00860237.c	20	41	22		SCR_ScenarioFrameworkActionBase
OnActivate	method	Carved/data007/00382_00860237.c	26	26	1	SCR_ScenarioFrameworkActionDeleteMarker	
BaseContainerProps	method	Carved/data007/00382_00860237.c	41	41	1	SCR_ScenarioFrameworkActionDeleteMarker	
SCR_ScenarioFrameworkActionEndMission	class	Carved/data007/00382_00860237.c	42	65	24		SCR_ScenarioFrameworkActionBase
OnActivate	method	Carved/data007/00382_00860237.c	51	51	1	SCR_ScenarioFrameworkActionEndMission	
SCR_ScenarioFrameworkActionLimiter	class	Carved/data007/00383_fa0380e5.c	2	26	25		SCR_ScenarioFrameworkActionBase
OnActivate	method	Carved/data007/00383_fa0380e5.c	13	13	1	SCR_ScenarioFrameworkActionLimiter	
SCR_ScenarioFrameworkActionPlayCinematic	class	Carved/data007/00384_c0f760e2.c	2	21	20		SCR_ScenarioFrameworkActionBase
OnActivate	method	Carved/data007/00384_c0f760e2.c	8	8	1	SCR_ScenarioFrameworkActionPlayCinematic	
BaseContainerProps	method	Carved/data007/00384_c0f760e2.c	21	21	1	SCR_ScenarioFrameworkActionPlayCinematic	
SCR_ScenarioFrameworkActionPlayCommunicationSoundOnEntity	class	Carved/data007/00384_c0f760e2.c	22	46	25		SCR_ScenarioFrameworkActionBase
OnActivate	method	Carved/data007/00384_c0f760e2.c	31	31	1	SCR_ScenarioFrameworkActionPlayCommunicationSoundOnEntity	
BaseContainerProps	method	Carved/data007/00384_c0f760e2.c	46	46	1	SCR_ScenarioFrameworkActionPlayCommunicationSoundOnEntity	
SCR_ScenarioFrameworkActionPlayMusic	class	Carved/data007/00384_c0f760e2.c	47	68	22		SCR_ScenarioFrameworkActionBase
OnActivate	method	Carved/data007/00384_c0f760e2.c	53	53	1	SCR_ScenarioFrameworkActionPlayMusic	
BaseContainerProps	method	Carved/data007/00384_c0f760e2.c	68	68	1	SCR_ScenarioFrameworkActionPlayMusic	
SCR_ScenarioFrameworkActionPlaySound	class	Carved/data007/00384_c0f760e2.c	69	87	19		SCR_ScenarioFrameworkActionBase
OnActivate	method	Carved/data007/00384_c0f760e2.c	75	75	1	SCR_ScenarioFrameworkActionPlaySound	
BaseContainerProps	method	Carved/data007/00384_c0f760e2.c	87	87	1	SCR_ScenarioFrameworkActionPlaySound	
SCR_ScenarioFrameworkActionPlaySoundOnEntity	class	Carved/data007/00384_c0f760e2.c	88	112	25		SCR_ScenarioFrameworkActionBase
OnActivate	method	Carved/data007/00384_c0f760e2.c	97	97	1	SCR_ScenarioFrameworkActionPlaySoundOnEntity	
SCR_ScenarioFrameworkActionRandomAction	class	Carved/data007/00385_24ede919.c	2	26	25		SCR_ScenarioFrameworkActionBase
OnActivate	method	Carved/data007/00385_24ede919.c	8	8	1	SCR_ScenarioFrameworkActionRandomAction	
GetSubActions	method	Carved/data007/00385_24ede919.c	22	22	1	SCR_ScenarioFrameworkActionRandomAction	
SCR_ScenarioFrameworkActionSetCharacterUnconscious	class	Carved/data007/00386_01df6cc6.c	2	30	29		SCR_ScenarioFrameworkActionBase
OnActivate	method	Carved/data007/00386_01df6cc6.c	11	11	1	SCR_ScenarioFrameworkActionSetCharacterUnconscious	
SCR_ScenarioFrameworkActionSetEntityName	class	Carved/data007/00387_e037b7df.c	2	22	21		SCR_ScenarioFrameworkActionBase
OnActivate	method	Carved/data007/00387_e037b7df.c	11	11	1	SCR_ScenarioFrameworkActionSetEntityName	
SCR_ScenarioFrameworkActionSetEntityScale	class	Carved/data007/00388_65a287ad.c	2	22	21		SCR_ScenarioFrameworkActionBase
OnActivate	method	Carved/data007/00388_65a287ad.c	11	11	1	SCR_ScenarioFrameworkActionSetEntityScale	
SCR_ScenarioFrameworkSetSignal	class	Carved/data007/00389_dfd14d57.c	2	29	28		SCR_ScenarioFrameworkActionBase
OnActivate	method	Carved/data007/00389_dfd14d57.c	14	14	1	SCR_ScenarioFrameworkSetSignal	
SCR_ScenarioFrameworkActionSetVehicleCruiseSpeed	class	Carved/data007/00390_5d31c861.c	2	26	25		SCR_ScenarioFrameworkActionBase
OnActivate	method	Carved/data007/00390_5d31c861.c	11	11	1	SCR_ScenarioFrameworkActionSetVehicleCruiseSpeed	
SCR_ScenarioFrameworkActionSpawnObjects	class	Carved/data007/00391_591a1f1f.c	2	18	17		SCR_ScenarioFrameworkActionBase
OnActivate	method	Carved/data007/00391_591a1f1f.c	11	11	1	SCR_ScenarioFrameworkActionSpawnObjects	
SCR_ScenarioFrameworkActionStopAnimation	class	Carved/data007/00392_e93e4b50.c	2	30	29		SCR_ScenarioFrameworkActionBase
OnActivate	method	Carved/data007/00392_e93e4b50.c	11	11	1	SCR_ScenarioFrameworkActionStopAnimation	
SCR_ScenarioFrameworkCreateVariable	class	Carved/data007/00393_1e799181.c	2	22	21		SCR_ScenarioFrameworkActionBase
OnActivate	method	Carved/data007/00393_1e799181.c	11	11	1	SCR_ScenarioFrameworkCreateVariable	
BaseContainerProps	method	Carved/data007/00393_1e799181.c	22	22	1	SCR_ScenarioFrameworkCreateVariable	
SCR_ScenarioFrameworkGetVariableValue	class	Carved/data007/00393_1e799181.c	23	42	20		SCR_ScenarioFrameworkActionBase
OnActivate	method	Carved/data007/00393_1e799181.c	29	29	1	SCR_ScenarioFrameworkGetVariableValue	
SCR_ScenarioFrameworkSetVariable	class	Carved/data007/00394_4c20dc1a.c	2	22	21		SCR_ScenarioFrameworkActionBase
OnActivate	method	Carved/data007/00394_4c20dc1a.c	11	11	1	SCR_ScenarioFrameworkSetVariable	
SCR_ScenarioFrameworkLayerTaskDestroyClass	class	Carved/data007/00395_3f928590.c	2	4	3		SCR_ScenarioFrameworkLayerTaskClass
SCR_ScenarioFrameworkLayerTaskDestroy	class	Carved/data007/00395_3f928590.c	6	9	4		SCR_ScenarioFrameworkLayerTask
SCR_ScenarioFrameworkLayerTaskKillClass	class	Carved/data007/00395_3f928590.c	11	13	3		SCR_ScenarioFrameworkLayerTaskClass
SCR_ScenarioFrameworkLayerTaskKill	class	Carved/data007/00395_3f928590.c	15	18	4		SCR_ScenarioFrameworkLayerTask
SCR_ScenarioFrameworkLayerTaskMoveClass	class	Carved/data007/00395_3f928590.c	20	22	3		SCR_ScenarioFrameworkLayerTaskClass
SCR_ScenarioFrameworkLayerTaskMove	class	Carved/data007/00395_3f928590.c	24	26	3		SCR_ScenarioFrameworkLayerTask
SCR_ScenarioFrameworkSlotDestroyClass	class	Carved/data007/00396_2934cb40.c	2	4	3		SCR_ScenarioFrameworkSlotTaskClass
SCR_ScenarioFrameworkSlotDestroy	class	Carved/data007/00396_2934cb40.c	6	8	3		SCR_ScenarioFrameworkSlotTask
SCR_ScenarioFrameworkSlotExtractionClass	class	Carved/data007/00396_2934cb40.c	10	12	3		SCR_ScenarioFrameworkSlotTaskClass
SCR_ScenarioFrameworkSlotExtraction	class	Carved/data007/00396_2934cb40.c	14	26	13		SCR_ScenarioFrameworkSlotTask
FinishInit	method	Carved/data007/00396_2934cb40.c	18	18	1	SCR_ScenarioFrameworkSlotExtraction	
SCR_ScenarioFrameworkSlotKillClass	class	Carved/data007/00396_2934cb40.c	28	30	3		SCR_ScenarioFrameworkSlotTaskAIClass
SCR_ScenarioFrameworkSlotKill	class	Carved/data007/00396_2934cb40.c	32	34	3		SCR_ScenarioFrameworkSlotTaskAI
SCR_ScenarioFrameworkUserActionConditionData	class	Carved/data007/00397_4e15eb66.c	2	21	20		
GetVariableName	method	Carved/data007/00397_4e15eb66.c	11	11	1	SCR_ScenarioFrameworkUserActionConditionData	
GetVariableValue	method	Carved/data007/00397_4e15eb66.c	17	17	1	SCR_ScenarioFrameworkUserActionConditionData	
SCR_ScenarioFrameworkWaypointSet	class	Carved/data007/00397_4e15eb66.c	24	34	11		
Init	method	Carved/data007/00397_4e15eb66.c	30	30	1	SCR_ScenarioFrameworkWaypointSet	
SCR_WaypointSet	class	Carved/data007/00397_4e15eb66.c	39	49	11		
SCR_ScenarioFrameworkOnProjectileShotConditionIsSuppressed	class	Carved/data007/00398_8a2d6348.c	2	19	18		SCR_ScenarioFrameworkOnProjectileShotConditionBase
ConditionCheck	method	Carved/data007/00398_8a2d6348.c	5	5	1	SCR_ScenarioFrameworkOnProjectileShotConditionIsSuppressed	
BaseContainerProps	method	Carved/data007/00398_8a2d6348.c	19	19	1	SCR_ScenarioFrameworkOnProjectileShotConditionIsSuppressed	
SCR_ScenarioFrameworkOnProjectileShotConditionPlayerId	class	Carved/data007/00398_8a2d6348.c	20	32	13		SCR_ScenarioFrameworkOnProjectileShotConditionBase
ConditionCheck	method	Carved/data007/00398_8a2d6348.c	25	25	1	SCR_ScenarioFrameworkOnProjectileShotConditionPlayerId	
BaseContainerProps	method	Carved/data007/00398_8a2d6348.c	32	32	1	SCR_ScenarioFrameworkOnProjectileShotConditionPlayerId	
SCR_ScenarioFrameworkOnProjectileShotConditionProjectilePrefab	class	Carved/data007/00398_8a2d6348.c	33	50	18		SCR_ScenarioFrameworkOnProjectileShotConditionBase
ConditionCheck	method	Carved/data007/00398_8a2d6348.c	38	38	1	SCR_ScenarioFrameworkOnProjectileShotConditionProjectilePrefab	
SCR_ScenarioFrameworkOnProjectileShotConditionWeaponType	class	Carved/data007/00399_b074749e.c	2	18	17		SCR_ScenarioFrameworkOnProjectileShotConditionBase
ConditionCheck	method	Carved/data007/00399_b074749e.c	8	8	1	SCR_ScenarioFrameworkOnProjectileShotConditionWeaponType	
SCR_ScenarioFrameworkExistCondition	class	Carved/data007/00400_4e59a1a6.c	2	18	17		SCR_ScenarioFrameworkActivationConditionBase
Init	method	Carved/data007/00400_4e59a1a6.c	8	8	1	SCR_ScenarioFrameworkExistCondition	
SCR_QRFSpawnSafeZone	class	Carved/data007/00401_73a651a1.c	1	20	20		ScriptAndConfig
GetGroupType	method	Carved/data007/00401_73a651a1.c	10	10	1	SCR_QRFSpawnSafeZone	
GetMinDistanceToClosestObserver	method	Carved/data007/00401_73a651a1.c	16	16	1	SCR_QRFSpawnSafeZone	
SCR_QRFTypeMaxDistance	class	Carved/data007/00401_73a651a1.c	21	40	20		ScriptAndConfig
GetGroupType	method	Carved/data007/00401_73a651a1.c	30	30	1	SCR_QRFTypeMaxDistance	
GetMaxSpawnDistance	method	Carved/data007/00401_73a651a1.c	36	36	1	SCR_QRFTypeMaxDistance	
SCR_QRFVehicleSpawnConfig	class	Carved/data007/00401_73a651a1.c	41	61	21		
SCR_QRFVehicleSpawnConfig	method	Carved/data007/00401_73a651a1.c	54	54	1	SCR_QRFVehicleSpawnConfig	
SCR_ScenarioFrameworkFactionAliasConfig	class	Carved/data007/00402_d0c412ff.c	2	9	8		
SCR_ScenarioFrameworkFactionSwitchedObject	class	Carved/data007/00402_d0c412ff.c	11	17	7		
SCR_CharacterTriggerEntityClass	class	Carved/data007/00402_d0c412ff.c	19	21	3		SCR_ScenarioFrameworkTriggerEntityClass
SCR_CharacterTriggerEntity	class	Carved/data007/00402_d0c412ff.c	23	25	3		SCR_ScenarioFrameworkTriggerEntity
SCR_CustomTriggerConditions	class	Carved/data007/00403_352c5f1b.c	3	9	7		SCR_ScenarioFrameworkActivationConditionBase
Prepare	method	Carved/data007/00403_352c5f1b.c	8	8	1	SCR_CustomTriggerConditions	
SCR_EAnimationState	enum	Carved/data007/00404_e4a5efc6.c	1	5	5		
SCR_EScenarioFrameworkLogicOperatorHelper	class	Carved/data007/00404_e4a5efc6.c	45	55	11		
GetParamInfo	method	Carved/data007/00404_e4a5efc6.c	51	51	1	SCR_EScenarioFrameworkLogicOperatorHelper	
TA_EActivationPresence	enum	Carved/data007/00404_e4a5efc6.c	57	63	7		
SCR_EScenarioFrameworkTriggerActivation	enum	Carved/data007/00404_e4a5efc6.c	65	71	7		
SCR_ETaskNotificationSettings	enum	Carved/data007/00404_e4a5efc6.c	83	90	8		
SCR_ScenarioFrameworkCinematicEntityComponentClass	class	Carved/data007/00405_2791ef33.c	1	3	3		ScriptComponentClass
SCR_ScenarioFrameworkCinematicEntityComponent	class	Carved/data007/00405_2791ef33.c	6	33	28		ScriptComponent
ActivateAction	method	Carved/data007/00405_2791ef33.c	12	12	1	SCR_ScenarioFrameworkCinematicEntityComponent	
SCR_ScenarioFrameworkTaskClearAreaClass	class	Carved/data007/00406_57fda75d.c	1	3	3		SCR_ScenarioFrameworkTaskAreaClass
SCR_ScenarioFrameworkTaskClearArea	class	Carved/data007/00406_57fda75d.c	6	8	3		SCR_ScenarioFrameworkTaskArea
SCR_ScenarioFrameworkTaskData	class	Carved/data007/00406_57fda75d.c	9	31	23		SCR_ExtendedTaskData
Copy	method	Carved/data007/00406_57fda75d.c	17	17	1	SCR_ScenarioFrameworkTaskData	
SCR_BatchedPoisonDamageEffects	class	Carved/data007/00407_bb9d2a9b.c	8	34	27		SCR_BatchedDamageEffects
CopyBatchedData	method	Carved/data007/00407_bb9d2a9b.c	15	15	1	SCR_BatchedPoisonDamageEffects	
SCR_BatchedPoisonDamageEffects	method	Carved/data007/00407_bb9d2a9b.c	29	29	1	SCR_BatchedPoisonDamageEffects	
SCR_LongRangeSoundSystem	class	Carved/data007/00408_f1b49ee2.c	1	24	24		LongRangeSoundSystem
SoundEventTriggered	method	Carved/data007/00408_f1b49ee2.c	3	3	1	SCR_LongRangeSoundSystem	
SCR_SectorPrefabSpawnPointClass	class	Carved/data007/00409_9df0a0d0.c	2	4	3		SCR_PrefabSpawnPointClass
SCR_SectorPrefabSpawnPoint	class	Carved/data007/00409_9df0a0d0.c	6	10	5		SCR_PrefabSpawnPoint
SCR_TaskCreator	class	Carved/data007/00410_e8e850d1.c	2	15	14		
Init	method	Carved/data007/00410_e8e850d1.c	10	10	1	SCR_TaskCreator	
Deinit	method	Carved/data007/00410_e8e850d1.c	14	14	1	SCR_TaskCreator	
SCR_EGroupTaskPopUpPriority	enum	Carved/data007/00411_ac0f20cc.c	2	10	9		
SCR_ETaskNotification	enum	Carved/data007/00411_ac0f20cc.c	12	31	20		
SCR_ETaskNotificationAllowedRole	enum	Carved/data007/00411_ac0f20cc.c	34	39	6		
SCR_ETaskNotificationMsg	enum	Carved/data007/00411_ac0f20cc.c	41	64	24		
SCR_AttachableTaskClass	class	Carved/data007/00412_f2da1bc3.c	2	4	3		SCR_EditorTaskClass
SCR_AttachableTask	class	Carved/data007/00412_f2da1bc3.c	6	28	23		SCR_EditorTask
SetTarget	method	Carved/data007/00412_f2da1bc3.c	13	13	1	SCR_AttachableTask	
GetTarget	method	Carved/data007/00412_f2da1bc3.c	24	24	1	SCR_AttachableTask	
SCR_TaskState	enum	Carved/data007/00413_b72dbb3e.c	3	11	9		
SCR_TaskStateHelper	class	Carved/data007/00413_b72dbb3e.c	14	31	18		
GetParamInfo	method	Carved/data007/00413_b72dbb3e.c	27	27	1	SCR_TaskStateHelper	
SCR_TaskUIComponent	class	Carved/data007/00414_b3af807b.c	5	22	18		ScriptComponent
EOnInit	method	Carved/data007/00414_b3af807b.c	10	10	1	SCR_TaskUIComponent	
OnPostInit	method	Carved/data007/00414_b3af807b.c	18	18	1	SCR_TaskUIComponent	
SCR_TaskDetailDialog	class	Carved/data007/00415_d02d8981.c	2	5	4		ChimeraMenuBase
SCR_TaskListActionButton	class	Carved/data007/00415_d02d8981.c	6	11	6		ScriptedWidgetComponent
ETaskListActions	enum	Carved/data007/00415_d02d8981.c	13	25	13		
SCR_AIGroupAutonomyCheck	class	Carved/data007/00416_1b5ac483.c	2	24	23		SCR_AIGroupConditionCheck
CheckCondition	method	Carved/data007/00416_1b5ac483.c	7	7	1	SCR_AIGroupAutonomyCheck	
SCR_AIGroupConditionCheck	class	Carved/data007/00416_1b5ac483.c	26	45	20		
CheckCondition	method	Carved/data007/00416_1b5ac483.c	35	35	1	SCR_AIGroupConditionCheck	
GetFailedConditionUIInfo	method	Carved/data007/00416_1b5ac483.c	41	41	1	SCR_AIGroupConditionCheck	
SCR_AIGroupSubordinationCheck	class	Carved/data007/00417_f519bb4b.c	2	12	11		SCR_AIGroupConditionCheck
CheckCondition	method	Carved/data007/00417_f519bb4b.c	5	5	1	SCR_AIGroupSubordinationCheck	
SCR_ConditionCheckUIEntry	class	Carved/data007/00417_f519bb4b.c	14	32	19		
GetConditionType	method	Carved/data007/00417_f519bb4b.c	22	22	1	SCR_ConditionCheckUIEntry	
GetFailedConditionUIInfo	method	Carved/data007/00417_f519bb4b.c	28	28	1	SCR_ConditionCheckUIEntry	
SCR_EResupplyTaskSolverErrorState	enum	Carved/data007/00417_f519bb4b.c	33	39	7		
SCR_EResupplyTaskSolverState	enum	Carved/data007/00417_f519bb4b.c	40	48	9		
SCR_ETaskSolverState	enum	Carved/data007/00417_f519bb4b.c	49	55	7		
SCR_TaskSolverConfig	class	Carved/data007/00418_510b7cb6.c	3	19	17		
GetTaskSolverEntry	method	Carved/data007/00418_510b7cb6.c	9	9	1	SCR_TaskSolverConfig	
SCR_TaskSolverContext	class	Carved/data007/00418_510b7cb6.c	20	24	5		
SCR_TaskSolverContext	method	Carved/data007/00418_510b7cb6.c	23	23	1	SCR_TaskSolverContext	
SCR_TaskSolverEntry	class	Carved/data007/00418_510b7cb6.c	26	28	3		
SCR_VehicleConditionCheckUIEntry	class	Carved/data007/00419_51809243.c	2	12	11		SCR_ConditionCheckUIEntry
SCR_VehicleConditionCheckUIEntry	method	Carved/data007/00419_51809243.c	8	8	1	SCR_VehicleConditionCheckUIEntry	
SCR_EVehicleConditionCheckType	enum	Carved/data007/00419_51809243.c	14	19	6		
SCR_VehicleConditionCheck	class	Carved/data007/00419_51809243.c	22	40	19		
GetConditionType	method	Carved/data007/00419_51809243.c	27	27	1	SCR_VehicleConditionCheck	
CheckCondition	method	Carved/data007/00419_51809243.c	36	36	1	SCR_VehicleConditionCheck	
SCR_AutotestRunnerCore	sealed_class	Carved/data007/00420_cadf1e2c.c	5	35	31		SCR_GameCoreBase
CanCreate	method	Carved/data007/00420_cadf1e2c.c	11	11	1	SCR_AutotestRunnerCore	
OnUpdate	method	Carved/data007/00420_cadf1e2c.c	17	17	1	SCR_AutotestRunnerCore	
OnGameEnd	method	Carved/data007/00420_cadf1e2c.c	28	28	1	SCR_AutotestRunnerCore	
SCR_TimeAndWeatherState	class	Carved/data007/00421_8bae02be.c	2	30	29		
GetStartingHour	method	Carved/data007/00421_8bae02be.c	14	14	1	SCR_TimeAndWeatherState	
GetStartingMinutes	method	Carved/data007/00421_8bae02be.c	20	20	1	SCR_TimeAndWeatherState	
GetWeatherPresetName	method	Carved/data007/00421_8bae02be.c	26	26	1	SCR_TimeAndWeatherState	
SCR_WeatherState	class	Carved/data007/00421_8bae02be.c	32	35	4		WeatherState
SCR_HideWidgetPlatformBased	class	Carved/data007/00422_d1c57325.c	16	29	14		ScriptedWidgetComponent
HandlerAttached	method	Carved/data007/00422_d1c57325.c	22	22	1	SCR_HideWidgetPlatformBased	
SCR_DeviceSpecificComponent	class	Carved/data007/00423_54a4c911.c	1	29	29		ScriptedWidgetComponent
OnInputDeviceIsGamepad	method	Carved/data007/00423_54a4c911.c	8	8	1	SCR_DeviceSpecificComponent	
HandlerAttached	method	Carved/data007/00423_54a4c911.c	14	14	1	SCR_DeviceSpecificComponent	
HandlerDeattached	method	Carved/data007/00423_54a4c911.c	23	23	1	SCR_DeviceSpecificComponent	
SCR_EButtonSize	enum	Carved/data007/00424_ed944bd3.c	1	26	26		
SCR_InputButtonLayoutConfig	class	Carved/data007/00424_ed944bd3.c	27	44	18		InputButtonLayoutConfig
GetButtonSize	method	Carved/data007/00424_ed944bd3.c	32	32	1	SCR_InputButtonLayoutConfig	
SCR_InputButtonLayoutEntry	class	Carved/data007/00424_ed944bd3.c	47	49	3		InputButtonLayoutEntry
SCR_InputButtonStyle	class	Carved/data007/00424_ed944bd3.c	52	56	5		InputButtonStyle
SCR_LoadingOverlayWidgets	class	Carved/data007/00425_12c83fbc.c	4	29	26		
GetLayout	method	Carved/data007/00425_12c83fbc.c	7	7	1	SCR_LoadingOverlayWidgets	
Init	method	Carved/data007/00425_12c83fbc.c	17	17	1	SCR_LoadingOverlayWidgets	
SCR_OnFocusUIComponent	class	Carved/data007/00426_0328ccbe.c	5	26	22		ScriptedWidgetComponent
GetOnFocusChanged	method	Carved/data007/00426_0328ccbe.c	9	9	1	SCR_OnFocusUIComponent	
OnFocus	method	Carved/data007/00426_0328ccbe.c	14	14	1	SCR_OnFocusUIComponent	
OnFocusLost	method	Carved/data007/00426_0328ccbe.c	20	20	1	SCR_OnFocusUIComponent	
SCR_EditorCountOrMoreEntitiesSelectedActionCondition	class	Carved/data007/00427_01474d39.c	3	22	20		SCR_AvailableActionCondition
IsAvailable	method	Carved/data007/00427_01474d39.c	9	9	1	SCR_EditorCountOrMoreEntitiesSelectedActionCondition	
SCR_EditorFilterActionCondition	class	Carved/data007/00427_01474d39.c	25	40	16		SCR_AvailableActionCondition
IsAvailable	method	Carved/data007/00427_01474d39.c	31	31	1	SCR_EditorFilterActionCondition	
SCR_EditorIsStateActionCondition	class	Carved/data007/00428_92c838d7.c	3	14	12		SCR_AvailableActionCondition
IsAvailable	method	Carved/data007/00428_92c838d7.c	9	9	1	SCR_EditorIsStateActionCondition	
SCR_EditorModeActiveActionCondition	class	Carved/data007/00429_6c42cd54.c	3	14	12		SCR_AvailableActionCondition
IsAvailable	method	Carved/data007/00429_6c42cd54.c	9	9	1	SCR_EditorModeActiveActionCondition	
SCR_EditorOpenedActionCondition	class	Carved/data007/00429_6c42cd54.c	17	37	21		SCR_AvailableActionCondition
IsAvailable	method	Carved/data007/00429_6c42cd54.c	23	23	1	SCR_EditorOpenedActionCondition	
BaseContainerProps	method	Carved/data007/00429_6c42cd54.c	37	37	1	SCR_EditorOpenedActionCondition	
SCR_EditorPlacedEntityFlagsCondition	class	Carved/data007/00429_6c42cd54.c	38	49	12		SCR_AvailableActionCondition
IsAvailable	method	Carved/data007/00429_6c42cd54.c	44	44	1	SCR_EditorPlacedEntityFlagsCondition	
SCR_HoveredEntityHasFlagsActionCondition	class	Carved/data007/00429_6c42cd54.c	51	70	20		SCR_AvailableActionCondition
IsAvailable	method	Carved/data007/00429_6c42cd54.c	57	57	1	SCR_HoveredEntityHasFlagsActionCondition	
SCR_HasWoundTypeCondition	class	Carved/data007/00430_67fdd3d8.c	2	29	28		SCR_AvailableActionCondition
IsAvailable	method	Carved/data007/00430_67fdd3d8.c	5	5	1	SCR_HasWoundTypeCondition	
BaseContainerProps	method	Carved/data007/00430_67fdd3d8.c	29	29	1	SCR_HasWoundTypeCondition	
SCR_IsCharacterConsciousCondition	class	Carved/data007/00430_67fdd3d8.c	30	37	8		SCR_AvailableActionCondition
IsAvailable	method	Carved/data007/00430_67fdd3d8.c	33	33	1	SCR_IsCharacterConsciousCondition	
SCR_ActiveVoNActionCondition	class	Carved/data007/00430_67fdd3d8.c	39	66	28		SCR_AvailableActionCondition
IsAvailable	method	Carved/data007/00430_67fdd3d8.c	44	44	1	SCR_ActiveVoNActionCondition	
SCR_CanCharacterLeaveLadderCondition	class	Carved/data007/00430_67fdd3d8.c	70	88	19		SCR_AvailableActionCondition
IsAvailable	method	Carved/data007/00430_67fdd3d8.c	73	73	1	SCR_CanCharacterLeaveLadderCondition	
SCR_CanItemBeInspectedCondition	class	Carved/data007/00430_67fdd3d8.c	90	110	21		SCR_AvailableActionCondition
IsAvailable	method	Carved/data007/00430_67fdd3d8.c	94	94	1	SCR_CanItemBeInspectedCondition	
SCR_CharacterBleedingCondition	class	Carved/data007/00430_67fdd3d8.c	112	120	9		SCR_AvailableActionCondition
IsAvailable	method	Carved/data007/00430_67fdd3d8.c	116	116	1	SCR_CharacterBleedingCondition	
SCR_CharacterCanFireWeaponCondition	class	Carved/data007/00430_67fdd3d8.c	122	129	8		SCR_AvailableActionCondition
IsAvailable	method	Carved/data007/00430_67fdd3d8.c	125	125	1	SCR_CharacterCanFireWeaponCondition	
SCR_CharacterCanGetOutCondition	class	Carved/data007/00430_67fdd3d8.c	132	141	10		SCR_AvailableActionCondition
IsAvailable	method	Carved/data007/00430_67fdd3d8.c	137	137	1	SCR_CharacterCanGetOutCondition	
SCR_CharacterFocusModeCondition	class	Carved/data007/00430_67fdd3d8.c	144	159	16		SCR_AvailableActionCondition
IsAvailable	method	Carved/data007/00430_67fdd3d8.c	155	155	1	SCR_CharacterFocusModeCondition	
SCR_CharacterHasGadgetInHandCondition	class	Carved/data007/00431_eba83f02.c	2	11	10		SCR_AvailableActionCondition
IsAvailable	method	Carved/data007/00431_eba83f02.c	7	7	1	SCR_CharacterHasGadgetInHandCondition	
SCR_CharacterHasItemInHandCondition	class	Carved/data007/00431_eba83f02.c	13	21	9		SCR_AvailableActionCondition
IsAvailable	method	Carved/data007/00431_eba83f02.c	17	17	1	SCR_CharacterHasItemInHandCondition	
SCR_CharacterHasLongRadioCondition	class	Carved/data007/00431_eba83f02.c	24	31	8		SCR_AvailableActionCondition
IsAvailable	method	Carved/data007/00431_eba83f02.c	27	27	1	SCR_CharacterHasLongRadioCondition	
SCR_CharacterHasWeaponCondition	class	Carved/data007/00431_eba83f02.c	34	43	10		SCR_AvailableActionCondition
IsAvailable	method	Carved/data007/00431_eba83f02.c	39	39	1	SCR_CharacterHasWeaponCondition	
SCR_CharacterIsFallingCondition	class	Carved/data007/00431_eba83f02.c	46	55	10		SCR_AvailableActionCondition
IsAvailable	method	Carved/data007/00431_eba83f02.c	51	51	1	SCR_CharacterIsFallingCondition	
SCR_CharacterIsGettingInCondition	class	Carved/data007/00431_eba83f02.c	58	67	10		SCR_AvailableActionCondition
IsAvailable	method	Carved/data007/00431_eba83f02.c	63	63	1	SCR_CharacterIsGettingInCondition	
SCR_CharacterIsGettingOutCondition	class	Carved/data007/00431_eba83f02.c	70	79	10		SCR_AvailableActionCondition
IsAvailable	method	Carved/data007/00431_eba83f02.c	75	75	1	SCR_CharacterIsGettingOutCondition	
SCR_CharacterIsSwimmingCondition	class	Carved/data007/00432_fd483a1e.c	3	12	10		SCR_AvailableActionCondition
IsAvailable	method	Carved/data007/00432_fd483a1e.c	8	8	1	SCR_CharacterIsSwimmingCondition	
SCR_CharacterIsUsingItem	class	Carved/data007/00432_fd483a1e.c	16	25	10		SCR_AvailableActionCondition
IsAvailable	method	Carved/data007/00432_fd483a1e.c	21	21	1	SCR_CharacterIsUsingItem	
SCR_CharacterRadioCountCondition	class	Carved/data007/00432_fd483a1e.c	28	41	14		SCR_AvailableActionCondition
IsAvailable	method	Carved/data007/00432_fd483a1e.c	37	37	1	SCR_CharacterRadioCountCondition	
SCR_CharacterReloadingCondition	class	Carved/data007/00432_fd483a1e.c	43	50	8		SCR_AvailableActionCondition
IsAvailable	method	Carved/data007/00432_fd483a1e.c	46	46	1	SCR_CharacterReloadingCondition	
SCR_CharacterSprintingCondition	class	Carved/data007/00432_fd483a1e.c	52	66	15		SCR_AvailableActionCondition
IsAvailable	method	Carved/data007/00432_fd483a1e.c	59	59	1	SCR_CharacterSprintingCondition	
SCR_CharacterStanceCondition	class	Carved/data007/00432_fd483a1e.c	70	82	13		SCR_AvailableActionCondition
IsAvailable	method	Carved/data007/00432_fd483a1e.c	78	78	1	SCR_CharacterStanceCondition	
SCR_CharacterWeaponTypeCondition	class	Carved/data007/00432_fd483a1e.c	86	103	18		SCR_AvailableActionCondition
IsAvailable	method	Carved/data007/00432_fd483a1e.c	94	94	1	SCR_CharacterWeaponTypeCondition	
SCR_DetonatorHasConnectedChargesCondition	class	Carved/data007/00432_fd483a1e.c	105	125	21		SCR_AvailableActionCondition
IsAvailable	method	Carved/data007/00432_fd483a1e.c	110	110	1	SCR_DetonatorHasConnectedChargesCondition	
SCR_GadgetSelectionCondition	class	Carved/data007/00432_fd483a1e.c	127	134	8		SCR_AvailableActionCondition
IsAvailable	method	Carved/data007/00432_fd483a1e.c	130	130	1	SCR_GadgetSelectionCondition	
SCR_IsCharacterInControlCondition	class	Carved/data007/00433_badb837f.c	4	24	21		SCR_AvailableActionCondition
IsAvailable	method	Carved/data007/00433_badb837f.c	10	10	1	SCR_IsCharacterInControlCondition	
SCR_IsCharacterUsingLRRCondition	class	Carved/data007/00433_badb837f.c	27	34	8		SCR_AvailableActionCondition
IsAvailable	method	Carved/data007/00433_badb837f.c	30	30	1	SCR_IsCharacterUsingLRRCondition	
SCR_IsCharacterUsingRadioCondition	class	Carved/data007/00433_badb837f.c	36	43	8		SCR_AvailableActionCondition
IsAvailable	method	Carved/data007/00433_badb837f.c	39	39	1	SCR_IsCharacterUsingRadioCondition	
SCR_WeaponSwitchAvailableCondition	class	Carved/data007/00434_3f3d7ff0.c	2	9	8		SCR_AvailableActionCondition
IsAvailable	method	Carved/data007/00434_3f3d7ff0.c	5	5	1	SCR_WeaponSwitchAvailableCondition	
SCR_CommandMenuOpenCondition	class	Carved/data007/00434_3f3d7ff0.c	11	28	18		SCR_AvailableActionCondition
IsAvailable	method	Carved/data007/00434_3f3d7ff0.c	16	16	1	SCR_CommandMenuOpenCondition	
SCR_CommandMenuSelectedCondition	class	Carved/data007/00434_3f3d7ff0.c	30	47	18		SCR_AvailableActionCondition
IsAvailable	method	Carved/data007/00434_3f3d7ff0.c	35	35	1	SCR_CommandMenuSelectedCondition	
BaseContainerProps	method	Carved/data007/00434_3f3d7ff0.c	47	47	1	SCR_CommandMenuSelectedCondition	
SCR_MapCanActivateCondition	class	Carved/data007/00434_3f3d7ff0.c	48	58	11		SCR_AvailableActionCondition
IsAvailable	method	Carved/data007/00434_3f3d7ff0.c	51	51	1	SCR_MapCanActivateCondition	
BaseContainerProps	method	Carved/data007/00434_3f3d7ff0.c	58	58	1	SCR_MapCanActivateCondition	
SCR_MapCanDragCondition	class	Carved/data007/00434_3f3d7ff0.c	59	66	8		SCR_AvailableActionCondition
IsAvailable	method	Carved/data007/00434_3f3d7ff0.c	62	62	1	SCR_MapCanDragCondition	
SCR_MapCanResetRotationCondition	class	Carved/data007/00434_3f3d7ff0.c	68	75	8		SCR_AvailableActionCondition
IsAvailable	method	Carved/data007/00434_3f3d7ff0.c	71	71	1	SCR_MapCanResetRotationCondition	
BaseContainerProps	method	Carved/data007/00434_3f3d7ff0.c	75	75	1	SCR_MapCanResetRotationCondition	
SCR_MapCanRotateCondition	class	Carved/data007/00434_3f3d7ff0.c	76	83	8		SCR_AvailableActionCondition
IsAvailable	method	Carved/data007/00434_3f3d7ff0.c	79	79	1	SCR_MapCanRotateCondition	
SCR_IsActionTriggeredCondition	class	Carved/data007/00435_e542cd4d.c	2	12	11		SCR_AvailableActionCondition
IsAvailable	method	Carved/data007/00435_e542cd4d.c	8	8	1	SCR_IsActionTriggeredCondition	
SCR_IsContextEnabledCondition	class	Carved/data007/00435_e542cd4d.c	14	25	12		SCR_AvailableActionCondition
IsAvailable	method	Carved/data007/00435_e542cd4d.c	20	20	1	SCR_IsContextEnabledCondition	
SCR_IsUsingMouseAndKeyboardCondition	class	Carved/data007/00435_e542cd4d.c	27	33	7		SCR_AvailableActionCondition
IsAvailable	method	Carved/data007/00435_e542cd4d.c	29	29	1	SCR_IsUsingMouseAndKeyboardCondition	
SCR_LastUsedInputDevice	class	Carved/data007/00435_e542cd4d.c	35	45	11		SCR_AvailableActionCondition
IsAvailable	method	Carved/data007/00435_e542cd4d.c	41	41	1	SCR_LastUsedInputDevice	
SCR_HelicopterAutohoverCondition	class	Carved/data007/00436_dcf961bd.c	3	11	9		SCR_AvailableActionCondition
IsAvailable	method	Carved/data007/00436_dcf961bd.c	6	6	1	SCR_HelicopterAutohoverCondition	
SCR_HelicopterWheelBrakesCondition	class	Carved/data007/00436_dcf961bd.c	14	32	19		SCR_AvailableActionCondition
IsAvailable	method	Carved/data007/00436_dcf961bd.c	17	17	1	SCR_HelicopterWheelBrakesCondition	
SCR_VehicleBrakeCondition	class	Carved/data007/00437_1ea3bfcb.c	3	20	18		SCR_AvailableActionCondition
IsAvailable	method	Carved/data007/00437_1ea3bfcb.c	11	11	1	SCR_VehicleBrakeCondition	
SCR_VehicleClutchCondition	class	Carved/data007/00437_1ea3bfcb.c	23	40	18		SCR_AvailableActionCondition
IsAvailable	method	Carved/data007/00437_1ea3bfcb.c	31	31	1	SCR_VehicleClutchCondition	
SCR_VehicleDamageStateCondition	class	Carved/data007/00438_a6ad1a7f.c	2	17	16		SCR_AvailableActionCondition
IsAvailable	method	Carved/data007/00438_a6ad1a7f.c	8	8	1	SCR_VehicleDamageStateCondition	
SCR_VehicleDrivingAssistanceCondition	class	Carved/data007/00438_a6ad1a7f.c	20	32	13		SCR_AvailableActionCondition
IsAvailable	method	Carved/data007/00438_a6ad1a7f.c	28	28	1	SCR_VehicleDrivingAssistanceCondition	
SCR_VehicleEngineOnCondition	class	Carved/data007/00438_a6ad1a7f.c	35	43	9		SCR_AvailableActionCondition
IsAvailable	method	Carved/data007/00438_a6ad1a7f.c	38	38	1	SCR_VehicleEngineOnCondition	
SCR_VehicleHasAnyGroundContactCondition	class	Carved/data007/00439_6bdeab09.c	4	16	13		SCR_AvailableActionCondition
IsAvailable	method	Carved/data007/00439_6bdeab09.c	7	7	1	SCR_VehicleHasAnyGroundContactCondition	
SCR_VehiclePersistentBrakeEngagedCondition	class	Carved/data007/00440_991f2045.c	3	13	11		SCR_AvailableActionCondition
IsAvailable	method	Carved/data007/00440_991f2045.c	8	8	1	SCR_VehiclePersistentBrakeEngagedCondition	
SCR_VehicleThrottleCondition	class	Carved/data007/00441_ec33e2f9.c	3	20	18		SCR_AvailableActionCondition
IsAvailable	method	Carved/data007/00441_ec33e2f9.c	11	11	1	SCR_VehicleThrottleCondition	
SCR_VehicleTurboCondition	class	Carved/data007/00441_ec33e2f9.c	22	37	16		SCR_AvailableActionCondition
IsAvailable	method	Carved/data007/00441_ec33e2f9.c	29	29	1	SCR_VehicleTurboCondition	
SCR_HasMultipleMuzzles	class	Carved/data007/00442_e0740cd8.c	2	12	11		SCR_AvailableActionCondition
IsAvailable	method	Carved/data007/00442_e0740cd8.c	7	7	1	SCR_HasMultipleMuzzles	
SCR_HasMultipleWeaponsCondition	class	Carved/data007/00442_e0740cd8.c	14	39	26		SCR_AvailableActionCondition
IsAvailable	method	Carved/data007/00442_e0740cd8.c	17	17	1	SCR_HasMultipleWeaponsCondition	
BaseContainerProps	method	Carved/data007/00442_e0740cd8.c	39	39	1	SCR_HasMultipleWeaponsCondition	
SCR_IsBallisticDataDisplayVisibleCondition	class	Carved/data007/00442_e0740cd8.c	40	50	11		SCR_AvailableActionCondition
IsAvailable	method	Carved/data007/00442_e0740cd8.c	44	44	1	SCR_IsBallisticDataDisplayVisibleCondition	
BaseContainerProps	method	Carved/data007/00442_e0740cd8.c	50	50	1	SCR_IsBallisticDataDisplayVisibleCondition	
SCR_IsUsingVariableSightsCondition	class	Carved/data007/00442_e0740cd8.c	51	67	17		SCR_AvailableActionCondition
IsAvailable	method	Carved/data007/00442_e0740cd8.c	54	54	1	SCR_IsUsingVariableSightsCondition	
SCR_MuzzleTypeCondition	class	Carved/data007/00443_834c6b93.c	3	16	14		SCR_AvailableActionCondition
IsAvailable	method	Carved/data007/00443_834c6b93.c	11	11	1	SCR_MuzzleTypeCondition	
SCR_WeaponBipodCondition	class	Carved/data007/00444_e2cb3a23.c	3	17	15		SCR_AvailableActionCondition
IsAvailable	method	Carved/data007/00444_e2cb3a23.c	11	11	1	SCR_WeaponBipodCondition	
SCR_WeaponDeployCondition	class	Carved/data007/00445_45d8a5a3.c	2	26	25		SCR_AvailableActionCondition
IsAvailable	method	Carved/data007/00445_45d8a5a3.c	11	11	1	SCR_WeaponDeployCondition	
SCR_WeaponHasMagazineCondition	class	Carved/data007/00446_6d46f159.c	3	12	10		SCR_AvailableActionCondition
IsAvailable	method	Carved/data007/00446_6d46f159.c	8	8	1	SCR_WeaponHasMagazineCondition	
SCR_WeaponIsRaisedCondition	class	Carved/data007/00446_6d46f159.c	14	21	8		SCR_AvailableActionCondition
IsAvailable	method	Carved/data007/00446_6d46f159.c	17	17	1	SCR_WeaponIsRaisedCondition	
SCR_WeaponManipulationCondition	class	Carved/data007/00447_0f9e3b58.c	2	8	7		SCR_AvailableActionCondition
IsAvailable	method	Carved/data007/00447_0f9e3b58.c	4	4	1	SCR_WeaponManipulationCondition	
BaseContainerProps	method	Carved/data007/00447_0f9e3b58.c	8	8	1	SCR_WeaponManipulationCondition	
SCR_WeaponMuzzleChamberedCondition	class	Carved/data007/00447_0f9e3b58.c	9	21	13		SCR_AvailableActionCondition
IsAvailable	method	Carved/data007/00447_0f9e3b58.c	13	13	1	SCR_WeaponMuzzleChamberedCondition	
SCR_WeaponSightHasZeroingCondition	class	Carved/data007/00447_0f9e3b58.c	23	33	11		SCR_AvailableActionCondition
IsAvailable	method	Carved/data007/00447_0f9e3b58.c	28	28	1	SCR_WeaponSightHasZeroingCondition	
SCR_ANDCondition	class	Carved/data007/00447_0f9e3b58.c	36	55	20		SCR_AvailableActionsGroupCondition
IsAvailable	method	Carved/data007/00447_0f9e3b58.c	41	41	1	SCR_ANDCondition	
SCR_ComparerOperator	enum	Carved/data007/00447_0f9e3b58.c	57	64	8		
SCR_Comparer	class	Carved/data007/00447_0f9e3b58.c	68	93	26		
Compare	method	Carved/data007/00447_0f9e3b58.c	71	71	1	SCR_Comparer	
SCR_ORCondition	class	Carved/data007/00447_0f9e3b58.c	96	115	20		SCR_AvailableActionsGroupCondition
IsAvailable	method	Carved/data007/00447_0f9e3b58.c	101	101	1	SCR_ORCondition	
SCR_AvailableActionsGroupCondition	class	Carved/data007/00447_0f9e3b58.c	119	123	5		SCR_AvailableActionCondition
SCR_RadialMenuActiveActionCondition	class	Carved/data007/00447_0f9e3b58.c	126	144	19		SCR_AvailableActionCondition
IsAvailable	method	Carved/data007/00447_0f9e3b58.c	132	132	1	SCR_RadialMenuActiveActionCondition	
SCR_RadialMenuTypeActiveActionCondition	class	Carved/data007/00447_0f9e3b58.c	146	167	22		SCR_AvailableActionCondition
IsAvailable	method	Carved/data007/00447_0f9e3b58.c	155	155	1	SCR_RadialMenuTypeActiveActionCondition	
SCR_VONMenuActiveActionCondition	class	Carved/data007/00447_0f9e3b58.c	169	188	20		SCR_AvailableActionCondition
IsAvailable	method	Carved/data007/00447_0f9e3b58.c	174	174	1	SCR_VONMenuActiveActionCondition	
SCR_ItemPlacementActionsDisplay	class	Carved/data007/00448_0e4ac757.c	2	25	24		SCR_AvailableActionContext
GetUIName	method	Carved/data007/00448_0e4ac757.c	8	8	1	SCR_ItemPlacementActionsDisplay	
IsAvailable	method	Carved/data007/00448_0e4ac757.c	17	17	1	SCR_ItemPlacementActionsDisplay	
SCR_MortarAzimuthDisplay	class	Carved/data007/00449_d4174c8e.c	1	15	15		SCR_BaseWeaponAzimuthDisplay
DisplayStartDraw	method	Carved/data007/00449_d4174c8e.c	6	6	1	SCR_MortarAzimuthDisplay	
SCR_MortarElevationDisplay	class	Carved/data007/00449_d4174c8e.c	16	30	15		SCR_BaseWeaponElevationDisplay
DisplayStartDraw	method	Carved/data007/00449_d4174c8e.c	21	21	1	SCR_MortarElevationDisplay	
SCR_MortarInfo	class	Carved/data007/00449_d4174c8e.c	33	55	23		SCR_InfoDisplayExtended
DisplayStartDraw	method	Carved/data007/00449_d4174c8e.c	41	41	1	SCR_MortarInfo	
GetMils	method	Carved/data007/00449_d4174c8e.c	51	51	1	SCR_MortarInfo	
SCR_MortarInfoWidgets	class	Carved/data007/00449_d4174c8e.c	58	81	24		
Init	method	Carved/data007/00449_d4174c8e.c	67	67	1	SCR_MortarInfoWidgets	
GetLayout	method	Carved/data007/00449_d4174c8e.c	77	77	1	SCR_MortarInfoWidgets	
SCR_VehicleTurretAzimuthDisplay	class	Carved/data007/00449_d4174c8e.c	83	108	26		SCR_BaseWeaponAzimuthDisplay
GetMuzzleDirection	method	Carved/data007/00449_d4174c8e.c	86	86	1	SCR_VehicleTurretAzimuthDisplay	
SCR_VehicleTurretElevationDisplay	class	Carved/data007/00449_d4174c8e.c	109	134	26		SCR_BaseWeaponElevationDisplay
GetMuzzleDirection	method	Carved/data007/00449_d4174c8e.c	112	112	1	SCR_VehicleTurretElevationDisplay	
SCR_SelectionMenuEntryCommandComponent	class	Carved/data007/00450_bb8e8d5a.c	2	23	22		SCR_SelectionMenuEntryIconComponent
HandlerAttached	method	Carved/data007/00450_bb8e8d5a.c	10	10	1	SCR_SelectionMenuEntryCommandComponent	
SetCommandText	method	Carved/data007/00450_bb8e8d5a.c	18	18	1	SCR_SelectionMenuEntryCommandComponent	
SCR_StatsPanelWidgets	class	Carved/data007/00451_b8186f68.c	4	37	34		
GetLayout	method	Carved/data007/00451_b8186f68.c	7	7	1	SCR_StatsPanelWidgets	
Init	method	Carved/data007/00451_b8186f68.c	21	21	1	SCR_StatsPanelWidgets	
SCR_AnalogGauge360Small	class	Carved/data007/00452_4066a3fc.c	2	22	21		SCR_AnalogGauge360
GetGaugeData	method	Carved/data007/00452_4066a3fc.c	5	5	1	SCR_AnalogGauge360Small	
SCR_AnalogGaugeSmall	class	Carved/data007/00453_fb081cc6.c	2	22	21		SCR_AnalogGauge
GetGaugeData	method	Carved/data007/00453_fb081cc6.c	5	5	1	SCR_AnalogGaugeSmall	
SCR_HZInfoEngineHeli	class	Carved/data007/00454_c29805ad.c	1	14	14		SCR_HZInfoHeli
GetState	method	Carved/data007/00454_c29805ad.c	5	5	1	SCR_HZInfoEngineHeli	
SCR_HZInfoGearboxHeli	class	Carved/data007/00454_c29805ad.c	15	17	3		SCR_HZInfoHeli
SCR_IdentityItemLoadoutArea	class	Carved/data007/00455_27b2bb05.c	2	11	10		SCR_LoadoutArea
IsValid	method	Carved/data007/00455_27b2bb05.c	5	5	1	SCR_IdentityItemLoadoutArea	
SCR_MANW_Dialogs	class	Carved/data007/00456_eff9c47d.c	2	12	11		
CreateBannerDialog	method	Carved/data007/00456_eff9c47d.c	8	8	1	SCR_MANW_Dialogs	
SCR_MANW_RankLabelWidgets	class	Carved/data007/00457_306bcf4d.c	3	24	22		
Init	method	Carved/data007/00457_306bcf4d.c	11	11	1	SCR_MANW_RankLabelWidgets	
GetLayout	method	Carved/data007/00457_306bcf4d.c	20	20	1	SCR_MANW_RankLabelWidgets	
BetaWarningDialogUI	class	Carved/data007/00457_306bcf4d.c	26	51	26		ChimeraMenuBase
ConfirmButton	method	Carved/data007/00457_306bcf4d.c	33	33	1	BetaWarningDialogUI	
CloseDialog	method	Carved/data007/00457_306bcf4d.c	39	39	1	BetaWarningDialogUI	
OnMenuOpen	method	Carved/data007/00457_306bcf4d.c	46	46	1	BetaWarningDialogUI	
SCR_CampaignMenuConfiguration	class	Carved/data007/00457_306bcf4d.c	55	59	5		Managed
SCR_CareerProfileMenuUI	class	Carved/data007/00458_08bbb6a2.c	1	32	32		SCR_SuperMenuBase
OnMenuOpen	method	Carved/data007/00458_08bbb6a2.c	6	6	1	SCR_CareerProfileMenuUI	
SCR_CompareLocalizeProperty	class	Carved/data007/00459_31e7923d.c	3	28	26		SCR_SortCompare
Compare	method	Carved/data007/00459_31e7923d.c	6	6	1	SCR_CompareLocalizeProperty	
ResolveName	method	Carved/data007/00459_31e7923d.c	21	21	1	SCR_CompareLocalizeProperty	
SCR_WidgetListEntryResourcePicker	class	Carved/data007/00460_c0899e6e.c	2	29	28		SCR_WidgetListEntry
SetupHandlers	method	Carved/data007/00460_c0899e6e.c	7	7	1	SCR_WidgetListEntryResourcePicker	
SetValue	method	Carved/data007/00460_c0899e6e.c	13	13	1	SCR_WidgetListEntryResourcePicker	
ValueAsString	method	Carved/data007/00460_c0899e6e.c	19	19	1	SCR_WidgetListEntryResourcePicker	
GetResourcePicker	method	Carved/data007/00460_c0899e6e.c	25	25	1	SCR_WidgetListEntryResourcePicker	
SCR_AddonsExportSubMenuWidgets	class	Carved/data007/00461_da2b445f.c	4	21	18		
GetLayout	method	Carved/data007/00461_da2b445f.c	7	7	1	SCR_AddonsExportSubMenuWidgets	
Init	method	Carved/data007/00461_da2b445f.c	13	13	1	SCR_AddonsExportSubMenuWidgets	
SCR_WorkshopAddonLineComponent	class	Carved/data007/00462_2b007102.c	27	55	29		SCR_AddonLineBaseComponent
OnClick	method	Carved/data007/00462_2b007102.c	30	30	1	SCR_WorkshopAddonLineComponent	
UpdateAllWidgets	method	Carved/data007/00462_2b007102.c	39	39	1	SCR_WorkshopAddonLineComponent	
IsEnabled	method	Carved/data007/00462_2b007102.c	48	48	1	SCR_WorkshopAddonLineComponent	
SCR_BannedAddonsDetectedDialog	class	Carved/data007/00463_5c921fd0.c	2	26	25		SCR_ConfigurableDialogUi
SCR_BannedAddonsDetectedDialog	method	Carved/data007/00463_5c921fd0.c	7	7	1	SCR_BannedAddonsDetectedDialog	
OnMenuOpen	method	Carved/data007/00463_5c921fd0.c	14	14	1	SCR_BannedAddonsDetectedDialog	
SCR_ContentBrowserFilterTag	class	Carved/data007/00464_c2f96681.c	8	30	23		SCR_FilterEntry
GetWorkshopTag	method	Carved/data007/00464_c2f96681.c	18	18	1	SCR_ContentBrowserFilterTag	
RegisterInWorkshopApi	method	Carved/data007/00464_c2f96681.c	25	25	1	SCR_ContentBrowserFilterTag	
SCR_SpawnPreload	class	Carved/data007/00465_db4612e7.c	1	28	28		SimplePreload
PreloadSpawnPosition	method	Carved/data007/00465_db4612e7.c	5	5	1	SCR_SpawnPreload	
SCR_SpawnPreload	method	Carved/data007/00465_db4612e7.c	19	19	1	SCR_SpawnPreload	
SCR_SpawnPreload	method	Carved/data007/00465_db4612e7.c	24	24	1	SCR_SpawnPreload	
SCR_MessageDialogContent	class	Carved/data007/00466_b6ebd447.c	4	34	31		SCR_ScriptedWidgetComponent
HandlerAttached	method	Carved/data007/00466_b6ebd447.c	12	12	1	SCR_MessageDialogContent	
SetMessage	method	Carved/data007/00466_b6ebd447.c	20	20	1	SCR_MessageDialogContent	
GetMessage	method	Carved/data007/00466_b6ebd447.c	27	27	1	SCR_MessageDialogContent	
SCR_DialogDataComponent	class	Carved/data007/00467_909a51bb.c	6	13	8		ScriptedWidgetComponent
SCR_ErrorDialogDataComponent	class	Carved/data007/00467_909a51bb.c	16	20	5		SCR_DialogDataComponent
SCR_DownloadManager_CircleProgressIndicatorWidgets	class	Carved/data007/00468_5cef3397.c	1	28	28		
GetLayout	method	Carved/data007/00468_5cef3397.c	4	4	1	SCR_DownloadManager_CircleProgressIndicatorWidgets	
Init	method	Carved/data007/00468_5cef3397.c	15	15	1	SCR_DownloadManager_CircleProgressIndicatorWidgets	
SCR_DownloadManager_PanelWidgets	class	Carved/data007/00469_ed6e848e.c	4	23	20		
GetLayout	method	Carved/data007/00469_ed6e848e.c	7	7	1	SCR_DownloadManager_PanelWidgets	
Init	method	Carved/data007/00469_ed6e848e.c	14	14	1	SCR_DownloadManager_PanelWidgets	
SCR_DownloadManager_ProgressIndicatorWidgets	class	Carved/data007/00470_3e0cdaa7.c	4	29	26		
GetLayout	method	Carved/data007/00470_3e0cdaa7.c	7	7	1	SCR_DownloadManager_ProgressIndicatorWidgets	
Init	method	Carved/data007/00470_3e0cdaa7.c	17	17	1	SCR_DownloadManager_ProgressIndicatorWidgets	
SCR_FieldManualEntryScriptedWidgetEventHandler	class	Carved/data007/00471_d0900df0.c	1	21	21		ScriptedWidgetEventHandler
OnClick	method	Carved/data007/00471_d0900df0.c	6	6	1	SCR_FieldManualEntryScriptedWidgetEventHandler	
SCR_FieldManualEntryScriptedWidgetEventHandler	method	Carved/data007/00471_d0900df0.c	17	17	1	SCR_FieldManualEntryScriptedWidgetEventHandler	
SCR_FieldManualSubCategoryScriptedWidgetEventHandler	class	Carved/data007/00471_d0900df0.c	22	42	21		ScriptedWidgetEventHandler
OnClick	method	Carved/data007/00471_d0900df0.c	27	27	1	SCR_FieldManualSubCategoryScriptedWidgetEventHandler	
SCR_FieldManualSubCategoryScriptedWidgetEventHandler	method	Carved/data007/00471_d0900df0.c	38	38	1	SCR_FieldManualSubCategoryScriptedWidgetEventHandler	
SCR_MainMenuConfiguration	class	Carved/data007/00472_2f36567f.c	2	15	14		Managed
SCR_MainMenuConfigEntry	class	Carved/data007/00472_2f36567f.c	18	25	8		Managed
SCR_GroupLeaderVolunteerDialogUI	class	Carved/data007/00473_189ef52f.c	1	15	15		DialogUI
OnConfirm	method	Carved/data007/00473_189ef52f.c	4	4	1	SCR_GroupLeaderVolunteerDialogUI	
SCR_PlayerProfileDialogUI	class	Carved/data007/00474_7896f526.c	2	17	16		SCR_LoginProcessDialogUI
OnConfirm	method	Carved/data007/00474_7896f526.c	5	5	1	SCR_PlayerProfileDialogUI	
OnSuccess	method	Carved/data007/00474_7896f526.c	13	13	1	SCR_PlayerProfileDialogUI	
SCR_PlayMenuConfiguration	class	Carved/data007/00474_7896f526.c	19	29	11		Managed
SCR_MultiplayerMenuComponent	class	Carved/data007/00475_dfaca232.c	2	6	5		ChimeraMenuBase
SCR_PasswordDialogComponent	class	Carved/data007/00475_dfaca232.c	7	26	20		ScriptedWidgetComponent
HandlerAttached	method	Carved/data007/00475_dfaca232.c	20	20	1	SCR_PasswordDialogComponent	
SCR_SettingBindingGameplay	class	Carved/data007/00476_71acc807.c	13	25	13		SCR_SettingsBindingBase
SCR_SettingBindingGameplay	method	Carved/data007/00476_71acc807.c	15	15	1	SCR_SettingBindingGameplay	
WidgetLibraryMenuUI	class	Carved/data007/00477_7e3f638f.c	2	18	17		ChimeraMenuBase
OnMenuOpen	method	Carved/data007/00477_7e3f638f.c	5	5	1	WidgetLibraryMenuUI	
OnBack	method	Carved/data007/00477_7e3f638f.c	14	14	1	WidgetLibraryMenuUI	
SCR_NametagConfigComponentClass	class	Carved/data007/00478_e6973b7c.c	2	3	2		ScriptComponentClass
SCR_NametagConfigComponent	class	Carved/data007/00478_e6973b7c.c	7	19	13		ScriptComponent
GetConfigPath	method	Carved/data007/00478_e6973b7c.c	14	14	1	SCR_NametagConfigComponent	
SCR_FadeInOutEffect	class	Carved/data007/00479_cef3f139.c	1	30	30		SCR_BaseScreenEffect
DisplayStartDraw	method	Carved/data007/00479_cef3f139.c	7	7	1	SCR_FadeInOutEffect	
FadeOutEffect	method	Carved/data007/00479_cef3f139.c	15	15	1	SCR_FadeInOutEffect	
ClearEffects	method	Carved/data007/00479_cef3f139.c	25	25	1	SCR_FadeInOutEffect	
ScriptedChatEntityClass	class	Carved/data007/00480_48a100b7.c	5	7	3		BaseChatEntityClass
ScriptedChatEntity	class	Carved/data007/00480_48a100b7.c	9	32	24		BaseChatEntity
ScriptedChatEntity	method	Carved/data007/00480_48a100b7.c	12	12	1	ScriptedChatEntity	
GetChannelId	method	Carved/data007/00480_48a100b7.c	19	19	1	ScriptedChatEntity	
SCR_AssignedGroupLabelWidgets	class	Carved/data007/00481_8cec6a1c.c	3	24	22		
Init	method	Carved/data007/00481_8cec6a1c.c	11	11	1	SCR_AssignedGroupLabelWidgets	
GetLayout	method	Carved/data007/00481_8cec6a1c.c	20	20	1	SCR_AssignedGroupLabelWidgets	
SCR_AssignedPlayerLabelUIComponent	class	Carved/data007/00481_8cec6a1c.c	25	48	24		SCR_ScriptedWidgetComponent
HandlerAttached	method	Carved/data007/00481_8cec6a1c.c	30	30	1	SCR_AssignedPlayerLabelUIComponent	
SetPlayerName	method	Carved/data007/00481_8cec6a1c.c	38	38	1	SCR_AssignedPlayerLabelUIComponent	
GetPlatformIconWidget	method	Carved/data007/00481_8cec6a1c.c	44	44	1	SCR_AssignedPlayerLabelUIComponent	
SCR_AssignedPlayerLabelWidgets	class	Carved/data007/00481_8cec6a1c.c	51	72	22		
Init	method	Carved/data007/00481_8cec6a1c.c	59	59	1	SCR_AssignedPlayerLabelWidgets	
GetLayout	method	Carved/data007/00481_8cec6a1c.c	68	68	1	SCR_AssignedPlayerLabelWidgets	
SCR_TaskListFocusUIComponent	class	Carved/data007/00482_0e2baa7e.c	1	34	34		SCR_ScriptedWidgetComponent
HandlerAttached	method	Carved/data007/00482_0e2baa7e.c	6	6	1	SCR_TaskListFocusUIComponent	
OnMouseEnter	method	Carved/data007/00482_0e2baa7e.c	14	14	1	SCR_TaskListFocusUIComponent	
OnMouseLeave	method	Carved/data007/00482_0e2baa7e.c	25	25	1	SCR_TaskListFocusUIComponent	
SCR_TaskListTabEntryWidgets	class	Carved/data007/00483_c4af40ac.c	3	24	22		
Init	method	Carved/data007/00483_c4af40ac.c	11	11	1	SCR_TaskListTabEntryWidgets	
GetLayout	method	Carved/data007/00483_c4af40ac.c	20	20	1	SCR_TaskListTabEntryWidgets	
BurnUserAction	class	Carved/data007/00484_e72b3c09.c	1	14	14		ScriptedUserAction
PerformAction	method	Carved/data007/00484_e72b3c09.c	3	3	1	BurnUserAction	
SCR_HandSlotPickUpItemAction	class	Carved/data007/00485_86fa1f8b.c	1	14	14		SCR_PickUpItemAction
PerformActionInternal	method	Carved/data007/00485_86fa1f8b.c	5	5	1	SCR_HandSlotPickUpItemAction	
SCR_MineFlagPickUpAction	class	Carved/data007/00486_6cfe61e3.c	2	23	22		SCR_PickUpItemAction
GetOnItemPickUp	method	Carved/data007/00486_6cfe61e3.c	7	7	1	SCR_MineFlagPickUpAction	
PerformAction	method	Carved/data007/00486_6cfe61e3.c	16	16	1	SCR_MineFlagPickUpAction	
SCR_MinePickUpItemAction	class	Carved/data007/00486_6cfe61e3.c	24	37	14		SCR_PickUpItemAction
CanBeShownScript	method	Carved/data007/00486_6cfe61e3.c	28	28	1	SCR_MinePickUpItemAction	
SCR_OpenStorageAction	class	Carved/data007/00487_e15080fc.c	3	20	18		SCR_InventoryAction
PerformActionInternal	method	Carved/data007/00487_e15080fc.c	7	7	1	SCR_OpenStorageAction	
SCR_TestScriptedRadioMsgUserAction	class	Carved/data007/00489_ef75f947.c	1	19	19		ScriptedUserAction
PerformAction	method	Carved/data007/00489_ef75f947.c	4	4	1	SCR_TestScriptedRadioMsgUserAction	
SCR_TutorialBuildingStartUserAction	class	Carved/data007/00490_bc01d6b5.c	2	20	19		SCR_CampaignBuildingStartUserAction
SetCanShow	method	Carved/data007/00490_bc01d6b5.c	7	7	1	SCR_TutorialBuildingStartUserAction	
CanBeShownScript	method	Carved/data007/00490_bc01d6b5.c	13	13	1	SCR_TutorialBuildingStartUserAction	
SCR_VehicleLockControlsAction	class	Carved/data007/00491_f5dc98c6.c	1	29	29		SCR_VehicleActionBase
PerformAction	method	Carved/data007/00491_f5dc98c6.c	4	4	1	SCR_VehicleLockControlsAction	
GetState	method	Carved/data007/00491_f5dc98c6.c	18	18	1	SCR_VehicleLockControlsAction	
SCR_ResourceNameUtils	class	Carved/data007/00493_1269ed61.c	1	24	24		
GetPrefabName	method	Carved/data007/00493_1269ed61.c	7	7	1	SCR_ResourceNameUtils	
GetPrefabGUID	method	Carved/data007/00493_1269ed61.c	17	17	1	SCR_ResourceNameUtils	
SCR_SortableItem	class	Carved/data007/00493_1269ed61.c	25	38	14		
SCR_SortableItem	method	Carved/data007/00493_1269ed61.c	33	33	1	SCR_SortableItem	
SCR_DoctorCompartmentSlot	class	Carved/data007/00494_328749cf.c	12	22	11		CargoCompartmentSlot
AllowHealingFromCompartment	method	Carved/data007/00494_328749cf.c	18	18	1	SCR_DoctorCompartmentSlot	
SCR_ECompartmentDoorType	enum	Carved/data007/00494_328749cf.c	23	28	6		
SCR_WeaponRackSlotInfo	class	Carved/data007/00495_9be16413.c	1	11	11		RegisteringComponentSlotInfo
GetDefaultWeaponRack	method	Carved/data007/00495_9be16413.c	7	7	1	SCR_WeaponRackSlotInfo	
SCR_WheelSlotComponentClass	class	Carved/data007/00495_9be16413.c	13	15	3		BaseSlotComponentClass
SCR_WheelSlotComponent	class	Carved/data007/00495_9be16413.c	17	30	14		BaseSlotComponent
OnAttachedEntity	method	Carved/data007/00495_9be16413.c	23	23	1	SCR_WheelSlotComponent	
AttachmentCamouflageClass	class	Carved/data007/00496_0291510b.c	4	4	1		
AttachmentCamouflage	class	Carved/data007/00496_0291510b.c	7	9	3		BaseAttachmentType
AttachmentCamouflageOpticsClass	class	Carved/data007/00496_0291510b.c	12	12	1		
AttachmentCamouflageOptics	class	Carved/data007/00496_0291510b.c	15	17	3		BaseAttachmentType
AttachmentBayonetM9Class	class	Carved/data007/00496_0291510b.c	19	19	1		
AttachmentBayonetM9	class	Carved/data007/00496_0291510b.c	21	23	3		AttachmentBayonet
AttachmentBayonet6Kh4Class	class	Carved/data007/00496_0291510b.c	25	25	1		
AttachmentBayonet6Kh4	class	Carved/data007/00496_0291510b.c	27	29	3		AttachmentBayonet
AttachmentBayonetVz58Class	class	Carved/data007/00496_0291510b.c	31	31	1		
AttachmentBayonetVz58	class	Carved/data007/00496_0291510b.c	33	35	3		AttachmentBayonet
AttachmentHandGuardM16Class	class	Carved/data007/00496_0291510b.c	39	39	1		
AttachmentHandGuardM16	class	Carved/data007/00496_0291510b.c	42	44	3		AttachmentHandGuard
EjectorInterfaceHydra70Class	class	Carved/data007/00497_e95c7007.c	2	2	1		
EjectorInterfaceHydra70	class	Carved/data007/00497_e95c7007.c	5	7	3		BaseEjectorInterface
EjectorInterfaceS5Class	class	Carved/data007/00497_e95c7007.c	10	10	1		
EjectorInterfaceS5	class	Carved/data007/00497_e95c7007.c	13	15	3		BaseEjectorInterface
EjectorInterfaceSmokeLauncherClass	class	Carved/data007/00497_e95c7007.c	18	18	1		
EjectorInterfaceSmokeLauncher	class	Carved/data007/00497_e95c7007.c	21	23	3		BaseEjectorInterface
FuzeSlotInfo	class	Carved/data007/00497_e95c7007.c	24	34	11		EntitySlotInfo
GetFuzeType	method	Carved/data007/00497_e95c7007.c	30	30	1	FuzeSlotInfo	
SCR_CameraManager	class	Carved/data007/00498_97fb4270.c	5	33	29		CameraManager
OnInit	method	Carved/data007/00498_97fb4270.c	11	11	1	SCR_CameraManager	
SetupFOV	method	Carved/data007/00498_97fb4270.c	17	17	1	SCR_CameraManager	
CompartmentControllerComponent	class	Carved/data007/00499_151cf19a.c	5	7	3		BaseControllerComponent
EquipedWeaponStorageComponent	class	Carved/data007/00499_151cf19a.c	14	16	3		BaseEquipedWeaponStorageComponent
EquipmentStorageComponentClass	class	Carved/data007/00499_151cf19a.c	17	19	3		BaseEquipmentStorageComponentClass
EquipmentStorageComponent	class	Carved/data007/00499_151cf19a.c	24	26	3		BaseEquipmentStorageComponent
InventorySearchPredicate	class	Carved/data007/00499_151cf19a.c	27	46	20		BaseInventorySearchPredicate
GetQueryComponents	method	Carved/data007/00499_151cf19a.c	34	34	1	InventorySearchPredicate	
GetQueryAttributes	method	Carved/data007/00499_151cf19a.c	40	40	1	InventorySearchPredicate	
SCR_CharacterVicinityComponentClass	class	Carved/data007/00500_343851de.c	2	4	3		CharacterVicinityComponentClass
SCR_CharacterVicinityComponent	class	Carved/data007/00500_343851de.c	6	14	9		CharacterVicinityComponent
OnUpdate	method	Carved/data007/00500_343851de.c	10	10	1	SCR_CharacterVicinityComponent	
SCR_EquipedLoadoutStorageComponent	class	Carved/data007/00500_343851de.c	18	20	3		EquipedLoadoutStorageComponent
UniversalInventoryStorageComponentClass	class	Carved/data007/00500_343851de.c	21	23	3		BaseUniversalInventoryStorageComponentClass
UniversalInventoryStorageComponent	class	Carved/data007/00500_343851de.c	28	31	4		BaseUniversalInventoryStorageComponent
EVolumeCategories	enum	Carved/data007/00501_67a574db.c	5	9	5		
SCR_VolumeDataProviderComponent	class	Carved/data007/00501_67a574db.c	11	20	10		VolumeDataProviderComponent
SCR_VolumeDataProviderComponent	method	Carved/data007/00501_67a574db.c	16	16	1	SCR_VolumeDataProviderComponent	
SCR_MuzzleEffectComponent	class	Carved/data007/00502_02bcfc5d.c	9	26	18		MuzzleEffectComponent
GetOnWeaponFired	method	Carved/data007/00502_02bcfc5d.c	13	13	1	SCR_MuzzleEffectComponent	
OnFired	method	Carved/data007/00502_02bcfc5d.c	21	21	1	SCR_MuzzleEffectComponent	
FactionKey	class	Carved/data007/00503_6e9f4c73.c	3	3	1		string
ChimeraSunAndMoon	class	Carved/data007/00503_6e9f4c73.c	7	9	3		GenericWorldLightEntity
LoadoutCoverAreaClass	class	Carved/data007/00503_6e9f4c73.c	14	14	1		
LoadoutCoverArea	class	Carved/data007/00503_6e9f4c73.c	16	22	7		LoadoutAreaType
GetLoadoutSoundInfo	method	Carved/data007/00503_6e9f4c73.c	18	18	1	LoadoutCoverArea	
LoadoutGooglesAreaClass	class	Carved/data007/00503_6e9f4c73.c	25	25	1		
LoadoutGooglesArea	class	Carved/data007/00503_6e9f4c73.c	27	29	3		LoadoutAreaType
MapConfiguration	class	Carved/data007/00503_6e9f4c73.c	46	60	15		
ServerChatChannel	class	Carved/data007/00504_72ba299b.c	2	32	31		BaseChatChannel
IsDelivering	method	Carved/data007/00504_72ba299b.c	6	6	1	ServerChatChannel	
IsAvailable	method	Carved/data007/00504_72ba299b.c	13	13	1	ServerChatChannel	
BackendExamples	class	Carved/data007/00505_4db72150.c	2	35	34		
ExecuteTest	method	Carved/data007/00505_4db72150.c	5	5	1	BackendExamples	
SCR_PlayerManagerKickReason	enum	Carved/data007/00506_bc06be52.c	2	9	8		PlayerManagerKickReason
SCR_BaseHUDComponent	class	Carved/data007/00506_bc06be52.c	13	34	22		BaseHUDComponent
RegisterHUDElement	method	Carved/data007/00506_bc06be52.c	16	16	1	SCR_BaseHUDComponent	
UnregisterHUDElement	method	Carved/data007/00506_bc06be52.c	23	23	1	SCR_BaseHUDComponent	
GetHUDElements	method	Carved/data007/00506_bc06be52.c	30	30	1	SCR_BaseHUDComponent	
SCR_TracyPlugin	class	Carved/data007/00507_47b2b13f.c	6	16	11		WorkbenchPlugin
Run	method	Carved/data007/00507_47b2b13f.c	9	9	1	SCR_TracyPlugin	
EditablePrefabsComponent_PreviewEntity	class	Carved/data007/00508_71fbabb4.c	3	14	12		EditablePrefabsComponent_Base
EOnCreate	method	Carved/data007/00508_71fbabb4.c	9	9	1	EditablePrefabsComponent_PreviewEntity	
EditablePrefabsLabel_Base	class	Carved/data007/00508_71fbabb4.c	17	35	19		
GetLabelValid	method	Carved/data007/00508_71fbabb4.c	31	31	1	EditablePrefabsLabel_Base	
EditablePrefabsLabel_Theme	class	Carved/data007/00509_699751c8.c	2	24	23		EditablePrefabsLabel_Base
GetLabelValid	method	Carved/data007/00509_699751c8.c	8	8	1	EditablePrefabsLabel_Theme	
EditablePrefabsLabel_Trait	class	Carved/data007/00509_699751c8.c	26	43	18		EditablePrefabsLabel_Base
GetLabelValid	method	Carved/data007/00509_699751c8.c	29	29	1	EditablePrefabsLabel_Trait	
SCR_BIKIBulletHelper	class	Carved/data007/00510_aeeffeb0.c	1	16	16		
GetInitialSpeed	method	Carved/data007/00510_aeeffeb0.c	6	6	1	SCR_BIKIBulletHelper	
SCR_ValidateBehaviorTreesPlugin	class	Carved/data007/00511_9540f34c.c	6	24	19		WorkbenchPlugin
Run	method	Carved/data007/00511_9540f34c.c	9	9	1	SCR_ValidateBehaviorTreesPlugin	
SCR_ReforgerEngineSettingsPlugin	class	Carved/data007/00512_e0b274d9.c	3	11	9		WorkbenchPlugin
Run	method	Carved/data007/00512_e0b274d9.c	6	6	1	SCR_ReforgerEngineSettingsPlugin	
SCR_ReforgerGameSettingsPlugin	class	Carved/data007/00512_e0b274d9.c	15	23	9		WorkbenchPlugin
Run	method	Carved/data007/00512_e0b274d9.c	18	18	1	SCR_ReforgerGameSettingsPlugin	
EScaleWidgetMode	enum	Scripts/Core/generated/EScaleWidgetMode.c	5	10	6		
RplKickCauseGroup	enum	Scripts/Core/generated/RplKickCauseGroup.c	5	10	6		
AudioHandle	class	Scripts/Core/proto/EnAudio.c	3	6	4		
SCR_AIDangerReaction	class	Scripts/Game/AI/Reaction/Danger/SCR_AIDangerReaction.c	2	16	15		
PerformReaction	method	Scripts/Game/AI/Reaction/Danger/SCR_AIDangerReaction.c	7	7	1	SCR_AIDangerReaction	
AddDebugMessage	method	Scripts/Game/AI/Reaction/Danger/SCR_AIDangerReaction.c	10	10	1	SCR_AIDangerReaction	
BaseContainerProps	method	Scripts/Game/AI/Reaction/Danger/SCR_AIDangerReaction.c	16	16	1	SCR_AIDangerReaction	
SCR_AIDangerReaction_Damag	class	Scripts/Game/AI/Reaction/Danger/SCR_AIDangerReaction.c	17	17	1		
SCR_AIDangerReaction_Start	class	Scripts/Game/AI/Reaction/Danger/SCR_AIDangerReaction_ProjectileHit.c	17	17	1		
SCR_AIDangerReaction_Unsaf	class	Scripts/Game/AI/Reaction/Danger/SCR_AIDangerReaction_StartedBleeding.c	8	8	1		
SCR_AIDecoTestIsInTurret	class	Scripts/Game/AI/ScriptedNodes/Vehicles/SCR_AIDecoTestIsEntityBurning.c	20	20	1		DecoratorTestScripted
SCR_CampaignBuildingRankBudgetToEvaluateData	class	Scripts/Game/Building/SCR_CampaignBuildingRankBudgetToEvaluateData.c	3	10	8		SCR_CampaignBuildingBudgetToEvaluateData
CanBeUsed	method	Scripts/Game/Building/SCR_CampaignBuildingRankBudgetToEvaluateData.c	6	6	1	SCR_CampaignBuildingRankBudgetToEvaluateData	
SCR_CacheLocationData	class	Scripts/Game/Building/SCR_CampaignBuildingRankBudgetToEvaluateData.c	12	12	1		
SCR_CacheNoteComponentClass	class	Scripts/Game/Caches/SCR_CacheNoteComponent.c	2	2	1		ScriptComponentClass
SCR_CacheNoteComponent	class	Scripts/Game/Caches/SCR_CacheNoteComponent.c	4	35	32		ScriptComponent
OnPostInit	method	Scripts/Game/Caches/SCR_CacheNoteComponent.c	10	10	1	SCR_CacheNoteComponent	
GetNoteLines	method	Scripts/Game/Caches/SCR_CacheNoteComponent.c	31	31	1	SCR_CacheNoteComponent	
BaseContainerProps	method	Scripts/Game/Caches/SCR_CacheNoteComponent.c	35	35	1	SCR_CacheNoteComponent	
SCR_CacheNoteUIInfo	class	Scripts/Game/Caches/SCR_CacheNoteComponent.c	36	36	1		SCR_
ERoleC	enum	Scripts/Game/Caches/SCR_CacheNoteUIInfo.c	21	21	1		
SCR_LeaderRoleCallsign	class	Scripts/Game/Callsign/RoleCallsigns/SCR_LeaderRoleCallsign.c	2	31	30		SCR_BaseRoleCallsign
IsValidRole	method	Scripts/Game/Callsign/RoleCallsigns/SCR_LeaderRoleCallsign.c	5	5	1	SCR_LeaderRoleCallsign	
GetRoleIndex	method	Scripts/Game/Callsign/RoleCallsigns/SCR_LeaderRoleCallsign.c	27	27	1	SCR_LeaderRoleCallsign	
EManualCameraFlag	enum	Scripts/Game/Camera/EManualCameraFlag.c	3	12	10		
SCR_ManualCameraSave	class	Scripts/Game/Camera/SCR_ManualCameraSave.c	2	12	11		
SCR_ManualCameraComponentSave	class	Scripts/Game/Camera/SCR_ManualCameraSave.c	15	24	10		
SCR_EUnassignReason	enum	Scripts/Game/Campaign/SCR_ECampaignTaskReasons.c	9	15	7		
CharacterCamera1stPersonFloat extends CharacterCamera1stPersonReady	class	Scripts/Game/Character/Cameras/FirstPerson/CharacterCamera1stPersonFloat.c	4	19	16		
CharacterCamera1stPersonFloat	method	Scripts/Game/Character/Cameras/FirstPerson/CharacterCamera1stPersonFloat.c	7	7	1	CharacterCamera1stPersonFloat extends CharacterCamera1stPersonReady	
OnUpdate	method	Scripts/Game/Character/Cameras/FirstPerson/CharacterCamera1stPersonFloat.c	13	13	1	CharacterCamera1stPersonFloat extends CharacterCamera1stPersonReady	
SCR_BushContainer	class	Scripts/Game/Character/SCR_BushContainer.c	3	22	20		
GetTreeType	method	Scripts/Game/Character/SCR_BushContainer.c	12	12	1	SCR_BushContainer	
GetSlowdownHeightModifier	method	Scripts/Game/Character/SCR_BushContainer.c	18	18	1	SCR_BushContainer	
AttachRotationTrackModifier	class	Scripts/Game/Cinematics/AttachPositionTrackModifier.c	41	41	1		CinematicTrackModifi
PlayNextTimelineCinematicTrack	class	Scripts/Game/Cinematics/PlayNextTimelineCinematicTrack.c	2	27	26		CinematicTrackBase
PlayNext	method	Scripts/Game/Cinematics/PlayNextTimelineCinematicTrack.c	11	11	1	PlayNextTimelineCinematicTrack	
OnFinish	method	Scripts/Game/Cinematics/PlayNextTimelineCinematicTrack.c	18	18	1	PlayNextTimelineCinematicTrack	
OnInit	method	Scripts/Game/Cinematics/PlayNextTimelineCinematicTrack.c	23	23	1	PlayNextTimelineCinematicTrack	
SCR_GlobalVariableTrack	class	Scripts/Game/Cinematics/SCR_GlobalVariableCinematicTrack.c	2	33	32		CinematicTrackBase
OnInit	method	Scripts/Game/Cinematics/SCR_GlobalVariableCinematicTrack.c	12	12	1	SCR_GlobalVariableTrack	
OnApply	method	Scripts/Game/Cinematics/SCR_GlobalVariableCinematicTrack.c	17	17	1	SCR_GlobalVariableTrack	
ESpawnMethod	enum	Scripts/Game/Components/AmbientInsectsComponent/SCR_InsectDef.c	13	18	6		
EDayTimeCurv	enum	Scripts/Game/Components/AmbientSoundsComponent/SCR_AudioHandleLoop.c	19	19	1		
SCR_DayTimeCurveDef	class	Scripts/Game/Components/AmbientSoundsComponent/SCR_DayTimeCurveDef.c	14	21	8		
SCR_SequenceDef	class	Scripts/Game/Components/AmbientSoundsComponent/SCR_RandomPositionalSoundsDef.c	10	10	1		
SCR_SoundType	class	Scripts/Game/Components/AmbientSoundsComponent/SCR_SoundType.c	2	9	8		
SCR_SpawnD	class	Scripts/Game/Components/AmbientSoundsComponent/SCR_SoundType.c	11	11	1		
ETerrainType	enum	Scripts/Game/Components/AmbientSoundsComponent/SCR_SpawnDef.c	24	24	1		
SCR_TerrainDef	class	Scripts/Game/Components/AmbientSoundsComponent/SCR_TerrainDef.c	12	22	11		
SCR_TerrainDefConfig	class	Scripts/Game/Components/AmbientSoundsComponent/SCR_TerrainDefConfig.c	3	7	5		
EWindCurve	enum	Scripts/Game/Components/AmbientSoundsComponent/SCR_WindCurveDef.c	4	9	6		
SCR_WindCurveDef	class	Scripts/Game/Components/AmbientSoundsComponent/SCR_WindCurveDef.c	12	19	8		
SCR_CapturePointAreaMeshComponentClass	class	Scripts/Game/Components/AreaMesh/SCR_CapturePointAreaMeshComponent.c	2	4	3		SCR_BaseAreaMeshComponentClass
SCR_CapturePointAreaMeshComponent	class	Scripts/Game/Components/AreaMesh/SCR_CapturePointAreaMeshComponent.c	6	33	28		SCR_BaseAreaMeshComponent
GetRadius	method	Scripts/Game/Components/AreaMesh/SCR_CapturePointAreaMeshComponent.c	11	11	1	SCR_CapturePointAreaMeshComponent	
EOnInit	method	Scripts/Game/Components/AreaMesh/SCR_CapturePointAreaMeshComponent.c	17	17	1	SCR_CapturePointAreaMeshComponent	
SCR_TriggerAreaMeshComponentClass	class	Scripts/Game/Components/AreaMesh/SCR_TriggerAreaMeshComponent.c	2	4	3		SCR_BaseAreaMeshComponentClass
SCR_TriggerAreaMeshComponent	class	Scripts/Game/Components/AreaMesh/SCR_TriggerAreaMeshComponent.c	6	26	21		SCR_BaseAreaMeshComponent
GetRadius	method	Scripts/Game/Components/AreaMesh/SCR_TriggerAreaMeshComponent.c	9	9	1	SCR_TriggerAreaMeshComponent	
EOnInit	method	Scripts/Game/Components/AreaMesh/SCR_TriggerAreaMeshComponent.c	16	16	1	SCR_TriggerAreaMeshComponent	
SCR_EArsenalItemMode	enum	Scripts/Game/Components/Arsenal/SCR_EArsenalAttributeGroup.c	5	5	1		
SCR_WBAfterWorldUpdateTestClass	class	Scripts/Game/Components/Debug/SCR_WBAfterWorldUpdateTest.c	2	4	3		ScriptComponentClass
SCR_WBAfterWorldUpdateTest	class	Scripts/Game/Components/Debug/SCR_WBAfterWorldUpdateTest.c	6	32	27		ScriptComponent
SCR_WBAfterWorldUpdateTest	method	Scripts/Game/Components/Debug/SCR_WBAfterWorldUpdateTest.c	13	13	1	SCR_WBAfterWorldUpdateTest	
_WB_GetAfterWorldUpdateSpecs	method	Scripts/Game/Components/Debug/SCR_WBAfterWorldUpdateTest.c	19	19	1	SCR_WBAfterWorldUpdateTest	
_WB_AfterWorldUpdate	method	Scripts/Game/Components/Debug/SCR_WBAfterWorldUpdateTest.c	24	24	1	SCR_WBAfterWorldUpdateTest	
SCR_BaseEffectsModulePositionData	class	Scripts/Game/Components/EffectModules/ModulePositionData/SCR_BaseEffectModulePositionData.c	4	20	17		
spawn	method	Scripts/Game/Components/EffectModules/ModulePositionData/SCR_BaseEffectModulePositionData.c	8	8	1	SCR_BaseEffectsModulePositionData	
GetNewPosition	method	Scripts/Game/Components/EffectModules/ModulePositionData/SCR_BaseEffectModulePositionData.c	12	12	1	SCR_BaseEffectsModulePositionData	
ResetPositions	method	Scripts/Game/Components/EffectModules/ModulePositionData/SCR_BaseEffectModulePositionData.c	19	19	1	SCR_BaseEffectsModulePositionData	
SCR_AmbientRadioChatterComponent	class	Scripts/Game/Components/SCR_AmbientRadioChatterComponent.c	5	7	3		SCR_MilitaryBaseLogicComponent
SCR_AntiPersonnelMineCollisionHandlerComponentClas	class	Scripts/Game/Components/SCR_AmbientRadioChatterComponent.c	8	8	1		
SCR_Nozzle	class	Scripts/Game/Components/SCR_NoVehicleSurfaceValidation.c	20	20	1		
SCR_VotingAdmin	class	Scripts/Game/Components/Voting/SCR_VotingAdmin.c	2	18	17		SCR_VotingReferendum
IsAvailable	method	Scripts/Game/Components/Voting/SCR_VotingAdmin.c	5	5	1	SCR_VotingAdmin	
OnVotingEnd	method	Scripts/Game/Components/Voting/SCR_VotingAdmin.c	13	13	1	SCR_VotingAdmin	
SCR_MuzzleInMagComponentClass	class	Scripts/Game/Components/Weapons/SCR_MuzzleInMagComponent.c	2	4	3		MuzzleInMagComponentClass
SCR_MuzzleInMagComponent	class	Scripts/Game/Components/Weapons/SCR_MuzzleInMagComponent.c	6	18	13		MuzzleInMagComponent
CanBeReloaded	method	Scripts/Game/Components/Weapons/SCR_MuzzleInMagComponent.c	14	14	1	SCR_MuzzleInMagComponent	
SCR_RocketEjectorMuzzleComponentClass	class	Scripts/Game/Components/Weapons/SCR_RocketEjectorMuzzleComponent.c	2	4	3		RocketEjectorMuzzleComponentClass
SCR_RocketEjectorMuzzleComponent	class	Scripts/Game/Components/Weapons/SCR_RocketEjectorMuzzleComponent.c	6	17	12		RocketEjectorMuzzleComponent
GetDefaultRocketPrefab	method	Scripts/Game/Components/Weapons/SCR_RocketEjectorMuzzleComponent.c	13	13	1	SCR_RocketEjectorMuzzleComponent	
SCR_FallDamageEffect	class	Scripts/Game/Damage/DamageEffects/CharacterDamageEffects/SCR_DrowningDamageEffect.c	11	11	1		SCR_InstantDamageEffect
SCR_BlastForceDamageEffect	class	Scripts/Game/Damage/DamageEffects/DamageEffectSources/SCR_BaseBulletDamageEffect.c	11	11	1		SCR_ExplosionDamageEf
SCR_CollisionDamageEffect	class	Scripts/Game/Damage/DamageEffects/DamageEffectSources/SCR_BlastForceDamageEffect.c	11	11	1		SCR_InstantDamageEffec
SCR_ConcussionDamageEffect	class	Scripts/Game/Damage/DamageEffects/DamageEffectSources/SCR_CollisionDamageEffect.c	11	11	1		SCR_InstantDamageEffe
SCR_CriticalExplosionDamageEffect	class	Scripts/Game/Damage/DamageEffects/DamageEffectSources/SCR_ConcussionDamageEffect.c	11	11	1		SCR_ExplosionD
SCR_ExplosionDamageEffect	class	Scripts/Game/Damage/DamageEffects/DamageEffectSources/SCR_CriticalExplosionDamageEffect.c	11	11	1		SCR_InstantDamageEffec
SCR_FragmentationDamageEffect	class	Scripts/Game/Damage/DamageEffects/DamageEffectSources/SCR_ExplosionDamageEffect.c	11	11	1		SCR_InstantDamageE
SCR_GameMasterActionDamageEffect	class	Scripts/Game/Damage/DamageEffects/DamageEffectSources/SCR_FragmentationDamageEffect.c	11	11	1		SCR_InstantDama
SCR_IncendiaryDamageEffect	class	Scripts/Game/Damage/DamageEffects/DamageEffectSources/SCR_IncendiaryBulletDamageEffect.c	11	11	1		SCR_InstantDamageEffe
SCR_MeleeDamageEffect	class	Scripts/Game/Damage/DamageEffects/DamageEffectSources/SCR_IncendiaryDamageEffect.c	11	11	1		SCR_InstantDamageEffect
SCR_MuzzleBlastDamageEffect	class	Scripts/Game/Damage/DamageEffects/DamageEffectSources/SCR_MeleeDamageEffect.c	10	10	1		SCR_BaseBlastDamageE
SCR_BuildingLinkRegion	class	Scripts/Game/Destruction/Building/SCR_BuildingDestructionConfig.c	31	31	1		
SCR_BuildingRegionSetupMul	class	Scripts/Game/Destruction/Building/SCR_BuildingRegionSetup.c	14	14	1		
SCR_BuildingResourceList	class	Scripts/Game/Destruction/Building/SCR_BuildingRegionSetupMulti.c	7	7	1		
SCR_DamagePhaseData	class	Scripts/Game/Destruction/SCR_DamagePhaseData.c	2	15	14		
SCR_DamageRemapData	class	Scripts/Game/Destruction/SCR_DamageRemapData.c	2	9	8		
SCR_DestructionHeatmapRegion	class	Scripts/Game/Destruction/SCR_DestructionHeatmapEntry.c	19	19	1		DestructionHeatmapRe
SCR_DestructionManagerClass	class	Scripts/Game/Destruction/SCR_DestructionHeatmapRegion.c	32	32	1		DestructionManagerCl
SCR_DestructionManager	class	Scripts/Game/Destruction/SCR_DestructionManager.c	5	17	13		DestructionManager
GetDestructionManagerInstance	method	Scripts/Game/Destruction/SCR_DestructionManager.c	11	11	1	SCR_DestructionManager	
SCR_LargeDestructibleEntityClass	class	Scripts/Game/Destruction/Temporary/SCR_LargeDestructibleEntity.c	2	4	3		GenericEntityClass
SCR_LargeDestructibleEntity	class	Scripts/Game/Destruction/Temporary/SCR_LargeDestructibleEntity.c	7	10	4		GenericEntity
SCR_SmallDestructibleEntityClass	class	Scripts/Game/Destruction/Temporary/SCR_SmallDestructibleEntity.c	2	4	3		GenericEntityClass
SCR_SmallDestructibleEntity	class	Scripts/Game/Destruction/Temporary/SCR_SmallDestructibleEntity.c	7	10	4		GenericEntity
SCR_DestroyedTreesData	class	Scripts/Game/Destruction/Temporary/SCR_SmallDestructibleEntity.c	11	11	1		Managed
SCR_AttachToParentContextAction	class	Scripts/Game/Editor/Containers/Actions/ContextActions/Placeholder/SCR_AttachToParentContextAction.c	2	18	17		SCR_BaseContextAction
CanBeShown	method	Scripts/Game/Editor/Containers/Actions/ContextActions/Placeholder/SCR_AttachToParentContextAction.c	4	4	1	SCR_AttachToParentContextAction	
CanBePerformed	method	Scripts/Game/Editor/Containers/Actions/ContextActions/Placeholder/SCR_AttachToParentContextAction.c	9	9	1	SCR_AttachToParentContextAction	
Perform	method	Scripts/Game/Editor/Containers/Actions/ContextActions/Placeholder/SCR_AttachToParentContextAction.c	14	14	1	SCR_AttachToParentContextAction	
BaseContainerProps	method	Scripts/Game/Editor/Containers/Actions/ContextActions/Placeholder/SCR_AttachToParentContextAction.c	18	18	1	SCR_AttachToParentContextAction	
SCR_CopyAttributesContextAction	class	Scripts/Game/Editor/Containers/Actions/ContextActions/Placeholder/SCR_CopyAttributesContextAction.c	2	18	17		SCR_BaseContextAction
CanBeShown	method	Scripts/Game/Editor/Containers/Actions/ContextActions/Placeholder/SCR_CopyAttributesContextAction.c	4	4	1	SCR_CopyAttributesContextAction	
CanBePerformed	method	Scripts/Game/Editor/Containers/Actions/ContextActions/Placeholder/SCR_CopyAttributesContextAction.c	9	9	1	SCR_CopyAttributesContextAction	
Perform	method	Scripts/Game/Editor/Containers/Actions/ContextActions/Placeholder/SCR_CopyAttributesContextAction.c	14	14	1	SCR_CopyAttributesContextAction	
BaseContainerProps	method	Scripts/Game/Editor/Containers/Actions/ContextActions/Placeholder/SCR_CopyAttributesContextAction.c	18	18	1	SCR_CopyAttributesContextAction	
SCR_CopyIngameTimestampContextAction	class	Scripts/Game/Editor/Containers/Actions/ContextActions/Placeholder/SCR_CopyIngameTimestampContextAction.c	2	18	17		SCR_BaseContextAction
CanBeShown	method	Scripts/Game/Editor/Containers/Actions/ContextActions/Placeholder/SCR_CopyIngameTimestampContextAction.c	4	4	1	SCR_CopyIngameTimestampContextAction	
CanBePerformed	method	Scripts/Game/Editor/Containers/Actions/ContextActions/Placeholder/SCR_CopyIngameTimestampContextAction.c	9	9	1	SCR_CopyIngameTimestampContextAction	
Perform	method	Scripts/Game/Editor/Containers/Actions/ContextActions/Placeholder/SCR_CopyIngameTimestampContextAction.c	14	14	1	SCR_CopyIngameTimestampContextAction	
BaseContainerProps	method	Scripts/Game/Editor/Containers/Actions/ContextActions/Placeholder/SCR_CopyIngameTimestampContextAction.c	18	18	1	SCR_CopyIngameTimestampContextAction	
SCR_CopyPrefabNameContextAction	class	Scripts/Game/Editor/Containers/Actions/ContextActions/Placeholder/SCR_CopyPrefabNameContextAction.c	2	18	17		SCR_BaseContextAction
CanBeShown	method	Scripts/Game/Editor/Containers/Actions/ContextActions/Placeholder/SCR_CopyPrefabNameContextAction.c	4	4	1	SCR_CopyPrefabNameContextAction	
CanBePerformed	method	Scripts/Game/Editor/Containers/Actions/ContextActions/Placeholder/SCR_CopyPrefabNameContextAction.c	9	9	1	SCR_CopyPrefabNameContextAction	
Perform	method	Scripts/Game/Editor/Containers/Actions/ContextActions/Placeholder/SCR_CopyPrefabNameContextAction.c	14	14	1	SCR_CopyPrefabNameContextAction	
BaseContainerProps	method	Scripts/Game/Editor/Containers/Actions/ContextActions/Placeholder/SCR_CopyPrefabNameContextAction.c	18	18	1	SCR_CopyPrefabNameContextAction	
SCR_CopyServerTimestampContextAction	class	Scripts/Game/Editor/Containers/Actions/ContextActions/Placeholder/SCR_CopyServerTimestampContextAction.c	2	18	17		SCR_BaseContextAction
CanBeShown	method	Scripts/Game/Editor/Containers/Actions/ContextActions/Placeholder/SCR_CopyServerTimestampContextAction.c	4	4	1	SCR_CopyServerTimestampContextAction	
CanBePerformed	method	Scripts/Game/Editor/Containers/Actions/ContextActions/Placeholder/SCR_CopyServerTimestampContextAction.c	9	9	1	SCR_CopyServerTimestampContextAction	
Perform	method	Scripts/Game/Editor/Containers/Actions/ContextActions/Placeholder/SCR_CopyServerTimestampContextAction.c	14	14	1	SCR_CopyServerTimestampContextAction	
BaseContainerProps	method	Scripts/Game/Editor/Containers/Actions/ContextActions/Placeholder/SCR_CopyServerTimestampContextAction.c	18	18	1	SCR_CopyServerTimestampContextAction	
SCR_CopyWorldPositionContextAction	class	Scripts/Game/Editor/Containers/Actions/ContextActions/Placeholder/SCR_CopyWorldPositionContextAction.c	2	18	17		SCR_BaseContextAction
CanBeShown	method	Scripts/Game/Editor/Containers/Actions/ContextActions/Placeholder/SCR_CopyWorldPositionContextAction.c	4	4	1	SCR_CopyWorldPositionContextAction	
CanBePerformed	method	Scripts/Game/Editor/Containers/Actions/ContextActions/Placeholder/SCR_CopyWorldPositionContextAction.c	9	9	1	SCR_CopyWorldPositionContextAction	
Perform	method	Scripts/Game/Editor/Containers/Actions/ContextActions/Placeholder/SCR_CopyWorldPositionContextAction.c	14	14	1	SCR_CopyWorldPositionContextAction	
BaseContainerProps	method	Scripts/Game/Editor/Containers/Actions/ContextActions/Placeholder/SCR_CopyWorldPositionContextAction.c	18	18	1	SCR_CopyWorldPositionContextAction	
SCR_CreateLayerContextAction	class	Scripts/Game/Editor/Containers/Actions/ContextActions/Placeholder/SCR_CreateLayerContextAction.c	2	18	17		SCR_SelectedEntitiesContextAction
CanBeShown	method	Scripts/Game/Editor/Containers/Actions/ContextActions/Placeholder/SCR_CreateLayerContextAction.c	4	4	1	SCR_CreateLayerContextAction	
CanBePerformed	method	Scripts/Game/Editor/Containers/Actions/ContextActions/Placeholder/SCR_CreateLayerContextAction.c	9	9	1	SCR_CreateLayerContextAction	
Perform	method	Scripts/Game/Editor/Containers/Actions/ContextActions/Placeholder/SCR_CreateLayerContextAction.c	14	14	1	SCR_CreateLayerContextAction	
BaseContainerProps	method	Scripts/Game/Editor/Containers/Actions/ContextActions/Placeholder/SCR_CreateLayerContextAction.c	18	18	1	SCR_CreateLayerContextAction	
SCR_CycleContextAction	class	Scripts/Game/Editor/Containers/Actions/ContextActions/Placeholder/SCR_CycleContextAction.c	2	18	17		SCR_BaseContextAction
CanBeShown	method	Scripts/Game/Editor/Containers/Actions/ContextActions/Placeholder/SCR_CycleContextAction.c	4	4	1	SCR_CycleContextAction	
CanBePerformed	method	Scripts/Game/Editor/Containers/Actions/ContextActions/Placeholder/SCR_CycleContextAction.c	9	9	1	SCR_CycleContextAction	
Perform	method	Scripts/Game/Editor/Containers/Actions/ContextActions/Placeholder/SCR_CycleContextAction.c	14	14	1	SCR_CycleContextAction	
BaseContainerProps	method	Scripts/Game/Editor/Containers/Actions/ContextActions/Placeholder/SCR_CycleContextAction.c	18	18	1	SCR_CycleContextAction	
SCR_DeleteContextAction	class	Scripts/Game/Editor/Containers/Actions/ContextActions/Placeholder/SCR_DeleteContextAction.c	2	18	17		SCR_BaseContextAction
CanBeShown	method	Scripts/Game/Editor/Containers/Actions/ContextActions/Placeholder/SCR_DeleteContextAction.c	4	4	1	SCR_DeleteContextAction	
CanBePerformed	method	Scripts/Game/Editor/Containers/Actions/ContextActions/Placeholder/SCR_DeleteContextAction.c	9	9	1	SCR_DeleteContextAction	
Perform	method	Scripts/Game/Editor/Containers/Actions/ContextActions/Placeholder/SCR_DeleteContextAction.c	14	14	1	SCR_DeleteContextAction	
BaseContainerProps	method	Scripts/Game/Editor/Containers/Actions/ContextActions/Placeholder/SCR_DeleteContextAction.c	18	18	1	SCR_DeleteContextAction	
SCR_DetachContextAction	class	Scripts/Game/Editor/Containers/Actions/ContextActions/Placeholder/SCR_DetachContextAction.c	2	18	17		SCR_BaseContextAction
CanBeShown	method	Scripts/Game/Editor/Containers/Actions/ContextActions/Placeholder/SCR_DetachContextAction.c	4	4	1	SCR_DetachContextAction	
CanBePerformed	method	Scripts/Game/Editor/Containers/Actions/ContextActions/Placeholder/SCR_DetachContextAction.c	9	9	1	SCR_DetachContextAction	
Perform	method	Scripts/Game/Editor/Containers/Actions/ContextActions/Placeholder/SCR_DetachContextAction.c	14	14	1	SCR_DetachContextAction	
BaseContainerProps	method	Scripts/Game/Editor/Containers/Actions/ContextActions/Placeholder/SCR_DetachContextAction.c	18	18	1	SCR_DetachContextAction	
SCR_DisableSimulationContextAction	class	Scripts/Game/Editor/Containers/Actions/ContextActions/Placeholder/SCR_DisableSimulationContextAction.c	2	18	17		SCR_BaseContextAction
CanBeShown	method	Scripts/Game/Editor/Containers/Actions/ContextActions/Placeholder/SCR_DisableSimulationContextAction.c	4	4	1	SCR_DisableSimulationContextAction	
CanBePerformed	method	Scripts/Game/Editor/Containers/Actions/ContextActions/Placeholder/SCR_DisableSimulationContextAction.c	9	9	1	SCR_DisableSimulationContextAction	
Perform	method	Scripts/Game/Editor/Containers/Actions/ContextActions/Placeholder/SCR_DisableSimulationContextAction.c	14	14	1	SCR_DisableSimulationContextAction	
BaseContainerProps	method	Scripts/Game/Editor/Containers/Actions/ContextActions/Placeholder/SCR_DisableSimulationContextAction.c	18	18	1	SCR_DisableSimulationContextAction	
SCR_EnableSimulationContextAction	class	Scripts/Game/Editor/Containers/Actions/ContextActions/Placeholder/SCR_EnableSimulationContextAction.c	2	18	17		SCR_BaseContextAction
CanBeShown	method	Scripts/Game/Editor/Containers/Actions/ContextActions/Placeholder/SCR_EnableSimulationContextAction.c	4	4	1	SCR_EnableSimulationContextAction	
CanBePerformed	method	Scripts/Game/Editor/Containers/Actions/ContextActions/Placeholder/SCR_EnableSimulationContextAction.c	9	9	1	SCR_EnableSimulationContextAction	
Perform	method	Scripts/Game/Editor/Containers/Actions/ContextActions/Placeholder/SCR_EnableSimulationContextAction.c	14	14	1	SCR_EnableSimulationContextAction	
BaseContainerProps	method	Scripts/Game/Editor/Containers/Actions/ContextActions/Placeholder/SCR_EnableSimulationContextAction.c	18	18	1	SCR_EnableSimulationContextAction	
SCR_FillVehicleContextAction	class	Scripts/Game/Editor/Containers/Actions/ContextActions/Placeholder/SCR_FillVehicleContextAction.c	2	18	17		SCR_BaseContextAction
CanBeShown	method	Scripts/Game/Editor/Containers/Actions/ContextActions/Placeholder/SCR_FillVehicleContextAction.c	4	4	1	SCR_FillVehicleContextAction	
CanBePerformed	method	Scripts/Game/Editor/Containers/Actions/ContextActions/Placeholder/SCR_FillVehicleContextAction.c	9	9	1	SCR_FillVehicleContextAction	
Perform	method	Scripts/Game/Editor/Containers/Actions/ContextActions/Placeholder/SCR_FillVehicleContextAction.c	14	14	1	SCR_FillVehicleContextAction	
BaseContainerProps	method	Scripts/Game/Editor/Containers/Actions/ContextActions/Placeholder/SCR_FillVehicleContextAction.c	18	18	1	SCR_FillVehicleContextAction	
SCR_FindInWorkshopContextAction	class	Scripts/Game/Editor/Containers/Actions/ContextActions/Placeholder/SCR_FindInWorkshopContextAction.c	2	18	17		SCR_BaseContextAction
CanBeShown	method	Scripts/Game/Editor/Containers/Actions/ContextActions/Placeholder/SCR_FindInWorkshopContextAction.c	4	4	1	SCR_FindInWorkshopContextAction	
CanBePerformed	method	Scripts/Game/Editor/Containers/Actions/ContextActions/Placeholder/SCR_FindInWorkshopContextAction.c	9	9	1	SCR_FindInWorkshopContextAction	
Perform	method	Scripts/Game/Editor/Containers/Actions/ContextActions/Placeholder/SCR_FindInWorkshopContextAction.c	14	14	1	SCR_FindInWorkshopContextAction	
BaseContainerProps	method	Scripts/Game/Editor/Containers/Actions/ContextActions/Placeholder/SCR_FindInWorkshopContextAction.c	18	18	1	SCR_FindInWorkshopContextAction	
SCR_HideSelectionContextAction	class	Scripts/Game/Editor/Containers/Actions/ContextActions/Placeholder/SCR_HideSelectionContextAction.c	2	18	17		SCR_BaseContextAction
CanBeShown	method	Scripts/Game/Editor/Containers/Actions/ContextActions/Placeholder/SCR_HideSelectionContextAction.c	4	4	1	SCR_HideSelectionContextAction	
CanBePerformed	method	Scripts/Game/Editor/Containers/Actions/ContextActions/Placeholder/SCR_HideSelectionContextAction.c	9	9	1	SCR_HideSelectionContextAction	
Perform	method	Scripts/Game/Editor/Containers/Actions/ContextActions/Placeholder/SCR_HideSelectionContextAction.c	14	14	1	SCR_HideSelectionContextAction	
BaseContainerProps	method	Scripts/Game/Editor/Containers/Actions/ContextActions/Placeholder/SCR_HideSelectionContextAction.c	18	18	1	SCR_HideSelectionContextAction	
SCR_LockLayerContextAction	class	Scripts/Game/Editor/Containers/Actions/ContextActions/Placeholder/SCR_LockLayerContextAction.c	2	18	17		SCR_BaseContextAction
CanBeShown	method	Scripts/Game/Editor/Containers/Actions/ContextActions/Placeholder/SCR_LockLayerContextAction.c	4	4	1	SCR_LockLayerContextAction	
CanBePerformed	method	Scripts/Game/Editor/Containers/Actions/ContextActions/Placeholder/SCR_LockLayerContextAction.c	9	9	1	SCR_LockLayerContextAction	
Perform	method	Scripts/Game/Editor/Containers/Actions/ContextActions/Placeholder/SCR_LockLayerContextAction.c	14	14	1	SCR_LockLayerContextAction	
BaseContainerProps	method	Scripts/Game/Editor/Containers/Actions/ContextActions/Placeholder/SCR_LockLayerContextAction.c	18	18	1	SCR_LockLayerContextAction	
SCR_MoveInFormationContextAction	class	Scripts/Game/Editor/Containers/Actions/ContextActions/Placeholder/SCR_MoveInFormationContextAction.c	2	18	17		SCR_BaseContextAction
CanBeShown	method	Scripts/Game/Editor/Containers/Actions/ContextActions/Placeholder/SCR_MoveInFormationContextAction.c	4	4	1	SCR_MoveInFormationContextAction	
CanBePerformed	method	Scripts/Game/Editor/Containers/Actions/ContextActions/Placeholder/SCR_MoveInFormationContextAction.c	9	9	1	SCR_MoveInFormationContextAction	
Perform	method	Scripts/Game/Editor/Containers/Actions/ContextActions/Placeholder/SCR_MoveInFormationContextAction.c	14	14	1	SCR_MoveInFormationContextAction	
BaseContainerProps	method	Scripts/Game/Editor/Containers/Actions/ContextActions/Placeholder/SCR_MoveInFormationContextAction.c	18	18	1	SCR_MoveInFormationContextAction	
SCR_MoveToFlightAltitudeContextAction	class	Scripts/Game/Editor/Containers/Actions/ContextActions/Placeholder/SCR_MoveToFlightAltitudeContextAction.c	2	18	17		SCR_BaseContextAction
CanBeShown	method	Scripts/Game/Editor/Containers/Actions/ContextActions/Placeholder/SCR_MoveToFlightAltitudeContextAction.c	4	4	1	SCR_MoveToFlightAltitudeContextAction	
CanBePerformed	method	Scripts/Game/Editor/Containers/Actions/ContextActions/Placeholder/SCR_MoveToFlightAltitudeContextAction.c	9	9	1	SCR_MoveToFlightAltitudeContextAction	
Perform	method	Scripts/Game/Editor/Containers/Actions/ContextActions/Placeholder/SCR_MoveToFlightAltitudeContextAction.c	14	14	1	SCR_MoveToFlightAltitudeContextAction	
BaseContainerProps	method	Scripts/Game/Editor/Containers/Actions/ContextActions/Placeholder/SCR_MoveToFlightAltitudeContextAction.c	18	18	1	SCR_MoveToFlightAltitudeContextAction	
SCR_MoveToSeatPositionContextAction	class	Scripts/Game/Editor/Containers/Actions/ContextActions/Placeholder/SCR_MoveToSeatPositionContextAction.c	2	18	17		SCR_BaseContextAction
CanBeShown	method	Scripts/Game/Editor/Containers/Actions/ContextActions/Placeholder/SCR_MoveToSeatPositionContextAction.c	4	4	1	SCR_MoveToSeatPositionContextAction	
CanBePerformed	method	Scripts/Game/Editor/Containers/Actions/ContextActions/Placeholder/SCR_MoveToSeatPositionContextAction.c	9	9	1	SCR_MoveToSeatPositionContextAction	
Perform	method	Scripts/Game/Editor/Containers/Actions/ContextActions/Placeholder/SCR_MoveToSeatPositionContextAction.c	14	14	1	SCR_MoveToSeatPositionContextAction	
BaseContainerProps	method	Scripts/Game/Editor/Containers/Actions/ContextActions/Placeholder/SCR_MoveToSeatPositionContextAction.c	18	18	1	SCR_MoveToSeatPositionContextAction	
SCR_PasteAttributesContextAction	class	Scripts/Game/Editor/Containers/Actions/ContextActions/Placeholder/SCR_PasteAttributesContextAction.c	2	18	17		SCR_BaseContextAction
CanBeShown	method	Scripts/Game/Editor/Containers/Actions/ContextActions/Placeholder/SCR_PasteAttributesContextAction.c	4	4	1	SCR_PasteAttributesContextAction	
CanBePerformed	method	Scripts/Game/Editor/Containers/Actions/ContextActions/Placeholder/SCR_PasteAttributesContextAction.c	9	9	1	SCR_PasteAttributesContextAction	
Perform	method	Scripts/Game/Editor/Containers/Actions/ContextActions/Placeholder/SCR_PasteAttributesContextAction.c	14	14	1	SCR_PasteAttributesContextAction	
BaseContainerProps	method	Scripts/Game/Editor/Containers/Actions/ContextActions/Placeholder/SCR_PasteAttributesContextAction.c	18	18	1	SCR_PasteAttributesContextAction	
SCR_PasteOnOriginalPositionContextAction	class	Scripts/Game/Editor/Containers/Actions/ContextActions/Placeholder/SCR_PasteOnOriginalPositionContextAction.c	2	18	17		SCR_BaseContextAction
CanBeShown	method	Scripts/Game/Editor/Containers/Actions/ContextActions/Placeholder/SCR_PasteOnOriginalPositionContextAction.c	4	4	1	SCR_PasteOnOriginalPositionContextAction	
CanBePerformed	method	Scripts/Game/Editor/Containers/Actions/ContextActions/Placeholder/SCR_PasteOnOriginalPositionContextAction.c	9	9	1	SCR_PasteOnOriginalPositionContextAction	
Perform	method	Scripts/Game/Editor/Containers/Actions/ContextActions/Placeholder/SCR_PasteOnOriginalPositionContextAction.c	14	14	1	SCR_PasteOnOriginalPositionContextAction	
BaseContainerProps	method	Scripts/Game/Editor/Containers/Actions/ContextActions/Placeholder/SCR_PasteOnOriginalPositionContextAction.c	18	18	1	SCR_PasteOnOriginalPositionContextAction	
SCR_PatrolContextAction	class	Scripts/Game/Editor/Containers/Actions/ContextActions/Placeholder/SCR_PatrolContextAction.c	2	18	17		SCR_BaseContextAction
CanBeShown	method	Scripts/Game/Editor/Containers/Actions/ContextActions/Placeholder/SCR_PatrolContextAction.c	4	4	1	SCR_PatrolContextAction	
CanBePerformed	method	Scripts/Game/Editor/Containers/Actions/ContextActions/Placeholder/SCR_PatrolContextAction.c	9	9	1	SCR_PatrolContextAction	
Perform	method	Scripts/Game/Editor/Containers/Actions/ContextActions/Placeholder/SCR_PatrolContextAction.c	14	14	1	SCR_PatrolContextAction	
BaseContainerProps	method	Scripts/Game/Editor/Containers/Actions/ContextActions/Placeholder/SCR_PatrolContextAction.c	18	18	1	SCR_PatrolContextAction	
SCR_RefuelContextAction	class	Scripts/Game/Editor/Containers/Actions/ContextActions/Placeholder/SCR_RefuelContextAction.c	2	18	17		SCR_BaseContextAction
CanBeShown	method	Scripts/Game/Editor/Containers/Actions/ContextActions/Placeholder/SCR_RefuelContextAction.c	4	4	1	SCR_RefuelContextAction	
CanBePerformed	method	Scripts/Game/Editor/Containers/Actions/ContextActions/Placeholder/SCR_RefuelContextAction.c	9	9	1	SCR_RefuelContextAction	
Perform	method	Scripts/Game/Editor/Containers/Actions/ContextActions/Placeholder/SCR_RefuelContextAction.c	14	14	1	SCR_RefuelContextAction	
BaseContainerProps	method	Scripts/Game/Editor/Containers/Actions/ContextActions/Placeholder/SCR_RefuelContextAction.c	18	18	1	SCR_RefuelContextAction	
SCR_ReplaceWithContextAction	class	Scripts/Game/Editor/Containers/Actions/ContextActions/Placeholder/SCR_ReplaceWithContextAction.c	2	18	17		SCR_BaseContextAction
CanBeShown	method	Scripts/Game/Editor/Containers/Actions/ContextActions/Placeholder/SCR_ReplaceWithContextAction.c	4	4	1	SCR_ReplaceWithContextAction	
CanBePerformed	method	Scripts/Game/Editor/Containers/Actions/ContextActions/Placeholder/SCR_ReplaceWithContextAction.c	9	9	1	SCR_ReplaceWithContextAction	
Perform	method	Scripts/Game/Editor/Containers/Actions/ContextActions/Placeholder/SCR_ReplaceWithContextAction.c	14	14	1	SCR_ReplaceWithContextAction	
BaseContainerProps	method	Scripts/Game/Editor/Containers/Actions/ContextActions/Placeholder/SCR_ReplaceWithContextAction.c	18	18	1	SCR_ReplaceWithContextAction	
SCR_SelectCrewContextAction	class	Scripts/Game/Editor/Containers/Actions/ContextActions/Placeholder/SCR_SelectCrewContextAction.c	2	18	17		SCR_BaseContextAction
CanBeShown	method	Scripts/Game/Editor/Containers/Actions/ContextActions/Placeholder/SCR_SelectCrewContextAction.c	4	4	1	SCR_SelectCrewContextAction	
CanBePerformed	method	Scripts/Game/Editor/Containers/Actions/ContextActions/Placeholder/SCR_SelectCrewContextAction.c	9	9	1	SCR_SelectCrewContextAction	
Perform	method	Scripts/Game/Editor/Containers/Actions/ContextActions/Placeholder/SCR_SelectCrewContextAction.c	14	14	1	SCR_SelectCrewContextAction	
BaseContainerProps	method	Scripts/Game/Editor/Containers/Actions/ContextActions/Placeholder/SCR_SelectCrewContextAction.c	18	18	1	SCR_SelectCrewContextAction	
SCR_SelectOccupantContextAction	class	Scripts/Game/Editor/Containers/Actions/ContextActions/Placeholder/SCR_SelectOccupantContextAction.c	2	18	17		SCR_BaseContextAction
CanBeShown	method	Scripts/Game/Editor/Containers/Actions/ContextActions/Placeholder/SCR_SelectOccupantContextAction.c	4	4	1	SCR_SelectOccupantContextAction	
CanBePerformed	method	Scripts/Game/Editor/Containers/Actions/ContextActions/Placeholder/SCR_SelectOccupantContextAction.c	9	9	1	SCR_SelectOccupantContextAction	
Perform	method	Scripts/Game/Editor/Containers/Actions/ContextActions/Placeholder/SCR_SelectOccupantContextAction.c	14	14	1	SCR_SelectOccupantContextAction	
BaseContainerProps	method	Scripts/Game/Editor/Containers/Actions/ContextActions/Placeholder/SCR_SelectOccupantContextAction.c	18	18	1	SCR_SelectOccupantContextAction	
SCR_SelectPassengersContextAction	class	Scripts/Game/Editor/Containers/Actions/ContextActions/Placeholder/SCR_SelectPassengersContextAction.c	2	18	17		SCR_BaseContextAction
CanBeShown	method	Scripts/Game/Editor/Containers/Actions/ContextActions/Placeholder/SCR_SelectPassengersContextAction.c	4	4	1	SCR_SelectPassengersContextAction	
CanBePerformed	method	Scripts/Game/Editor/Containers/Actions/ContextActions/Placeholder/SCR_SelectPassengersContextAction.c	9	9	1	SCR_SelectPassengersContextAction	
Perform	method	Scripts/Game/Editor/Containers/Actions/ContextActions/Placeholder/SCR_SelectPassengersContextAction.c	14	14	1	SCR_SelectPassengersContextAction	
BaseContainerProps	method	Scripts/Game/Editor/Containers/Actions/ContextActions/Placeholder/SCR_SelectPassengersContextAction.c	18	18	1	SCR_SelectPassengersContextAction	
SCR_SetAsLeaderContextAction	class	Scripts/Game/Editor/Containers/Actions/ContextActions/Placeholder/SCR_SetAsLeaderContextAction.c	2	18	17		SCR_BaseContextAction
CanBeShown	method	Scripts/Game/Editor/Containers/Actions/ContextActions/Placeholder/SCR_SetAsLeaderContextAction.c	4	4	1	SCR_SetAsLeaderContextAction	
CanBePerformed	method	Scripts/Game/Editor/Containers/Actions/ContextActions/Placeholder/SCR_SetAsLeaderContextAction.c	9	9	1	SCR_SetAsLeaderContextAction	
Perform	method	Scripts/Game/Editor/Containers/Actions/ContextActions/Placeholder/SCR_SetAsLeaderContextAction.c	14	14	1	SCR_SetAsLeaderContextAction	
BaseContainerProps	method	Scripts/Game/Editor/Containers/Actions/ContextActions/Placeholder/SCR_SetAsLeaderContextAction.c	18	18	1	SCR_SetAsLeaderContextAction	
SCR_ShowSelectionContextAction	class	Scripts/Game/Editor/Containers/Actions/ContextActions/Placeholder/SCR_ShowSelectionContextAction.c	2	18	17		SCR_BaseContextAction
CanBeShown	method	Scripts/Game/Editor/Containers/Actions/ContextActions/Placeholder/SCR_ShowSelectionContextAction.c	4	4	1	SCR_ShowSelectionContextAction	
CanBePerformed	method	Scripts/Game/Editor/Containers/Actions/ContextActions/Placeholder/SCR_ShowSelectionContextAction.c	9	9	1	SCR_ShowSelectionContextAction	
Perform	method	Scripts/Game/Editor/Containers/Actions/ContextActions/Placeholder/SCR_ShowSelectionContextAction.c	14	14	1	SCR_ShowSelectionContextAction	
BaseContainerProps	method	Scripts/Game/Editor/Containers/Actions/ContextActions/Placeholder/SCR_ShowSelectionContextAction.c	18	18	1	SCR_ShowSelectionContextAction	
SCR_SpawnPassengersContextAction	class	Scripts/Game/Editor/Containers/Actions/ContextActions/Placeholder/SCR_SpawnPassengersContextAction.c	2	18	17		SCR_BaseContextAction
CanBeShown	method	Scripts/Game/Editor/Containers/Actions/ContextActions/Placeholder/SCR_SpawnPassengersContextAction.c	4	4	1	SCR_SpawnPassengersContextAction	
CanBePerformed	method	Scripts/Game/Editor/Containers/Actions/ContextActions/Placeholder/SCR_SpawnPassengersContextAction.c	9	9	1	SCR_SpawnPassengersContextAction	
Perform	method	Scripts/Game/Editor/Containers/Actions/ContextActions/Placeholder/SCR_SpawnPassengersContextAction.c	14	14	1	SCR_SpawnPassengersContextAction	
BaseContainerProps	method	Scripts/Game/Editor/Containers/Actions/ContextActions/Placeholder/SCR_SpawnPassengersContextAction.c	18	18	1	SCR_SpawnPassengersContextAction	
SCR_SuppressContextAction	class	Scripts/Game/Editor/Containers/Actions/ContextActions/Placeholder/SCR_SuppressContextAction.c	2	18	17		SCR_BaseContextAction
CanBeShown	method	Scripts/Game/Editor/Containers/Actions/ContextActions/Placeholder/SCR_SuppressContextAction.c	4	4	1	SCR_SuppressContextAction	
CanBePerformed	method	Scripts/Game/Editor/Containers/Actions/ContextActions/Placeholder/SCR_SuppressContextAction.c	9	9	1	SCR_SuppressContextAction	
Perform	method	Scripts/Game/Editor/Containers/Actions/ContextActions/Placeholder/SCR_SuppressContextAction.c	14	14	1	SCR_SuppressContextAction	
BaseContainerProps	method	Scripts/Game/Editor/Containers/Actions/ContextActions/Placeholder/SCR_SuppressContextAction.c	18	18	1	SCR_SuppressContextAction	
SCR_TransportContextAction	class	Scripts/Game/Editor/Containers/Actions/ContextActions/Placeholder/SCR_TransportContextAction.c	2	18	17		SCR_BaseContextAction
CanBeShown	method	Scripts/Game/Editor/Containers/Actions/ContextActions/Placeholder/SCR_TransportContextAction.c	4	4	1	SCR_TransportContextAction	
CanBePerformed	method	Scripts/Game/Editor/Containers/Actions/ContextActions/Placeholder/SCR_TransportContextAction.c	9	9	1	SCR_TransportContextAction	
Perform	method	Scripts/Game/Editor/Containers/Actions/ContextActions/Placeholder/SCR_TransportContextAction.c	14	14	1	SCR_TransportContextAction	
BaseContainerProps	method	Scripts/Game/Editor/Containers/Actions/ContextActions/Placeholder/SCR_TransportContextAction.c	18	18	1	SCR_TransportContextAction	
SCR_UnloadContextAction	class	Scripts/Game/Editor/Containers/Actions/ContextActions/Placeholder/SCR_UnloadContextAction.c	2	18	17		SCR_BaseContextAction
CanBeShown	method	Scripts/Game/Editor/Containers/Actions/ContextActions/Placeholder/SCR_UnloadContextAction.c	4	4	1	SCR_UnloadContextAction	
CanBePerformed	method	Scripts/Game/Editor/Containers/Actions/ContextActions/Placeholder/SCR_UnloadContextAction.c	9	9	1	SCR_UnloadContextAction	
Perform	method	Scripts/Game/Editor/Containers/Actions/ContextActions/Placeholder/SCR_UnloadContextAction.c	14	14	1	SCR_UnloadContextAction	
BaseContainerProps	method	Scripts/Game/Editor/Containers/Actions/ContextActions/Placeholder/SCR_UnloadContextAction.c	18	18	1	SCR_UnloadContextAction	
SCR_CutContextAction	class	Scripts/Game/Editor/Containers/Actions/ContextActions/SCR_CutContextAction.c	2	18	17		SCR_SelectedEntitiesContextAction
CanBeShown	method	Scripts/Game/Editor/Containers/Actions/ContextActions/SCR_CutContextAction.c	4	4	1	SCR_CutContextAction	
CanBePerformed	method	Scripts/Game/Editor/Containers/Actions/ContextActions/SCR_CutContextAction.c	9	9	1	SCR_CutContextAction	
Perform	method	Scripts/Game/Editor/Containers/Actions/ContextActions/SCR_CutContextAction.c	14	14	1	SCR_CutContextAction	
BaseContainerProps	method	Scripts/Game/Editor/Containers/Actions/ContextActions/SCR_CutContextAction.c	18	18	1	SCR_CutContextAction	
SCR_GetInContextAction	class	Scripts/Game/Editor/Containers/Actions/ContextActions/SCR_GetInContextAction.c	2	18	17		SCR_BaseContextAction
CanBeShown	method	Scripts/Game/Editor/Containers/Actions/ContextActions/SCR_GetInContextAction.c	4	4	1	SCR_GetInContextAction	
CanBePerformed	method	Scripts/Game/Editor/Containers/Actions/ContextActions/SCR_GetInContextAction.c	9	9	1	SCR_GetInContextAction	
Perform	method	Scripts/Game/Editor/Containers/Actions/ContextActions/SCR_GetInContextAction.c	14	14	1	SCR_GetInContextAction	
BaseContainerProps	method	Scripts/Game/Editor/Containers/Actions/ContextActions/SCR_GetInContextAction.c	18	18	1	SCR_GetInContextAction	
SCR_OrientToSeaNormalContextAction	class	Scripts/Game/Editor/Containers/Actions/ContextActions/SCR_OrientToSeaNormalContextAction.c	2	28	27		SCR_SelectedEntitiesContextAction
CanBeShown	method	Scripts/Game/Editor/Containers/Actions/ContextActions/SCR_OrientToSeaNormalContextAction.c	4	4	1	SCR_OrientToSeaNormalContextAction	
CanBePerformed	method	Scripts/Game/Editor/Containers/Actions/ContextActions/SCR_OrientToSeaNormalContextAction.c	9	9	1	SCR_OrientToSeaNormalContextAction	
Perform	method	Scripts/Game/Editor/Containers/Actions/ContextActions/SCR_OrientToSeaNormalContextAction.c	14	14	1	SCR_OrientToSeaNormalContextAction	
BaseContainerProps	method	Scripts/Game/Editor/Containers/Actions/ContextActions/SCR_OrientToSeaNormalContextAction.c	28	28	1	SCR_OrientToSeaNormalContextAction	
SCR_OrientToTerrainContextAction	class	Scripts/Game/Editor/Containers/Actions/ContextActions/SCR_OrientToTerrainContextAction.c	2	27	26		SCR_SelectedEntitiesContextAction
CanBeShown	method	Scripts/Game/Editor/Containers/Actions/ContextActions/SCR_OrientToTerrainContextAction.c	4	4	1	SCR_OrientToTerrainContextAction	
CanBePerformed	method	Scripts/Game/Editor/Containers/Actions/ContextActions/SCR_OrientToTerrainContextAction.c	9	9	1	SCR_OrientToTerrainContextAction	
Perform	method	Scripts/Game/Editor/Containers/Actions/ContextActions/SCR_OrientToTerrainContextAction.c	15	15	1	SCR_OrientToTerrainContextAction	
BaseContainerProps	method	Scripts/Game/Editor/Containers/Actions/ContextActions/SCR_OrientToTerrainContextAction.c	27	27	1	SCR_OrientToTerrainContextAction	
SCR_SwitchCameraToContextAction	class	Scripts/Game/Editor/Containers/Actions/ContextActions/SCR_SwitchCameraToContextAction.c	2	18	17		SCR_BaseContextAction
CanBeShown	method	Scripts/Game/Editor/Containers/Actions/ContextActions/SCR_SwitchCameraToContextAction.c	4	4	1	SCR_SwitchCameraToContextAction	
CanBePerformed	method	Scripts/Game/Editor/Containers/Actions/ContextActions/SCR_SwitchCameraToContextAction.c	9	9	1	SCR_SwitchCameraToContextAction	
Perform	method	Scripts/Game/Editor/Containers/Actions/ContextActions/SCR_SwitchCameraToContextAction.c	14	14	1	SCR_SwitchCameraToContextAction	
BaseContainerProps	method	Scripts/Game/Editor/Containers/Actions/ContextActions/SCR_SwitchCameraToContextAction.c	18	18	1	SCR_SwitchCameraToContextAction	
SCR_DeleteDestroyedToolbarAction	class	Scripts/Game/Editor/Containers/Actions/ToolbarActions/SCR_DeleteDestroyedToolbarAction.c	2	27	26		SCR_EditorToolbarAction
IsServer	method	Scripts/Game/Editor/Containers/Actions/ToolbarActions/SCR_DeleteDestroyedToolbarAction.c	4	4	1	SCR_DeleteDestroyedToolbarAction	
CanBeShown	method	Scripts/Game/Editor/Containers/Actions/ToolbarActions/SCR_DeleteDestroyedToolbarAction.c	8	8	1	SCR_DeleteDestroyedToolbarAction	
CanBePerformed	method	Scripts/Game/Editor/Containers/Actions/ToolbarActions/SCR_DeleteDestroyedToolbarAction.c	12	12	1	SCR_DeleteDestroyedToolbarAction	
Perform	method	Scripts/Game/Editor/Containers/Actions/ToolbarActions/SCR_DeleteDestroyedToolbarAction.c	17	17	1	SCR_DeleteDestroyedToolbarAction	
SCR_FloatEditorAttributeVar	class	Scripts/Game/Editor/Containers/AttributeVariables/SCR_BoolEditorAttributeVar.c	35	35	1		SCR_BaseEditorAtt
SCR_IntEditorAttributeVar	class	Scripts/Game/Editor/Containers/AttributeVariables/SCR_FloatEditorAttributeVar.c	35	35	1		SCR_BaseEditorAttri
SCR_EditorPlaceCharacterAv	class	Scripts/Game/Editor/Containers/AttributeVariables/SCR_IntEditorAttributeVar.c	35	35	1		
SCR_BaseButtonAttributeDynamicDescription	class	Scripts/Game/Editor/Containers/Attributes/DynamicDescriptions/SCR_BaseButtonAttributeDynamicDescription.c	4	18	15		SCR_BaseAttributeDynamicDescription
HasPriorityOverButton	method	Scripts/Game/Editor/Containers/Attributes/DynamicDescriptions/SCR_BaseButtonAttributeDynamicDescription.c	14	14	1	SCR_BaseButtonAttributeDynamicDescription	
SCR_ArsenalWeaponRackEquipmentEditorAttribute	class	Scripts/Game/Editor/Containers/Attributes/SCR_ArsenalWeaponRackEquipmentEditorAttribute.c	2	4	3		SCR_ArsenalBaseEditorAttribute
SCR_FactionLoadoutEquipmentEditorAttribute	class	Scripts/Game/Editor/Containers/Attributes/SCR_FactionLoadoutEquipmentEditorAttribute.c	2	5	4		SCR_FactionLoadoutBaseEditorAttribute
BaseContainerProps	method	Scripts/Game/Editor/Containers/Attributes/SCR_FactionLoadoutEquipmentEditorAttribute.c	5	5	1	SCR_FactionLoadoutEquipmentEditorAttribute	
SCR_FactionLoadoutOutfitEditorAttribute	class	Scripts/Game/Editor/Containers/Attributes/SCR_FactionLoadoutOutfitEditorAttribute.c	2	5	4		SCR_FactionLoadoutBaseEditorAttribute
BaseContainerProps	method	Scripts/Game/Editor/Containers/Attributes/SCR_FactionLoadoutOutfitEditorAttribute.c	5	5	1	SCR_FactionLoadoutOutfitEditorAttribute	
SCR_HealthOtherEditorAttribute	class	Scripts/Game/Editor/Containers/Attributes/SCR_HealthOtherEditorAttribute.c	2	8	7		SCR_HealthEditorAttribute
ReadVariable	method	Scripts/Game/Editor/Containers/Attributes/SCR_HealthOtherEditorAttribute.c	4	4	1	SCR_HealthOtherEditorAttribute	
SCR_LogoOverlayEditorAttribute	class	Scripts/Game/Editor/Containers/Attributes/SCR_LogoOverlayEditorAttribute.c	2	15	14		SCR_MenuOverlayEditorAttribute
UpdateInterlinkedVariables	method	Scripts/Game/Editor/Containers/Attributes/SCR_LogoOverlayEditorAttribute.c	5	5	1	SCR_LogoOverlayEditorAttribute	
BaseContainerProps	method	Scripts/Game/Editor/Containers/Attributes/SCR_LogoOverlayEditorAttribute.c	15	15	1	SCR_LogoOverlayEditorAttribute	
SCR_PlayerBudgetAIEditorAttribute	class	Scripts/Game/Editor/Containers/Attributes/SCR_PlayerBudgetAIEditorAttribute.c	4	10	7		SCR_BasePlayerBudgetEditorAttribute
GetBudgetType	method	Scripts/Game/Editor/Containers/Attributes/SCR_PlayerBudgetAIEditorAttribute.c	6	6	1	SCR_PlayerBudgetAIEditorAttribute	
BaseContainerProps	method	Scripts/Game/Editor/Containers/Attributes/SCR_PlayerBudgetAIEditorAttribute.c	10	10	1	SCR_PlayerBudgetAIEditorAttribute	
SCR_PlayerBudgetAIEnableEditorAttribute	class	Scripts/Game/Editor/Containers/Attributes/SCR_PlayerBudgetAIEnableEditorAttribute.c	2	18	17		SCR_BasePlayerBudgetEnableEditorAttribute
GetBudgetType	method	Scripts/Game/Editor/Containers/Attributes/SCR_PlayerBudgetAIEnableEditorAttribute.c	4	4	1	SCR_PlayerBudgetAIEnableEditorAttribute	
GetEnableNotification	method	Scripts/Game/Editor/Containers/Attributes/SCR_PlayerBudgetAIEnableEditorAttribute.c	9	9	1	SCR_PlayerBudgetAIEnableEditorAttribute	
GetDisableNotification	method	Scripts/Game/Editor/Containers/Attributes/SCR_PlayerBudgetAIEnableEditorAttribute.c	14	14	1	SCR_PlayerBudgetAIEnableEditorAttribute	
SCR_PlayerBudgetPropEditorAttribute	class	Scripts/Game/Editor/Containers/Attributes/SCR_PlayerBudgetPropEditorAttribute.c	4	10	7		SCR_BasePlayerBudgetEditorAttribute
GetBudgetType	method	Scripts/Game/Editor/Containers/Attributes/SCR_PlayerBudgetPropEditorAttribute.c	6	6	1	SCR_PlayerBudgetPropEditorAttribute	
BaseContainerProps	method	Scripts/Game/Editor/Containers/Attributes/SCR_PlayerBudgetPropEditorAttribute.c	10	10	1	SCR_PlayerBudgetPropEditorAttribute	
SCR_PlayerBudgetPropEnableEditorAttribute	class	Scripts/Game/Editor/Containers/Attributes/SCR_PlayerBudgetPropEnableEditorAttribute.c	2	18	17		SCR_BasePlayerBudgetEnableEditorAttribute
GetBudgetType	method	Scripts/Game/Editor/Containers/Attributes/SCR_PlayerBudgetPropEnableEditorAttribute.c	4	4	1	SCR_PlayerBudgetPropEnableEditorAttribute	
GetEnableNotification	method	Scripts/Game/Editor/Containers/Attributes/SCR_PlayerBudgetPropEnableEditorAttribute.c	9	9	1	SCR_PlayerBudgetPropEnableEditorAttribute	
GetDisableNotification	method	Scripts/Game/Editor/Containers/Attributes/SCR_PlayerBudgetPropEnableEditorAttribute.c	14	14	1	SCR_PlayerBudgetPropEnableEditorAttribute	
SCR_PlayerBudgetSystemEditorAttribute	class	Scripts/Game/Editor/Containers/Attributes/SCR_PlayerBudgetSystemEditorAttribute.c	4	10	7		SCR_BasePlayerBudgetEditorAttribute
GetBudgetType	method	Scripts/Game/Editor/Containers/Attributes/SCR_PlayerBudgetSystemEditorAttribute.c	6	6	1	SCR_PlayerBudgetSystemEditorAttribute	
BaseContainerProps	method	Scripts/Game/Editor/Containers/Attributes/SCR_PlayerBudgetSystemEditorAttribute.c	10	10	1	SCR_PlayerBudgetSystemEditorAttribute	
SCR_PlayerBudgetSystemEnableEditorAttribute	class	Scripts/Game/Editor/Containers/Attributes/SCR_PlayerBudgetSystemEnableEditorAttribute.c	2	18	17		SCR_BasePlayerBudgetEnableEditorAttribute
GetBudgetType	method	Scripts/Game/Editor/Containers/Attributes/SCR_PlayerBudgetSystemEnableEditorAttribute.c	4	4	1	SCR_PlayerBudgetSystemEnableEditorAttribute	
GetEnableNotification	method	Scripts/Game/Editor/Containers/Attributes/SCR_PlayerBudgetSystemEnableEditorAttribute.c	9	9	1	SCR_PlayerBudgetSystemEnableEditorAttribute	
GetDisableNotification	method	Scripts/Game/Editor/Containers/Attributes/SCR_PlayerBudgetSystemEnableEditorAttribute.c	14	14	1	SCR_PlayerBudgetSystemEnableEditorAttribute	
SCR_PlayerBudgetVehicleEditorAttribute	class	Scripts/Game/Editor/Containers/Attributes/SCR_PlayerBudgetVehicleEditorAttribute.c	4	10	7		SCR_BasePlayerBudgetEditorAttribute
GetBudgetType	method	Scripts/Game/Editor/Containers/Attributes/SCR_PlayerBudgetVehicleEditorAttribute.c	6	6	1	SCR_PlayerBudgetVehicleEditorAttribute	
BaseContainerProps	method	Scripts/Game/Editor/Containers/Attributes/SCR_PlayerBudgetVehicleEditorAttribute.c	10	10	1	SCR_PlayerBudgetVehicleEditorAttribute	
SCR_SetEnableDamageVehicleEditorAttribute	class	Scripts/Game/Editor/Containers/Attributes/SCR_SetEnableDamageEditorVehicleAttribute.c	2	18	17		SCR_SetEnableDamageEditorAttribute
ReadVariable	method	Scripts/Game/Editor/Containers/Attributes/SCR_SetEnableDamageEditorVehicleAttribute.c	4	4	1	SCR_SetEnableDamageVehicleEditorAttribute	
UpdateInterlinkedVariables	method	Scripts/Game/Editor/Containers/Attributes/SCR_SetEnableDamageEditorVehicleAttribute.c	9	9	1	SCR_SetEnableDamageVehicleEditorAttribute	
BaseContainerProps	method	Scripts/Game/Editor/Containers/Attributes/SCR_SetEnableDamageEditorVehicleAttribute.c	18	18	1	SCR_SetEnableDamageVehicleEditorAttribute	
SCR_SetSuppliesVehicleEditorAttribute	class	Scripts/Game/Editor/Containers/Attributes/SCR_SetSuppliesVehicleEditorAttribute.c	2	9	8		SCR_SetSuppliesBaseEditorAttribute
CanDisplay	method	Scripts/Game/Editor/Containers/Attributes/SCR_SetSuppliesVehicleEditorAttribute.c	4	4	1	SCR_SetSuppliesVehicleEditorAttribute	
SCR_SupportStationEnableFuelEditorAttribute	class	Scripts/Game/Editor/Containers/Attributes/SCR_SupportStationEnableFuelEditorAttribute.c	2	8	7		SCR_BaseSupportStationEnableEditorAttribute
GetSupportStationType	method	Scripts/Game/Editor/Containers/Attributes/SCR_SupportStationEnableFuelEditorAttribute.c	4	4	1	SCR_SupportStationEnableFuelEditorAttribute	
BaseContainerProps	method	Scripts/Game/Editor/Containers/Attributes/SCR_SupportStationEnableFuelEditorAttribute.c	8	8	1	SCR_SupportStationEnableFuelEditorAttribute	
SCR_SupportStationEnableHealEditorAttribute	class	Scripts/Game/Editor/Containers/Attributes/SCR_SupportStationEnableHealEditorAttribute.c	2	8	7		SCR_BaseSupportStationEnableEditorAttribute
GetSupportStationType	method	Scripts/Game/Editor/Containers/Attributes/SCR_SupportStationEnableHealEditorAttribute.c	4	4	1	SCR_SupportStationEnableHealEditorAttribute	
BaseContainerProps	method	Scripts/Game/Editor/Containers/Attributes/SCR_SupportStationEnableHealEditorAttribute.c	8	8	1	SCR_SupportStationEnableHealEditorAttribute	
SCR_SupportStationEnableRepairEditorAttribute	class	Scripts/Game/Editor/Containers/Attributes/SCR_SupportStationEnableRepairEditorAttribute.c	2	8	7		SCR_BaseSupportStationEnableEditorAttribute
GetSupportStationType	method	Scripts/Game/Editor/Containers/Attributes/SCR_SupportStationEnableRepairEditorAttribute.c	4	4	1	SCR_SupportStationEnableRepairEditorAttribute	
BaseContainerProps	method	Scripts/Game/Editor/Containers/Attributes/SCR_SupportStationEnableRepairEditorAttribute.c	8	8	1	SCR_SupportStationEnableRepairEditorAttribute	
SCR_TaskTextCustomEditorAttribute	class	Scripts/Game/Editor/Containers/Attributes/SCR_TaskTextCustomEditorAttribute.c	2	5	4		SCR_TaskTextBaseEditorAttribute
BaseContainerProps	method	Scripts/Game/Editor/Containers/Attributes/SCR_TaskTextCustomEditorAttribute.c	5	5	1	SCR_TaskTextCustomEditorAttribute	
SCR_ValidTypeBaseEditorAttribute	class	Scripts/Game/Editor/Containers/Attributes/SCR_ValidTypeBaseEditorAttribute.c	2	21	20		SCR_BaseEditorAttribute
IsValidEntityType	method	Scripts/Game/Editor/Containers/Attributes/SCR_ValidTypeBaseEditorAttribute.c	10	10	1	SCR_ValidTypeBaseEditorAttribute	
SCR_EntityTypesEditableEntityFilter	class	Scripts/Game/Editor/Containers/EditableEntityFilters/SCR_EntityTypesEditableEntityFilter.c	6	15	10		SCR_BaseEditableEntityFilter
CanAdd	method	Scripts/Game/Editor/Containers/EditableEntityFilters/SCR_EntityTypesEditableEntityFilter.c	11	11	1	SCR_EntityTypesEditableEntityFilter	
BaseContainerProps	method	Scripts/Game/Editor/Containers/EditableEntityFilters/SCR_EntityTypesEditableEntityFilter.c	15	15	1	SCR_EntityTypesEditableEntityFilter	
SCR_PlaceableEntitiesGameModeRegistry	class	Scripts/Game/Editor/Containers/PlaceableEntities/SCR_PlaceableEntitiesGameModeRegistry.c	2	24	23		SCR_PlaceableEntitiesRegistry
Init	method	Scripts/Game/Editor/Containers/PlaceableEntities/SCR_PlaceableEntitiesGameModeRegistry.c	5	5	1	SCR_PlaceableEntitiesGameModeRegistry	
SCR_PlaceableEntitiesGameModeRegistry	method	Scripts/Game/Editor/Containers/PlaceableEntities/SCR_PlaceableEntitiesGameModeRegistry.c	17	17	1	SCR_PlaceableEntitiesGameModeRegistry	
BaseContainerProps	method	Scripts/Game/Editor/Containers/PlaceableEntities/SCR_PlaceableEntitiesGameModeRegistry.c	24	24	1	SCR_PlaceableEntitiesGameModeRegistry	
SCR_ImageSetResource	class	Scripts/Game/Editor/Containers/Texture/SCR_BaseTextureResource.c	12	12	1		SCR
SCR_TextureResource	class	Scripts/Game/Editor/Containers/Texture/SCR_ImageSetResource.c	23	23	1		SCR_
SCR_Entity	class	Scripts/Game/Editor/Containers/Texture/SCR_TextureResource.c	19	19	1		
SCR_AIGroupUIInfo	class	Scripts/Game/Editor/Containers/Tooltip/SCR_EntityTooltipConfig.c	20	20	1		SCR_UIInfo
SCR_ColorUIInfo	class	Scripts/Game/Editor/Containers/UIInfo/SCR_ColorUIInfo.c	2	29	28		SCR_UIInfo
GetColor	method	Scripts/Game/Editor/Containers/UIInfo/SCR_ColorUIInfo.c	10	10	1	SCR_ColorUIInfo	
CopyFrom	method	Scripts/Game/Editor/Containers/UIInfo/SCR_ColorUIInfo.c	17	17	1	SCR_ColorUIInfo	
SCR_Combin	class	Scripts/Game/Editor/Containers/UIInfo/SCR_ColorUIInfo.c	31	31	1		
SCR_ColoredTextNotificationUIInfo	class	Scripts/Game/Editor/Containers/UIInfo/SCR_ColoredTextNotificationUIInfo.c	2	14	13		SCR_UINotificationInfo
GetNotificationTextColor	method	Scripts/Game/Editor/Containers/UIInfo/SCR_ColoredTextNotificationUIInfo.c	10	10	1	SCR_ColoredTextNotificationUIInfo	
SCR_PlayerUIInfo	class	Scripts/Game/Editor/Containers/UIInfo/SCR_PlayerUIInfo.c	2	27	26		SCR_UIInfo
SetPlayerID	method	Scripts/Game/Editor/Containers/UIInfo/SCR_PlayerUIInfo.c	8	8	1	SCR_PlayerUIInfo	
GetPlayerID	method	Scripts/Game/Editor/Containers/UIInfo/SCR_PlayerUIInfo.c	14	14	1	SCR_PlayerUIInfo	
GetName	method	Scripts/Game/Editor/Containers/UIInfo/SCR_PlayerUIInfo.c	20	20	1	SCR_PlayerUIInfo	
SCR_SimpleMessageUIInfo	class	Scripts/Game/Editor/Containers/UIInfo/SCR_PlayerUIInfo.c	29	29	1		
SCR_Supply	class	Scripts/Game/Editor/Containers/UIInfo/SCR_SupplyCostItemHintUIInfo.c	27	27	1		
SCR_EditorPingEntityClass	class	Scripts/Game/Editor/Entities/SCR_EditorPingEntity.c	2	4	3		GenericEntityClass
SCR_EditorPingEntity	class	Scripts/Game/Editor/Entities/SCR_EditorPingEntity.c	13	15	3		GenericEntity
EntityEditorProps	method	Scripts/Game/Editor/Entities/SCR_EditorPingEntity.c	15	15	1	SCR_EditorPingEntity	
EEditableEntityFilterAutoAdd	enum	Scripts/Game/Editor/Enums/EEditableEntityBudget.c	24	24	1		
EEditableEntityInteraction	enum	Scripts/Game/Editor/Enums/EEditableEntityInteraction.c	2	8	7		
EEditableEntityRegister	enum	Scripts/Game/Editor/Enums/EEditableEntityRegister.c	6	11	6		
EEditableEntityType	enum	Scripts/Game/Editor/Enums/EEditableEntityType.c	2	15	14		
EEditorAttributeMultiSelect	enum	Scripts/Game/Editor/Enums/EEditorAttributeMultiSelect.c	2	6	5		
EEditorCanClose	enum	Scripts/Game/Editor/Enums/EEditorCanClose.c	2	5	4		
EEditorCanOpen	enum	Scripts/Game/Editor/Enums/EEditorCanOpen.c	2	7	6		
EEditorCommandActionFlags	enum	Scripts/Game/Editor/Enums/EEditorCommandActionFlags.c	2	8	7		
EEditorCursor	enum	Scripts/Game/Editor/Enums/EEditorCursor.c	2	18	17		
EEditorEvent	enum	Scripts/Game/Editor/Enums/EEditorEvent.c	2	24	23		
EEditorEventOperation	enum	Scripts/Game/Editor/Enums/EEditorEventOperation.c	2	15	14		
EEditorMenuOverlayLayer	enum	Scripts/Game/Editor/Enums/EEditorMenuOverlayLayer.c	2	10	9		
EEditorMenuOverlayRoot	enum	Scripts/Game/Editor/Enums/EEditorMenuOverlayRoot.c	1	6	6		
EEditorMode	enum	Scripts/Game/Editor/Enums/EEditorMode.c	2	11	10		
EEditorPlacingFlags	enum	Scripts/Game/Editor/Enums/EEditorModeFlag.c	8	8	1		
EEditorRadialMenuType	enum	Scripts/Game/Editor/Enums/EEditorRadialMenuType.c	2	6	5		
EEditorState	enum	Scripts/Game/Editor/Enums/EEditorState.c	2	9	8		
EEditorTaskCompletionType	enum	Scripts/Game/Editor/Enums/EEditorTaskCompletionType.c	2	7	6		
EEditorTransformSnap	enum	Scripts/Game/Editor/Enums/EEditorTransformSnap.c	2	7	6		
EEditorTransformVertical	enum	Scripts/Game/Editor/Enums/EEditorTransformVertical.c	2	7	6		
SCR_OverrideEditorAttributeUICompo	class	Scripts/Game/Editor/UI/Components/Attributes/SCR_GameOverTypeAttributeUIComponent.c	12	12	1		
SCR_VectorSliderEditorAttributeUIComponent	class	Scripts/Game/Editor/UI/Components/Attributes/SCR_VectorSliderEditorAttributeUIComponent.c	3	24	22		SCR_SliderEditorAttributeUIComponent
SetSliderSettings	method	Scripts/Game/Editor/UI/Components/Attributes/SCR_VectorSliderEditorAttributeUIComponent.c	6	6	1	SCR_VectorSliderEditorAttributeUIComponent	
S	class	Scripts/Game/Editor/UI/Components/Attributes/SCR_VectorSliderEditorAttributeUIComponent.c	26	26	1		
SCR_DisabledEntitiesEditorUIEffect	class	Scripts/Game/Editor/UI/Components/EditableEntityFilters/Effects/SCR_DisabledEntitiesEditorUIEffect.c	2	9	8		SCR_BaseEntitiesEditorUIEffect
ApplyOn	method	Scripts/Game/Editor/UI/Components/EditableEntityFilters/Effects/SCR_DisabledEntitiesEditorUIEffect.c	5	5	1	SCR_DisabledEntitiesEditorUIEffect	
SCR_BaseModeEditorUIComponent	class	Scripts/Game/Editor/UI/Components/Modes/SCR_AdminModeEditorUIComponent.c	4	4	1		MenuRootSubCompone
SCR_CommandModeEditorUIComponent	class	Scripts/Game/Editor/UI/Components/Modes/SCR_BaseModeEditorUIComponent.c	9	9	1		SCR_BaseModeEdi
SCR_EditModeEditorUIComponent	class	Scripts/Game/Editor/UI/Components/Modes/SCR_CommandModeEditorUIComponent.c	4	4	1		SCR_BaseModeEditor
SCR_PhotoModeEditorUIComponent	class	Scripts/Game/Editor/UI/Components/Modes/SCR_EditModeEditorUIComponent.c	4	4	1		SCR_BaseModeEdito
SCR_GroupToolbarItemEditorUIComponent	class	Scripts/Game/Editor/UI/Components/Toolbar/Items/SCR_FactionsToolbarItemEditorUIComponent.c	4	4	1		SCR_Entity
SCR_MapGridTooltipDetail	class	Scripts/Game/Editor/UI/Components/Tooltips/Tooltips/Details/SCR_GridTooltipDetail.c	2	22	21		SCR_EntityTooltipDetail
UpdateDetail	method	Scripts/Game/Editor/UI/Components/Tooltips/Tooltips/Details/SCR_GridTooltipDetail.c	8	8	1	SCR_MapGridTooltipDetail	
InitDetail	method	Scripts/Game/Editor/UI/Components/Tooltips/Tooltips/Details/SCR_GridTooltipDetail.c	16	16	1	SCR_MapGridTooltipDetail	
SCR_GunnersTooltipDetail	class	Scripts/Game/Editor/UI/Components/Tooltips/Tooltips/Details/SCR_GunnersTooltipDetail.c	2	4	3		SCR_MultiOccupantVehcileTooltipDetail
SCR_JunctionPowerPoleClass	class	Scripts/Game/Entities/Power/SCR_JunctionPowerPole.c	2	4	3		SCR_PowerPoleClass
SCR_JunctionPowerPole	class	Scripts/Game/Entities/Power/SCR_JunctionPowerPole.c	6	10	5		SCR_PowerPole
SCR_PowerPoleSlot	class	Scripts/Game/Entities/Power/SCR_PowerPoleSlot.c	8	12	5		SCR_PowerPoleSlotBase
SCR_PowerPoleSlotSingle	class	Scripts/Game/Entities/Power/SCR_PowerPoleSlot.c	15	17	3		SCR_PowerPoleSlotBase
EPreviewEntityFlag	enum	Scripts/Game/Entities/Power/SCR_PowerPoleSlot.c	18	18	1		
SCR_BasePr	class	Scripts/Game/Entities/Preview/EPreviewEntityMesh.c	6	6	1		
SCR_EBoxSide	enum	Scripts/Game/Enums/SCR_EBoxSide.c	2	10	9		
SCR_ECanCallEndGame	enum	Scripts/Game/Enums/SCR_EBoxSide.c	11	11	1		
SCR_EFireModeChange	enum	Scripts/Game/Enums/SCR_ECharacterDistanceMeasurementMethod.c	5	5	1		
SCR_EPlacementType	enum	Scripts/Game/Enums/SCR_EFireModeChange.c	4	8	5		
SC	enum	Scripts/Game/Enums/SCR_EFireModeChange.c	9	9	1		
SCR_FactionCommanderMainRe	class	Scripts/Game/FactionCommander/MenuHandlers/SCR_FactionCommanderMainCommandMenuHandler.c	10	10	1		
SCR_BasePrefabCategory	class	Scripts/Game/GameMode/PrefabsSpawning/SCR_BasePrefabCategory.c	2	22	21		
GetRatio	method	Scripts/Game/GameMode/PrefabsSpawning/SCR_BasePrefabCategory.c	9	9	1	SCR_BasePrefabCategory	
Spawn	method	Scripts/Game/GameMode/PrefabsSpawning/SCR_BasePrefabCategory.c	18	18	1	SCR_BasePrefabCategory	
SCR_PrefabCategory	class	Scripts/Game/GameMode/PrefabsSpawning/SCR_PrefabCategory.c	2	12	11		SCR_BasePrefabCategory
Spawn	method	Scripts/Game/GameMode/PrefabsSpawning/SCR_PrefabCategory.c	8	8	1	SCR_PrefabCategory	
SCR_AnyInvalidSpawnPointRequestResultInfo	class	Scripts/Game/GameMode/Respawn/SpawnPointRequestResult/SCR_AnyInvalidSpawnPointRequestResultInfo.c	3	10	8		SCR_BaseSpawnPointRequestResultInfo
IsValidRequestResultInfo	method	Scripts/Game/GameMode/Respawn/SpawnPointRequestResult/SCR_AnyInvalidSpawnPointRequestResultInfo.c	6	6	1	SCR_AnyInvalidSpawnPointRequestResultInfo	
SCR_EGame	enum	Scripts/Game/GameMode/SCR_ECharacterDisguiseType.c	11	11	1		
SCR_Tutorial_CombatEngineering_END	class	Scripts/Game/GameMode/Tutorial/Stages/CombatEngineeringCourse/SCR_Tutorial_CombatEngineering_END.c	6	22	17		SCR_BaseTutorialStage
Setup	method	Scripts/Game/GameMode/Tutorial/Stages/CombatEngineeringCourse/SCR_Tutorial_CombatEngineering_END.c	9	9	1	SCR_Tutorial_CombatEngineering_END	
GetIsFinished	method	Scripts/Game/GameMode/Tutorial/Stages/CombatEngineeringCourse/SCR_Tutorial_CombatEngineering_END.c	18	18	1	SCR_Tutorial_CombatEngineering_END	
EntityEditorProps	method	Scripts/Game/GameMode/Tutorial/Stages/CombatEngineeringCourse/SCR_Tutorial_CombatEngineering_END.c	22	22	1	SCR_Tutorial_CombatEngineering_END	
SCR_Tutori	class	Scripts/Game/GameMode/Tutorial/Stages/CombatEngineeringCourse/SCR_Tutorial_CombatEngineering_END.c	23	23	1		
SCR_Tutorial_CombatEngineering_SpawnEntity_1	class	Scripts/Game/GameMode/Tutorial/Stages/CombatEngineeringCourse/SCR_Tutorial_CombatEngineering_SpawnEntity_1.c	5	21	17		SCR_BaseTutorialStage
Setup	method	Scripts/Game/GameMode/Tutorial/Stages/CombatEngineeringCourse/SCR_Tutorial_CombatEngineering_SpawnEntity_1.c	11	11	1	SCR_Tutorial_CombatEngineering_SpawnEntity_1	
GetIsFinished	method	Scripts/Game/GameMode/Tutorial/Stages/CombatEngineeringCourse/SCR_Tutorial_CombatEngineering_SpawnEntity_1.c	17	17	1	SCR_Tutorial_CombatEngineering_SpawnEntity_1	
EntityEditorProps	method	Scripts/Game/GameMode/Tutorial/Stages/CombatEngineeringCourse/SCR_Tutorial_CombatEngineering_SpawnEntity_1.c	21	21	1	SCR_Tutorial_CombatEngineering_SpawnEntity_1	
SCR_Tutori	class	Scripts/Game/GameMode/Tutorial/Stages/CombatEngineeringCourse/SCR_Tutorial_CombatEngineering_SpawnEntity_1.c	22	22	1		
SCR_Tutorial_CombatEngineering_SpawnEntity_2	class	Scripts/Game/GameMode/Tutorial/Stages/CombatEngineeringCourse/SCR_Tutorial_CombatEngineering_SpawnEntity_2.c	5	26	22		SCR_BaseTutorialStage
Setup	method	Scripts/Game/GameMode/Tutorial/Stages/CombatEngineeringCourse/SCR_Tutorial_CombatEngineering_SpawnEntity_2.c	11	11	1	SCR_Tutorial_CombatEngineering_SpawnEntity_2	
GetIsFinished	method	Scripts/Game/GameMode/Tutorial/Stages/CombatEngineeringCourse/SCR_Tutorial_CombatEngineering_SpawnEntity_2.c	22	22	1	SCR_Tutorial_CombatEngineering_SpawnEntity_2	
EntityEditorProps	method	Scripts/Game/GameMode/Tutorial/Stages/CombatEngineeringCourse/SCR_Tutorial_CombatEngineering_SpawnEntity_2.c	26	26	1	SCR_Tutorial_CombatEngineering_SpawnEntity_2	
SCR_Tutori	class	Scripts/Game/GameMode/Tutorial/Stages/CombatEngineeringCourse/SCR_Tutorial_CombatEngineering_SpawnEntity_2.c	27	27	1		
SCR_Tutorial_Seizing_END	class	Scripts/Game/GameMode/Tutorial/Stages/Conflict/SCR_Tutorial_Seizing_END.c	6	22	17		SCR_BaseTutorialStage
Setup	method	Scripts/Game/GameMode/Tutorial/Stages/Conflict/SCR_Tutorial_Seizing_END.c	9	9	1	SCR_Tutorial_Seizing_END	
GetIsFinished	method	Scripts/Game/GameMode/Tutorial/Stages/Conflict/SCR_Tutorial_Seizing_END.c	18	18	1	SCR_Tutorial_Seizing_END	
EntityEditorProps	method	Scripts/Game/GameMode/Tutorial/Stages/Conflict/SCR_Tutorial_Seizing_END.c	22	22	1	SCR_Tutorial_Seizing_END	
SCR_Tutori	class	Scripts/Game/GameMode/Tutorial/Stages/Conflict/SCR_Tutorial_Seizing_END.c	23	23	1		
SCR_Tutorial_Seizing_Place_Antenna	class	Scripts/Game/GameMode/Tutorial/Stages/Conflict/SCR_Tutorial_Seizing_Place_Antenna.c	5	14	10		SCR_BaseTutorialStage
GetIsFinished	method	Scripts/Game/GameMode/Tutorial/Stages/Conflict/SCR_Tutorial_Seizing_Place_Antenna.c	10	10	1	SCR_Tutorial_Seizing_Place_Antenna	
EntityEditorProps	method	Scripts/Game/GameMode/Tutorial/Stages/Conflict/SCR_Tutorial_Seizing_Place_Antenna.c	14	14	1	SCR_Tutorial_Seizing_Place_Antenna	
SCR_Tutori	class	Scripts/Game/GameMode/Tutorial/Stages/Conflict/SCR_Tutorial_Seizing_Place_Antenna.c	15	15	1		
SCR_Tutorial_Driving_DRIVEROAD10	class	Scripts/Game/GameMode/Tutorial/Stages/DrivingSimple/SCR_Tutorial_Driving_DRIVEROAD10.c	6	19	14		SCR_BaseTutorialStage
Setup	method	Scripts/Game/GameMode/Tutorial/Stages/DrivingSimple/SCR_Tutorial_Driving_DRIVEROAD10.c	9	9	1	SCR_Tutorial_Driving_DRIVEROAD10	
GetIsFinished	method	Scripts/Game/GameMode/Tutorial/Stages/DrivingSimple/SCR_Tutorial_Driving_DRIVEROAD10.c	15	15	1	SCR_Tutorial_Driving_DRIVEROAD10	
EntityEditorProps	method	Scripts/Game/GameMode/Tutorial/Stages/DrivingSimple/SCR_Tutorial_Driving_DRIVEROAD10.c	19	19	1	SCR_Tutorial_Driving_DRIVEROAD10	
SCR_Tutori	class	Scripts/Game/GameMode/Tutorial/Stages/DrivingSimple/SCR_Tutorial_Driving_DRIVEROAD10.c	20	20	1		
SCR_Tutorial_Driving_DRIVEROAD11	class	Scripts/Game/GameMode/Tutorial/Stages/DrivingSimple/SCR_Tutorial_Driving_DRIVEROAD11.c	6	19	14		SCR_BaseTutorialStage
Setup	method	Scripts/Game/GameMode/Tutorial/Stages/DrivingSimple/SCR_Tutorial_Driving_DRIVEROAD11.c	9	9	1	SCR_Tutorial_Driving_DRIVEROAD11	
GetIsFinished	method	Scripts/Game/GameMode/Tutorial/Stages/DrivingSimple/SCR_Tutorial_Driving_DRIVEROAD11.c	15	15	1	SCR_Tutorial_Driving_DRIVEROAD11	
EntityEditorProps	method	Scripts/Game/GameMode/Tutorial/Stages/DrivingSimple/SCR_Tutorial_Driving_DRIVEROAD11.c	19	19	1	SCR_Tutorial_Driving_DRIVEROAD11	
SCR_Tutori	class	Scripts/Game/GameMode/Tutorial/Stages/DrivingSimple/SCR_Tutorial_Driving_DRIVEROAD11.c	20	20	1		
SCR_Tutorial_Driving_DRIVEROAD2	class	Scripts/Game/GameMode/Tutorial/Stages/DrivingSimple/SCR_Tutorial_Driving_DRIVEROAD2.c	6	20	15		SCR_BaseTutorialStage
Setup	method	Scripts/Game/GameMode/Tutorial/Stages/DrivingSimple/SCR_Tutorial_Driving_DRIVEROAD2.c	9	9	1	SCR_Tutorial_Driving_DRIVEROAD2	
GetIsFinished	method	Scripts/Game/GameMode/Tutorial/Stages/DrivingSimple/SCR_Tutorial_Driving_DRIVEROAD2.c	16	16	1	SCR_Tutorial_Driving_DRIVEROAD2	
EntityEditorProps	method	Scripts/Game/GameMode/Tutorial/Stages/DrivingSimple/SCR_Tutorial_Driving_DRIVEROAD2.c	20	20	1	SCR_Tutorial_Driving_DRIVEROAD2	
SCR_Tutori	class	Scripts/Game/GameMode/Tutorial/Stages/DrivingSimple/SCR_Tutorial_Driving_DRIVEROAD2.c	21	21	1		
SCR_Tutorial_Driving_DRIVEROAD3	class	Scripts/Game/GameMode/Tutorial/Stages/DrivingSimple/SCR_Tutorial_Driving_DRIVEROAD3.c	6	19	14		SCR_BaseTutorialStage
Setup	method	Scripts/Game/GameMode/Tutorial/Stages/DrivingSimple/SCR_Tutorial_Driving_DRIVEROAD3.c	9	9	1	SCR_Tutorial_Driving_DRIVEROAD3	
GetIsFinished	method	Scripts/Game/GameMode/Tutorial/Stages/DrivingSimple/SCR_Tutorial_Driving_DRIVEROAD3.c	15	15	1	SCR_Tutorial_Driving_DRIVEROAD3	
EntityEditorProps	method	Scripts/Game/GameMode/Tutorial/Stages/DrivingSimple/SCR_Tutorial_Driving_DRIVEROAD3.c	19	19	1	SCR_Tutorial_Driving_DRIVEROAD3	
SCR_Tutori	class	Scripts/Game/GameMode/Tutorial/Stages/DrivingSimple/SCR_Tutorial_Driving_DRIVEROAD3.c	20	20	1		
SCR_Tutorial_Driving_DRIVEROAD4	class	Scripts/Game/GameMode/Tutorial/Stages/DrivingSimple/SCR_Tutorial_Driving_DRIVEROAD4.c	6	20	15		SCR_BaseTutorialStage
Setup	method	Scripts/Game/GameMode/Tutorial/Stages/DrivingSimple/SCR_Tutorial_Driving_DRIVEROAD4.c	9	9	1	SCR_Tutorial_Driving_DRIVEROAD4	
GetIsFinished	method	Scripts/Game/GameMode/Tutorial/Stages/DrivingSimple/SCR_Tutorial_Driving_DRIVEROAD4.c	16	16	1	SCR_Tutorial_Driving_DRIVEROAD4	
EntityEditorProps	method	Scripts/Game/GameMode/Tutorial/Stages/DrivingSimple/SCR_Tutorial_Driving_DRIVEROAD4.c	20	20	1	SCR_Tutorial_Driving_DRIVEROAD4	
SCR_Tutori	class	Scripts/Game/GameMode/Tutorial/Stages/DrivingSimple/SCR_Tutorial_Driving_DRIVEROAD4.c	21	21	1		
SCR_Tutorial_Driving_DRIVEROAD5	class	Scripts/Game/GameMode/Tutorial/Stages/DrivingSimple/SCR_Tutorial_Driving_DRIVEROAD5.c	6	22	17		SCR_BaseTutorialStage
Setup	method	Scripts/Game/GameMode/Tutorial/Stages/DrivingSimple/SCR_Tutorial_Driving_DRIVEROAD5.c	9	9	1	SCR_Tutorial_Driving_DRIVEROAD5	
GetIsFinished	method	Scripts/Game/GameMode/Tutorial/Stages/DrivingSimple/SCR_Tutorial_Driving_DRIVEROAD5.c	18	18	1	SCR_Tutorial_Driving_DRIVEROAD5	
EntityEditorProps	method	Scripts/Game/GameMode/Tutorial/Stages/DrivingSimple/SCR_Tutorial_Driving_DRIVEROAD5.c	22	22	1	SCR_Tutorial_Driving_DRIVEROAD5	
SCR_Tutori	class	Scripts/Game/GameMode/Tutorial/Stages/DrivingSimple/SCR_Tutorial_Driving_DRIVEROAD5.c	23	23	1		
SCR_Tutorial_Driving_DRIVEROAD6	class	Scripts/Game/GameMode/Tutorial/Stages/DrivingSimple/SCR_Tutorial_Driving_DRIVEROAD6.c	6	19	14		SCR_BaseTutorialStage
Setup	method	Scripts/Game/GameMode/Tutorial/Stages/DrivingSimple/SCR_Tutorial_Driving_DRIVEROAD6.c	9	9	1	SCR_Tutorial_Driving_DRIVEROAD6	
GetIsFinished	method	Scripts/Game/GameMode/Tutorial/Stages/DrivingSimple/SCR_Tutorial_Driving_DRIVEROAD6.c	15	15	1	SCR_Tutorial_Driving_DRIVEROAD6	
EntityEditorProps	method	Scripts/Game/GameMode/Tutorial/Stages/DrivingSimple/SCR_Tutorial_Driving_DRIVEROAD6.c	19	19	1	SCR_Tutorial_Driving_DRIVEROAD6	
SCR_Tutori	class	Scripts/Game/GameMode/Tutorial/Stages/DrivingSimple/SCR_Tutorial_Driving_DRIVEROAD6.c	20	20	1		
SCR_Tutorial_Driving_DRIVEROAD7	class	Scripts/Game/GameMode/Tutorial/Stages/DrivingSimple/SCR_Tutorial_Driving_DRIVEROAD7.c	6	19	14		SCR_BaseTutorialStage
Setup	method	Scripts/Game/GameMode/Tutorial/Stages/DrivingSimple/SCR_Tutorial_Driving_DRIVEROAD7.c	9	9	1	SCR_Tutorial_Driving_DRIVEROAD7	
GetIsFinished	method	Scripts/Game/GameMode/Tutorial/Stages/DrivingSimple/SCR_Tutorial_Driving_DRIVEROAD7.c	15	15	1	SCR_Tutorial_Driving_DRIVEROAD7	
EntityEditorProps	method	Scripts/Game/GameMode/Tutorial/Stages/DrivingSimple/SCR_Tutorial_Driving_DRIVEROAD7.c	19	19	1	SCR_Tutorial_Driving_DRIVEROAD7	
SCR_Tutori	class	Scripts/Game/GameMode/Tutorial/Stages/DrivingSimple/SCR_Tutorial_Driving_DRIVEROAD7.c	20	20	1		
SCR_Tutorial_Driving_DRIVEROAD8	class	Scripts/Game/GameMode/Tutorial/Stages/DrivingSimple/SCR_Tutorial_Driving_DRIVEROAD8.c	6	20	15		SCR_BaseTutorialStage
Setup	method	Scripts/Game/GameMode/Tutorial/Stages/DrivingSimple/SCR_Tutorial_Driving_DRIVEROAD8.c	9	9	1	SCR_Tutorial_Driving_DRIVEROAD8	
GetIsFinished	method	Scripts/Game/GameMode/Tutorial/Stages/DrivingSimple/SCR_Tutorial_Driving_DRIVEROAD8.c	16	16	1	SCR_Tutorial_Driving_DRIVEROAD8	
EntityEditorProps	method	Scripts/Game/GameMode/Tutorial/Stages/DrivingSimple/SCR_Tutorial_Driving_DRIVEROAD8.c	20	20	1	SCR_Tutorial_Driving_DRIVEROAD8	
SCR_Tutori	class	Scripts/Game/GameMode/Tutorial/Stages/DrivingSimple/SCR_Tutorial_Driving_DRIVEROAD8.c	21	21	1		
SCR_Tutorial_Driving_GETOUT	class	Scripts/Game/GameMode/Tutorial/Stages/DrivingSimple/SCR_Tutorial_Driving_GETOUT.c	6	20	15		SCR_BaseTutorialStage
Setup	method	Scripts/Game/GameMode/Tutorial/Stages/DrivingSimple/SCR_Tutorial_Driving_GETOUT.c	9	9	1	SCR_Tutorial_Driving_GETOUT	
GetIsFinished	method	Scripts/Game/GameMode/Tutorial/Stages/DrivingSimple/SCR_Tutorial_Driving_GETOUT.c	16	16	1	SCR_Tutorial_Driving_GETOUT	
EntityEditorProps	method	Scripts/Game/GameMode/Tutorial/Stages/DrivingSimple/SCR_Tutorial_Driving_GETOUT.c	20	20	1	SCR_Tutorial_Driving_GETOUT	
SCR_Tutori	class	Scripts/Game/GameMode/Tutorial/Stages/DrivingSimple/SCR_Tutorial_Driving_GETOUT.c	21	21	1		
SCR_Tutorial_Heli_END	class	Scripts/Game/GameMode/Tutorial/Stages/Helicopters/SCR_Tutorial_Heli_END.c	6	8	3		SCR_BaseTutorialStage
EntityEditorProps	method	Scripts/Game/GameMode/Tutorial/Stages/Helicopters/SCR_Tutorial_Heli_END.c	8	8	1	SCR_Tutorial_Heli_END	
SCR_Tutori	class	Scripts/Game/GameMode/Tutorial/Stages/Helicopters/SCR_Tutorial_Heli_END.c	9	9	1		
SCR_Tutorial_Heli_FLIGHT_01	class	Scripts/Game/GameMode/Tutorial/Stages/Helicopters/SCR_Tutorial_Heli_FLIGHT_01.c	6	27	22		SCR_BaseTutorialStage
Setup	method	Scripts/Game/GameMode/Tutorial/Stages/Helicopters/SCR_Tutorial_Heli_FLIGHT_01.c	11	11	1	SCR_Tutorial_Heli_FLIGHT_01	
SCR_Tutorial_Heli_FLIGHT_01	method	Scripts/Game/GameMode/Tutorial/Stages/Helicopters/SCR_Tutorial_Heli_FLIGHT_01.c	23	23	1	SCR_Tutorial_Heli_FLIGHT_01	
EntityEditorProps	method	Scripts/Game/GameMode/Tutorial/Stages/Helicopters/SCR_Tutorial_Heli_FLIGHT_01.c	27	27	1	SCR_Tutorial_Heli_FLIGHT_01	
SCR_Tutori	class	Scripts/Game/GameMode/Tutorial/Stages/Helicopters/SCR_Tutorial_Heli_FLIGHT_01.c	28	28	1		
SCR_Tutorial_Heli_FLIGHT_02	class	Scripts/Game/GameMode/Tutorial/Stages/Helicopters/SCR_Tutorial_Heli_FLIGHT_02.c	6	24	19		SCR_BaseTutorialStage
Setup	method	Scripts/Game/GameMode/Tutorial/Stages/Helicopters/SCR_Tutorial_Heli_FLIGHT_02.c	11	11	1	SCR_Tutorial_Heli_FLIGHT_02	
SCR_Tutorial_Heli_FLIGHT_02	method	Scripts/Game/GameMode/Tutorial/Stages/Helicopters/SCR_Tutorial_Heli_FLIGHT_02.c	20	20	1	SCR_Tutorial_Heli_FLIGHT_02	
EntityEditorProps	method	Scripts/Game/GameMode/Tutorial/Stages/Helicopters/SCR_Tutorial_Heli_FLIGHT_02.c	24	24	1	SCR_Tutorial_Heli_FLIGHT_02	
SCR_Tutori	class	Scripts/Game/GameMode/Tutorial/Stages/Helicopters/SCR_Tutorial_Heli_FLIGHT_02.c	25	25	1		
SCR_Tutorial_Intro_ListenToCaptain	class	Scripts/Game/GameMode/Tutorial/Stages/INTRO/SCR_Tutorial_Intro_ListenToCaptain.c	6	19	14		SCR_BaseTutorialStage
Setup	method	Scripts/Game/GameMode/Tutorial/Stages/INTRO/SCR_Tutorial_Intro_ListenToCaptain.c	9	9	1	SCR_Tutorial_Intro_ListenToCaptain	
GetIsFinished	method	Scripts/Game/GameMode/Tutorial/Stages/INTRO/SCR_Tutorial_Intro_ListenToCaptain.c	15	15	1	SCR_Tutorial_Intro_ListenToCaptain	
EntityEditorProps	method	Scripts/Game/GameMode/Tutorial/Stages/INTRO/SCR_Tutorial_Intro_ListenToCaptain.c	19	19	1	SCR_Tutorial_Intro_ListenToCaptain	
SCR_Tutori	class	Scripts/Game/GameMode/Tutorial/Stages/INTRO/SCR_Tutorial_Intro_ListenToCaptain.c	20	20	1		
SCR_TutorialStageMortars_Sights	class	Scripts/Game/GameMode/Tutorial/Stages/Mortars/SCR_TutorialStageMortars_Sights.c	6	13	8		SCR_BaseTutorialStage
GetIsFinished	method	Scripts/Game/GameMode/Tutorial/Stages/Mortars/SCR_TutorialStageMortars_Sights.c	9	9	1	SCR_TutorialStageMortars_Sights	
BaseContainerProps	method	Scripts/Game/GameMode/Tutorial/Stages/Mortars/SCR_TutorialStageMortars_Sights.c	13	13	1	SCR_TutorialStageMortars_Sights	
SCR_TutorialLogic_Obstacle	class	Scripts/Game/GameMode/Tutorial/Stages/Mortars/SCR_TutorialStageMortars_Sights.c	14	14	1		
SCR_Tutorial_Obstacle_CRAWL	class	Scripts/Game/GameMode/Tutorial/Stages/Movement/SCR_Tutorial_Obstace_CRAWL.c	6	25	20		SCR_BaseTutorialStage
Setup	method	Scripts/Game/GameMode/Tutorial/Stages/Movement/SCR_Tutorial_Obstace_CRAWL.c	9	9	1	SCR_Tutorial_Obstacle_CRAWL	
GetIsFinished	method	Scripts/Game/GameMode/Tutorial/Stages/Movement/SCR_Tutorial_Obstace_CRAWL.c	16	16	1	SCR_Tutorial_Obstacle_CRAWL	
EntityEditorProps	method	Scripts/Game/GameMode/Tutorial/Stages/Movement/SCR_Tutorial_Obstace_CRAWL.c	25	25	1	SCR_Tutorial_Obstacle_CRAWL	
SCR_Tutori	class	Scripts/Game/GameMode/Tutorial/Stages/Movement/SCR_Tutorial_Obstace_CRAWL.c	26	26	1		
SCR_Tutorial_Obstacle_END	class	Scripts/Game/GameMode/Tutorial/Stages/Movement/SCR_Tutorial_Obstace_END.c	6	14	9		SCR_BaseTutorialStage
Setup	method	Scripts/Game/GameMode/Tutorial/Stages/Movement/SCR_Tutorial_Obstace_END.c	9	9	1	SCR_Tutorial_Obstacle_END	
EntityEditorProps	method	Scripts/Game/GameMode/Tutorial/Stages/Movement/SCR_Tutorial_Obstace_END.c	14	14	1	SCR_Tutorial_Obstacle_END	
SCR_Tutori	class	Scripts/Game/GameMode/Tutorial/Stages/Movement/SCR_Tutorial_Obstace_END.c	15	15	1		
SCR_Tutorial_Obstacle_LADDEROFF	class	Scripts/Game/GameMode/Tutorial/Stages/Movement/SCR_Tutorial_Obstace_LADDEROFF.c	6	22	17		SCR_BaseTutorialStage
Setup	method	Scripts/Game/GameMode/Tutorial/Stages/Movement/SCR_Tutorial_Obstace_LADDEROFF.c	9	9	1	SCR_Tutorial_Obstacle_LADDEROFF	
GetIsFinished	method	Scripts/Game/GameMode/Tutorial/Stages/Movement/SCR_Tutorial_Obstace_LADDEROFF.c	18	18	1	SCR_Tutorial_Obstacle_LADDEROFF	
EntityEditorProps	method	Scripts/Game/GameMode/Tutorial/Stages/Movement/SCR_Tutorial_Obstace_LADDEROFF.c	22	22	1	SCR_Tutorial_Obstacle_LADDEROFF	
SCR_Tutori	class	Scripts/Game/GameMode/Tutorial/Stages/Movement/SCR_Tutorial_Obstace_LADDEROFF.c	23	23	1		
SCR_Tutorial_Obstacle_LADDERUP	class	Scripts/Game/GameMode/Tutorial/Stages/Movement/SCR_Tutorial_Obstace_LADDERUP.c	6	21	16		SCR_BaseTutorialStage
Setup	method	Scripts/Game/GameMode/Tutorial/Stages/Movement/SCR_Tutorial_Obstace_LADDERUP.c	9	9	1	SCR_Tutorial_Obstacle_LADDERUP	
GetIsFinished	method	Scripts/Game/GameMode/Tutorial/Stages/Movement/SCR_Tutorial_Obstace_LADDERUP.c	17	17	1	SCR_Tutorial_Obstacle_LADDERUP	
EntityEditorProps	method	Scripts/Game/GameMode/Tutorial/Stages/Movement/SCR_Tutorial_Obstace_LADDERUP.c	21	21	1	SCR_Tutorial_Obstacle_LADDERUP	
SCR_Tutori	class	Scripts/Game/GameMode/Tutorial/Stages/Movement/SCR_Tutorial_Obstace_LADDERUP.c	22	22	1		
SCR_Tutorial_Obstacle_OVERPASS	class	Scripts/Game/GameMode/Tutorial/Stages/Movement/SCR_Tutorial_Obstace_OVERPASS.c	6	14	9		SCR_BaseTutorialStage
Setup	method	Scripts/Game/GameMode/Tutorial/Stages/Movement/SCR_Tutorial_Obstace_OVERPASS.c	9	9	1	SCR_Tutorial_Obstacle_OVERPASS	
EntityEditorProps	method	Scripts/Game/GameMode/Tutorial/Stages/Movement/SCR_Tutorial_Obstace_OVERPASS.c	14	14	1	SCR_Tutorial_Obstacle_OVERPASS	
SCR_Tutori	class	Scripts/Game/GameMode/Tutorial/Stages/Movement/SCR_Tutorial_Obstace_OVERPASS.c	15	15	1		
SCR_Tutorial_Obstacle_PLATFORM	class	Scripts/Game/GameMode/Tutorial/Stages/Movement/SCR_Tutorial_Obstace_PLATFORM.c	6	14	9		SCR_BaseTutorialStage
Setup	method	Scripts/Game/GameMode/Tutorial/Stages/Movement/SCR_Tutorial_Obstace_PLATFORM.c	9	9	1	SCR_Tutorial_Obstacle_PLATFORM	
EntityEditorProps	method	Scripts/Game/GameMode/Tutorial/Stages/Movement/SCR_Tutorial_Obstace_PLATFORM.c	14	14	1	SCR_Tutorial_Obstacle_PLATFORM	
SCR_Tutori	class	Scripts/Game/GameMode/Tutorial/Stages/Movement/SCR_Tutorial_Obstace_PLATFORM.c	15	15	1		
SCR_Tutorial_Obstacle_VAULTHIGH	class	Scripts/Game/GameMode/Tutorial/Stages/Movement/SCR_Tutorial_Obstace_VAULTHIGH.c	6	19	14		SCR_BaseTutorialStage
Setup	method	Scripts/Game/GameMode/Tutorial/Stages/Movement/SCR_Tutorial_Obstace_VAULTHIGH.c	9	9	1	SCR_Tutorial_Obstacle_VAULTHIGH	
GetIsFinished	method	Scripts/Game/GameMode/Tutorial/Stages/Movement/SCR_Tutorial_Obstace_VAULTHIGH.c	15	15	1	SCR_Tutorial_Obstacle_VAULTHIGH	
EntityEditorProps	method	Scripts/Game/GameMode/Tutorial/Stages/Movement/SCR_Tutorial_Obstace_VAULTHIGH.c	19	19	1	SCR_Tutorial_Obstacle_VAULTHIGH	
SCR_Tutori	class	Scripts/Game/GameMode/Tutorial/Stages/Movement/SCR_Tutorial_Obstace_VAULTHIGH.c	20	20	1		
SCR_Tutorial_Obstacle_WALLTWO	class	Scripts/Game/GameMode/Tutorial/Stages/Movement/SCR_Tutorial_Obstace_WALLTWO.c	6	23	18		SCR_BaseTutorialStage
Setup	method	Scripts/Game/GameMode/Tutorial/Stages/Movement/SCR_Tutorial_Obstace_WALLTWO.c	9	9	1	SCR_Tutorial_Obstacle_WALLTWO	
GetIsFinished	method	Scripts/Game/GameMode/Tutorial/Stages/Movement/SCR_Tutorial_Obstace_WALLTWO.c	19	19	1	SCR_Tutorial_Obstacle_WALLTWO	
EntityEditorProps	method	Scripts/Game/GameMode/Tutorial/Stages/Movement/SCR_Tutorial_Obstace_WALLTWO.c	23	23	1	SCR_Tutorial_Obstacle_WALLTWO	
SCR_Tutori	class	Scripts/Game/GameMode/Tutorial/Stages/Movement/SCR_Tutorial_Obstace_WALLTWO.c	24	24	1		
SCR_Tutorial_Obstacle_WINDOW	class	Scripts/Game/GameMode/Tutorial/Stages/Movement/SCR_Tutorial_Obstace_WINDOW.c	6	22	17		SCR_BaseTutorialStage
Setup	method	Scripts/Game/GameMode/Tutorial/Stages/Movement/SCR_Tutorial_Obstace_WINDOW.c	9	9	1	SCR_Tutorial_Obstacle_WINDOW	
GetIsFinished	method	Scripts/Game/GameMode/Tutorial/Stages/Movement/SCR_Tutorial_Obstace_WINDOW.c	18	18	1	SCR_Tutorial_Obstacle_WINDOW	
EntityEditorProps	method	Scripts/Game/GameMode/Tutorial/Stages/Movement/SCR_Tutorial_Obstace_WINDOW.c	22	22	1	SCR_Tutorial_Obstacle_WINDOW	
SCR_Tutori	class	Scripts/Game/GameMode/Tutorial/Stages/Movement/SCR_Tutorial_Obstace_WINDOW.c	23	23	1		
SCR_Tutorial_Obstacle_ZIGZAG	class	Scripts/Game/GameMode/Tutorial/Stages/Movement/SCR_Tutorial_Obstace_ZIGZAG.c	6	16	11		SCR_BaseTutorialStage
Setup	method	Scripts/Game/GameMode/Tutorial/Stages/Movement/SCR_Tutorial_Obstace_ZIGZAG.c	9	9	1	SCR_Tutorial_Obstacle_ZIGZAG	
EntityEditorProps	method	Scripts/Game/GameMode/Tutorial/Stages/Movement/SCR_Tutorial_Obstace_ZIGZAG.c	16	16	1	SCR_Tutorial_Obstacle_ZIGZAG	
SCR_Tutori	class	Scripts/Game/GameMode/Tutorial/Stages/Movement/SCR_Tutorial_Obstace_ZIGZAG.c	17	17	1		
SCR_Tutorial_Obstacle_ZIGZAGEND	class	Scripts/Game/GameMode/Tutorial/Stages/Movement/SCR_Tutorial_Obstace_ZIGZAGEND.c	6	13	8		SCR_BaseTutorialStage
Setup	method	Scripts/Game/GameMode/Tutorial/Stages/Movement/SCR_Tutorial_Obstace_ZIGZAGEND.c	9	9	1	SCR_Tutorial_Obstacle_ZIGZAGEND	
EntityEditorProps	method	Scripts/Game/GameMode/Tutorial/Stages/Movement/SCR_Tutorial_Obstace_ZIGZAGEND.c	13	13	1	SCR_Tutorial_Obstacle_ZIGZAGEND	
SCR_Tutori	class	Scripts/Game/GameMode/Tutorial/Stages/Movement/SCR_Tutorial_Obstace_ZIGZAGEND.c	14	14	1		
SCR_Tutorial_Navigation_ISLAND	class	Scripts/Game/GameMode/Tutorial/Stages/Navigation/SCR_Tutorial_Navigation_ISLAND.c	6	25	20		SCR_BaseTutorialStage
Setup	method	Scripts/Game/GameMode/Tutorial/Stages/Navigation/SCR_Tutorial_Navigation_ISLAND.c	9	9	1	SCR_Tutorial_Navigation_ISLAND	
GetIsFinished	method	Scripts/Game/GameMode/Tutorial/Stages/Navigation/SCR_Tutorial_Navigation_ISLAND.c	18	18	1	SCR_Tutorial_Navigation_ISLAND	
EntityEditorProps	method	Scripts/Game/GameMode/Tutorial/Stages/Navigation/SCR_Tutorial_Navigation_ISLAND.c	25	25	1	SCR_Tutorial_Navigation_ISLAND	
SCR_Tutori	class	Scripts/Game/GameMode/Tutorial/Stages/Navigation/SCR_Tutorial_Navigation_ISLAND.c	26	26	1		
SCR_Tutorial_Navigation_MAPTOOLS	class	Scripts/Game/GameMode/Tutorial/Stages/Navigation/SCR_Tutorial_Navigation_MAPTOOLS.c	6	25	20		SCR_BaseTutorialStage
Setup	method	Scripts/Game/GameMode/Tutorial/Stages/Navigation/SCR_Tutorial_Navigation_MAPTOOLS.c	10	10	1	SCR_Tutorial_Navigation_MAPTOOLS	
SCR_Tutorial_Navigation_MAPTOOLS	method	Scripts/Game/GameMode/Tutorial/Stages/Navigation/SCR_Tutorial_Navigation_MAPTOOLS.c	21	21	1	SCR_Tutorial_Navigation_MAPTOOLS	
EntityEditorProps	method	Scripts/Game/GameMode/Tutorial/Stages/Navigation/SCR_Tutorial_Navigation_MAPTOOLS.c	25	25	1	SCR_Tutorial_Navigation_MAPTOOLS	
SCR_Tutori	class	Scripts/Game/GameMode/Tutorial/Stages/Navigation/SCR_Tutorial_Navigation_MAPTOOLS.c	26	26	1		
SCR_Tutorial_Navigation_MAP_INTROCTUCTION	class	Scripts/Game/GameMode/Tutorial/Stages/Navigation/SCR_Tutorial_Navigation_MAP_INTROCTUCTION.c	6	22	17		SCR_BaseTutorialStage
Setup	method	Scripts/Game/GameMode/Tutorial/Stages/Navigation/SCR_Tutorial_Navigation_MAP_INTROCTUCTION.c	9	9	1	SCR_Tutorial_Navigation_MAP_INTROCTUCTION	
GetIsFinished	method	Scripts/Game/GameMode/Tutorial/Stages/Navigation/SCR_Tutorial_Navigation_MAP_INTROCTUCTION.c	18	18	1	SCR_Tutorial_Navigation_MAP_INTROCTUCTION	
EntityEditorProps	method	Scripts/Game/GameMode/Tutorial/Stages/Navigation/SCR_Tutorial_Navigation_MAP_INTROCTUCTION.c	22	22	1	SCR_Tutorial_Navigation_MAP_INTROCTUCTION	
SCR_Tutori	class	Scripts/Game/GameMode/Tutorial/Stages/Navigation/SCR_Tutorial_Navigation_MAP_INTROCTUCTION.c	23	23	1		
SCR_Tutorial_Navigation_MOVE	class	Scripts/Game/GameMode/Tutorial/Stages/Navigation/SCR_Tutorial_Navigation_MOVE.c	6	13	8		SCR_BaseTutorialStage
Setup	method	Scripts/Game/GameMode/Tutorial/Stages/Navigation/SCR_Tutorial_Navigation_MOVE.c	9	9	1	SCR_Tutorial_Navigation_MOVE	
EntityEditorProps	method	Scripts/Game/GameMode/Tutorial/Stages/Navigation/SCR_Tutorial_Navigation_MOVE.c	13	13	1	SCR_Tutorial_Navigation_MOVE	
SCR_Tutori	class	Scripts/Game/GameMode/Tutorial/Stages/Navigation/SCR_Tutorial_Navigation_MOVE.c	14	14	1		
SCR_Tutorial_ShootingRange_EQUIP_WEAPON	class	Scripts/Game/GameMode/Tutorial/Stages/ShootingRange/SCR_Tutorial_ShootingRange_EQUIP_WEAPON.c	6	25	20		SCR_BaseTutorialStage
Setup	method	Scripts/Game/GameMode/Tutorial/Stages/ShootingRange/SCR_Tutorial_ShootingRange_EQUIP_WEAPON.c	11	11	1	SCR_Tutorial_ShootingRange_EQUIP_WEAPON	
GetIsFinished	method	Scripts/Game/GameMode/Tutorial/Stages/ShootingRange/SCR_Tutorial_ShootingRange_EQUIP_WEAPON.c	18	18	1	SCR_Tutorial_ShootingRange_EQUIP_WEAPON	
EntityEditorProps	method	Scripts/Game/GameMode/Tutorial/Stages/ShootingRange/SCR_Tutorial_ShootingRange_EQUIP_WEAPON.c	25	25	1	SCR_Tutorial_ShootingRange_EQUIP_WEAPON	
SCR_Tutori	class	Scripts/Game/GameMode/Tutorial/Stages/ShootingRange/SCR_Tutorial_ShootingRange_EQUIP_WEAPON.c	26	26	1		
SCR_Tutorial_ShootingRange_FIRINGPOS_ONE	class	Scripts/Game/GameMode/Tutorial/Stages/ShootingRange/SCR_Tutorial_ShootingRange_FIRINGPOS_ONE.c	6	23	18		SCR_BaseTutorialStage
Setup	method	Scripts/Game/GameMode/Tutorial/Stages/ShootingRange/SCR_Tutorial_ShootingRange_FIRINGPOS_ONE.c	9	9	1	SCR_Tutorial_ShootingRange_FIRINGPOS_ONE	
GetIsFinished	method	Scripts/Game/GameMode/Tutorial/Stages/ShootingRange/SCR_Tutorial_ShootingRange_FIRINGPOS_ONE.c	19	19	1	SCR_Tutorial_ShootingRange_FIRINGPOS_ONE	
EntityEditorProps	method	Scripts/Game/GameMode/Tutorial/Stages/ShootingRange/SCR_Tutorial_ShootingRange_FIRINGPOS_ONE.c	23	23	1	SCR_Tutorial_ShootingRange_FIRINGPOS_ONE	
SCR_Tutori	class	Scripts/Game/GameMode/Tutorial/Stages/ShootingRange/SCR_Tutorial_ShootingRange_FIRINGPOS_ONE.c	24	24	1		
SCR_Tutorial_ShootingRange_FIRINGPOS_TWO	class	Scripts/Game/GameMode/Tutorial/Stages/ShootingRange/SCR_Tutorial_ShootingRange_FIRINGPOS_TWO.c	6	18	13		SCR_BaseTutorialStage
Setup	method	Scripts/Game/GameMode/Tutorial/Stages/ShootingRange/SCR_Tutorial_ShootingRange_FIRINGPOS_TWO.c	9	9	1	SCR_Tutorial_ShootingRange_FIRINGPOS_TWO	
EntityEditorProps	method	Scripts/Game/GameMode/Tutorial/Stages/ShootingRange/SCR_Tutorial_ShootingRange_FIRINGPOS_TWO.c	18	18	1	SCR_Tutorial_ShootingRange_FIRINGPOS_TWO	
SCR_Tutori	class	Scripts/Game/GameMode/Tutorial/Stages/ShootingRange/SCR_Tutorial_ShootingRange_FIRINGPOS_TWO.c	19	19	1		
SCR_Tutorial_ShootingRange_GETIN_STATIC	class	Scripts/Game/GameMode/Tutorial/Stages/ShootingRange/SCR_Tutorial_ShootingRange_GETIN_STATIC.c	6	30	25		SCR_BaseTutorialStage
Setup	method	Scripts/Game/GameMode/Tutorial/Stages/ShootingRange/SCR_Tutorial_ShootingRange_GETIN_STATIC.c	10	10	1	SCR_Tutorial_ShootingRange_GETIN_STATIC	
GetIsFinished	method	Scripts/Game/GameMode/Tutorial/Stages/ShootingRange/SCR_Tutorial_ShootingRange_GETIN_STATIC.c	23	23	1	SCR_Tutorial_ShootingRange_GETIN_STATIC	
EntityEditorProps	method	Scripts/Game/GameMode/Tutorial/Stages/ShootingRange/SCR_Tutorial_ShootingRange_GETIN_STATIC.c	30	30	1	SCR_Tutorial_ShootingRange_GETIN_STATIC	
SCR_Tutori	class	Scripts/Game/GameMode/Tutorial/Stages/ShootingRange/SCR_Tutorial_ShootingRange_GETIN_STATIC.c	31	31	1		
SCR_Tutorial_SW_MOVE_BACK	class	Scripts/Game/GameMode/Tutorial/Stages/SpecialWeapons/SCR_Tutorial_SW_MOVE_BACK.c	6	16	11		SCR_BaseTutorialStage
Setup	method	Scripts/Game/GameMode/Tutorial/Stages/SpecialWeapons/SCR_Tutorial_SW_MOVE_BACK.c	9	9	1	SCR_Tutorial_SW_MOVE_BACK	
EntityEditorProps	method	Scripts/Game/GameMode/Tutorial/Stages/SpecialWeapons/SCR_Tutorial_SW_MOVE_BACK.c	16	16	1	SCR_Tutorial_SW_MOVE_BACK	
SCR_Tutori	class	Scripts/Game/GameMode/Tutorial/Stages/SpecialWeapons/SCR_Tutorial_SW_MOVE_BACK.c	17	17	1		
SCR_Tutorial_VehicleMaintenance_CLOSE_INVENTORY	class	Scripts/Game/GameMode/Tutorial/Stages/VehicleMaintenance/SCR_Tutorial_VehicleMaintenance_CLOSE_INVENTORY.c	6	25	20		SCR_BaseTutorialStage
Setup	method	Scripts/Game/GameMode/Tutorial/Stages/VehicleMaintenance/SCR_Tutorial_VehicleMaintenance_CLOSE_INVENTORY.c	10	10	1	SCR_Tutorial_VehicleMaintenance_CLOSE_INVENTORY	
GetIsFinished	method	Scripts/Game/GameMode/Tutorial/Stages/VehicleMaintenance/SCR_Tutorial_VehicleMaintenance_CLOSE_INVENTORY.c	21	21	1	SCR_Tutorial_VehicleMaintenance_CLOSE_INVENTORY	
EntityEditorProps	method	Scripts/Game/GameMode/Tutorial/Stages/VehicleMaintenance/SCR_Tutorial_VehicleMaintenance_CLOSE_INVENTORY.c	25	25	1	SCR_Tutorial_VehicleMaintenance_CLOSE_INVENTORY	
SCR_Tutori	class	Scripts/Game/GameMode/Tutorial/Stages/VehicleMaintenance/SCR_Tutorial_VehicleMaintenance_CLOSE_INVENTORY.c	26	26	1		
SCR_PowerlineGeneratorJunc	class	Scripts/Game/Generators/CablePoleGenerator/SCR_PoleCable.c	8	8	1		
SCR_PowerlineGeneratorPointData	class	Scripts/Game/Generators/CablePoleGenerator/SCR_PowerlineGeneratorJunctionData.c	20	20	1		ShapePointDataSc
SCR_PrefabGeneratorAssetPoint	class	Scripts/Game/Generators/PrefabGenerator/PrefabGeneratorPointData.c	6	6	1		
SCR_PrefabGeneratorPointMeta	class	Scripts/Game/Generators/PrefabGenerator/SCR_PrefabGeneratorAssetPoint.c	6	6	1		
WallGeneratorPointData	class	Scripts/Game/Generators/WallGenerator/SCR_WallPair.c	6	6	1		ShapePointDataScriptBase
WallLengthGroup	class	Scripts/Game/Generators/WallGenerator/WallLengthGroup.c	2	6	5		
ETimeFormatParam	enum	Scripts/Game/Global/Enums/ETimeFormatParam.c	3	9	7		
SCR_EGyroAxisDirection	enum	Scripts/Game/Global/Enums/ETimeFormatParam.c	10	10	1		
SCR_ENearbyInteractionContextColors	enum	Scripts/Game/Interactions/Display/SCR_InteractButtonComponent.c	25	25	1		
SCR_NearbyContextColorsComponentInteract	class	Scripts/Game/Interactions/Display/SCR_NearbyContextColorsComponentInteract.c	9	25	17		
SCR_BaseLinkedStorageLogic	class	Scripts/Game/Inventory/LinkedStorages/SCR_BaseLinkedStorageLogic.c	2	13	12		
Init	method	Scripts/Game/Inventory/LinkedStorages/SCR_BaseLinkedStorageLogic.c	5	5	1	SCR_BaseLinkedStorageLogic	
DelayedInit	method	Scripts/Game/Inventory/LinkedStorages/SCR_BaseLinkedStorageLogic.c	12	12	1	SCR_BaseLinkedStorageLogic	
SCR_BaseInventoryItemComponentClass	class	Scripts/Game/Inventory/SCR_AlternativeModel.c	10	10	1		InventoryIte
SCR_BaseInventoryItemComponent	class	Scripts/Game/Inventory/SCR_BaseInventoryItemComponent.c	5	7	3		InventoryItemComponent
SCR_CharacterInventoryPreviewAttributes	class	Scripts/Game/Inventory/SCR_BaseInventoryItemComponent.c	8	8	1		PreviewR
EStringTableTerminology	enum	Scripts/Game/Language/EStringTableStatus.c	9	9	1		
SCR_NotificationGroupName	class	Scripts/Game/Network/Notifications/NotificationDisplayData/SCR_NotificationGroupName.c	5	20	16		SCR_NotificationDisplayData
GetText	method	Scripts/Game/Network/Notifications/NotificationDisplayData/SCR_NotificationGroupName.c	7	7	1	SCR_NotificationGroupName	
SCR_NotificationPlayerAndAproxNumber	class	Scripts/Game/Network/Notifications/NotificationDisplayData/SCR_NotificationPlayerAndAproxNumber.c	5	22	18		SCR_NotificationAproxNumber
GetText	method	Scripts/Game/Network/Notifications/NotificationDisplayData/SCR_NotificationPlayerAndAproxNumber.c	8	8	1	SCR_NotificationPlayerAndAproxNumber	
SCR_ReplicatedParticleEffectEntityClass	class	Scripts/Game/Particles/SCR_ReplicatedParticleEffectEntity.c	2	4	3		ReplicatedParticleEffectEntityClass
SCR_ReplicatedParticleEffectEntity	class	Scripts/Game/Particles/SCR_ReplicatedParticleEffectEntity.c	6	28	23		ReplicatedParticleEffectEntity
OnStateChanged	method	Scripts/Game/Particles/SCR_ReplicatedParticleEffectEntity.c	11	11	1	SCR_ReplicatedParticleEffectEntity	
GetOnStateChanged	method	Scripts/Game/Particles/SCR_ReplicatedParticleEffectEntity.c	21	21	1	SCR_ReplicatedParticleEffectEntity	
TestScriptSensor	class	Scripts/Game/Particles/SCR_ReplicatedParticleEffectEntity.c	29	29	1		BaseSensor
SCR_EFocusToggleMode	enum	Scripts/Game/Perception/TestScriptSensor.c	6	6	1		
SCR_FreeSpawnData	class	Scripts/Game/Respawn/RequestHandling/Implementation/FreeSpawn/SCR_FreeSpawnData.c	2	27	26		SCR_SpawnData
GetPrefab	method	Scripts/Game/Respawn/RequestHandling/Implementation/FreeSpawn/SCR_FreeSpawnData.c	8	8	1	SCR_FreeSpawnData	
GetPosition	method	Scripts/Game/Respawn/RequestHandling/Implementation/FreeSpawn/SCR_FreeSpawnData.c	12	12	1	SCR_FreeSpawnData	
GetAngles	method	Scripts/Game/Respawn/RequestHandling/Implementation/FreeSpawn/SCR_FreeSpawnData.c	16	16	1	SCR_FreeSpawnData	
SCR_FreeSpawnData	method	Scripts/Game/Respawn/RequestHandling/Implementation/FreeSpawn/SCR_FreeSpawnData.c	21	21	1	SCR_FreeSpawnData	
SCR_ResourceConsumerStoragePolicy	class	Scripts/Game/Sandbox/Resources/ContainerQueue/Storage/Policy/Consumer/SCR_ResourceConsumerStoragePolicy.c	1	17	17		SCR_ResourceStoragePolicyBase
GetStorageType	method	Scripts/Game/Sandbox/Resources/ContainerQueue/Storage/Policy/Consumer/SCR_ResourceConsumerStoragePolicy.c	7	7	1	SCR_ResourceConsumerStoragePolicy	
IsStorageTypeValid	method	Scripts/Game/Sandbox/Resources/ContainerQueue/Storage/Policy/Consumer/SCR_ResourceConsumerStoragePolicy.c	13	13	1	SCR_ResourceConsumerStoragePolicy	
SCR_ResourceConsumerStorag	class	Scripts/Game/Sandbox/Resources/ContainerQueue/Storage/Policy/Consumer/SCR_ResourceConsumerStoragePolicy.c	19	19	1		
SCR_ResourceEncapsulatorStoragePolicy	class	Scripts/Game/Sandbox/Resources/ContainerQueue/Storage/Policy/Encapsulator/SCR_ResourceConsumerStoragePolicy.c	1	17	17		SCR_ResourceStoragePolicyBase
GetStorageType	method	Scripts/Game/Sandbox/Resources/ContainerQueue/Storage/Policy/Encapsulator/SCR_ResourceConsumerStoragePolicy.c	7	7	1	SCR_ResourceEncapsulatorStoragePolicy	
IsStorageTypeValid	method	Scripts/Game/Sandbox/Resources/ContainerQueue/Storage/Policy/Encapsulator/SCR_ResourceConsumerStoragePolicy.c	13	13	1	SCR_ResourceEncapsulatorStoragePolicy	
SCR_ResourceEncapsulatorSt	class	Scripts/Game/Sandbox/Resources/ContainerQueue/Storage/Policy/Encapsulator/SCR_ResourceConsumerStoragePolicy.c	19	19	1		
SCR_ResourceGeneratorStoragePolicy	class	Scripts/Game/Sandbox/Resources/ContainerQueue/Storage/Policy/Generator/SCR_ResourceGeneratorStoragePolicy.c	1	17	17		SCR_ResourceStoragePolicyBase
GetStorageType	method	Scripts/Game/Sandbox/Resources/ContainerQueue/Storage/Policy/Generator/SCR_ResourceGeneratorStoragePolicy.c	7	7	1	SCR_ResourceGeneratorStoragePolicy	
IsStorageTypeValid	method	Scripts/Game/Sandbox/Resources/ContainerQueue/Storage/Policy/Generator/SCR_ResourceGeneratorStoragePolicy.c	13	13	1	SCR_ResourceGeneratorStoragePolicy	
BaseContainerProps	method	Scripts/Game/Sandbox/Resources/ContainerQueue/Storage/Policy/Generator/SCR_ResourceGeneratorStoragePolicy.c	17	17	1	SCR_ResourceGeneratorStoragePolicy	
SCR_ResourceGeneratorStora	class	Scripts/Game/Sandbox/Resources/ContainerQueue/Storage/Policy/Generator/SCR_ResourceGeneratorStoragePolicy.c	18	18	1		
SCR_ScenarioFrameworkAIActionSetCombatType	class	Scripts/Game/ScenarioFramework/Actions/AIActions/SCR_ScenarioFrameworkAIActionSetCombatType.c	2	4	3		SCR_ScenarioFrameworkAIAction
BaseContainerProps	method	Scripts/Game/ScenarioFramework/Actions/AIActions/SCR_ScenarioFrameworkAIActionSetCombatType.c	4	4	1	SCR_ScenarioFrameworkAIActionSetCombatType	
SCR_ScenarioFrameworkAIActionSetHoldFire	class	Scripts/Game/ScenarioFramework/Actions/AIActions/SCR_ScenarioFrameworkAIActionSetHoldFire.c	2	4	3		SCR_ScenarioFrameworkAIAction
BaseContainerProps	method	Scripts/Game/ScenarioFramework/Actions/AIActions/SCR_ScenarioFrameworkAIActionSetHoldFire.c	4	4	1	SCR_ScenarioFrameworkAIActionSetHoldFire	
SCR_ScenarioFrameworkParam	class	Scripts/Game/ScenarioFramework/Actions/ActionGetters/SCR_ScenarioFrameworkGetVoiceOverActorEntity.c	22	22	1		
SCR_ScenarioFrameworkDamageContextHitZoneGroupBase	class	Scripts/Game/ScenarioFramework/Actions/DamageActions/DamageInstigatorConditions/Enums/SCR_ScenarioFrameworkDamageContextHitZoneGroupBase.c	2	10	9		
GetHitZoneGroup	method	Scripts/Game/ScenarioFramework/Actions/DamageActions/DamageInstigatorConditions/Enums/SCR_ScenarioFrameworkDamageContextHitZoneGroupBase.c	6	6	1	SCR_ScenarioFrameworkDamageContextHitZoneGroupBase	
BaseContainerProps	method	Scripts/Game/ScenarioFramework/Actions/DamageActions/DamageInstigatorConditions/Enums/SCR_ScenarioFrameworkDamageContextHitZoneGroupBase.c	10	10	1	SCR_ScenarioFrameworkDamageContextHitZoneGroupBase	
SCR_ScenarioFrameworkMedicalActionAddFallDamage	class	Scripts/Game/ScenarioFramework/Actions/MedicalActions/SCR_ScenarioFrameworkMedicalActionAddFallDamage.c	2	14	13		SCR_ScenarioFrameworkMedicalAction
OnActivate	method	Scripts/Game/ScenarioFramework/Actions/MedicalActions/SCR_ScenarioFrameworkMedicalActionAddFallDamage.c	8	8	1	SCR_ScenarioFrameworkMedicalActionAddFallDamage	
BaseContainerProps	method	Scripts/Game/ScenarioFramework/Actions/MedicalActions/SCR_ScenarioFrameworkMedicalActionAddFallDamage.c	14	14	1	SCR_ScenarioFrameworkMedicalActionAddFallDamage	
SCR_ScenarioFrameworkMedicalActionAddParticularBleeding	class	Scripts/Game/ScenarioFramework/Actions/MedicalActions/SCR_ScenarioFrameworkMedicalActionAddParticularBleeding.c	2	14	13		SCR_ScenarioFrameworkMedicalAction
OnActivate	method	Scripts/Game/ScenarioFramework/Actions/MedicalActions/SCR_ScenarioFrameworkMedicalActionAddParticularBleeding.c	8	8	1	SCR_ScenarioFrameworkMedicalActionAddParticularBleeding	
BaseContainerProps	method	Scripts/Game/ScenarioFramework/Actions/MedicalActions/SCR_ScenarioFrameworkMedicalActionAddParticularBleeding.c	14	14	1	SCR_ScenarioFrameworkMedicalActionAddParticularBleeding	
SCR_ScenarioFrameworkMedicalActionAddRandomBleeding	class	Scripts/Game/ScenarioFramework/Actions/MedicalActions/SCR_ScenarioFrameworkMedicalActionAddRandomBleeding.c	2	11	10		SCR_ScenarioFrameworkMedicalAction
OnActivate	method	Scripts/Game/ScenarioFramework/Actions/MedicalActions/SCR_ScenarioFrameworkMedicalActionAddRandomBleeding.c	5	5	1	SCR_ScenarioFrameworkMedicalActionAddRandomBleeding	
BaseContainerProps	method	Scripts/Game/ScenarioFramework/Actions/MedicalActions/SCR_ScenarioFrameworkMedicalActionAddRandomBleeding.c	11	11	1	SCR_ScenarioFrameworkMedicalActionAddRandomBleeding	
SCR_ScenarioFrameworkMedicalActionEnableDamageHandling	class	Scripts/Game/ScenarioFramework/Actions/MedicalActions/SCR_ScenarioFrameworkMedicalActionEnableDamageHandling.c	2	14	13		SCR_ScenarioFrameworkMedicalAction
OnActivate	method	Scripts/Game/ScenarioFramework/Actions/MedicalActions/SCR_ScenarioFrameworkMedicalActionEnableDamageHandling.c	8	8	1	SCR_ScenarioFrameworkMedicalActionEnableDamageHandling	
BaseContainerProps	method	Scripts/Game/ScenarioFramework/Actions/MedicalActions/SCR_ScenarioFrameworkMedicalActionEnableDamageHandling.c	14	14	1	SCR_ScenarioFrameworkMedicalActionEnableDamageHandling	
SCR_ScenarioFrameworkMedicalActionRemoveAllBleedings	class	Scripts/Game/ScenarioFramework/Actions/MedicalActions/SCR_ScenarioFrameworkMedicalActionRemoveAllBleedings.c	2	11	10		SCR_ScenarioFrameworkMedicalAction
OnActivate	method	Scripts/Game/ScenarioFramework/Actions/MedicalActions/SCR_ScenarioFrameworkMedicalActionRemoveAllBleedings.c	5	5	1	SCR_ScenarioFrameworkMedicalActionRemoveAllBleedings	
BaseContainerProps	method	Scripts/Game/ScenarioFramework/Actions/MedicalActions/SCR_ScenarioFrameworkMedicalActionRemoveAllBleedings.c	11	11	1	SCR_ScenarioFrameworkMedicalActionRemoveAllBleedings	
SCR_ScenarioFrameworkMedicalActionRemoveGroupBleeding	class	Scripts/Game/ScenarioFramework/Actions/MedicalActions/SCR_ScenarioFrameworkMedicalActionRemoveGroupBleeding.c	2	14	13		SCR_ScenarioFrameworkMedicalAction
OnActivate	method	Scripts/Game/ScenarioFramework/Actions/MedicalActions/SCR_ScenarioFrameworkMedicalActionRemoveGroupBleeding.c	8	8	1	SCR_ScenarioFrameworkMedicalActionRemoveGroupBleeding	
BaseContainerProps	method	Scripts/Game/ScenarioFramework/Actions/MedicalActions/SCR_ScenarioFrameworkMedicalActionRemoveGroupBleeding.c	14	14	1	SCR_ScenarioFrameworkMedicalActionRemoveGroupBleeding	
SCR_ScenarioFrameworkMedicalActionSetBleedingRate	class	Scripts/Game/ScenarioFramework/Actions/MedicalActions/SCR_ScenarioFrameworkMedicalActionSetBleedingRate.c	2	14	13		SCR_ScenarioFrameworkMedicalAction
OnActivate	method	Scripts/Game/ScenarioFramework/Actions/MedicalActions/SCR_ScenarioFrameworkMedicalActionSetBleedingRate.c	8	8	1	SCR_ScenarioFrameworkMedicalActionSetBleedingRate	
BaseContainerProps	method	Scripts/Game/ScenarioFramework/Actions/MedicalActions/SCR_ScenarioFrameworkMedicalActionSetBleedingRate.c	14	14	1	SCR_ScenarioFrameworkMedicalActionSetBleedingRate	
SCR_ScenarioFrameworkMedicalActionSetBlood	class	Scripts/Game/ScenarioFramework/Actions/MedicalActions/SCR_ScenarioFrameworkMedicalActionSetBlood.c	2	21	20		SCR_ScenarioFrameworkMedicalAction
OnActivate	method	Scripts/Game/ScenarioFramework/Actions/MedicalActions/SCR_ScenarioFrameworkMedicalActionSetBlood.c	8	8	1	SCR_ScenarioFrameworkMedicalActionSetBlood	
BaseContainerProps	method	Scripts/Game/ScenarioFramework/Actions/MedicalActions/SCR_ScenarioFrameworkMedicalActionSetBlood.c	21	21	1	SCR_ScenarioFrameworkMedicalActionSetBlood	
SCR_ScenarioFrameworkMedicalActionSetPermitUnconsciousness	class	Scripts/Game/ScenarioFramework/Actions/MedicalActions/SCR_ScenarioFrameworkMedicalActionSetPermitUnconsciousness.c	2	14	13		SCR_ScenarioFrameworkMedicalAction
OnActivate	method	Scripts/Game/ScenarioFramework/Actions/MedicalActions/SCR_ScenarioFrameworkMedicalActionSetPermitUnconsciousness.c	8	8	1	SCR_ScenarioFrameworkMedicalActionSetPermitUnconsciousness	
BaseContainerProps	method	Scripts/Game/ScenarioFramework/Actions/MedicalActions/SCR_ScenarioFrameworkMedicalActionSetPermitUnconsciousness.c	14	14	1	SCR_ScenarioFrameworkMedicalActionSetPermitUnconsciousness	
SCR_ScenarioFrameworkMedicalActionSetRegenerationRate	class	Scripts/Game/ScenarioFramework/Actions/MedicalActions/SCR_ScenarioFrameworkMedicalActionSetRegenerationRate.c	2	14	13		SCR_ScenarioFrameworkMedicalAction
OnActivate	method	Scripts/Game/ScenarioFramework/Actions/MedicalActions/SCR_ScenarioFrameworkMedicalActionSetRegenerationRate.c	8	8	1	SCR_ScenarioFrameworkMedicalActionSetRegenerationRate	
BaseContainerProps	method	Scripts/Game/ScenarioFramework/Actions/MedicalActions/SCR_ScenarioFrameworkMedicalActionSetRegenerationRate.c	14	14	1	SCR_ScenarioFrameworkMedicalActionSetRegenerationRate	
SCR_ScenarioFrameworkLayerTaskDestroyClass	class	Scripts/Game/ScenarioFramework/Components/SCR_ScenarioFrameworkLayerTaskDestroy.c	2	4	3		SCR_ScenarioFrameworkLayerTaskClass
SCR_ScenarioFrameworkLayerTaskDestroy	class	Scripts/Game/ScenarioFramework/Components/SCR_ScenarioFrameworkLayerTaskDestroy.c	6	9	4		SCR_ScenarioFrameworkLayerTask
SCR_ScenarioFrameworkLayerTaskKillClass	class	Scripts/Game/ScenarioFramework/Components/SCR_ScenarioFrameworkLayerTaskKill.c	2	4	3		SCR_ScenarioFrameworkLayerTaskClass
SCR_ScenarioFrameworkLayerTaskKill	class	Scripts/Game/ScenarioFramework/Components/SCR_ScenarioFrameworkLayerTaskKill.c	6	9	4		SCR_ScenarioFrameworkLayerTask
SCR_ScenarioFrameworkSlotDestroyClass	class	Scripts/Game/ScenarioFramework/Components/SCR_ScenarioFrameworkSlotDestroy.c	2	4	3		SCR_ScenarioFrameworkSlotTaskClass
SCR_ScenarioFrameworkSlotDestroy	class	Scripts/Game/ScenarioFramework/Components/SCR_ScenarioFrameworkSlotDestroy.c	6	8	3		SCR_ScenarioFrameworkSlotTask
SCR_ScenarioFrameworkSlotExtractionClass	class	Scripts/Game/ScenarioFramework/Components/SCR_ScenarioFrameworkSlotExtraction.c	2	4	3		SCR_ScenarioFrameworkSlotTaskClass
SCR_ScenarioFrameworkSlotExtraction	class	Scripts/Game/ScenarioFramework/Components/SCR_ScenarioFrameworkSlotExtraction.c	6	18	13		SCR_ScenarioFrameworkSlotTask
FinishInit	method	Scripts/Game/ScenarioFramework/Components/SCR_ScenarioFrameworkSlotExtraction.c	10	10	1	SCR_ScenarioFrameworkSlotExtraction	
SCR_ScenarioFrameworkOnPro	class	Scripts/Game/ScenarioFramework/Conditions/ProjectileConditions/SCR_ScenarioFrameworkOnProjectileShotConditionIsSuppressed.c	19	19	1		
SCR_ScenarioFrameworkOnPro	class	Scripts/Game/ScenarioFramework/Conditions/ProjectileConditions/SCR_ScenarioFrameworkOnProjectileShotConditionPlayerId.c	14	14	1		
SCR_QRFTypeMaxDistance	class	Scripts/Game/ScenarioFramework/Configs/SCR_QRFSpawnSafeZone.c	19	19	1		ScriptAndConfig
SCR_QRFVehicleSpawnConfig	class	Scripts/Game/ScenarioFramework/Configs/SCR_QRFTypeMaxDistance.c	19	19	1		
SCR_ScenarioFrameworkFactionAliasConfig	class	Scripts/Game/ScenarioFramework/Configs/SCR_ScenarioFrameworkFactionAliasConfig.c	2	9	8		
SCR_ScenarioFrameworkFactionSwitchedObject	class	Scripts/Game/ScenarioFramework/Configs/SCR_ScenarioFrameworkFactionSwitchedObject.c	2	8	7		
SCR_ETaskNotificationSettings	enum	Scripts/Game/ScenarioFramework/Enums/SCR_ESFTaskType.c	8	8	1		
SCR_EScenarioFrameworkLogicOperatorHelper	class	Scripts/Game/ScenarioFramework/Enums/SCR_EScenarioFrameworkLogicOperators.c	6	16	11		
GetParamInfo	method	Scripts/Game/ScenarioFramework/Enums/SCR_EScenarioFrameworkLogicOperators.c	12	12	1	SCR_EScenarioFrameworkLogicOperatorHelper	
TA_EActivationPresence	enum	Scripts/Game/ScenarioFramework/Enums/SCR_EScenarioFrameworkTriggerActivation.c	2	8	7		
SCR_EScenarioFrameworkTriggerActivation	enum	Scripts/Game/ScenarioFramework/Enums/SCR_EScenarioFrameworkTriggerActivation.c	10	16	7		
SCR_ScenarioFrameworkTaskClearArea	class	Scripts/Game/ScenarioFramework/Tasks/SCR_ScenarioFrameworkTaskClearArea.c	6	8	3		SCR_ScenarioFrameworkTaskArea
SCR_ScenarioFrameworkTaskData	class	Scripts/Game/ScenarioFramework/Tasks/SCR_ScenarioFrameworkTaskClearArea.c	9	9	1		SCR_ExtendedTaskDa
SCR_BatchedPoisonDamageEffects	class	Scripts/Game/Systems/DamageEffects/SCR_BatchedDamageEffects.c	6	6	1		SCR_BatchedDamage
SCR_AIGroupConditionCheck	class	Scripts/Game/TaskSolver/GroupCondition/SCR_AIGroupAutonomyCheck.c	25	25	1		
SCR_ConditionCheckUIEntry	class	Scripts/Game/TaskSolver/GroupCondition/SCR_AIGroupSubordinationCheck.c	13	13	1		
SCR_EResupplyTaskSolverErrorState	enum	Scripts/Game/TaskSolver/SCR_ConditionCheckUIEntry.c	20	20	1		
SCR_EResupplyTaskSolverState	enum	Scripts/Game/TaskSolver/SCR_EResupplyTaskSolverErrorState.c	5	5	1		
SCR_ETaskSolverState	enum	Scripts/Game/TaskSolver/SCR_EResupplyTaskSolverState.c	7	7	1		
SCR_TaskSolverContext	class	Scripts/Game/TaskSolver/SCR_TaskSolverConfig.c	18	18	1		
SCR_TaskSolverEntry	class	Scripts/Game/TaskSolver/SCR_TaskSolverContext.c	5	7	3		
SCR_EVehicleConditionCheckType	enum	Scripts/Game/TaskSolver/SCR_VehicleConditionCheckUIEntry.c	13	13	1		
SCR_EGroupTaskPopUpPriority	enum	Scripts/Game/Tasks/Notifications/SCR_EGroupTaskPopUpPriority.c	2	10	9		
SCR_	enum	Scripts/Game/Tasks/Notifications/SCR_EGroupTaskPopUpPriority.c	12	12	1		
SCR_ETaskNotificationAllowedRole	enum	Scripts/Game/Tasks/Notifications/SCR_ETaskNotificationAllowedRole.c	3	8	6		
SCR_TaskDetailDialog	class	Scripts/Game/Tasks/UI/SCR_TaskDetailDialog.c	2	5	4		ChimeraMenuBase
SCR_WeatherState	class	Scripts/Game/TimeAndWeather/SCR_TimeAndWeatherState.c	30	30	1		WeatherState
SCR_InputB	class	Scripts/Game/UI/Components/WidgetLibrary/SCR_InputButton/SCR_InputButtonEnums.c	24	24	1		
SCR_EditorCountOrMoreEntitiesSelectedActionCondition	class	Scripts/Game/UI/HUD/AvailableActions/Conditions/Editor/SCR_EditorCountOrMoreEntitiesSelectedActionCondition.c	2	21	20		SCR_AvailableActionCondition
IsAvailable	method	Scripts/Game/UI/HUD/AvailableActions/Conditions/Editor/SCR_EditorCountOrMoreEntitiesSelectedActionCondition.c	8	8	1	SCR_EditorCountOrMoreEntitiesSelectedActionCondition	
SCR_EditorModeActiveActionCondition	class	Scripts/Game/UI/HUD/AvailableActions/Conditions/Editor/SCR_EditorModeActiveActionCondition.c	2	13	12		SCR_AvailableActionCondition
IsAvailable	method	Scripts/Game/UI/HUD/AvailableActions/Conditions/Editor/SCR_EditorModeActiveActionCondition.c	8	8	1	SCR_EditorModeActiveActionCondition	
SCR_EditorOpenedActionCondition	class	Scripts/Game/UI/HUD/AvailableActions/Conditions/Editor/SCR_EditorOpenedActionCondition.c	2	22	21		SCR_AvailableActionCondition
IsAvailable	method	Scripts/Game/UI/HUD/AvailableActions/Conditions/Editor/SCR_EditorOpenedActionCondition.c	8	8	1	SCR_EditorOpenedActionCondition	
BaseContainerProps	method	Scripts/Game/UI/HUD/AvailableActions/Conditions/Editor/SCR_EditorOpenedActionCondition.c	22	22	1	SCR_EditorOpenedActionCondition	
SCR_EditorPlacedEntityFlag	class	Scripts/Game/UI/HUD/AvailableActions/Conditions/Editor/SCR_EditorOpenedActionCondition.c	23	23	1		
SCR_IsCharacterConsciousCo	class	Scripts/Game/UI/HUD/AvailableActions/Conditions/Game/Character/Health/SCR_HasWoundTypeCondition.c	29	29	1		
SCR_ActiveVoNActionCondition	class	Scripts/Game/UI/HUD/AvailableActions/Conditions/Game/Character/SCR_ActiveVoNActionCondition.c	2	29	28		SCR_AvailableActionCondition
IsAvailable	method	Scripts/Game/UI/HUD/AvailableActions/Conditions/Game/Character/SCR_ActiveVoNActionCondition.c	7	7	1	SCR_ActiveVoNActionCondition	
SCR_CanCharacterLeaveLadderCondition	class	Scripts/Game/UI/HUD/AvailableActions/Conditions/Game/Character/SCR_CanCharacterLeaveLadderCondition.c	4	22	19		SCR_AvailableActionCondition
IsAvailable	method	Scripts/Game/UI/HUD/AvailableActions/Conditions/Game/Character/SCR_CanCharacterLeaveLadderCondition.c	7	7	1	SCR_CanCharacterLeaveLadderCondition	
SCR_CanItemBeInspectedCond	class	Scripts/Game/UI/HUD/AvailableActions/Conditions/Game/Character/SCR_CanCharacterLeaveLadderCondition.c	24	24	1		
SCR_CharacterBleedingCondi	class	Scripts/Game/UI/HUD/AvailableActions/Conditions/Game/Character/SCR_CanItemBeInspectedCondition.c	23	23	1		
SCR_CharacterCanFireWeapon	class	Scripts/Game/UI/HUD/AvailableActions/Conditions/Game/Character/SCR_CharacterBleedingCondition.c	11	11	1		
SCR_CharacterCanGetOutCondition	class	Scripts/Game/UI/HUD/AvailableActions/Conditions/Game/Character/SCR_CharacterCanGetOutCondition.c	2	11	10		SCR_AvailableActionCondition
IsAvailable	method	Scripts/Game/UI/HUD/AvailableActions/Conditions/Game/Character/SCR_CharacterCanGetOutCondition.c	7	7	1	SCR_CharacterCanGetOutCondition	
SCR_CharacterHasItemInHand	class	Scripts/Game/UI/HUD/AvailableActions/Conditions/Game/Character/SCR_CharacterHasGadgetInHandCondition.c	12	12	1		
SCR_CharacterHasLongRadioCondition	class	Scripts/Game/UI/HUD/AvailableActions/Conditions/Game/Character/SCR_CharacterHasLongRadioCondition.c	3	10	8		SCR_AvailableActionCondition
IsAvailable	method	Scripts/Game/UI/HUD/AvailableActions/Conditions/Game/Character/SCR_CharacterHasLongRadioCondition.c	6	6	1	SCR_CharacterHasLongRadioCondition	
SCR_CharacterHasWeaponCondition	class	Scripts/Game/UI/HUD/AvailableActions/Conditions/Game/Character/SCR_CharacterHasWeaponCondition.c	2	11	10		SCR_AvailableActionCondition
IsAvailable	method	Scripts/Game/UI/HUD/AvailableActions/Conditions/Game/Character/SCR_CharacterHasWeaponCondition.c	7	7	1	SCR_CharacterHasWeaponCondition	
SCR_CharacterIsFallingCondition	class	Scripts/Game/UI/HUD/AvailableActions/Conditions/Game/Character/SCR_CharacterIsFallingCondition.c	2	11	10		SCR_AvailableActionCondition
IsAvailable	method	Scripts/Game/UI/HUD/AvailableActions/Conditions/Game/Character/SCR_CharacterIsFallingCondition.c	7	7	1	SCR_CharacterIsFallingCondition	
SCR_CharacterIsGettingInCondition	class	Scripts/Game/UI/HUD/AvailableActions/Conditions/Game/Character/SCR_CharacterIsGettingInCondition.c	2	11	10		SCR_AvailableActionCondition
IsAvailable	method	Scripts/Game/UI/HUD/AvailableActions/Conditions/Game/Character/SCR_CharacterIsGettingInCondition.c	7	7	1	SCR_CharacterIsGettingInCondition	
SCR_CharacterIsSwimmingCondition	class	Scripts/Game/UI/HUD/AvailableActions/Conditions/Game/Character/SCR_CharacterIsSwimmingCondition.c	2	11	10		SCR_AvailableActionCondition
IsAvailable	method	Scripts/Game/UI/HUD/AvailableActions/Conditions/Game/Character/SCR_CharacterIsSwimmingCondition.c	7	7	1	SCR_CharacterIsSwimmingCondition	
SCR_CharacterIsUsingItem	class	Scripts/Game/UI/HUD/AvailableActions/Conditions/Game/Character/SCR_CharacterIsUsingItem.c	4	13	10		SCR_AvailableActionCondition
IsAvailable	method	Scripts/Game/UI/HUD/AvailableActions/Conditions/Game/Character/SCR_CharacterIsUsingItem.c	9	9	1	SCR_CharacterIsUsingItem	
SCR_CharacterRadioCountCondition	class	Scripts/Game/UI/HUD/AvailableActions/Conditions/Game/Character/SCR_CharacterRadioCountCondition.c	2	15	14		SCR_AvailableActionCondition
IsAvailable	method	Scripts/Game/UI/HUD/AvailableActions/Conditions/Game/Character/SCR_CharacterRadioCountCondition.c	11	11	1	SCR_CharacterRadioCountCondition	
SCR_CharacterReloadingCond	class	Scripts/Game/UI/HUD/AvailableActions/Conditions/Game/Character/SCR_CharacterRadioCountCondition.c	17	17	1		
SCR_CharacterSprintingCond	class	Scripts/Game/UI/HUD/AvailableActions/Conditions/Game/Character/SCR_CharacterReloadingCondition.c	10	10	1		
SCR_CharacterStanceCondition	class	Scripts/Game/UI/HUD/AvailableActions/Conditions/Game/Character/SCR_CharacterStanceCondition.c	4	16	13		SCR_AvailableActionCondition
IsAvailable	method	Scripts/Game/UI/HUD/AvailableActions/Conditions/Game/Character/SCR_CharacterStanceCondition.c	12	12	1	SCR_CharacterStanceCondition	
SCR_CharacterWeaponTypeCondition	class	Scripts/Game/UI/HUD/AvailableActions/Conditions/Game/Character/SCR_CharacterWeaponTypeCondition.c	4	21	18		SCR_AvailableActionCondition
IsAvailable	method	Scripts/Game/UI/HUD/AvailableActions/Conditions/Game/Character/SCR_CharacterWeaponTypeCondition.c	12	12	1	SCR_CharacterWeaponTypeCondition	
SCR_DetonatorHasConnectedC	class	Scripts/Game/UI/HUD/AvailableActions/Conditions/Game/Character/SCR_CharacterWeaponTypeCondition.c	23	23	1		
SCR_GadgetSelectionConditi	class	Scripts/Game/UI/HUD/AvailableActions/Conditions/Game/Character/SCR_DetonatorHasConnectedChargesCondition.c	23	23	1		
SCR_IsCharacterInControlCondition	class	Scripts/Game/UI/HUD/AvailableActions/Conditions/Game/Character/SCR_IsCharacterInControlCondition.c	4	24	21		SCR_AvailableActionCondition
IsAvailable	method	Scripts/Game/UI/HUD/AvailableActions/Conditions/Game/Character/SCR_IsCharacterInControlCondition.c	10	10	1	SCR_IsCharacterInControlCondition	
SCR_IsCharacterUsingLRRCondition	class	Scripts/Game/UI/HUD/AvailableActions/Conditions/Game/Character/SCR_IsCharacterUsingLRRCondition.c	3	10	8		SCR_AvailableActionCondition
IsAvailable	method	Scripts/Game/UI/HUD/AvailableActions/Conditions/Game/Character/SCR_IsCharacterUsingLRRCondition.c	6	6	1	SCR_IsCharacterUsingLRRCondition	
SCR_CommandMenuOpenConditi	class	Scripts/Game/UI/HUD/AvailableActions/Conditions/Game/Character/SCR_WeaponSwitchAvailableCondition.c	10	10	1		
SCR_CommandMenuSelectedCon	class	Scripts/Game/UI/HUD/AvailableActions/Conditions/Game/Command/SCR_CommandMenuOpenCondition.c	20	20	1		
SCR_MapCanActivateConditio	class	Scripts/Game/UI/HUD/AvailableActions/Conditions/Game/Command/SCR_CommandMenuSelectedCondition.c	19	19	1		
SCR_MapCanDragCondition	class	Scripts/Game/UI/HUD/AvailableActions/Conditions/Game/Map/SCR_MapCanActivateCondition.c	12	12	1		
SCR_MapCanResetRotationCon	class	Scripts/Game/UI/HUD/AvailableActions/Conditions/Game/Map/SCR_MapCanDragCondition.c	10	10	1		
SCR_MapCanRotateCondition	class	Scripts/Game/UI/HUD/AvailableActions/Conditions/Game/Map/SCR_MapCanResetRotationCondition.c	9	9	1		
SCR_IsContextEnabledCondit	class	Scripts/Game/UI/HUD/AvailableActions/Conditions/Game/SCR_IsActionTriggeredCondition.c	13	13	1		
SCR_IsUsingMouseAndKeyboar	class	Scripts/Game/UI/HUD/AvailableActions/Conditions/Game/SCR_IsContextEnabledCondition.c	14	14	1		
SCR_LastUsedInputDevice	class	Scripts/Game/UI/HUD/AvailableActions/Conditions/Game/SCR_IsUsingMouseAndKeyboardCondition.c	9	9	1		
SCR_HelicopterAutohoverCondition	class	Scripts/Game/UI/HUD/AvailableActions/Conditions/Game/Vehicle/SCR_HelicopterAutohoverCondition.c	2	10	9		SCR_AvailableActionCondition
IsAvailable	method	Scripts/Game/UI/HUD/AvailableActions/Conditions/Game/Vehicle/SCR_HelicopterAutohoverCondition.c	5	5	1	SCR_HelicopterAutohoverCondition	
SCR_VehicleBrakeCondition	class	Scripts/Game/UI/HUD/AvailableActions/Conditions/Game/Vehicle/SCR_VehicleBrakeCondition.c	3	20	18		SCR_AvailableActionCondition
IsAvailable	method	Scripts/Game/UI/HUD/AvailableActions/Conditions/Game/Vehicle/SCR_VehicleBrakeCondition.c	11	11	1	SCR_VehicleBrakeCondition	
SCR_VehicleDrivingAssistanceCondition	class	Scripts/Game/UI/HUD/AvailableActions/Conditions/Game/Vehicle/SCR_VehicleDrivingAssistanceCondition.c	2	14	13		SCR_AvailableActionCondition
IsAvailable	method	Scripts/Game/UI/HUD/AvailableActions/Conditions/Game/Vehicle/SCR_VehicleDrivingAssistanceCondition.c	10	10	1	SCR_VehicleDrivingAssistanceCondition	
SCR_VehicleThrottleCondition	class	Scripts/Game/UI/HUD/AvailableActions/Conditions/Game/Vehicle/SCR_VehicleThrottleCondition.c	3	20	18		SCR_AvailableActionCondition
IsAvailable	method	Scripts/Game/UI/HUD/AvailableActions/Conditions/Game/Vehicle/SCR_VehicleThrottleCondition.c	11	11	1	SCR_VehicleThrottleCondition	
SCR_VehicleTurboCondition	class	Scripts/Game/UI/HUD/AvailableActions/Conditions/Game/Vehicle/SCR_VehicleThrottleCondition.c	22	22	1		
SCR_HasMultipleWeaponsCond	class	Scripts/Game/UI/HUD/AvailableActions/Conditions/Game/Weapon/SCR_HasMultipleMuzzles.c	13	13	1		
SCR_IsBallisticDataDisplay	class	Scripts/Game/UI/HUD/AvailableActions/Conditions/Game/Weapon/SCR_HasMultipleWeaponsCondition.c	27	27	1		
SCR_IsUsingVariableSightsC	class	Scripts/Game/UI/HUD/AvailableActions/Conditions/Game/Weapon/SCR_IsBallisticDataDisplayVisibleCondition.c	12	12	1		
SCR_WeaponHasMagazineCondition	class	Scripts/Game/UI/HUD/AvailableActions/Conditions/Game/Weapon/SCR_WeaponHasMagazineCondition.c	2	11	10		SCR_AvailableActionCondition
IsAvailable	method	Scripts/Game/UI/HUD/AvailableActions/Conditions/Game/Weapon/SCR_WeaponHasMagazineCondition.c	7	7	1	SCR_WeaponHasMagazineCondition	
SCR_WeaponIsRaisedConditio	class	Scripts/Game/UI/HUD/AvailableActions/Conditions/Game/Weapon/SCR_WeaponHasMagazineCondition.c	13	13	1		
SCR_WeaponMuzzleChamberedC	class	Scripts/Game/UI/HUD/AvailableActions/Conditions/Game/Weapon/SCR_WeaponManipulation.c	8	8	1		
SCR_WeaponSightHasZeroingC	class	Scripts/Game/UI/HUD/AvailableActions/Conditions/Game/Weapon/SCR_WeaponMuzzleChamberedCondition.c	15	15	1		
SCR_ANDCondition	class	Scripts/Game/UI/HUD/AvailableActions/Conditions/Logic/SCR_ANDCondition.c	3	22	20		SCR_AvailableActionsGroupCondition
IsAvailable	method	Scripts/Game/UI/HUD/AvailableActions/Conditions/Logic/SCR_ANDCondition.c	8	8	1	SCR_ANDCondition	
SCR_ComparerOperator	enum	Scripts/Game/UI/HUD/AvailableActions/Conditions/Logic/SCR_Comparer.c	2	9	8		
SCR_Comparer	class	Scripts/Game/UI/HUD/AvailableActions/Conditions/Logic/SCR_Comparer.c	13	38	26		
Compare	method	Scripts/Game/UI/HUD/AvailableActions/Conditions/Logic/SCR_Comparer.c	16	16	1	SCR_Comparer	
SCR_ORCondition	class	Scripts/Game/UI/HUD/AvailableActions/Conditions/Logic/SCR_ORCondition.c	3	22	20		SCR_AvailableActionsGroupCondition
IsAvailable	method	Scripts/Game/UI/HUD/AvailableActions/Conditions/Logic/SCR_ORCondition.c	8	8	1	SCR_ORCondition	
SCR_AvailableActionsGroupCondition	class	Scripts/Game/UI/HUD/AvailableActions/Conditions/SCR_AvailableActionsGroupCondition.c	4	8	5		SCR_AvailableActionCondition
SCR_RadialMenuActiveActionCondition	class	Scripts/Game/UI/HUD/AvailableActions/Conditions/SCR_RadialMenuActiveActionCondition.c	2	20	19		SCR_AvailableActionCondition
IsAvailable	method	Scripts/Game/UI/HUD/AvailableActions/Conditions/SCR_RadialMenuActiveActionCondition.c	8	8	1	SCR_RadialMenuActiveActionCondition	
SCR_RadialMenuTypeActiveActionCondition	class	Scripts/Game/UI/HUD/AvailableActions/Conditions/SCR_RadialMenuTypeActiveActionCondition.c	2	23	22		SCR_AvailableActionCondition
IsAvailable	method	Scripts/Game/UI/HUD/AvailableActions/Conditions/SCR_RadialMenuTypeActiveActionCondition.c	11	11	1	SCR_RadialMenuTypeActiveActionCondition	
SCR_MortarElevationDisplay	class	Scripts/Game/UI/HUD/MortarInfo/SCR_MortarAzimuthDisplay.c	16	16	1		SCR_BaseWeaponElevati
SCR_MortarInfo	class	Scripts/Game/UI/HUD/MortarInfo/SCR_MortarInfo.c	2	24	23		SCR_InfoDisplayExtended
DisplayStartDraw	method	Scripts/Game/UI/HUD/MortarInfo/SCR_MortarInfo.c	10	10	1	SCR_MortarInfo	
GetMils	method	Scripts/Game/UI/HUD/MortarInfo/SCR_MortarInfo.c	20	20	1	SCR_MortarInfo	
SCR_MortarInfoWidgets	class	Scripts/Game/UI/HUD/MortarInfo/SCR_MortarInfoWidgets.c	3	26	24		
Init	method	Scripts/Game/UI/HUD/MortarInfo/SCR_MortarInfoWidgets.c	12	12	1	SCR_MortarInfoWidgets	
GetLayout	method	Scripts/Game/UI/HUD/MortarInfo/SCR_MortarInfoWidgets.c	22	22	1	SCR_MortarInfoWidgets	
SCR_VehicleTurretAzimuthDisplay	class	Scripts/Game/UI/HUD/MortarInfo/SCR_VehicleTurretAzimuthDisplay.c	2	27	26		SCR_BaseWeaponAzimuthDisplay
GetMuzzleDirection	method	Scripts/Game/UI/HUD/MortarInfo/SCR_VehicleTurretAzimuthDisplay.c	5	5	1	SCR_VehicleTurretAzimuthDisplay	
SCR_MANW_RankLabelWidgets	class	Scripts/Game/UI/MANW2025/SCR_MANW_RankLabelWidgets.c	3	24	22		
Init	method	Scripts/Game/UI/MANW2025/SCR_MANW_RankLabelWidgets.c	11	11	1	SCR_MANW_RankLabelWidgets	
GetLayout	method	Scripts/Game/UI/MANW2025/SCR_MANW_RankLabelWidgets.c	20	20	1	SCR_MANW_RankLabelWidgets	
BetaWarningDialogUI	class	Scripts/Game/UI/Menu/BetaWarningDialog.c	2	27	26		ChimeraMenuBase
ConfirmButton	method	Scripts/Game/UI/Menu/BetaWarningDialog.c	9	9	1	BetaWarningDialogUI	
CloseDialog	method	Scripts/Game/UI/Menu/BetaWarningDialog.c	15	15	1	BetaWarningDialogUI	
OnMenuOpen	method	Scripts/Game/UI/Menu/BetaWarningDialog.c	22	22	1	BetaWarningDialogUI	
SCR_Campai	class	Scripts/Game/UI/Menu/BetaWarningDialog.c	31	31	1		
SCR_FieldManualSubCategoryScriptedWidgetEventHandl	class	Scripts/Game/UI/Menu/FieldManual/Events/SCR_FieldManualEntryScriptedWidgetEventHandler.c	22	22	1		
SCR_PlayerProfileDialogUI	class	Scripts/Game/UI/Menu/SCR_PlayerProfileDialogUI.c	2	17	16		SCR_LoginProcessDialogUI
OnConfirm	method	Scripts/Game/UI/Menu/SCR_PlayerProfileDialogUI.c	5	5	1	SCR_PlayerProfileDialogUI	
OnSuccess	method	Scripts/Game/UI/Menu/SCR_PlayerProfileDialogUI.c	13	13	1	SCR_PlayerProfileDialogUI	
SCR_PlayMe	class	Scripts/Game/UI/Menu/SCR_PlayerProfileDialogUI.c	19	19	1		
SCR_MultiplayerMenuComponent	class	Scripts/Game/UI/Menu/ServerBrowser/SCR_MultiplayerMenuComponent.c	2	6	5		ChimeraMenuBase
SCR_SettingBindingGameplay	class	Scripts/Game/UI/Menu/SettingsMenu/SCR_SettingBindingEngine.c	13	13	1		SCR_SettingsBindingBa
SCR_AssignedGroupLabelWidgets	class	Scripts/Game/UI/Tasks/SCR_AssignedGroupLabelWidgets.c	3	24	22		
Init	method	Scripts/Game/UI/Tasks/SCR_AssignedGroupLabelWidgets.c	11	11	1	SCR_AssignedGroupLabelWidgets	
GetLayout	method	Scripts/Game/UI/Tasks/SCR_AssignedGroupLabelWidgets.c	20	20	1	SCR_AssignedGroupLabelWidgets	
SCR_AssignedPlayerLabelUIComponent	class	Scripts/Game/UI/Tasks/SCR_AssignedGroupLabelWidgets.c	25	25	1		SCR_ScriptedW
SCR_MineFlagPickUpAction	class	Scripts/Game/UserActions/SCR_MineFlagPickUpAction.c	2	23	22		SCR_PickUpItemAction
GetOnItemPickUp	method	Scripts/Game/UserActions/SCR_MineFlagPickUpAction.c	7	7	1	SCR_MineFlagPickUpAction	
PerformAction	method	Scripts/Game/UserActions/SCR_MineFlagPickUpAction.c	16	16	1	SCR_MineFlagPickUpAction	
SCR_OpenStorageAction	class	Scripts/Game/UserActions/SCR_OpenStorageAction.c	3	20	18		SCR_InventoryAction
PerformActionInternal	method	Scripts/Game/UserActions/SCR_OpenStorageAction.c	7	7	1	SCR_OpenStorageAction	
SCR_ScriptedSignalUserActionIncr	class	Scripts/Game/UserActions/SCR_ScriptedSignalUserActionDecrease.c	12	12	1		
SCR_SortableItem	class	Scripts/Game/Utilities/SCR_ResourceNameUtils.c	23	23	1		
SCR_DoctorCompartmentSlot	class	Scripts/Game/Vehicle/SCR_CompartmentDoorInfo.c	10	10	1		CargoCompartmentSlot
SCR_ECompartmentDoorType	enum	Scripts/Game/Vehicle/SCR_DoctorCompartmentSlot.c	11	11	1		
AttachmentCamouflageClass	class	Scripts/Game/Weapon/Attachments/Attachments_base_KS.c	4	4	1		
AttachmentCamouflage	class	Scripts/Game/Weapon/Attachments/Attachments_base_KS.c	7	9	3		BaseAttachmentType
AttachmentCamouflageOpticsClass	class	Scripts/Game/Weapon/Attachments/Attachments_base_KS.c	12	12	1		
AttachmentCamouflageOptics	class	Scripts/Game/Weapon/Attachments/Attachments_base_KS.c	15	17	3		BaseAttachmentType
AttachmentBayonetM9Class	class	Scripts/Game/Weapon/Attachments/Attachments_bayonet.c	2	2	1		
AttachmentBayonetM9	class	Scripts/Game/Weapon/Attachments/Attachments_bayonet.c	4	6	3		AttachmentBayonet
AttachmentBayonet6Kh4Class	class	Scripts/Game/Weapon/Attachments/Attachments_bayonet.c	8	8	1		
AttachmentBayonet6Kh4	class	Scripts/Game/Weapon/Attachments/Attachments_bayonet.c	10	12	3		AttachmentBayonet
AttachmentBayonetVz58Class	class	Scripts/Game/Weapon/Attachments/Attachments_bayonet.c	14	14	1		
AttachmentBayonetVz58	class	Scripts/Game/Weapon/Attachments/Attachments_bayonet.c	16	18	3		AttachmentBayonet
EjectorInterfaceHydra70	class	Scripts/Game/Weapon/EjectorInterface.c	4	6	3		BaseEjectorInterface
EjectorInterfaceS5Class	class	Scripts/Game/Weapon/EjectorInterface.c	9	9	1		
EjectorInterfaceS5	class	Scripts/Game/Weapon/EjectorInterface.c	12	14	3		BaseEjectorInterface
EjectorInterfaceSmokeLauncherClass	class	Scripts/Game/Weapon/EjectorInterface.c	17	17	1		
EjectorInterfaceSmokeLauncher	class	Scripts/Game/Weapon/EjectorInterface.c	20	22	3		BaseEjectorInterface
AIKnowledgeComponentClass	class	Scripts/Game/generated/AIKnowledgeComponent.c	5	7	3		GameComponentClass
AIKnowledgeComponent	class	Scripts/Game/generated/AIKnowledgeComponent.c	9	11	3		GameComponent
BaseCompartmentDoor	class	Scripts/Game/generated/BaseCompartmentDoor.c	5	8	4		ScriptAndConfig
GetAnimDoorIndex	method	Scripts/Game/generated/BaseCompartmentDoor.c	7	7	1	BaseCompartmentDoor	
BaseLightSlot	class	Scripts/Game/generated/BaseLightSlot.c	5	25	21		ScriptAndConfig
ShouldTick	method	Scripts/Game/generated/BaseLightSlot.c	7	7	1	BaseLightSlot	
GetLightSide	method	Scripts/Game/generated/BaseLightSlot.c	8	8	1	BaseLightSlot	
GetSurfaceID	method	Scripts/Game/generated/BaseLightSlot.c	10	10	1	BaseLightSlot	
GetParentSurfaceName	method	Scripts/Game/generated/BaseLightSlot.c	11	11	1	BaseLightSlot	
IsPresence	method	Scripts/Game/generated/BaseLightSlot.c	12	12	1	BaseLightSlot	
IsLightFunctional	method	Scripts/Game/generated/BaseLightSlot.c	13	13	1	BaseLightSlot	
GetOwner	method	Scripts/Game/generated/BaseLightSlot.c	14	14	1	BaseLightSlot	
GetLightEntity	method	Scripts/Game/generated/BaseLightSlot.c	15	15	1	BaseLightSlot	
GetLightType	method	Scripts/Game/generated/BaseLightSlot.c	16	16	1	BaseLightSlot	
GetLightID	method	Scripts/Game/generated/BaseLightSlot.c	17	17	1	BaseLightSlot	
SetLightFunctional	method	Scripts/Game/generated/BaseLightSlot.c	19	19	1	BaseLightSlot	
OnInit	method	Scripts/Game/generated/BaseLightSlot.c	23	23	1	BaseLightSlot	
OnLightStateChanged	method	Scripts/Game/generated/BaseLightSlot.c	24	24	1	BaseLightSlot	
ChimeraGameWorldEditor	class	Scripts/Game/generated/ChimeraGameWorldEditor.c	5	7	3		GameWorldEditor
ChimeraWorldUtils	sealed_class	Scripts/Game/generated/ChimeraWorldUtils.c	5	13	9		
ChimeraWorldUtils	method	Scripts/Game/generated/ChimeraWorldUtils.c	7	7	1	ChimeraWorldUtils	
ChimeraWorldUtils	method	Scripts/Game/generated/ChimeraWorldUtils.c	8	8	1	ChimeraWorldUtils	
TryGetWaterSurface	method	Scripts/Game/generated/ChimeraWorldUtils.c	11	11	1	ChimeraWorldUtils	
TryGetWaterSurfaceSimple	method	Scripts/Game/generated/ChimeraWorldUtils.c	12	12	1	ChimeraWorldUtils	
CompartmentDoorInfo	class	Scripts/Game/generated/CompartmentDoorInfo.c	5	16	12		BaseCompartmentDoor
UseTeleportForGetIn	method	Scripts/Game/generated/CompartmentDoorInfo.c	7	7	1	CompartmentDoorInfo	
UseTeleportForGetOut	method	Scripts/Game/generated/CompartmentDoorInfo.c	8	8	1	CompartmentDoorInfo	
GetEntryPointInfo	method	Scripts/Game/generated/CompartmentDoorInfo.c	9	9	1	CompartmentDoorInfo	
GetAIEntryPointInfo	method	Scripts/Game/generated/CompartmentDoorInfo.c	10	10	1	CompartmentDoorInfo	
GetAIJumpPointInfo	method	Scripts/Game/generated/CompartmentDoorInfo.c	11	11	1	CompartmentDoorInfo	
GetExitPointInfo	method	Scripts/Game/generated/CompartmentDoorInfo.c	12	12	1	CompartmentDoorInfo	
GetExitTeleportPointInfo	method	Scripts/Game/generated/CompartmentDoorInfo.c	13	13	1	CompartmentDoorInfo	
HasExitPointInfoDefined	method	Scripts/Game/generated/CompartmentDoorInfo.c	14	14	1	CompartmentDoorInfo	
GetStanceChangeOnExit	method	Scripts/Game/generated/CompartmentDoorInfo.c	15	15	1	CompartmentDoorInfo	
CompartmentDoorReference	class	Scripts/Game/generated/CompartmentDoorReference.c	5	8	4		BaseCompartmentDoor
GetReferencedDoorCompartmentManager	method	Scripts/Game/generated/CompartmentDoorReference.c	7	7	1	CompartmentDoorReference	
CompartmentToSlotMapping	class	Scripts/Game/generated/CompartmentToSlotMapping.c	5	7	3		BaseSlotMapping
DataExportErrorType	enum	Scripts/Game/generated/DataExportErrorType.c	5	21	17		
ECommMethod	enum	Scripts/Game/generated/ECommMethod.c	5	27	23		
ECompartmentType	enum	Scripts/Game/generated/ECompartmentType.c	5	10	6		
EFuelType	enum	Scripts/Game/generated/EFuelType.c	5	13	9		
ELightType	enum	Scripts/Game/generated/ELightType.c	5	18	14		
EPlayerRole	enum	Scripts/Game/generated/EPlayerRole.c	5	11	7		
ETagCategory	enum	Scripts/Game/generated/ETagCategory.c	5	10	6		
ETrackIRLeanMode	enum	Scripts/Game/generated/ETrackIRLeanMode.c	5	10	6		
EWaterSurfaceType	enum	Scripts/Game/generated/EWaterSurfaceType.c	5	11	7		
EquipmentStorageSlot	class	Scripts/Game/generated/EquipmentStorageSlot.c	5	15	11		InventoryStorageSlot
CanAttachItem	method	Scripts/Game/generated/EquipmentStorageSlot.c	7	7	1	EquipmentStorageSlot	
IsOccluded	method	Scripts/Game/generated/EquipmentStorageSlot.c	8	8	1	EquipmentStorageSlot	
OnOccludedStateChanged	method	Scripts/Game/generated/EquipmentStorageSlot.c	14	14	1	EquipmentStorageSlot	
ExcludeGenerateFlags	enum	Scripts/Game/generated/ExcludeGenerateFlags.c	5	14	10		
FlightMode	enum	Scripts/Game/generated/FlightMode.c	5	15	11		
HierarchicalPointInfo	class	Scripts/Game/generated/HierarchicalPointInfo.c	5	7	3		PointInfo
HitZoneReplicationContext	class	Scripts/Game/generated/HitZoneReplicationContext.c	5	7	3		ScriptAndConfig
HitZoneReplicationFlags	enum	Scripts/Game/generated/HitZoneReplicationFlags.c	6	18	13		
InteriorRequestCallback	class	Scripts/Game/generated/InteriorRequestCallback.c	5	8	4		Managed
OnCompleted	method	Scripts/Game/generated/InteriorRequestCallback.c	7	7	1	InteriorRequestCallback	
InventoryStorageManagerComponentClass	class	Scripts/Game/generated/InventoryStorageManagerComponentClass.c	5	7	3		GameComponentClass
LadderExitPointInfo	class	Scripts/Game/generated/LadderExitPointInfo.c	5	7	3		PointInfo
PrivilegeCallback	class	Scripts/Game/generated/PrivilegeCallback.c	5	8	4		PlatformRequestCallback
OnPrivilegeResult	method	Scripts/Game/generated/PrivilegeCallback.c	7	7	1	PrivilegeCallback	
RadioController	class	Scripts/Game/generated/RadioController.c	5	7	3		WorldController
RearSightZeroingGenerator	class	Scripts/Game/generated/RearSightZeroingGenerator.c	5	7	3		BaseZeroingGenerator
RegisteringComponentSlotInfo	class	Scripts/Game/generated/RegisteringComponentSlotInfo.c	6	8	3		EntitySlotInfo
ScriptedSightsFOVInfo	class	Scripts/Game/generated/ScriptedSightsFOVInfo.c	5	27	23		SightsFOVInfo
OnInit	method	Scripts/Game/generated/ScriptedSightsFOVInfo.c	12	12	1	ScriptedSightsFOVInfo	
OnUpdate	method	Scripts/Game/generated/ScriptedSightsFOVInfo.c	19	19	1	ScriptedSightsFOVInfo	
GetFOV	method	Scripts/Game/generated/ScriptedSightsFOVInfo.c	23	23	1	ScriptedSightsFOVInfo	
GetCurrentFOV	method	Scripts/Game/generated/ScriptedSightsFOVInfo.c	26	26	1	ScriptedSightsFOVInfo	
ServerInfo	sealed_class	Scripts/Game/generated/ServerInfo.c	5	15	11		
ServerInfo	method	Scripts/Game/generated/ServerInfo.c	7	7	1	ServerInfo	
ServerInfo	method	Scripts/Game/generated/ServerInfo.c	8	8	1	ServerInfo	
GetName	method	Scripts/Game/generated/ServerInfo.c	10	10	1	ServerInfo	
GetScenarioName	method	Scripts/Game/generated/ServerInfo.c	11	11	1	ServerInfo	
GetPlayerLimit	method	Scripts/Game/generated/ServerInfo.c	12	12	1	ServerInfo	
IsCrossplay	method	Scripts/Game/generated/ServerInfo.c	13	13	1	ServerInfo	
IsModded	method	Scripts/Game/generated/ServerInfo.c	14	14	1	ServerInfo	
SightsFOVInfo	class	Scripts/Game/generated/SightsFOVInfo.c	9	16	8		ScriptAndConfig
GetFOV	method	Scripts/Game/generated/SightsFOVInfo.c	15	15	1	SightsFOVInfo	
SignalCompressionFunc	enum	Scripts/Game/generated/SignalCompressionFunc.c	5	19	15		
SCR_PoleCable	class	Scripts/Game/generated/WorldSystems/NavmeshSystem.c	18	18	1		
CompartmentControllerComponent	class	Scripts/GameCode/Components/CompartmentControllerComponent.c	5	7	3		BaseControllerComponent
EquipedWeaponStorageComponent	class	Scripts/GameCode/Components/InventorySystem/EquipedWeaponStorageComponent.c	5	7	3		BaseEquipedWeaponStorageComponent
EquipmentStorageComponentClass	class	Scripts/GameCode/Components/InventorySystem/EquipedWeaponStorageComponent.c	8	8	1		BaseEquipmentStora
EquipmentStorageComponent	class	Scripts/GameCode/Components/InventorySystem/EquipmentStorageComponent.c	8	10	3		BaseEquipmentStorageComponent
InventorySearchPredicate	class	Scripts/GameCode/Components/InventorySystem/EquipmentStorageComponent.c	11	11	1		BaseInventorySearchPredi
SCR_CharacterVicinityComponent	class	Scripts/GameCode/Components/InventorySystem/SCR_CharacterVicinityComponent.c	5	13	9		CharacterVicinityComponent
OnUpdate	method	Scripts/GameCode/Components/InventorySystem/SCR_CharacterVicinityComponent.c	9	9	1	SCR_CharacterVicinityComponent	
SCR_EquipedLoadoutStorageComponent	class	Scripts/GameCode/Components/InventorySystem/SCR_EquipedLoadoutStorageComponent.c	5	7	3		EquipedLoadoutStorageComponent
UniversalInventoryStorageComponentClass	class	Scripts/GameCode/Components/InventorySystem/SCR_EquipedLoadoutStorageComponent.c	8	8	1		BaseUnive
EVolumeCategories	enum	Scripts/GameCode/Components/SCR_VolumeDataProviderComponent.c	5	9	5		
SCR_VolumeDataProviderComponent	class	Scripts/GameCode/Components/SCR_VolumeDataProviderComponent.c	11	20	10		VolumeDataProviderComponent
SCR_VolumeDataProviderComponent	method	Scripts/GameCode/Components/SCR_VolumeDataProviderComponent.c	16	16	1	SCR_VolumeDataProviderComponent	
FactionKey	class	Scripts/GameCode/Faction/FactionKey.c	2	2	1		string
ChimeraSunAndMoon	class	Scripts/GameCode/Light/ChimeraSunAndMoon.c	5	7	3		GenericWorldLightEntity
LoadoutBinocularsArea	class	Scripts/GameCode/Loadout/LoadoutArmoredVestArea.c	1	3	3		LoadoutAreaType
LoadoutCoverAreaClass	class	Scripts/GameCode/Loadout/LoadoutTypes.c	2	2	1		
LoadoutCoverArea	class	Scripts/GameCode/Loadout/LoadoutTypes.c	4	10	7		LoadoutAreaType
GetLoadoutSoundInfo	method	Scripts/GameCode/Loadout/LoadoutTypes.c	6	6	1	LoadoutCoverArea	
LoadoutGooglesAreaClass	class	Scripts/GameCode/Loadout/LoadoutTypes.c	13	13	1		
LoadoutGooglesArea	class	Scripts/GameCode/Loadout/LoadoutTypes.c	15	17	3		LoadoutAreaType
SCR_PlayerManagerKickReason	enum	Scripts/GameCode/Online/SCR_PlayerManagerKickReason.c	2	9	8		PlayerManagerKickReason
SignalInput	class	Scripts/GameLib/components/gameLibComponents.c	10	19	10		
SignalInput	method	Scripts/GameLib/components/gameLibComponents.c	15	15	1	SignalInput	
EItemInsertionResult	enum	Scripts/GameLib/components/gameLibComponents.c	21	27	7		
RplSchedulerInsertionCtx	class	Scripts/GameLib/components/gameLibComponents.c	29	32	4		
EDiagMenuGameLib	enum	Scripts/GameLib/constants.c	2	4	3		EDiagMenu
AttachPoint	sealed_class	Scripts/GameLib/generated/AttachPoint.c	5	14	10		ScriptAndConfig
Set	method	Scripts/GameLib/generated/AttachPoint.c	7	7	1	AttachPoint	
GetLocalTransform	method	Scripts/GameLib/generated/AttachPoint.c	8	8	1	AttachPoint	
GetLocalTransformAxis	method	Scripts/GameLib/generated/AttachPoint.c	10	10	1	AttachPoint	
GetWorldTransform	method	Scripts/GameLib/generated/AttachPoint.c	11	11	1	AttachPoint	
GetWorldTransformAxis	method	Scripts/GameLib/generated/AttachPoint.c	13	13	1	AttachPoint	
CharacterAnimGraphComponentClass	sealed_class	Scripts/GameLib/generated/CharacterAnimGraphComponentClass.c	5	7	3		BaseAnimationControllerComponentClass
CinematicTrackBase	class	Scripts/GameLib/generated/CinematicTrackBase.c	5	15	11		ScriptAndConfig
GetTrackName	method	Scripts/GameLib/generated/CinematicTrackBase.c	7	7	1	CinematicTrackBase	
GetSceneName	method	Scripts/GameLib/generated/CinematicTrackBase.c	8	8	1	CinematicTrackBase	
OnInit	method	Scripts/GameLib/generated/CinematicTrackBase.c	12	12	1	CinematicTrackBase	
OnFinish	method	Scripts/GameLib/generated/CinematicTrackBase.c	13	13	1	CinematicTrackBase	
OnApply	method	Scripts/GameLib/generated/CinematicTrackBase.c	14	14	1	CinematicTrackBase	
DataError	enum	Scripts/GameLib/generated/DataError.c	5	23	19		
ERCONPermissions	enum	Scripts/GameLib/generated/ERCONPermissions.c	5	10	6		
EServerCmdResultType	enum	Scripts/GameLib/generated/EServerCmdResultType.c	5	21	17		
GameWorldEditor	class	Scripts/GameLib/generated/GameWorldEditor.c	8	21	14		Managed
GetEditorAPI	method	Scripts/GameLib/generated/GameWorldEditor.c	10	10	1	GameWorldEditor	
SaveWorld	method	Scripts/GameLib/generated/GameWorldEditor.c	11	11	1	GameWorldEditor	
SaveWorldAs	method	Scripts/GameLib/generated/GameWorldEditor.c	16	16	1	GameWorldEditor	
Undo	method	Scripts/GameLib/generated/GameWorldEditor.c	17	17	1	GameWorldEditor	
Redo	method	Scripts/GameLib/generated/GameWorldEditor.c	18	18	1	GameWorldEditor	
SwitchToGameMode	method	Scripts/GameLib/generated/GameWorldEditor.c	19	19	1	GameWorldEditor	
SwitchToEditMode	method	Scripts/GameLib/generated/GameWorldEditor.c	20	20	1	GameWorldEditor	
InputMappingKeyData	class	Scripts/GameLib/generated/InputMappingKeyData.c	17	19	3		ScriptAndConfig
KickCauseCode	sealed_class	Scripts/GameLib/generated/KickCauseCode.c	11	18	8		handle64
NewCode	method	Scripts/GameLib/generated/KickCauseCode.c	15	15	1	KickCauseCode	
GetGroup	method	Scripts/GameLib/generated/KickCauseCode.c	16	16	1	KickCauseCode	
GetReason	method	Scripts/GameLib/generated/KickCauseCode.c	17	17	1	KickCauseCode	
PawnEntityControllerFlags	enum	Scripts/GameLib/generated/PawnEntityControllerFlags.c	5	10	6		
PawnEntitySystem	sealed_class	Scripts/GameLib/generated/PawnEntitySystem.c	5	9	5		WorldSystem
PossessPawn	method	Scripts/GameLib/generated/PawnEntitySystem.c	7	7	1	PawnEntitySystem	
DispossessPawn	method	Scripts/GameLib/generated/PawnEntitySystem.c	8	8	1	PawnEntitySystem	
PlatformKind	enum	Scripts/GameLib/generated/PlatformKind.c	5	11	7		
PlatformRequestCallback	class	Scripts/GameLib/generated/PlatformRequestCallback.c	5	7	3		Managed
PlayerId	sealed_class	Scripts/GameLib/generated/PlayerId.c	5	13	9		
PlayerId	method	Scripts/GameLib/generated/PlayerId.c	7	7	1	PlayerId	
PlayerId	method	Scripts/GameLib/generated/PlayerId.c	8	8	1	PlayerId	
Local	method	Scripts/GameLib/generated/PlayerId.c	10	10	1	PlayerId	
Invalid	method	Scripts/GameLib/generated/PlayerId.c	11	11	1	PlayerId	
IsValid	method	Scripts/GameLib/generated/PlayerId.c	12	12	1	PlayerId	
ProfanityFilterRequestCallback	class	Scripts/GameLib/generated/ProfanityFilterRequestCallback.c	5	8	4		Managed
GetTexts	method	Scripts/GameLib/generated/ProfanityFilterRequestCallback.c	7	7	1	ProfanityFilterRequestCallback	
PublicProfilesRequestCallback	class	Scripts/GameLib/generated/PublicProfilesRequestCallback.c	5	7	3		Managed
RplMode	enum	Scripts/GameLib/generated/RplMode.c	6	12	7		
ScriptPlatformRequestCallback	class	Scripts/GameLib/generated/ScriptPlatformRequestCallback.c	5	8	4		PlatformRequestCallback
OnPrivilegeResult	method	Scripts/GameLib/generated/ScriptPlatformRequestCallback.c	7	7	1	ScriptPlatformRequestCallback	
ScriptProfanityFilterRequestCallback	class	Scripts/GameLib/generated/ScriptProfanityFilterRequestCallback.c	5	8	4		ProfanityFilterRequestCallback
OnFilteredResult	method	Scripts/GameLib/generated/ScriptProfanityFilterRequestCallback.c	7	7	1	ScriptProfanityFilterRequestCallback	
ScriptStringTableItem	class	Scripts/GameLib/generated/ScriptStringTableItem.c	6	11	6		ScriptAndConfig
ScriptStringTableItem	method	Scripts/GameLib/generated/ScriptStringTableItem.c	8	8	1	ScriptStringTableItem	
GetTargetPrefix	method	Scripts/GameLib/generated/ScriptStringTableItem.c	9	9	1	ScriptStringTableItem	
ScriptedWidgetTooltip	class	Scripts/GameLib/generated/ScriptedWidgetTooltip.c	8	19	12		ScriptAndConfig
CheckOverflow	method	Scripts/GameLib/generated/ScriptedWidgetTooltip.c	11	11	1	ScriptedWidgetTooltip	
Show	method	Scripts/GameLib/generated/ScriptedWidgetTooltip.c	15	15	1	ScriptedWidgetTooltip	
Hide	method	Scripts/GameLib/generated/ScriptedWidgetTooltip.c	16	16	1	ScriptedWidgetTooltip	
CreateTooltipWidget	method	Scripts/GameLib/generated/ScriptedWidgetTooltip.c	18	18	1	ScriptedWidgetTooltip	
ShapePointDataScriptBase	class	Scripts/GameLib/generated/ShapePointDataScriptBase.c	5	7	3		ScriptAndConfig
TouchEvent	enum	Scripts/GameLib/generated/TouchEvent.c	6	11	6		
TransformResetParams	sealed_class	Scripts/GameLib/generated/TransformResetParams.c	9	22	14		pointer
GetNewVelocity	method	Scripts/GameLib/generated/TransformResetParams.c	16	16	1	TransformResetParams	
correction	method	Scripts/GameLib/generated/TransformResetParams.c	18	18	1	TransformResetParams	
IsCorrection	method	Scripts/GameLib/generated/TransformResetParams.c	21	21	1	TransformResetParams	
UserPrivilege	enum	Scripts/GameLib/generated/UserPrivilege.c	5	16	12		
UserPrivilegeResult	enum	Scripts/GameLib/generated/UserPrivilegeResult.c	5	11	7		
WeatherFogPattern	class	Scripts/GameLib/generated/WeatherFogPattern.c	5	13	9		ScriptAndConfig
GetMinFogAmount	method	Scripts/GameLib/generated/WeatherFogPattern.c	7	7	1	WeatherFogPattern	
GetMaxFogAmount	method	Scripts/GameLib/generated/WeatherFogPattern.c	8	8	1	WeatherFogPattern	
GetMinFogHeightDensity	method	Scripts/GameLib/generated/WeatherFogPattern.c	9	9	1	WeatherFogPattern	
GetMaxFogHeightDensity	method	Scripts/GameLib/generated/WeatherFogPattern.c	10	10	1	WeatherFogPattern	
GetMinDurationHours	method	Scripts/GameLib/generated/WeatherFogPattern.c	11	11	1	WeatherFogPattern	
GetMaxDurationHours	method	Scripts/GameLib/generated/WeatherFogPattern.c	12	12	1	WeatherFogPattern	
WeatherLightning	class	Scripts/GameLib/generated/WeatherLightning.c	5	10	6		
SetPosition	method	Scripts/GameLib/generated/WeatherLightning.c	7	7	1	WeatherLightning	
SetRadius	method	Scripts/GameLib/generated/WeatherLightning.c	8	8	1	WeatherLightning	
AddLightningFlash	method	Scripts/GameLib/generated/WeatherLightning.c	9	9	1	WeatherLightning	
WeatherLightningFlash	class	Scripts/GameLib/generated/WeatherLightningFlash.c	5	10	6		
SetStartTime	method	Scripts/GameLib/generated/WeatherLightningFlash.c	7	7	1	WeatherLightningFlash	
SetDuration	method	Scripts/GameLib/generated/WeatherLightningFlash.c	8	8	1	WeatherLightningFlash	
SetCooldown	method	Scripts/GameLib/generated/WeatherLightningFlash.c	9	9	1	WeatherLightningFlash	
WeatherLightningPattern	class	Scripts/GameLib/generated/WeatherLightningPattern.c	5	11	7		ScriptAndConfig
GetFrequencySeconds	method	Scripts/GameLib/generated/WeatherLightningPattern.c	7	7	1	WeatherLightningPattern	
GetPerturbationRangeSeconds	method	Scripts/GameLib/generated/WeatherLightningPattern.c	8	8	1	WeatherLightningPattern	
GetMinDurationHours	method	Scripts/GameLib/generated/WeatherLightningPattern.c	9	9	1	WeatherLightningPattern	
GetMaxDurationHours	method	Scripts/GameLib/generated/WeatherLightningPattern.c	10	10	1	WeatherLightningPattern	
WeatherManager	class	Scripts/GameLib/generated/WeatherManager.c	5	10	6		
WeatherManager	method	Scripts/GameLib/generated/WeatherManager.c	7	7	1	WeatherManager	
GetRegisteredWeatherManagerEntity	method	Scripts/GameLib/generated/WeatherManager.c	9	9	1	WeatherManager	
WeatherTransition	class	Scripts/GameLib/generated/WeatherTransition.c	5	11	7		ScriptAndConfig
GetDestinationName	method	Scripts/GameLib/generated/WeatherTransition.c	7	7	1	WeatherTransition	
GetProbability	method	Scripts/GameLib/generated/WeatherTransition.c	8	8	1	WeatherTransition	
GetDurationMin	method	Scripts/GameLib/generated/WeatherTransition.c	9	9	1	WeatherTransition	
GetDurationMax	method	Scripts/GameLib/generated/WeatherTransition.c	10	10	1	WeatherTransition	
WeatherTransitionRequestResponse	enum	Scripts/GameLib/generated/WeatherTransitionRequestResponse.c	5	27	23		
WeatherVariant	class	Scripts/GameLib/generated/WeatherVariant.c	5	17	13		ScriptAndConfig
GetWindPattern	method	Scripts/GameLib/generated/WeatherVariant.c	7	7	1	WeatherVariant	
GetRainPattern	method	Scripts/GameLib/generated/WeatherVariant.c	8	8	1	WeatherVariant	
GetFogPattern	method	Scripts/GameLib/generated/WeatherVariant.c	9	9	1	WeatherVariant	
GetLightningPattern	method	Scripts/GameLib/generated/WeatherVariant.c	10	10	1	WeatherVariant	
GetVariantName	method	Scripts/GameLib/generated/WeatherVariant.c	12	12	1	WeatherVariant	
GetDurationMin	method	Scripts/GameLib/generated/WeatherVariant.c	13	13	1	WeatherVariant	
GetDurationMax	method	Scripts/GameLib/generated/WeatherVariant.c	14	14	1	WeatherVariant	
GetNumTransitions	method	Scripts/GameLib/generated/WeatherVariant.c	15	15	1	WeatherVariant	
GetTransitionsList	method	Scripts/GameLib/generated/WeatherVariant.c	16	16	1	WeatherVariant	
WeatherWindPattern	class	Scripts/GameLib/generated/WeatherWindPattern.c	5	13	9		ScriptAndConfig
GetMinSpeed	method	Scripts/GameLib/generated/WeatherWindPattern.c	7	7	1	WeatherWindPattern	
GetMaxSpeed	method	Scripts/GameLib/generated/WeatherWindPattern.c	8	8	1	WeatherWindPattern	
GetMinAngleRadians	method	Scripts/GameLib/generated/WeatherWindPattern.c	9	9	1	WeatherWindPattern	
GetMaxAngleRadians	method	Scripts/GameLib/generated/WeatherWindPattern.c	10	10	1	WeatherWindPattern	
GetMinDurationHours	method	Scripts/GameLib/generated/WeatherWindPattern.c	11	11	1	WeatherWindPattern	
GetMaxDurationHours	method	Scripts/GameLib/generated/WeatherWindPattern.c	12	12	1	WeatherWindPattern	
WorldSubsceneComponentClass	class	Scripts/GameLib/generated/WorldSubsceneComponentClass.c	5	7	3		GenericComponentClass
GraphPortInfo	class	Scripts/GameLib/generated/WorldSystems/WorldUpdatePointArgs.c	20	20	1		Managed
DialogPriority	enum	Scripts/GameLib/menuManager.c	3	8	6		
DialogResult	enum	Scripts/GameLib/menuManager.c	10	17	8		
ScriptMenuPresetEnum	enum	Scripts/GameLib/menuManager.c	19	22	4		
GameLibMenusEnum	enum	Scripts/GameLib/menuManager.c	24	27	4		ScriptMenuPresetEnum
MenuBindAttribute	class	Scripts/GameLib/menuManager.c	29	37	9		UniqueAttribute
MenuBindAttribute	method	Scripts/GameLib/menuManager.c	33	33	1	MenuBindAttribute	
MessageBox	class	Scripts/GameLib/menuManager.c	39	46	8		MenuBase
Ok	method	Scripts/GameLib/menuManager.c	42	42	1	MessageBox	
GetRoomsIds extends JsonApiStruct	class	Scripts/GameLib/online/ServerBrowserFiltering.c	1	10	10		
GetRoomsIds	method	Scripts/GameLib/online/ServerBrowserFiltering.c	5	5	1	GetRoomsIds extends JsonApiStruct	
RoomFilterBase	class	Scripts/GameLib/online/ServerBrowserFiltering.c	12	16	5		JsonApiStruct
EditablePrefabsComponent_PreviewEntity	class	Scripts/WorkbenchGame/Editor/EditablePrefabsComponent/EditablePrefabsComponent_PreviewEntity.c	2	13	12		EditablePrefabsComponent_Base
EOnCreate	method	Scripts/WorkbenchGame/Editor/EditablePrefabsComponent/EditablePrefabsComponent_PreviewEntity.c	8	8	1	EditablePrefabsComponent_PreviewEntity	
EditablePrefabsLabel_Theme	class	Scripts/WorkbenchGame/Editor/EditablePrefabsComponent/LabelsConfig/EditablePrefabsLabel_Theme.c	2	24	23		EditablePrefabsLabel_Base
GetLabelValid	method	Scripts/WorkbenchGame/Editor/EditablePrefabsComponent/LabelsConfig/EditablePrefabsLabel_Theme.c	8	8	1	EditablePrefabsLabel_Theme	
SCR_ReforgerEngineSettingsPlugin	class	Scripts/WorkbenchGame/UserSettings/SCR_ReforgerEngineSettingsPlugin.c	2	10	9		WorkbenchPlugin
Run	method	Scripts/WorkbenchGame/UserSettings/SCR_ReforgerEngineSettingsPlugin.c	5	5	1	SCR_ReforgerEngineSettingsPlugin	
ChimeraMenuPreset	enum	Source/ChimeraMenuBase.c	2	63	62		ScriptMenuPresetEnum
ChimeraMenuBase	class	Source/ChimeraMenuBase.c	69	200	132		MenuBase
CurrentChimeraMenu	method	Source/ChimeraMenuBase.c	95	95	1	ChimeraMenuBase	
OnMenuInit	method	Source/ChimeraMenuBase.c	103	103	1	ChimeraMenuBase	
OnMenuUpdate	method	Source/ChimeraMenuBase.c	109	109	1	ChimeraMenuBase	
OnMenuOpen	method	Source/ChimeraMenuBase.c	125	125	1	ChimeraMenuBase	
OnMenuOpened	method	Source/ChimeraMenuBase.c	132	132	1	ChimeraMenuBase	
OnMenuClose	method	Source/ChimeraMenuBase.c	139	139	1	ChimeraMenuBase	
OnMenuFocusGained	method	Source/ChimeraMenuBase.c	146	146	1	ChimeraMenuBase	
OnMenuFocusLost	method	Source/ChimeraMenuBase.c	153	153	1	ChimeraMenuBase	
OnMenuShow	method	Source/ChimeraMenuBase.c	160	160	1	ChimeraMenuBase	
OnMenuHide	method	Source/ChimeraMenuBase.c	167	167	1	ChimeraMenuBase	
GetOwnerMenu	method	Source/ChimeraMenuBase.c	176	176	1	ChimeraMenuBase	
SCR_AIGroupClass	class	Source/SCR_AIGroup.c	11	53	43		ChimeraAIGroupClass
GetMembers	method	Source/SCR_AIGroup.c	13	13	1	SCR_AIGroupClass	
SCR_AIGroup_DelayedSpawn	class	Source/SCR_AIGroup.c	55	61	7		
SCR_AIGroup	class	Source/SCR_AIGroup.c	67	2746	2680		ChimeraAIGroup
GetSpawnQueueSize	method	Source/SCR_AIGroup.c	195	195	1	SCR_AIGroup	
GetGroupUtilityComponent	method	Source/SCR_AIGroup.c	201	201	1	SCR_AIGroup	
GetNumberOfMembersToSpawn	method	Source/SCR_AIGroup.c	207	207	1	SCR_AIGroup	
SetNumberOfMembersToSpawn	method	Source/SCR_AIGroup.c	213	213	1	SCR_AIGroup	
SetRallyPoint	method	Source/SCR_AIGroup.c	219	219	1	SCR_AIGroup	
RemoveRallyPoint	method	Source/SCR_AIGroup.c	231	231	1	SCR_AIGroup	
GetRallyPointId	method	Source/SCR_AIGroup.c	238	238	1	SCR_AIGroup	
IsRallyPointForced	method	Source/SCR_AIGroup.c	244	244	1	SCR_AIGroup	
EOnFrame	method	Source/SCR_AIGroup.c	250	250	1	SCR_AIGroup	
SpawnDelayedGroupMember	method	Source/SCR_AIGroup.c	274	274	1	SCR_AIGroup	
SpawnAllImmediately	method	Source/SCR_AIGroup.c	286	286	1	SCR_AIGroup	
IsInitializing	method	Source/SCR_AIGroup.c	295	295	1	SCR_AIGroup	
BeginDelayedSpawn	method	Source/SCR_AIGroup.c	301	301	1	SCR_AIGroup	
EndDelayedSpawn	method	Source/SCR_AIGroup.c	313	313	1	SCR_AIGroup	
HasRequesterID	method	Source/SCR_AIGroup.c	327	327	1	SCR_AIGroup	
RemoveRequester	method	Source/SCR_AIGroup.c	333	333	1	SCR_AIGroup	
GetDeniedRequesters	method	Source/SCR_AIGroup.c	349	349	1	SCR_AIGroup	
AddDeniedRequester	method	Source/SCR_AIGroup.c	355	355	1	SCR_AIGroup	
ClearRequesters	method	Source/SCR_AIGroup.c	365	365	1	SCR_AIGroup	
ClearDeniedRequester	method	Source/SCR_AIGroup.c	372	372	1	SCR_AIGroup	
GetRequesterIDs	method	Source/SCR_AIGroup.c	379	379	1	SCR_AIGroup	
AddRequester	method	Source/SCR_AIGroup.c	385	385	1	SCR_AIGroup	
SetFlagIsFromImageSet	method	Source/SCR_AIGroup.c	402	402	1	SCR_AIGroup	
SetCustomGroupFlag	method	Source/SCR_AIGroup.c	411	411	1	SCR_AIGroup	
GetFlagIsFromImageSet	method	Source/SCR_AIGroup.c	420	420	1	SCR_AIGroup	
GetGroupFlag	method	Source/SCR_AIGroup.c	430	430	1	SCR_AIGroup	
GetOnFlagSelected	method	Source/SCR_AIGroup.c	440	440	1	SCR_AIGroup	
GetOnJoinPrivateGroupRequest	method	Source/SCR_AIGroup.c	446	446	1	SCR_AIGroup	
GetOnJoinPrivateGroupConfirm	method	Source/SCR_AIGroup.c	452	452	1	SCR_AIGroup	
GetOnJoinPrivateGroupCancel	method	Source/SCR_AIGroup.c	458	458	1	SCR_AIGroup	
GetOnGroupRallyPointChanged	method	Source/SCR_AIGroup.c	464	464	1	SCR_AIGroup	
IsPlayerInGroup	method	Source/SCR_AIGroup.c	473	473	1	SCR_AIGroup	
IsPlayerLeader	method	Source/SCR_AIGroup.c	479	479	1	SCR_AIGroup	
GetLeaderID	method	Source/SCR_AIGroup.c	485	485	1	SCR_AIGroup	
GetFirstPlayerLeaderID	method	Source/SCR_AIGroup.c	491	491	1	SCR_AIGroup	
GetDefaultActiveRadioChannel	method	Source/SCR_AIGroup.c	503	503	1	SCR_AIGroup	
SetDefaultActiveRadioChannel	method	Source/SCR_AIGroup.c	509	509	1	SCR_AIGroup	
SetPrivate	method	Source/SCR_AIGroup.c	518	518	1	SCR_AIGroup	
IsPrivate	method	Source/SCR_AIGroup.c	525	525	1	SCR_AIGroup	
SetPrivacyChangeable	method	Source/SCR_AIGroup.c	531	531	1	SCR_AIGroup	
IsPrivacyChangeable	method	Source/SCR_AIGroup.c	538	538	1	SCR_AIGroup	
SetGroupRole	method	Source/SCR_AIGroup.c	544	544	1	SCR_AIGroup	
GetGroupRole	method	Source/SCR_AIGroup.c	551	551	1	SCR_AIGroup	
GetGroupRoleName	method	Source/SCR_AIGroup.c	557	557	1	SCR_AIGroup	
GetDeleteIfNoPlayer	method	Source/SCR_AIGroup.c	582	582	1	SCR_AIGroup	
SetCanDeleteIfNoPlayer	method	Source/SCR_AIGroup.c	588	588	1	SCR_AIGroup	
IsFull	method	Source/SCR_AIGroup.c	594	594	1	SCR_AIGroup	
IsSlave	method	Source/SCR_AIGroup.c	600	600	1	SCR_AIGroup	
GetPlayerAndAgentCount	method	Source/SCR_AIGroup.c	608	608	1	SCR_AIGroup	
GetAgentCountIncludingMasterAndSlaves	method	Source/SCR_AIGroup.c	618	618	1	SCR_AIGroup	
GetTotalAgentCount	method	Source/SCR_AIGroup.c	634	634	1	SCR_AIGroup	
GetTotalPlayerCount	method	Source/SCR_AIGroup.c	650	650	1	SCR_AIGroup	
SetGroupFlag	method	Source/SCR_AIGroup.c	666	666	1	SCR_AIGroup	
RPC_DoSetGroupFlag	method	Source/SCR_AIGroup.c	677	677	1	SCR_AIGroup	
SetCustomName	method	Source/SCR_AIGroup.c	707	707	1	SCR_AIGroup	
RPC_DoSetCustomName	method	Source/SCR_AIGroup.c	715	715	1	SCR_AIGroup	
OnNameFilteredCallback	method	Source/SCR_AIGroup.c	740	740	1	SCR_AIGroup	
DeLocalizeText	method	Source/SCR_AIGroup.c	751	751	1	SCR_AIGroup	
SetCustomDescription	method	Source/SCR_AIGroup.c	780	780	1	SCR_AIGroup	
SetMaxGroupMembers	method	Source/SCR_AIGroup.c	787	787	1	SCR_AIGroup	
RPC_DoSetMaxGroupMembers	method	Source/SCR_AIGroup.c	795	795	1	SCR_AIGroup	
RPC_DoSetCustomDescription	method	Source/SCR_AIGroup.c	802	802	1	SCR_AIGroup	
OnDescFilteredCallback	method	Source/SCR_AIGroup.c	824	824	1	SCR_AIGroup	
GetCustomDescription	method	Source/SCR_AIGroup.c	835	835	1	SCR_AIGroup	
GetCustomName	method	Source/SCR_AIGroup.c	849	849	1	SCR_AIGroup	
GetDescriptionAuthorID	method	Source/SCR_AIGroup.c	863	863	1	SCR_AIGroup	
GetNameAuthorID	method	Source/SCR_AIGroup.c	869	869	1	SCR_AIGroup	
GetCustomNameWithOriginal	method	Source/SCR_AIGroup.c	875	875	1	SCR_AIGroup	
GetGroupID	method	Source/SCR_AIGroup.c	897	897	1	SCR_AIGroup	
SetGroupID	method	Source/SCR_AIGroup.c	903	903	1	SCR_AIGroup	
GetMaxMembers	method	Source/SCR_AIGroup.c	909	909	1	SCR_AIGroup	
IsMaxMembersLimited	method	Source/SCR_AIGroup.c	915	915	1	SCR_AIGroup	
SetMaxMembers	method	Source/SCR_AIGroup.c	921	921	1	SCR_AIGroup	
RPC_DoSetMaxMembers	method	Source/SCR_AIGroup.c	932	932	1	SCR_AIGroup	
GetPlayerIDs	method	Source/SCR_AIGroup.c	939	939	1	SCR_AIGroup	
GetPlayerCount	method	Source/SCR_AIGroup.c	945	945	1	SCR_AIGroup	
GetRequiredRank	method	Source/SCR_AIGroup.c	963	963	1	SCR_AIGroup	
SetRequiredRank	method	Source/SCR_AIGroup.c	969	969	1	SCR_AIGroup	
RpcDo_SetRequiredRank	method	Source/SCR_AIGroup.c	980	980	1	SCR_AIGroup	
IsCreatedByCommander	method	Source/SCR_AIGroup.c	986	986	1	SCR_AIGroup	
SetCreatedByCommander	method	Source/SCR_AIGroup.c	992	992	1	SCR_AIGroup	
GetPresetResource	method	Source/SCR_AIGroup.c	998	998	1	SCR_AIGroup	
SetPresetResource	method	Source/SCR_AIGroup.c	1004	1004	1	SCR_AIGroup	
RpcDo_SetCreatedByCommander	method	Source/SCR_AIGroup.c	1011	1011	1	SCR_AIGroup	
GetOnMemberStateChange	method	Source/SCR_AIGroup.c	1017	1017	1	SCR_AIGroup	
GetOnPlayerAdded	method	Source/SCR_AIGroup.c	1026	1026	1	SCR_AIGroup	
GetOnPlayerRemoved	method	Source/SCR_AIGroup.c	1032	1032	1	SCR_AIGroup	
GetOnPlayerLeaderChanged	method	Source/SCR_AIGroup.c	1038	1038	1	SCR_AIGroup	
GetOnPrivateGroupChanged	method	Source/SCR_AIGroup.c	1044	1044	1	SCR_AIGroup	
GetOnCustomNameChanged	method	Source/SCR_AIGroup.c	1050	1050	1	SCR_AIGroup	
GetOnFrequencyChanged	method	Source/SCR_AIGroup.c	1056	1056	1	SCR_AIGroup	
GetOnCustomDescriptionChanged	method	Source/SCR_AIGroup.c	1062	1062	1	SCR_AIGroup	
GetOnGroupRoleChanged	method	Source/SCR_AIGroup.c	1068	1068	1	SCR_AIGroup	
AddAgentFromControlledEntity	method	Source/SCR_AIGroup.c	1077	1077	1	SCR_AIGroup	
RemoveAgentFromControlledEntity	method	Source/SCR_AIGroup.c	1097	1097	1	SCR_AIGroup	
NotificateGroupAIChange	method	Source/SCR_AIGroup.c	1116	1116	1	SCR_AIGroup	
OnPlayerDisconnected	method	Source/SCR_AIGroup.c	1128	1128	1	SCR_AIGroup	
RPC_DoOnGroupMemberStateChange	method	Source/SCR_AIGroup.c	1144	1144	1	SCR_AIGroup	
OnGroupMemberStateChange	method	Source/SCR_AIGroup.c	1151	1151	1	SCR_AIGroup	
OnMemberDeath	method	Source/SCR_AIGroup.c	1158	1158	1	SCR_AIGroup	
ListenToMemberDeath	method	Source/SCR_AIGroup.c	1168	1168	1	SCR_AIGroup	
AddOnGadgetsLoadedListener	method	Source/SCR_AIGroup.c	1178	1178	1	SCR_AIGroup	
OnControllableEntitySpawned	method	Source/SCR_AIGroup.c	1188	1188	1	SCR_AIGroup	
QueueAddAgent	method	Source/SCR_AIGroup.c	1212	1212	1	SCR_AIGroup	
RPC_DoAddPlayer	method	Source/SCR_AIGroup.c	1229	1229	1	SCR_AIGroup	
CheckForLeader	method	Source/SCR_AIGroup.c	1236	1236	1	SCR_AIGroup	
SetGroupLeader	method	Source/SCR_AIGroup.c	1265	1265	1	SCR_AIGroup	
RPC_SetLeaderID	method	Source/SCR_AIGroup.c	1281	1281	1	SCR_AIGroup	
RPC_SetPrivate	method	Source/SCR_AIGroup.c	1291	1291	1	SCR_AIGroup	
RPC_DoSetPrivacyChangeable	method	Source/SCR_AIGroup.c	1305	1305	1	SCR_AIGroup	
RpcDo_SetGroupRole	method	Source/SCR_AIGroup.c	1312	1312	1	SCR_AIGroup	
RpcDo_SetRallyPoint	method	Source/SCR_AIGroup.c	1322	1322	1	SCR_AIGroup	
RpcDo_RemoveRallyPoint	method	Source/SCR_AIGroup.c	1339	1339	1	SCR_AIGroup	
AddPlayer	method	Source/SCR_AIGroup.c	1349	1349	1	SCR_AIGroup	
RPC_DoAddRequester	method	Source/SCR_AIGroup.c	1382	1382	1	SCR_AIGroup	
RPC_DoRemoveRequester	method	Source/SCR_AIGroup.c	1390	1390	1	SCR_AIGroup	
RPC_DoRemoveLeavingPlayer	method	Source/SCR_AIGroup.c	1397	1397	1	SCR_AIGroup	
OnPlayerLeftGame	method	Source/SCR_AIGroup.c	1404	1404	1	SCR_AIGroup	
RPC_DoClearDeniedRequester	method	Source/SCR_AIGroup.c	1421	1421	1	SCR_AIGroup	
RPC_DoClearRequesterIDs	method	Source/SCR_AIGroup.c	1428	1428	1	SCR_AIGroup	
RPC_DoAddDeniedRequester	method	Source/SCR_AIGroup.c	1435	1435	1	SCR_AIGroup	
RPC_DoRemovePlayer	method	Source/SCR_AIGroup.c	1443	1443	1	SCR_AIGroup	
RemovePlayerAgent	method	Source/SCR_AIGroup.c	1453	1453	1	SCR_AIGroup	
RemovePlayer	method	Source/SCR_AIGroup.c	1471	1471	1	SCR_AIGroup	
GetCallsigns	method	Source/SCR_AIGroup.c	1491	1491	1	SCR_AIGroup	
SetRadioFrequency	method	Source/SCR_AIGroup.c	1501	1501	1	SCR_AIGroup	
RPC_DoSetFrequency	method	Source/SCR_AIGroup.c	1512	1512	1	SCR_AIGroup	
GetRadioFrequency	method	Source/SCR_AIGroup.c	1519	1519	1	SCR_AIGroup	
IsPlayable	method	Source/SCR_AIGroup.c	1525	1525	1	SCR_AIGroup	
CreateUnitEntities	method	Source/SCR_AIGroup.c	1531	1531	1	SCR_AIGroup	
SpawnGroupMember	method	Source/SCR_AIGroup.c	1602	1602	1	SCR_AIGroup	
SetWaypointParams	method	Source/SCR_AIGroup.c	1700	1700	1	SCR_AIGroup	
AddWaypointsDynamic	method	Source/SCR_AIGroup.c	1710	1710	1	SCR_AIGroup	
AddWaypointsStatic	method	Source/SCR_AIGroup.c	1750	1750	1	SCR_AIGroup	
AddVehiclesStatic	method	Source/SCR_AIGroup.c	1771	1771	1	SCR_AIGroup	
DestroyEntities	method	Source/SCR_AIGroup.c	1801	1801	1	SCR_AIGroup	
RemoveStaticWaypointRefs	method	Source/SCR_AIGroup.c	1819	1819	1	SCR_AIGroup	
ClearRefs	method	Source/SCR_AIGroup.c	1843	1843	1	SCR_AIGroup	
AddAIEntityToGroup	method	Source/SCR_AIGroup.c	1851	1851	1	SCR_AIGroup	
RemoveAIEntityFromGroup	method	Source/SCR_AIGroup.c	1870	1870	1	SCR_AIGroup	
AddWaypointToGroup	method	Source/SCR_AIGroup.c	1892	1892	1	SCR_AIGroup	
RemoveWaypointFromGroup	method	Source/SCR_AIGroup.c	1901	1901	1	SCR_AIGroup	
GetAllocatedCompartments	method	Source/SCR_AIGroup.c	1910	1910	1	SCR_AIGroup	
GetAllocatedSmartActions	method	Source/SCR_AIGroup.c	1916	1916	1	SCR_AIGroup	
AllocateSmartActions	method	Source/SCR_AIGroup.c	1922	1922	1	SCR_AIGroup	
AllocateCompartment	method	Source/SCR_AIGroup.c	1940	1940	1	SCR_AIGroup	
ReleaseCompartment	method	Source/SCR_AIGroup.c	1959	1959	1	SCR_AIGroup	
ReleaseCompartments	method	Source/SCR_AIGroup.c	1969	1969	1	SCR_AIGroup	
ReleaseSmartAction	method	Source/SCR_AIGroup.c	1980	1980	1	SCR_AIGroup	
ReleaseSmartActions	method	Source/SCR_AIGroup.c	1990	1990	1	SCR_AIGroup	
InitFactionKey	method	Source/SCR_AIGroup.c	2001	2001	1	SCR_AIGroup	
SetFaction	method	Source/SCR_AIGroup.c	2009	2009	1	SCR_AIGroup	
SetFactionDelayed	method	Source/SCR_AIGroup.c	2055	2055	1	SCR_AIGroup	
BroadCastSetFaction	method	Source/SCR_AIGroup.c	2063	2063	1	SCR_AIGroup	
GetFactionName	method	Source/SCR_AIGroup.c	2076	2076	1	SCR_AIGroup	
GetFaction	method	Source/SCR_AIGroup.c	2082	2082	1	SCR_AIGroup	
GetFactionIndex	method	Source/SCR_AIGroup.c	2098	2098	1	SCR_AIGroup	
IgnoreSnapToTerrain	method	Source/SCR_AIGroup.c	2108	2108	1	SCR_AIGroup	
IgnoreSpawning	method	Source/SCR_AIGroup.c	2113	2113	1	SCR_AIGroup	
GetOnInit	method	Source/SCR_AIGroup.c	2119	2119	1	SCR_AIGroup	
GetOnEmpty	method	Source/SCR_AIGroup.c	2127	2127	1	SCR_AIGroup	
GetOnAgentAdded	method	Source/SCR_AIGroup.c	2136	2136	1	SCR_AIGroup	
GetOnAgentRemoved	method	Source/SCR_AIGroup.c	2145	2145	1	SCR_AIGroup	
GetOnLeaderChanged	method	Source/SCR_AIGroup.c	2154	2154	1	SCR_AIGroup	
GetOnCurrentWaypointChanged	method	Source/SCR_AIGroup.c	2163	2163	1	SCR_AIGroup	
GetOnWaypointCompleted	method	Source/SCR_AIGroup.c	2172	2172	1	SCR_AIGroup	
GetOnWaypointAdded	method	Source/SCR_AIGroup.c	2181	2181	1	SCR_AIGroup	
GetOnWaypointRemoved	method	Source/SCR_AIGroup.c	2190	2190	1	SCR_AIGroup	
GetOnWaypointToRemove	method	Source/SCR_AIGroup.c	2199	2199	1	SCR_AIGroup	
GetOnFactionChanged	method	Source/SCR_AIGroup.c	2208	2208	1	SCR_AIGroup	
GetOnAllDelayedEntitySpawned	method	Source/SCR_AIGroup.c	2217	2217	1	SCR_AIGroup	
OnEmpty	method	Source/SCR_AIGroup.c	2226	2226	1	SCR_AIGroup	
OnAgentAdded	method	Source/SCR_AIGroup.c	2237	2237	1	SCR_AIGroup	
OnAgentRemoved	method	Source/SCR_AIGroup.c	2250	2250	1	SCR_AIGroup	
OnLeaderChanged	method	Source/SCR_AIGroup.c	2257	2257	1	SCR_AIGroup	
OnCurrentWaypointChanged	method	Source/SCR_AIGroup.c	2286	2286	1	SCR_AIGroup	
OnWaypointCompleted	method	Source/SCR_AIGroup.c	2295	2295	1	SCR_AIGroup	
OnWaypointAdded	method	Source/SCR_AIGroup.c	2304	2304	1	SCR_AIGroup	
OnWaypointRemoved	method	Source/SCR_AIGroup.c	2311	2311	1	SCR_AIGroup	
InvokeSubagentsOnWaypointChanged	method	Source/SCR_AIGroup.c	2323	2323	1	SCR_AIGroup	
_WB_OnKeyChanged	method	Source/SCR_AIGroup.c	2337	2337	1	SCR_AIGroup	
EOnInit	method	Source/SCR_AIGroup.c	2349	2349	1	SCR_AIGroup	
OnSpawnPointFinalizeSpawn	method	Source/SCR_AIGroup.c	2372	2372	1	SCR_AIGroup	
GetSpawnImmediately	method	Source/SCR_AIGroup.c	2397	2397	1	SCR_AIGroup	
SetSpawnImmediately	method	Source/SCR_AIGroup.c	2403	2403	1	SCR_AIGroup	
SetMaxUnitsToSpawn	method	Source/SCR_AIGroup.c	2409	2409	1	SCR_AIGroup	
SetMemberSpawnDelay	method	Source/SCR_AIGroup.c	2415	2415	1	SCR_AIGroup	
SpawnUnits	method	Source/SCR_AIGroup.c	2421	2421	1	SCR_AIGroup	
GetSlave	method	Source/SCR_AIGroup.c	2441	2441	1	SCR_AIGroup	
SetSlave	method	Source/SCR_AIGroup.c	2453	2453	1	SCR_AIGroup	
GetMaster	method	Source/SCR_AIGroup.c	2460	2460	1	SCR_AIGroup	
SetMaster	method	Source/SCR_AIGroup.c	2472	2472	1	SCR_AIGroup	
GetAIMembers	method	Source/SCR_AIGroup.c	2478	2478	1	SCR_AIGroup	
IsAIControlledCharacterMember	method	Source/SCR_AIGroup.c	2487	2487	1	SCR_AIGroup	
IsLoadoutInGroup	method	Source/SCR_AIGroup.c	2498	2498	1	SCR_AIGroup	
RplSave	method	Source/SCR_AIGroup.c	2518	2518	1	SCR_AIGroup	
RplLoad	method	Source/SCR_AIGroup.c	2573	2573	1	SCR_AIGroup	
LeaderLifeStateChanged	method	Source/SCR_AIGroup.c	2649	2649	1	SCR_AIGroup	
SetNewConsciousLeader	method	Source/SCR_AIGroup.c	2656	2656	1	SCR_AIGroup	
IncreaseDeployedRadioCount	method	Source/SCR_AIGroup.c	2680	2680	1	SCR_AIGroup	
DecreaseDeployedRadioCount	method	Source/SCR_AIGroup.c	2687	2687	1	SCR_AIGroup	
GetDeployedRadioCount	method	Source/SCR_AIGroup.c	2697	2697	1	SCR_AIGroup	
SetDeleteWhenEmpty	method	Source/SCR_AIGroup.c	2703	2703	1	SCR_AIGroup	
CompleteAllWaypoints	method	Source/SCR_AIGroup.c	2709	2709	1	SCR_AIGroup	
SCR_AIGroup	method	Source/SCR_AIGroup.c	2721	2721	1	SCR_AIGroup	
SCR_AIGroup	method	Source/SCR_AIGroup.c	2727	2727	1	SCR_AIGroup	
EGroupState	enum	Source/SCR_AIGroup.c	2749	2761	13		
SCR_EAIGroupFormation	enum	Source/SCR_AIGroup.c	2764	2770	7		
SCR_WaypointPrefabLocation	class	Source/SCR_AIGroup.c	2774	2790	17		
SCR_BaseGameModeClass	class	Source/SCR_BaseGameMode.c	8	10	3		BaseGameModeClass
SCR_BaseGameMode	class	Source/SCR_BaseGameMode.c	133	2102	1970		BaseGameMode
IsResourceTypeEnabled	method	Source/SCR_BaseGameMode.c	248	248	1	SCR_BaseGameMode	
GetDisabledResourceTypes	method	Source/SCR_BaseGameMode.c	254	254	1	SCR_BaseGameMode	
SetResourceTypeEnabled	method	Source/SCR_BaseGameMode.c	261	261	1	SCR_BaseGameMode	
OnResourceTypeEnabledChanged	method	Source/SCR_BaseGameMode.c	290	290	1	SCR_BaseGameMode	
GetOnResourceTypeEnabledChanged	method	Source/SCR_BaseGameMode.c	297	297	1	SCR_BaseGameMode	
CanStartSpawnPreload	method	Source/SCR_BaseGameMode.c	306	306	1	SCR_BaseGameMode	
IsRunning	method	Source/SCR_BaseGameMode.c	313	313	1	SCR_BaseGameMode	
GetState	method	Source/SCR_BaseGameMode.c	319	319	1	SCR_BaseGameMode	
IsMaster	method	Source/SCR_BaseGameMode.c	325	325	1	SCR_BaseGameMode	
GetElapsedTime	method	Source/SCR_BaseGameMode.c	331	331	1	SCR_BaseGameMode	
GetTimeLimit	method	Source/SCR_BaseGameMode.c	337	337	1	SCR_BaseGameMode	
GetRemainingTime	method	Source/SCR_BaseGameMode.c	347	347	1	SCR_BaseGameMode	
IsHosted	method	Source/SCR_BaseGameMode.c	361	361	1	SCR_BaseGameMode	
OnGameStateChanged	method	Source/SCR_BaseGameMode.c	367	367	1	SCR_BaseGameMode	
CachePlayerSpawnPosition	method	Source/SCR_BaseGameMode.c	402	402	1	SCR_BaseGameMode	
GetRespawnSystemComponent	method	Source/SCR_BaseGameMode.c	408	408	1	SCR_BaseGameMode	
GetGameModeHealthSettings	method	Source/SCR_BaseGameMode.c	414	414	1	SCR_BaseGameMode	
GetScoringSystemComponent	method	Source/SCR_BaseGameMode.c	420	420	1	SCR_BaseGameMode	
StartGameMode	method	Source/SCR_BaseGameMode.c	426	426	1	SCR_BaseGameMode	
CanStartGameMode	method	Source/SCR_BaseGameMode.c	451	451	1	SCR_BaseGameMode	
EndGameMode	method	Source/SCR_BaseGameMode.c	461	461	1	SCR_BaseGameMode	
GetEndGameData	method	Source/SCR_BaseGameMode.c	484	484	1	SCR_BaseGameMode	
GetOnGameStart	method	Source/SCR_BaseGameMode.c	492	492	1	SCR_BaseGameMode	
GetOnGameEnd	method	Source/SCR_BaseGameMode.c	496	496	1	SCR_BaseGameMode	
GetOnPlayerAuditSuccess	method	Source/SCR_BaseGameMode.c	500	500	1	SCR_BaseGameMode	
GetOnPlayerAuditFail	method	Source/SCR_BaseGameMode.c	504	504	1	SCR_BaseGameMode	
GetOnPlayerAuditTimeouted	method	Source/SCR_BaseGameMode.c	508	508	1	SCR_BaseGameMode	
GetOnPlayerAuditRevived	method	Source/SCR_BaseGameMode.c	512	512	1	SCR_BaseGameMode	
GetOnPlayerConnected	method	Source/SCR_BaseGameMode.c	516	516	1	SCR_BaseGameMode	
GetOnPlayerRegistered	method	Source/SCR_BaseGameMode.c	520	520	1	SCR_BaseGameMode	
GetOnPlayerDisconnected	method	Source/SCR_BaseGameMode.c	524	524	1	SCR_BaseGameMode	
GetOnPostCompPlayerDisconnected	method	Source/SCR_BaseGameMode.c	529	529	1	SCR_BaseGameMode	
GetOnPlayerSpawned	method	Source/SCR_BaseGameMode.c	533	533	1	SCR_BaseGameMode	
GetOnPlayerKilled	method	Source/SCR_BaseGameMode.c	537	537	1	SCR_BaseGameMode	
GetOnPlayerDeleted	method	Source/SCR_BaseGameMode.c	541	541	1	SCR_BaseGameMode	
GetOnPlayerRoleChange	method	Source/SCR_BaseGameMode.c	545	545	1	SCR_BaseGameMode	
GetOnWorldPostProcess	method	Source/SCR_BaseGameMode.c	549	549	1	SCR_BaseGameMode	
GetOnControllableSpawned	method	Source/SCR_BaseGameMode.c	553	553	1	SCR_BaseGameMode	
GetOnControllableDestroyed	method	Source/SCR_BaseGameMode.c	557	557	1	SCR_BaseGameMode	
GetOnControllableDeleted	method	Source/SCR_BaseGameMode.c	561	561	1	SCR_BaseGameMode	
GetOnGameModeEnd	method	Source/SCR_BaseGameMode.c	566	566	1	SCR_BaseGameMode	
OnGameModeStart	method	Source/SCR_BaseGameMode.c	572	572	1	SCR_BaseGameMode	
OnGameModeEnd	method	Source/SCR_BaseGameMode.c	584	584	1	SCR_BaseGameMode	
HandleOnGameModeEndSaveData	method	Source/SCR_BaseGameMode.c	613	613	1	SCR_BaseGameMode	
GetGameEndTimeStamp	method	Source/SCR_BaseGameMode.c	640	640	1	SCR_BaseGameMode	
GetAutoReloadDelay	method	Source/SCR_BaseGameMode.c	646	646	1	SCR_BaseGameMode	
RestartSession	method	Source/SCR_BaseGameMode.c	662	662	1	SCR_BaseGameMode	
TryShutdownServer	method	Source/SCR_BaseGameMode.c	675	675	1	SCR_BaseGameMode	
OnGameStart	method	Source/SCR_BaseGameMode.c	691	691	1	SCR_BaseGameMode	
OnGameEnd	method	Source/SCR_BaseGameMode.c	703	703	1	SCR_BaseGameMode	
IsFactionChangeAllowed	method	Source/SCR_BaseGameMode.c	714	714	1	SCR_BaseGameMode	
OnPlayerAuditSuccess	method	Source/SCR_BaseGameMode.c	720	720	1	SCR_BaseGameMode	
OnPlayerAuditFail	method	Source/SCR_BaseGameMode.c	735	735	1	SCR_BaseGameMode	
OnPlayerAuditTimeouted	method	Source/SCR_BaseGameMode.c	747	747	1	SCR_BaseGameMode	
OnPlayerAuditRevived	method	Source/SCR_BaseGameMode.c	760	760	1	SCR_BaseGameMode	
OnPlayerConnected	method	Source/SCR_BaseGameMode.c	773	773	1	SCR_BaseGameMode	
OnPlayerDisconnected	method	Source/SCR_BaseGameMode.c	792	792	1	SCR_BaseGameMode	
OnPlayerRegistered	method	Source/SCR_BaseGameMode.c	861	861	1	SCR_BaseGameMode	
HandlePlayerKilled	method	Source/SCR_BaseGameMode.c	894	894	1	SCR_BaseGameMode	
LogKillEvent	method	Source/SCR_BaseGameMode.c	912	912	1	SCR_BaseGameMode	
FilterCallback	method	Source/SCR_BaseGameMode.c	1067	1067	1	SCR_BaseGameMode	
OnPlayerKilled	method	Source/SCR_BaseGameMode.c	1085	1085	1	SCR_BaseGameMode	
OnPlayerKilledEx	method	Source/SCR_BaseGameMode.c	1117	1117	1	SCR_BaseGameMode	
OnPlayerKilledHandled	method	Source/SCR_BaseGameMode.c	1120	1120	1	SCR_BaseGameMode	
OnPlayerDeleted	method	Source/SCR_BaseGameMode.c	1127	1127	1	SCR_BaseGameMode	
OnPlayerRoleChange	method	Source/SCR_BaseGameMode.c	1145	1145	1	SCR_BaseGameMode	
OnWorldPostProcess	method	Source/SCR_BaseGameMode.c	1157	1157	1	SCR_BaseGameMode	
OnControllableSpawned	method	Source/SCR_BaseGameMode.c	1172	1172	1	SCR_BaseGameMode	
entity	method	Source/SCR_BaseGameMode.c	1187	1187	1	SCR_BaseGameMode	
OnControllableDestroyed	method	Source/SCR_BaseGameMode.c	1190	1190	1	SCR_BaseGameMode	
OnControllableDestroyedEx	method	Source/SCR_BaseGameMode.c	1219	1219	1	SCR_BaseGameMode	
OnControllableDeleted	method	Source/SCR_BaseGameMode.c	1228	1228	1	SCR_BaseGameMode	
OnSpawnPlayerEntityFailure_S	method	Source/SCR_BaseGameMode.c	1245	1245	1	SCR_BaseGameMode	
OnPlayerEntityChanged_S	method	Source/SCR_BaseGameMode.c	1252	1252	1	SCR_BaseGameMode	
PreparePlayerEntity_S	method	Source/SCR_BaseGameMode.c	1256	1256	1	SCR_BaseGameMode	
OnPlayerSpawnFinalize_S	method	Source/SCR_BaseGameMode.c	1274	1274	1	SCR_BaseGameMode	
OnPlayerSpawnOnPoint_S	method	Source/SCR_BaseGameMode.c	1294	1294	1	SCR_BaseGameMode	
ConsumeSuppliesOnPlayerSpawn_S	method	Source/SCR_BaseGameMode.c	1307	1307	1	SCR_BaseGameMode	
ConsumeMilitarySupplyAllocationOnPlayerSpawn_S	method	Source/SCR_BaseGameMode.c	1330	1330	1	SCR_BaseGameMode	
OnPlayerLoadoutSet_S	method	Source/SCR_BaseGameMode.c	1355	1355	1	SCR_BaseGameMode	
OnPlayerFactionSet_S	method	Source/SCR_BaseGameMode.c	1360	1360	1	SCR_BaseGameMode	
CanPlayerSpawn_S	method	Source/SCR_BaseGameMode.c	1365	1365	1	SCR_BaseGameMode	
GetPlayerRemainingRespawnTime	method	Source/SCR_BaseGameMode.c	1449	1449	1	SCR_BaseGameMode	
RplSave	method	Source/SCR_BaseGameMode.c	1459	1459	1	SCR_BaseGameMode	
RplLoad	method	Source/SCR_BaseGameMode.c	1468	1468	1	SCR_BaseGameMode	
Diag_DrawPlayersWindow	method	Source/SCR_BaseGameMode.c	1481	1481	1	SCR_BaseGameMode	
Diag_DrawPlayerInfo	method	Source/SCR_BaseGameMode.c	1511	1511	1	SCR_BaseGameMode	
Diag_DrawControlledEntitiesWindow	method	Source/SCR_BaseGameMode.c	1558	1558	1	SCR_BaseGameMode	
Diag_DrawControlledEntityInfo	method	Source/SCR_BaseGameMode.c	1575	1575	1	SCR_BaseGameMode	
Diag_DrawComponentsWindow	method	Source/SCR_BaseGameMode.c	1620	1620	1	SCR_BaseGameMode	
Diag_DrawComponentInfo	method	Source/SCR_BaseGameMode.c	1636	1636	1	SCR_BaseGameMode	
Diag_DrawGameModeWindow	method	Source/SCR_BaseGameMode.c	1642	1642	1	SCR_BaseGameMode	
HandleOnTasksInitialized	method	Source/SCR_BaseGameMode.c	1687	1687	1	SCR_BaseGameMode	
SetLocalControls	method	Source/SCR_BaseGameMode.c	1690	1690	1	SCR_BaseGameMode	
UpdateStatistics	method	Source/SCR_BaseGameMode.c	1720	1720	1	SCR_BaseGameMode	
GetAllowControls	method	Source/SCR_BaseGameMode.c	1770	1770	1	SCR_BaseGameMode	
GetAllowControlsTarget	method	Source/SCR_BaseGameMode.c	1776	1776	1	SCR_BaseGameMode	
GetStateComponent	method	Source/SCR_BaseGameMode.c	1786	1786	1	SCR_BaseGameMode	
PauseGame	method	Source/SCR_BaseGameMode.c	1796	1796	1	SCR_BaseGameMode	
CanBePaused	method	Source/SCR_BaseGameMode.c	1836	1836	1	SCR_BaseGameMode	
EOnFrame	method	Source/SCR_BaseGameMode.c	1844	1844	1	SCR_BaseGameMode	
EOnInit	method	Source/SCR_BaseGameMode.c	1939	1939	1	SCR_BaseGameMode	
GetOnPreloadFinished	method	Source/SCR_BaseGameMode.c	2023	2023	1	SCR_BaseGameMode	
StartSpawnPreload	method	Source/SCR_BaseGameMode.c	2032	2032	1	SCR_BaseGameMode	
GetAutotuneEnabled	method	Source/SCR_BaseGameMode.c	2041	2041	1	SCR_BaseGameMode	
HandleSpawnPreload	method	Source/SCR_BaseGameMode.c	2047	2047	1	SCR_BaseGameMode	
SCR_BaseGameMode	method	Source/SCR_BaseGameMode.c	2060	2060	1	SCR_BaseGameMode	
SCR_BaseGameMode	method	Source/SCR_BaseGameMode.c	2078	2078	1	SCR_BaseGameMode	
IsGameModeStatisticsEnabled	method	Source/SCR_BaseGameMode.c	2093	2093	1	SCR_BaseGameMode	
SCR_BaseGameModeComponentClass	class	Source/SCR_BaseGameModeComponent.c	2	4	3		ScriptComponentClass
SCR_BaseGameModeComponent	class	Source/SCR_BaseGameModeComponent.c	6	103	98		ScriptComponent
GetGameMode	method	Source/SCR_BaseGameModeComponent.c	11	11	1	SCR_BaseGameModeComponent	
OnGameEnd	method	Source/SCR_BaseGameModeComponent.c	17	17	1	SCR_BaseGameModeComponent	
OnGameStateChanged	method	Source/SCR_BaseGameModeComponent.c	20	20	1	SCR_BaseGameModeComponent	
OnGameModeStart	method	Source/SCR_BaseGameModeComponent.c	23	23	1	SCR_BaseGameModeComponent	
OnGameModeEnd	method	Source/SCR_BaseGameModeComponent.c	26	26	1	SCR_BaseGameModeComponent	
OnPlayerConnected	method	Source/SCR_BaseGameModeComponent.c	29	29	1	SCR_BaseGameModeComponent	
OnPlayerAuditSuccess	method	Source/SCR_BaseGameModeComponent.c	32	32	1	SCR_BaseGameModeComponent	
OnPlayerAuditFail	method	Source/SCR_BaseGameModeComponent.c	35	35	1	SCR_BaseGameModeComponent	
OnPlayerAuditTimeouted	method	Source/SCR_BaseGameModeComponent.c	38	38	1	SCR_BaseGameModeComponent	
OnPlayerAuditRevived	method	Source/SCR_BaseGameModeComponent.c	41	41	1	SCR_BaseGameModeComponent	
OnPlayerRegistered	method	Source/SCR_BaseGameModeComponent.c	44	44	1	SCR_BaseGameModeComponent	
OnPlayerDisconnected	method	Source/SCR_BaseGameModeComponent.c	47	47	1	SCR_BaseGameModeComponent	
PreparePlayerEntity_S	method	Source/SCR_BaseGameModeComponent.c	50	50	1	SCR_BaseGameModeComponent	
OnSpawnPlayerEntityFailure_S	method	Source/SCR_BaseGameModeComponent.c	56	56	1	SCR_BaseGameModeComponent	
OnPlayerSpawnFinalize_S	method	Source/SCR_BaseGameModeComponent.c	59	59	1	SCR_BaseGameModeComponent	
HandlePlayerKilled	method	Source/SCR_BaseGameModeComponent.c	62	62	1	SCR_BaseGameModeComponent	
OnPlayerKilled	method	Source/SCR_BaseGameModeComponent.c	68	68	1	SCR_BaseGameModeComponent	
OnPlayerKilledHandled	method	Source/SCR_BaseGameModeComponent.c	71	71	1	SCR_BaseGameModeComponent	
OnPlayerDeleted	method	Source/SCR_BaseGameModeComponent.c	74	74	1	SCR_BaseGameModeComponent	
OnPlayerRoleChange	method	Source/SCR_BaseGameModeComponent.c	77	77	1	SCR_BaseGameModeComponent	
OnWorldPostProcess	method	Source/SCR_BaseGameModeComponent.c	80	80	1	SCR_BaseGameModeComponent	
OnControllableSpawned	method	Source/SCR_BaseGameModeComponent.c	83	83	1	SCR_BaseGameModeComponent	
OnControllableDestroyed	method	Source/SCR_BaseGameModeComponent.c	86	86	1	SCR_BaseGameModeComponent	
OnControllableDeleted	method	Source/SCR_BaseGameModeComponent.c	89	89	1	SCR_BaseGameModeComponent	
SCR_BaseGameModeComponent	method	Source/SCR_BaseGameModeComponent.c	93	93	1	SCR_BaseGameModeComponent	
ECharacterHitZoneGroup	enum	Source/SCR_CharacterDamageManagerComponent.c	1	10	10		EHitZoneGroup
SCR_CharacterDamageManagerComponentClass	class	Source/SCR_CharacterDamageManagerComponent.c	13	15	3		SCR_ExtendedDamageManagerComponentClass
SCR_CharacterDamageManagerComponent	class	Source/SCR_CharacterDamageManagerComponent.c	18	2119	2102		SCR_ExtendedDamageManagerComponent
GetPoisonBuildupFactor	method	Source/SCR_CharacterDamageManagerComponent.c	107	107	1	SCR_CharacterDamageManagerComponent	
IsFallingVehicle	method	Source/SCR_CharacterDamageManagerComponent.c	113	113	1	SCR_CharacterDamageManagerComponent	
ShouldBeUnconscious	method	Source/SCR_CharacterDamageManagerComponent.c	134	134	1	SCR_CharacterDamageManagerComponent	
UpdateConsciousness	method	Source/SCR_CharacterDamageManagerComponent.c	173	173	1	SCR_CharacterDamageManagerComponent	
ForceUnconsciousness	method	Source/SCR_CharacterDamageManagerComponent.c	205	205	1	SCR_CharacterDamageManagerComponent	
OnLifeStateChanged	method	Source/SCR_CharacterDamageManagerComponent.c	219	219	1	SCR_CharacterDamageManagerComponent	
InsertArmorData	method	Source/SCR_CharacterDamageManagerComponent.c	236	236	1	SCR_CharacterDamageManagerComponent	
RemoveArmorData	method	Source/SCR_CharacterDamageManagerComponent.c	245	245	1	SCR_CharacterDamageManagerComponent	
UpdateArmorDataMap	method	Source/SCR_CharacterDamageManagerComponent.c	258	258	1	SCR_CharacterDamageManagerComponent	
OverrideHitMaterial	method	Source/SCR_CharacterDamageManagerComponent.c	285	285	1	SCR_CharacterDamageManagerComponent	
GetArmorData	method	Source/SCR_CharacterDamageManagerComponent.c	302	302	1	SCR_CharacterDamageManagerComponent	
GetArmorProtection	method	Source/SCR_CharacterDamageManagerComponent.c	314	314	1	SCR_CharacterDamageManagerComponent	
ArmorHitEventEffects	method	Source/SCR_CharacterDamageManagerComponent.c	330	330	1	SCR_CharacterDamageManagerComponent	
ArmorHitEventDamage	method	Source/SCR_CharacterDamageManagerComponent.c	346	346	1	SCR_CharacterDamageManagerComponent	
OnDamageEffectAdded	method	Source/SCR_CharacterDamageManagerComponent.c	353	353	1	SCR_CharacterDamageManagerComponent	
OnDamageEffectRemoved	method	Source/SCR_CharacterDamageManagerComponent.c	380	380	1	SCR_CharacterDamageManagerComponent	
HijackDamageHandling	method	Source/SCR_CharacterDamageManagerComponent.c	402	402	1	SCR_CharacterDamageManagerComponent	
KnockOffTheHelmet	method	Source/SCR_CharacterDamageManagerComponent.c	421	421	1	SCR_CharacterDamageManagerComponent	
SynchronizedSoundEvent	method	Source/SCR_CharacterDamageManagerComponent.c	449	449	1	SCR_CharacterDamageManagerComponent	
SynchronizedSoundEvent	method	Source/SCR_CharacterDamageManagerComponent.c	465	465	1	SCR_CharacterDamageManagerComponent	
Do_SynchronizedSoundEvent	method	Source/SCR_CharacterDamageManagerComponent.c	493	493	1	SCR_CharacterDamageManagerComponent	
SoundHit	method	Source/SCR_CharacterDamageManagerComponent.c	508	508	1	SCR_CharacterDamageManagerComponent	
SoundKnockout	method	Source/SCR_CharacterDamageManagerComponent.c	523	523	1	SCR_CharacterDamageManagerComponent	
SoundDeath	method	Source/SCR_CharacterDamageManagerComponent.c	530	530	1	SCR_CharacterDamageManagerComponent	
SoundHeal	method	Source/SCR_CharacterDamageManagerComponent.c	547	547	1	SCR_CharacterDamageManagerComponent	
RemoveAllBleedingParticlesAfterDeath	method	Source/SCR_CharacterDamageManagerComponent.c	562	562	1	SCR_CharacterDamageManagerComponent	
AddBloodToClothes	method	Source/SCR_CharacterDamageManagerComponent.c	578	578	1	SCR_CharacterDamageManagerComponent	
CanBeHealed	method	Source/SCR_CharacterDamageManagerComponent.c	607	607	1	SCR_CharacterDamageManagerComponent	
FullHeal	method	Source/SCR_CharacterDamageManagerComponent.c	635	635	1	SCR_CharacterDamageManagerComponent	
TryClearDamageHistory	method	Source/SCR_CharacterDamageManagerComponent.c	656	656	1	SCR_CharacterDamageManagerComponent	
SetBloodHitZone	method	Source/SCR_CharacterDamageManagerComponent.c	675	675	1	SCR_CharacterDamageManagerComponent	
GetBloodHitZone	method	Source/SCR_CharacterDamageManagerComponent.c	681	681	1	SCR_CharacterDamageManagerComponent	
GetResilienceRegenScale	method	Source/SCR_CharacterDamageManagerComponent.c	688	688	1	SCR_CharacterDamageManagerComponent	
SetBleedingScale	method	Source/SCR_CharacterDamageManagerComponent.c	715	715	1	SCR_CharacterDamageManagerComponent	
GetBleedingScale	method	Source/SCR_CharacterDamageManagerComponent.c	722	722	1	SCR_CharacterDamageManagerComponent	
SetRegenScale	method	Source/SCR_CharacterDamageManagerComponent.c	731	731	1	SCR_CharacterDamageManagerComponent	
GetRegenScale	method	Source/SCR_CharacterDamageManagerComponent.c	739	739	1	SCR_CharacterDamageManagerComponent	
GetPermitUnconsciousness	method	Source/SCR_CharacterDamageManagerComponent.c	748	748	1	SCR_CharacterDamageManagerComponent	
IsIndefinitelyUnconscious	method	Source/SCR_CharacterDamageManagerComponent.c	760	760	1	SCR_CharacterDamageManagerComponent	
SetPermitUnconsciousness	method	Source/SCR_CharacterDamageManagerComponent.c	790	790	1	SCR_CharacterDamageManagerComponent	
SetOverrideCharacterMedicalGMAttribute	method	Source/SCR_CharacterDamageManagerComponent.c	797	797	1	SCR_CharacterDamageManagerComponent	
GetOverrideCharacterMedicalGMAttribute	method	Source/SCR_CharacterDamageManagerComponent.c	803	803	1	SCR_CharacterDamageManagerComponent	
SetResilienceHitZone	method	Source/SCR_CharacterDamageManagerComponent.c	809	809	1	SCR_CharacterDamageManagerComponent	
GetResilienceHitZone	method	Source/SCR_CharacterDamageManagerComponent.c	815	815	1	SCR_CharacterDamageManagerComponent	
SetHeadHitZone	method	Source/SCR_CharacterDamageManagerComponent.c	821	821	1	SCR_CharacterDamageManagerComponent	
GetHeadHitZone	method	Source/SCR_CharacterDamageManagerComponent.c	827	827	1	SCR_CharacterDamageManagerComponent	
GetTourniquetStrengthMultiplier	method	Source/SCR_CharacterDamageManagerComponent.c	833	833	1	SCR_CharacterDamageManagerComponent	
AddSpecialContactEffect	method	Source/SCR_CharacterDamageManagerComponent.c	839	839	1	SCR_CharacterDamageManagerComponent	
AddBleedingEffectOnHitZone	method	Source/SCR_CharacterDamageManagerComponent.c	845	845	1	SCR_CharacterDamageManagerComponent	
AddBleedingToArray	method	Source/SCR_CharacterDamageManagerComponent.c	875	875	1	SCR_CharacterDamageManagerComponent	
RemoveBleedingFromArray	method	Source/SCR_CharacterDamageManagerComponent.c	885	885	1	SCR_CharacterDamageManagerComponent	
GetBleedingHitZones	method	Source/SCR_CharacterDamageManagerComponent.c	895	895	1	SCR_CharacterDamageManagerComponent	
CreateBleedingParticleEffect	method	Source/SCR_CharacterDamageManagerComponent.c	901	901	1	SCR_CharacterDamageManagerComponent	
RemoveAllBleedingParticles	method	Source/SCR_CharacterDamageManagerComponent.c	967	967	1	SCR_CharacterDamageManagerComponent	
RemoveBleedingParticleEffect	method	Source/SCR_CharacterDamageManagerComponent.c	989	989	1	SCR_CharacterDamageManagerComponent	
RemoveAllBleedings	method	Source/SCR_CharacterDamageManagerComponent.c	1006	1006	1	SCR_CharacterDamageManagerComponent	
RemoveGroupBleeding	method	Source/SCR_CharacterDamageManagerComponent.c	1012	1012	1	SCR_CharacterDamageManagerComponent	
AddParticularBleeding	method	Source/SCR_CharacterDamageManagerComponent.c	1038	1038	1	SCR_CharacterDamageManagerComponent	
GetRandomPhysicalHitZone	method	Source/SCR_CharacterDamageManagerComponent.c	1059	1059	1	SCR_CharacterDamageManagerComponent	
AddRandomBleeding	method	Source/SCR_CharacterDamageManagerComponent.c	1091	1091	1	SCR_CharacterDamageManagerComponent	
FindAssociatedHitZoneGroup	method	Source/SCR_CharacterDamageManagerComponent.c	1097	1097	1	SCR_CharacterDamageManagerComponent	
FindAssociatedBandagingBodyPart	method	Source/SCR_CharacterDamageManagerComponent.c	1115	1115	1	SCR_CharacterDamageManagerComponent	
GetHealingAnimHitzones	method	Source/SCR_CharacterDamageManagerComponent.c	1133	1133	1	SCR_CharacterDamageManagerComponent	
GetGroupHealthScaled	method	Source/SCR_CharacterDamageManagerComponent.c	1148	1148	1	SCR_CharacterDamageManagerComponent	
GetGroupDamageOverTime	method	Source/SCR_CharacterDamageManagerComponent.c	1174	1174	1	SCR_CharacterDamageManagerComponent	
GetGroupTourniquetted	method	Source/SCR_CharacterDamageManagerComponent.c	1193	1193	1	SCR_CharacterDamageManagerComponent	
SetTourniquettedGroup	method	Source/SCR_CharacterDamageManagerComponent.c	1199	1199	1	SCR_CharacterDamageManagerComponent	
GetGroupIsBeingHealed	method	Source/SCR_CharacterDamageManagerComponent.c	1225	1225	1	SCR_CharacterDamageManagerComponent	
SetGroupIsBeingHealed	method	Source/SCR_CharacterDamageManagerComponent.c	1231	1231	1	SCR_CharacterDamageManagerComponent	
GetGroupSalineBagged	method	Source/SCR_CharacterDamageManagerComponent.c	1255	1255	1	SCR_CharacterDamageManagerComponent	
SetSalineBaggedGroup	method	Source/SCR_CharacterDamageManagerComponent.c	1261	1261	1	SCR_CharacterDamageManagerComponent	
IsBleeding	method	Source/SCR_CharacterDamageManagerComponent.c	1285	1285	1	SCR_CharacterDamageManagerComponent	
GetMostDOTHitZone	method	Source/SCR_CharacterDamageManagerComponent.c	1299	1299	1	SCR_CharacterDamageManagerComponent	
GetAllLimbs	method	Source/SCR_CharacterDamageManagerComponent.c	1349	1349	1	SCR_CharacterDamageManagerComponent	
GetAllExtremities	method	Source/SCR_CharacterDamageManagerComponent.c	1355	1355	1	SCR_CharacterDamageManagerComponent	
UpdateCharacterGroupDamage	method	Source/SCR_CharacterDamageManagerComponent.c	1361	1361	1	SCR_CharacterDamageManagerComponent	
GetCharMostDOTHitzoneGroup	method	Source/SCR_CharacterDamageManagerComponent.c	1405	1405	1	SCR_CharacterDamageManagerComponent	
GetBoneName	method	Source/SCR_CharacterDamageManagerComponent.c	1482	1482	1	SCR_CharacterDamageManagerComponent	
OnPostInit	method	Source/SCR_CharacterDamageManagerComponent.c	1526	1526	1	SCR_CharacterDamageManagerComponent	
RegenPhysicalHitZones	method	Source/SCR_CharacterDamageManagerComponent.c	1572	1572	1	SCR_CharacterDamageManagerComponent	
RegenVirtualHitZone	method	Source/SCR_CharacterDamageManagerComponent.c	1585	1585	1	SCR_CharacterDamageManagerComponent	
SetExactMinImpulse	method	Source/SCR_CharacterDamageManagerComponent.c	1604	1604	1	SCR_CharacterDamageManagerComponent	
OnWaterEnter	method	Source/SCR_CharacterDamageManagerComponent.c	1616	1616	1	SCR_CharacterDamageManagerComponent	
FilterContact	method	Source/SCR_CharacterDamageManagerComponent.c	1635	1635	1	SCR_CharacterDamageManagerComponent	
ResetContact	method	Source/SCR_CharacterDamageManagerComponent.c	1702	1702	1	SCR_CharacterDamageManagerComponent	
OnFilteredContact	method	Source/SCR_CharacterDamageManagerComponent.c	1709	1709	1	SCR_CharacterDamageManagerComponent	
CalculateCollisionDamage	method	Source/SCR_CharacterDamageManagerComponent.c	1724	1724	1	SCR_CharacterDamageManagerComponent	
OnHandleFallDamage	method	Source/SCR_CharacterDamageManagerComponent.c	1759	1759	1	SCR_CharacterDamageManagerComponent	
HandleAnimatedFallDamage	method	Source/SCR_CharacterDamageManagerComponent.c	1782	1782	1	SCR_CharacterDamageManagerComponent	
HandleRagdollFallDamage	method	Source/SCR_CharacterDamageManagerComponent.c	1815	1815	1	SCR_CharacterDamageManagerComponent	
ApplyCollisionDamage	method	Source/SCR_CharacterDamageManagerComponent.c	1848	1848	1	SCR_CharacterDamageManagerComponent	
PlaySoundEvent	method	Source/SCR_CharacterDamageManagerComponent.c	1884	1884	1	SCR_CharacterDamageManagerComponent	
GetNearestHitZones	method	Source/SCR_CharacterDamageManagerComponent.c	1897	1897	1	SCR_CharacterDamageManagerComponent	
ShouldOverrideInstigator	method	Source/SCR_CharacterDamageManagerComponent.c	1940	1940	1	SCR_CharacterDamageManagerComponent	
OnDamageStateChanged	method	Source/SCR_CharacterDamageManagerComponent.c	1954	1954	1	SCR_CharacterDamageManagerComponent	
OnDamage	method	Source/SCR_CharacterDamageManagerComponent.c	1963	1963	1	SCR_CharacterDamageManagerComponent	
DiagOnlyIfPossessedByPlayerController	method	Source/SCR_CharacterDamageManagerComponent.c	2051	2051	1	SCR_CharacterDamageManagerComponent	
ProcessDebug	method	Source/SCR_CharacterDamageManagerComponent.c	2057	2057	1	SCR_CharacterDamageManagerComponent	
SCR_Faction	class	Source/SCR_Faction.c	5	878	874		ScriptedFaction
GetOrder	method	Source/SCR_Faction.c	132	132	1	SCR_Faction	
GetCanCreateOnlyPredefinedGroups	method	Source/SCR_Faction.c	138	138	1	SCR_Faction	
IsCustomLoadoutSupported	method	Source/SCR_Faction.c	144	144	1	SCR_Faction	
UpdateCustomLoadoutSupportState	method	Source/SCR_Faction.c	150	150	1	SCR_Faction	
GetPredefinedGroups	method	Source/SCR_Faction.c	156	156	1	SCR_Faction	
GetDefaultGroupRoleForNewGroup	method	Source/SCR_Faction.c	166	166	1	SCR_Faction	
IsEnabledAutoGroupCreationWhenFull	method	Source/SCR_Faction.c	172	172	1	SCR_Faction	
GetGroupRolePresetConfigs	method	Source/SCR_Faction.c	178	178	1	SCR_Faction	
GetRanks	method	Source/SCR_Faction.c	188	188	1	SCR_Faction	
IsGroupRolesConfigured	method	Source/SCR_Faction.c	194	194	1	SCR_Faction	
GetFlagName	method	Source/SCR_Faction.c	209	209	1	SCR_Faction	
GetFlagNames	method	Source/SCR_Faction.c	215	215	1	SCR_Faction	
GetGroupFlagImageSet	method	Source/SCR_Faction.c	221	221	1	SCR_Faction	
GetGroupFlagImageSetOutlines	method	Source/SCR_Faction.c	226	226	1	SCR_Faction	
GetGroupFlagTextures	method	Source/SCR_Faction.c	232	232	1	SCR_Faction	
GetFactionFlag	method	Source/SCR_Faction.c	238	238	1	SCR_Faction	
GetFactionFlagMaterial	method	Source/SCR_Faction.c	244	244	1	SCR_Faction	
SetFactionFlagMaterial	method	Source/SCR_Faction.c	250	250	1	SCR_Faction	
GetFactionLabel	method	Source/SCR_Faction.c	256	256	1	SCR_Faction	
GetCallsignInfo	method	Source/SCR_Faction.c	262	262	1	SCR_Faction	
GetNotificationFactionColor	method	Source/SCR_Faction.c	268	268	1	SCR_Faction	
GetNotificationTextFactionColor	method	Source/SCR_Faction.c	274	274	1	SCR_Faction	
GetOutlineFactionColor	method	Source/SCR_Faction.c	280	280	1	SCR_Faction	
InitializeFaction	method	Source/SCR_Faction.c	287	287	1	SCR_Faction	
SetAncestors	method	Source/SCR_Faction.c	292	292	1	SCR_Faction	
IsPlayable	method	Source/SCR_Faction.c	306	306	1	SCR_Faction	
CanCaptureBases	method	Source/SCR_Faction.c	312	312	1	SCR_Faction	
IsCommanderAvailable	method	Source/SCR_Faction.c	318	318	1	SCR_Faction	
IsRenegadePunishedExile	method	Source/SCR_Faction.c	324	324	1	SCR_Faction	
ShowInWelcomeScreenOverride	method	Source/SCR_Faction.c	329	329	1	SCR_Faction	
Init	method	Source/SCR_Faction.c	335	335	1	SCR_Faction	
InitFactionIsPlayable	method	Source/SCR_Faction.c	340	340	1	SCR_Faction	
IsTasksEnabled	method	Source/SCR_Faction.c	349	349	1	SCR_Faction	
SetTasksEnabled	method	Source/SCR_Faction.c	355	355	1	SCR_Faction	
IsInherited	method	Source/SCR_Faction.c	366	366	1	SCR_Faction	
SetIsPlayable	method	Source/SCR_Faction.c	377	377	1	SCR_Faction	
GetOnFactionPlayableChanged	method	Source/SCR_Faction.c	441	441	1	SCR_Faction	
DoCheckIfFactionFriendly	method	Source/SCR_Faction.c	453	453	1	SCR_Faction	
SetFactionFriendly	method	Source/SCR_Faction.c	459	459	1	SCR_Faction	
SetFactionHostile	method	Source/SCR_Faction.c	465	465	1	SCR_Faction	
IsRelatedFaction	method	Source/SCR_Faction.c	474	474	1	SCR_Faction	
GetParent	method	Source/SCR_Faction.c	487	487	1	SCR_Faction	
GetPlayerCount	method	Source/SCR_Faction.c	498	498	1	SCR_Faction	
GetPlayersInFaction	method	Source/SCR_Faction.c	533	533	1	SCR_Faction	
GetFactionRadioFrequency	method	Source/SCR_Faction.c	555	555	1	SCR_Faction	
GetFactionHomeTerritoryConfig	method	Source/SCR_Faction.c	561	561	1	SCR_Faction	
GetFactionEntityCatalogOfType	method	Source/SCR_Faction.c	573	573	1	SCR_Faction	
GetAllFactionEntityCatalogs	method	Source/SCR_Faction.c	600	600	1	SCR_Faction	
GetFriendlyFactions	method	Source/SCR_Faction.c	612	612	1	SCR_Faction	
Init	method	Source/SCR_Faction.c	638	638	1	SCR_Faction	
InitFactionRelationships	method	Source/SCR_Faction.c	656	656	1	SCR_Faction	
GetEntityFaction	method	Source/SCR_Faction.c	724	724	1	SCR_Faction	
GetIndentityVoiceSignal	method	Source/SCR_Faction.c	738	738	1	SCR_Faction	
GetBaseCallsignIndexes	method	Source/SCR_Faction.c	744	744	1	SCR_Faction	
GetBaseCallsignByIndex	method	Source/SCR_Faction.c	757	757	1	SCR_Faction	
GetFactionBackground	method	Source/SCR_Faction.c	778	778	1	SCR_Faction	
IsMilitary	method	Source/SCR_Faction.c	784	784	1	SCR_Faction	
IsPlayerCommander	method	Source/SCR_Faction.c	790	790	1	SCR_Faction	
IsAICommander	method	Source/SCR_Faction.c	796	796	1	SCR_Faction	
SetCommanderId	method	Source/SCR_Faction.c	802	802	1	SCR_Faction	
GetCommanderId	method	Source/SCR_Faction.c	808	808	1	SCR_Faction	
GetCommanderMenuConfig	method	Source/SCR_Faction.c	814	814	1	SCR_Faction	
GetPlayerLimit	method	Source/SCR_Faction.c	820	820	1	SCR_Faction	
SetPlayerLimit	method	Source/SCR_Faction.c	826	826	1	SCR_Faction	
GetDefaultFriendlyFactions	method	Source/SCR_Faction.c	832	832	1	SCR_Faction	
IsDefaultSelfFriendly	method	Source/SCR_Faction.c	845	845	1	SCR_Faction	
IsDefaultPlayable	method	Source/SCR_Faction.c	851	851	1	SCR_Faction	
DoRplSave	method	Source/SCR_Faction.c	857	857	1	SCR_Faction	
DoRplLoad	method	Source/SCR_Faction.c	865	865	1	SCR_Faction	
SCR_MilitaryBaseCallsign	class	Source/SCR_Faction.c	881	918	38		
GetCallsign	method	Source/SCR_Faction.c	896	896	1	SCR_MilitaryBaseCallsign	
GetCallsignShort	method	Source/SCR_Faction.c	902	902	1	SCR_MilitaryBaseCallsign	
GetCallsignUpperCase	method	Source/SCR_Faction.c	908	908	1	SCR_MilitaryBaseCallsign	
GetSignalIndex	method	Source/SCR_Faction.c	914	914	1	SCR_MilitaryBaseCallsign	
EOverrideWelcomeScreenFactionDisplay	enum	Source/SCR_Faction.c	921	929	9		
SCR_FactionManagerClass	class	Source/SCR_FactionManager.c	5	8	4		FactionManagerClass
SCR_FactionManager	class	Source/SCR_FactionManager.c	10	822	813		FactionManager
GetOnPlayerFactionCountChanged	method	Source/SCR_FactionManager.c	43	43	1	SCR_FactionManager	
GetOnFactionTasksEnabledChanged	method	Source/SCR_FactionManager.c	52	52	1	SCR_FactionManager	
GetOnPlayerFactionChanged_S	method	Source/SCR_FactionManager.c	61	61	1	SCR_FactionManager	
UpdateCustomLoadoutSupportState	method	Source/SCR_FactionManager.c	70	70	1	SCR_FactionManager	
OnPlayerFactionInfoChanged	method	Source/SCR_FactionManager.c	84	84	1	SCR_FactionManager	
RPC_UpdatePlayerLimit	method	Source/SCR_FactionManager.c	144	144	1	SCR_FactionManager	
OnPlayerFactionSet_S	method	Source/SCR_FactionManager.c	154	154	1	SCR_FactionManager	
OnPlayerFactionCountChanged	method	Source/SCR_FactionManager.c	165	165	1	SCR_FactionManager	
SetPlayerFaction	method	Source/SCR_FactionManager.c	181	181	1	SCR_FactionManager	
GetFactionRanks	method	Source/SCR_FactionManager.c	200	200	1	SCR_FactionManager	
GetPlayerFaction	method	Source/SCR_FactionManager.c	215	215	1	SCR_FactionManager	
SGetFaction	method	Source/SCR_FactionManager.c	228	228	1	SCR_FactionManager	
SGetPlayerFaction	method	Source/SCR_FactionManager.c	241	241	1	SCR_FactionManager	
GetLocalPlayerFaction	method	Source/SCR_FactionManager.c	251	251	1	SCR_FactionManager	
SGetLocalPlayerFaction	method	Source/SCR_FactionManager.c	258	258	1	SCR_FactionManager	
GetFactionPlayerCount	method	Source/SCR_FactionManager.c	268	268	1	SCR_FactionManager	
SGetFactionPlayerCount	method	Source/SCR_FactionManager.c	291	291	1	SCR_FactionManager	
GetSortedFactionsList	method	Source/SCR_FactionManager.c	301	301	1	SCR_FactionManager	
EOnInit	method	Source/SCR_FactionManager.c	307	307	1	SCR_FactionManager	
EOnFixedFrame	method	Source/SCR_FactionManager.c	401	401	1	SCR_FactionManager	
EOnDiag	method	Source/SCR_FactionManager.c	418	418	1	SCR_FactionManager	
SCR_FactionManager	method	Source/SCR_FactionManager.c	442	442	1	SCR_FactionManager	
SCR_FactionManager	method	Source/SCR_FactionManager.c	474	474	1	SCR_FactionManager	
CanChangeFactionsPlayable	method	Source/SCR_FactionManager.c	482	482	1	SCR_FactionManager	
SetFactionTasksEnabled	method	Source/SCR_FactionManager.c	488	488	1	SCR_FactionManager	
RpcDo_SetFactionTasksEnabled	method	Source/SCR_FactionManager.c	501	501	1	SCR_FactionManager	
SetFactionsFriendly	method	Source/SCR_FactionManager.c	520	520	1	SCR_FactionManager	
SetFactionFriendlyOneWay	method	Source/SCR_FactionManager.c	569	569	1	SCR_FactionManager	
SetFactionsHostile	method	Source/SCR_FactionManager.c	595	595	1	SCR_FactionManager	
RequestUpdateAllTargetsFactions	method	Source/SCR_FactionManager.c	642	642	1	SCR_FactionManager	
UpdatePlayerFaction_S	method	Source/SCR_FactionManager.c	650	650	1	SCR_FactionManager	
OnPlayerDisconnected	method	Source/SCR_FactionManager.c	718	718	1	SCR_FactionManager	
RplSave	method	Source/SCR_FactionManager.c	736	736	1	SCR_FactionManager	
RplLoad	method	Source/SCR_FactionManager.c	755	755	1	SCR_FactionManager	
GetFactionLimitMapCLI	method	Source/SCR_FactionManager.c	773	773	1	SCR_FactionManager	
SCR_GameModeHealthSettingsClass	class	Source/SCR_GameModeHealthSettings.c	1	3	3		ScriptComponentClass
SCR_GameModeHealthSettings	class	Source/SCR_GameModeHealthSettings.c	5	149	145		ScriptComponent
GetBleedingScale	method	Source/SCR_GameModeHealthSettings.c	38	38	1	SCR_GameModeHealthSettings	
SetBleedingScale	method	Source/SCR_GameModeHealthSettings.c	44	44	1	SCR_GameModeHealthSettings	
GetResilienceHzRegenScale	method	Source/SCR_GameModeHealthSettings.c	50	50	1	SCR_GameModeHealthSettings	
SetResilienceHzRegenScale	method	Source/SCR_GameModeHealthSettings.c	56	56	1	SCR_GameModeHealthSettings	
GetRegenScale	method	Source/SCR_GameModeHealthSettings.c	61	61	1	SCR_GameModeHealthSettings	
SetRegenScale	method	Source/SCR_GameModeHealthSettings.c	67	67	1	SCR_GameModeHealthSettings	
IsUnconsciousnessPermitted	method	Source/SCR_GameModeHealthSettings.c	73	73	1	SCR_GameModeHealthSettings	
GetIfKillIndefiniteUnconscious	method	Source/SCR_GameModeHealthSettings.c	79	79	1	SCR_GameModeHealthSettings	
SetUnconsciousnessPermitted	method	Source/SCR_GameModeHealthSettings.c	85	85	1	SCR_GameModeHealthSettings	
IsUnconsciousVONPermitted	method	Source/SCR_GameModeHealthSettings.c	91	91	1	SCR_GameModeHealthSettings	
SetUnconsciousVONPermitted	method	Source/SCR_GameModeHealthSettings.c	97	97	1	SCR_GameModeHealthSettings	
GetTourniquettedLegMovementSlowdown	method	Source/SCR_GameModeHealthSettings.c	103	103	1	SCR_GameModeHealthSettings	
SetTourniquettedLegMovementSlowdown	method	Source/SCR_GameModeHealthSettings.c	109	109	1	SCR_GameModeHealthSettings	
GetTourniquetStrengthMultiplier	method	Source/SCR_GameModeHealthSettings.c	115	115	1	SCR_GameModeHealthSettings	
SetTourniquetStrengthMultiplier	method	Source/SCR_GameModeHealthSettings.c	121	121	1	SCR_GameModeHealthSettings	
GetCompartmentRegenRateMultiplier	method	Source/SCR_GameModeHealthSettings.c	127	127	1	SCR_GameModeHealthSettings	
SetCompartmentRegenRateMultiplier	method	Source/SCR_GameModeHealthSettings.c	133	133	1	SCR_GameModeHealthSettings	
GetRegenerationDelay	method	Source/SCR_GameModeHealthSettings.c	139	139	1	SCR_GameModeHealthSettings	
SetRegenerationDelay	method	Source/SCR_GameModeHealthSettings.c	145	145	1	SCR_GameModeHealthSettings	
SCR_GroupsManagerComponentClass	class	Source/SCR_GroupsManagerComponent.c	4	6	3		SCR_BaseGameModeComponentClass
SCR_GroupsManagerComponent	class	Source/SCR_GroupsManagerComponent.c	8	1607	1600		SCR_BaseGameModeComponent
GetInstance	method	Source/SCR_GroupsManagerComponent.c	68	68	1	SCR_GroupsManagerComponent	
GetGroupFlags	method	Source/SCR_GroupsManagerComponent.c	74	74	1	SCR_GroupsManagerComponent	
IsGroupLeaderVolunteeringAllowed	method	Source/SCR_GroupsManagerComponent.c	80	80	1	SCR_GroupsManagerComponent	
GetOnPlayableGroupCreated	method	Source/SCR_GroupsManagerComponent.c	86	86	1	SCR_GroupsManagerComponent	
IsProxy	method	Source/SCR_GroupsManagerComponent.c	91	91	1	SCR_GroupsManagerComponent	
MovePlayerToGroup	method	Source/SCR_GroupsManagerComponent.c	101	101	1	SCR_GroupsManagerComponent	
ClearRequests	method	Source/SCR_GroupsManagerComponent.c	129	129	1	SCR_GroupsManagerComponent	
AddPlayerToGroup	method	Source/SCR_GroupsManagerComponent.c	154	154	1	SCR_GroupsManagerComponent	
AddDisconnectedPlayer	method	Source/SCR_GroupsManagerComponent.c	168	168	1	SCR_GroupsManagerComponent	
CreatePredefinedGroups	method	Source/SCR_GroupsManagerComponent.c	174	174	1	SCR_GroupsManagerComponent	
SetGroupLeader	method	Source/SCR_GroupsManagerComponent.c	264	264	1	SCR_GroupsManagerComponent	
SetNewGroupsAllowed	method	Source/SCR_GroupsManagerComponent.c	273	273	1	SCR_GroupsManagerComponent	
RPC_DoSetNewGroupsAllowed	method	Source/SCR_GroupsManagerComponent.c	284	284	1	SCR_GroupsManagerComponent	
SetCanPlayersChangeAttributes	method	Source/SCR_GroupsManagerComponent.c	294	294	1	SCR_GroupsManagerComponent	
RPC_SetCanPlayersChangeAttributes	method	Source/SCR_GroupsManagerComponent.c	305	305	1	SCR_GroupsManagerComponent	
SetPrivateGroup	method	Source/SCR_GroupsManagerComponent.c	316	316	1	SCR_GroupsManagerComponent	
FindGroup	method	Source/SCR_GroupsManagerComponent.c	326	326	1	SCR_GroupsManagerComponent	
GetOnPlayableGroupRemoved	method	Source/SCR_GroupsManagerComponent.c	346	346	1	SCR_GroupsManagerComponent	
GetOnNewGroupsAllowedChanged	method	Source/SCR_GroupsManagerComponent.c	353	353	1	SCR_GroupsManagerComponent	
GetOnCanPlayersChangeAttributeChanged	method	Source/SCR_GroupsManagerComponent.c	360	360	1	SCR_GroupsManagerComponent	
GetPlayerGroup	method	Source/SCR_GroupsManagerComponent.c	368	368	1	SCR_GroupsManagerComponent	
IsPlayerInAnyGroup	method	Source/SCR_GroupsManagerComponent.c	393	393	1	SCR_GroupsManagerComponent	
UpdateDebugUI	method	Source/SCR_GroupsManagerComponent.c	413	413	1	SCR_GroupsManagerComponent	
GetPlayableGroupsByFaction	method	Source/SCR_GroupsManagerComponent.c	453	453	1	SCR_GroupsManagerComponent	
GetSortedPlayableGroupsByFaction	method	Source/SCR_GroupsManagerComponent.c	459	459	1	SCR_GroupsManagerComponent	
GetAllPlayableGroups	method	Source/SCR_GroupsManagerComponent.c	485	485	1	SCR_GroupsManagerComponent	
GetRequiredRank	method	Source/SCR_GroupsManagerComponent.c	504	504	1	SCR_GroupsManagerComponent	
GetConfiguredGroupRoles	method	Source/SCR_GroupsManagerComponent.c	519	519	1	SCR_GroupsManagerComponent	
GetAvailableGroupRoles	method	Source/SCR_GroupsManagerComponent.c	541	541	1	SCR_GroupsManagerComponent	
CanCreateGroupWithLocalPlayerRank	method	Source/SCR_GroupsManagerComponent.c	603	603	1	SCR_GroupsManagerComponent	
AreAllGroupsMajorityFull	method	Source/SCR_GroupsManagerComponent.c	629	629	1	SCR_GroupsManagerComponent	
AssignGroupFrequency	method	Source/SCR_GroupsManagerComponent.c	645	645	1	SCR_GroupsManagerComponent	
DeleteGroupDelayed	method	Source/SCR_GroupsManagerComponent.c	659	659	1	SCR_GroupsManagerComponent	
OnGroupPlayerRemoved	method	Source/SCR_GroupsManagerComponent.c	671	671	1	SCR_GroupsManagerComponent	
OnGroupPlayerAdded	method	Source/SCR_GroupsManagerComponent.c	705	705	1	SCR_GroupsManagerComponent	
HasPlayerRequiredRank	method	Source/SCR_GroupsManagerComponent.c	749	749	1	SCR_GroupsManagerComponent	
FindGroupRolePresetConfig	method	Source/SCR_GroupsManagerComponent.c	800	800	1	SCR_GroupsManagerComponent	
GetCommunicationDevice	method	Source/SCR_GroupsManagerComponent.c	823	823	1	SCR_GroupsManagerComponent	
TuneAgentsRadio	method	Source/SCR_GroupsManagerComponent.c	837	837	1	SCR_GroupsManagerComponent	
OnGroupAgentAdded	method	Source/SCR_GroupsManagerComponent.c	875	875	1	SCR_GroupsManagerComponent	
OnGroupAgentRemoved	method	Source/SCR_GroupsManagerComponent.c	881	881	1	SCR_GroupsManagerComponent	
DeleteAndUnregisterGroup	method	Source/SCR_GroupsManagerComponent.c	921	921	1	SCR_GroupsManagerComponent	
UnregisterGroup	method	Source/SCR_GroupsManagerComponent.c	929	929	1	SCR_GroupsManagerComponent	
RegisterGroup	method	Source/SCR_GroupsManagerComponent.c	969	969	1	SCR_GroupsManagerComponent	
RPC_DoSetGroupFaction	method	Source/SCR_GroupsManagerComponent.c	991	991	1	SCR_GroupsManagerComponent	
AssignGroupID	method	Source/SCR_GroupsManagerComponent.c	1007	1007	1	SCR_GroupsManagerComponent	
OnPlayerFactionChanged	method	Source/SCR_GroupsManagerComponent.c	1017	1017	1	SCR_GroupsManagerComponent	
RejoinPlayer	method	Source/SCR_GroupsManagerComponent.c	1059	1059	1	SCR_GroupsManagerComponent	
OnGroupCreated	method	Source/SCR_GroupsManagerComponent.c	1093	1093	1	SCR_GroupsManagerComponent	
FindGroupInFaction	method	Source/SCR_GroupsManagerComponent.c	1099	1099	1	SCR_GroupsManagerComponent	
TryFindEmptyGroup	method	Source/SCR_GroupsManagerComponent.c	1113	1113	1	SCR_GroupsManagerComponent	
CreateNewPlayableGroup	method	Source/SCR_GroupsManagerComponent.c	1132	1132	1	SCR_GroupsManagerComponent	
GetFirstNotFullForFaction	method	Source/SCR_GroupsManagerComponent.c	1196	1196	1	SCR_GroupsManagerComponent	
CanCreateNewGroup	method	Source/SCR_GroupsManagerComponent.c	1216	1216	1	SCR_GroupsManagerComponent	
CanPlayersChangeAttributes	method	Source/SCR_GroupsManagerComponent.c	1252	1252	1	SCR_GroupsManagerComponent	
GetFreeFrequency	method	Source/SCR_GroupsManagerComponent.c	1258	1258	1	SCR_GroupsManagerComponent	
ClaimFrequency	method	Source/SCR_GroupsManagerComponent.c	1295	1295	1	SCR_GroupsManagerComponent	
IsFrequencyClaimed	method	Source/SCR_GroupsManagerComponent.c	1313	1313	1	SCR_GroupsManagerComponent	
ReleaseFrequency	method	Source/SCR_GroupsManagerComponent.c	1326	1326	1	SCR_GroupsManagerComponent	
RequestSetGroupSlave	method	Source/SCR_GroupsManagerComponent.c	1346	1346	1	SCR_GroupsManagerComponent	
RpcWrapper	method	Source/SCR_GroupsManagerComponent.c	1354	1354	1	SCR_GroupsManagerComponent	
RPC_DoSetGroupSlave	method	Source/SCR_GroupsManagerComponent.c	1361	1361	1	SCR_GroupsManagerComponent	
RPC_DoRemoveAIMemberFromGroup	method	Source/SCR_GroupsManagerComponent.c	1386	1386	1	SCR_GroupsManagerComponent	
GetAIMembers	method	Source/SCR_GroupsManagerComponent.c	1399	1399	1	SCR_GroupsManagerComponent	
AskRemoveAiMemberFromGroup	method	Source/SCR_GroupsManagerComponent.c	1421	1421	1	SCR_GroupsManagerComponent	
AskAddAiMemberToGroup	method	Source/SCR_GroupsManagerComponent.c	1428	1428	1	SCR_GroupsManagerComponent	
RPC_DoAddAIMemberToGroup	method	Source/SCR_GroupsManagerComponent.c	1436	1436	1	SCR_GroupsManagerComponent	
OnAIMemberRemoved	method	Source/SCR_GroupsManagerComponent.c	1449	1449	1	SCR_GroupsManagerComponent	
GetConfirmedByPlayer	method	Source/SCR_GroupsManagerComponent.c	1474	1474	1	SCR_GroupsManagerComponent	
IsGroupMenuAllowed	method	Source/SCR_GroupsManagerComponent.c	1480	1480	1	SCR_GroupsManagerComponent	
GetNewGroupsAllowed	method	Source/SCR_GroupsManagerComponent.c	1486	1486	1	SCR_GroupsManagerComponent	
SetConfirmedByPlayer	method	Source/SCR_GroupsManagerComponent.c	1492	1492	1	SCR_GroupsManagerComponent	
DeleteGroups	method	Source/SCR_GroupsManagerComponent.c	1498	1498	1	SCR_GroupsManagerComponent	
TunePlayersFrequency	method	Source/SCR_GroupsManagerComponent.c	1508	1508	1	SCR_GroupsManagerComponent	
OnPlayerRegistered	method	Source/SCR_GroupsManagerComponent.c	1538	1538	1	SCR_GroupsManagerComponent	
OnPlayerDisconnected	method	Source/SCR_GroupsManagerComponent.c	1550	1550	1	SCR_GroupsManagerComponent	
OnPostInit	method	Source/SCR_GroupsManagerComponent.c	1563	1563	1	SCR_GroupsManagerComponent	
EOnInit	method	Source/SCR_GroupsManagerComponent.c	1569	1569	1	SCR_GroupsManagerComponent	
SCR_GroupsManagerComponent	method	Source/SCR_GroupsManagerComponent.c	1592	1592	1	SCR_GroupsManagerComponent	
SCR_GroupsManagerComponent	method	Source/SCR_GroupsManagerComponent.c	1600	1600	1	SCR_GroupsManagerComponent	
SCR_MenuHelper	class	Source/SCR_MenuHelper.c	17	219	203		
GetOnActiveWidgetInteraction	method	Source/SCR_MenuHelper.c	33	33	1	SCR_MenuHelper	
GetOnDialogOpen	method	Source/SCR_MenuHelper.c	42	42	1	SCR_MenuHelper	
GetOnDialogClose	method	Source/SCR_MenuHelper.c	51	51	1	SCR_MenuHelper	
GetOnMenuOpen	method	Source/SCR_MenuHelper.c	60	60	1	SCR_MenuHelper	
GetOnMenuOpened	method	Source/SCR_MenuHelper.c	69	69	1	SCR_MenuHelper	
GetOnMenuClose	method	Source/SCR_MenuHelper.c	78	78	1	SCR_MenuHelper	
GetOnMenuFocusGained	method	Source/SCR_MenuHelper.c	87	87	1	SCR_MenuHelper	
GetOnMenuFocusLost	method	Source/SCR_MenuHelper.c	96	96	1	SCR_MenuHelper	
GetOnMenuShow	method	Source/SCR_MenuHelper.c	105	105	1	SCR_MenuHelper	
GetOnMenuHide	method	Source/SCR_MenuHelper.c	114	114	1	SCR_MenuHelper	
GetOnTabChange	method	Source/SCR_MenuHelper.c	123	123	1	SCR_MenuHelper	
SetActiveWidgetInteractionState	method	Source/SCR_MenuHelper.c	133	133	1	SCR_MenuHelper	
IsInTopMenu	method	Source/SCR_MenuHelper.c	140	140	1	SCR_MenuHelper	
OnDialogOpen	method	Source/SCR_MenuHelper.c	151	151	1	SCR_MenuHelper	
OnDialogClose	method	Source/SCR_MenuHelper.c	158	158	1	SCR_MenuHelper	
OnMenuOpen	method	Source/SCR_MenuHelper.c	165	165	1	SCR_MenuHelper	
OnMenuOpened	method	Source/SCR_MenuHelper.c	172	172	1	SCR_MenuHelper	
OnMenuClose	method	Source/SCR_MenuHelper.c	179	179	1	SCR_MenuHelper	
OnMenuFocusGained	method	Source/SCR_MenuHelper.c	186	186	1	SCR_MenuHelper	
OnMenuFocusLost	method	Source/SCR_MenuHelper.c	193	193	1	SCR_MenuHelper	
OnMenuShow	method	Source/SCR_MenuHelper.c	200	200	1	SCR_MenuHelper	
OnMenuHide	method	Source/SCR_MenuHelper.c	207	207	1	SCR_MenuHelper	
OnTabChange	method	Source/SCR_MenuHelper.c	214	214	1	SCR_MenuHelper	
SCR_EListMenuWidgetFocus	enum	Source/SCR_MenuHelper.c	222	229	8		
SCR_PlayerControllerClass	class	Source/SCR_PlayerController.c	1	3	3		PlayerControllerClass
SCR_PlayerController	class	Source/SCR_PlayerController.c	30	1106	1077		PlayerController
GetOnOwnershipChangedInvoker	method	Source/SCR_PlayerController.c	68	68	1	SCR_PlayerController	
OnOwnershipChanged	method	Source/SCR_PlayerController.c	74	74	1	SCR_PlayerController	
OnInit	method	Source/SCR_PlayerController.c	106	106	1	SCR_PlayerController	
OnPlayerRegistered	method	Source/SCR_PlayerController.c	116	116	1	SCR_PlayerController	
OnBlockedListUpdated	method	Source/SCR_PlayerController.c	128	128	1	SCR_PlayerController	
OnAuthorsRequestFinished	method	Source/SCR_PlayerController.c	150	150	1	SCR_PlayerController	
OnPlayerNameCacheUpdate	method	Source/SCR_PlayerController.c	196	196	1	SCR_PlayerController	
DisconnectFromGame	method	Source/SCR_PlayerController.c	203	203	1	SCR_PlayerController	
OnBlockedPlayerJoined	method	Source/SCR_PlayerController.c	212	212	1	SCR_PlayerController	
OnControlledEntityChanged	method	Source/SCR_PlayerController.c	218	218	1	SCR_PlayerController	
UpdateTurretFireModeControlls	method	Source/SCR_PlayerController.c	236	236	1	SCR_PlayerController	
SetGameUserSettings	method	Source/SCR_PlayerController.c	260	260	1	SCR_PlayerController	
SetPossessedEntity	method	Source/SCR_PlayerController.c	301	301	1	SCR_PlayerController	
SetInitialMainEntity	method	Source/SCR_PlayerController.c	393	393	1	SCR_PlayerController	
IsPossessing	method	Source/SCR_PlayerController.c	415	415	1	SCR_PlayerController	
GetMainEntity	method	Source/SCR_PlayerController.c	421	421	1	SCR_PlayerController	
OnRplMainEntityFromID	method	Source/SCR_PlayerController.c	430	430	1	SCR_PlayerController	
SetAIActivation	method	Source/SCR_PlayerController.c	439	439	1	SCR_PlayerController	
GetLocalPlayerId	method	Source/SCR_PlayerController.c	455	455	1	SCR_PlayerController	
GetLocalControlledEntity	method	Source/SCR_PlayerController.c	465	465	1	SCR_PlayerController	
GetLocalMainEntity	method	Source/SCR_PlayerController.c	475	475	1	SCR_PlayerController	
GetLocalControlledEntityFaction	method	Source/SCR_PlayerController.c	487	487	1	SCR_PlayerController	
GetLocalMainEntityFaction	method	Source/SCR_PlayerController.c	505	505	1	SCR_PlayerController	
OnDestroyed	method	Source/SCR_PlayerController.c	524	524	1	SCR_PlayerController	
OnUpdate	method	Source/SCR_PlayerController.c	532	532	1	SCR_PlayerController	
UpdateLocalPlayerController	method	Source/SCR_PlayerController.c	545	545	1	SCR_PlayerController	
UpdateControls	method	Source/SCR_PlayerController.c	570	570	1	SCR_PlayerController	
UpdateUI	method	Source/SCR_PlayerController.c	583	583	1	SCR_PlayerController	
ChangeMagnification	method	Source/SCR_PlayerController.c	608	608	1	SCR_PlayerController	
ChangeWeaponOptics	method	Source/SCR_PlayerController.c	616	616	1	SCR_PlayerController	
GetCharacterController	method	Source/SCR_PlayerController.c	624	624	1	SCR_PlayerController	
SetDisableControls	method	Source/SCR_PlayerController.c	637	637	1	SCR_PlayerController	
GetFocusValue	method	Source/SCR_PlayerController.c	649	649	1	SCR_PlayerController	
SetIsBinocularsZoomed	method	Source/SCR_PlayerController.c	793	793	1	SCR_PlayerController	
GetIsBinocularsZoomed	method	Source/SCR_PlayerController.c	799	799	1	SCR_PlayerController	
SetGadgetFocus	method	Source/SCR_PlayerController.c	805	805	1	SCR_PlayerController	
GetGadgetFocus	method	Source/SCR_PlayerController.c	811	811	1	SCR_PlayerController	
ActionFocusToggle	method	Source/SCR_PlayerController.c	818	818	1	SCR_PlayerController	
ActionFocusToggleVehicle	method	Source/SCR_PlayerController.c	828	828	1	SCR_PlayerController	
ActionFocusToggleUnarmed	method	Source/SCR_PlayerController.c	854	854	1	SCR_PlayerController	
OnWalk	method	Source/SCR_PlayerController.c	886	886	1	SCR_PlayerController	
OnEndWalk	method	Source/SCR_PlayerController.c	897	897	1	SCR_PlayerController	
ActionOpenInventory	method	Source/SCR_PlayerController.c	907	907	1	SCR_PlayerController	
ActionGesturePing	method	Source/SCR_PlayerController.c	919	919	1	SCR_PlayerController	
ActionGesturePingHold	method	Source/SCR_PlayerController.c	929	929	1	SCR_PlayerController	
SetPlatformImageTo	method	Source/SCR_PlayerController.c	947	947	1	SCR_PlayerController	
SetPlatformImageToKind	method	Source/SCR_PlayerController.c	985	985	1	SCR_PlayerController	
SetPlatformImagePSN	method	Source/SCR_PlayerController.c	1018	1018	1	SCR_PlayerController	
SetPlatformImagePC	method	Source/SCR_PlayerController.c	1044	1044	1	SCR_PlayerController	
SetPlatformImageXbox	method	Source/SCR_PlayerController.c	1076	1076	1	SCR_PlayerController	
SCR_PlayerControllerGroupComponentClass	class	Source/SCR_PlayerControllerGroupComponent.c	2	4	3		ScriptComponentClass
SCR_PlayerControllerGroupComponent	class	Source/SCR_PlayerControllerGroupComponent.c	6	1649	1644		ScriptComponent
GetPlayerControllerComponent	method	Source/SCR_PlayerControllerGroupComponent.c	28	28	1	SCR_PlayerControllerGroupComponent	
GetLocalPlayerControllerGroupComponent	method	Source/SCR_PlayerControllerGroupComponent.c	38	38	1	SCR_PlayerControllerGroupComponent	
GetGroupID	method	Source/SCR_PlayerControllerGroupComponent.c	48	48	1	SCR_PlayerControllerGroupComponent	
RequestCreateGroup	method	Source/SCR_PlayerControllerGroupComponent.c	54	54	1	SCR_PlayerControllerGroupComponent	
RequestCreateGroupWithData	method	Source/SCR_PlayerControllerGroupComponent.c	60	60	1	SCR_PlayerControllerGroupComponent	
RequestKickPlayer	method	Source/SCR_PlayerControllerGroupComponent.c	66	66	1	SCR_PlayerControllerGroupComponent	
RequestPromoteLeader	method	Source/SCR_PlayerControllerGroupComponent.c	72	72	1	SCR_PlayerControllerGroupComponent	
RequestPrivateGroupChange	method	Source/SCR_PlayerControllerGroupComponent.c	78	78	1	SCR_PlayerControllerGroupComponent	
PlayerRequestToJoinPrivateGroup	method	Source/SCR_PlayerControllerGroupComponent.c	84	84	1	SCR_PlayerControllerGroupComponent	
ClearAllRequesters	method	Source/SCR_PlayerControllerGroupComponent.c	90	90	1	SCR_PlayerControllerGroupComponent	
GetPlayerID	method	Source/SCR_PlayerControllerGroupComponent.c	97	97	1	SCR_PlayerControllerGroupComponent	
CanPlayerJoinGroup	method	Source/SCR_PlayerControllerGroupComponent.c	107	107	1	SCR_PlayerControllerGroupComponent	
CanPlayerRemoveGroup	method	Source/SCR_PlayerControllerGroupComponent.c	219	219	1	SCR_PlayerControllerGroupComponent	
IsPlayerLeader	method	Source/SCR_PlayerControllerGroupComponent.c	259	259	1	SCR_PlayerControllerGroupComponent	
IsPlayerLeaderOwnGroup	method	Source/SCR_PlayerControllerGroupComponent.c	265	265	1	SCR_PlayerControllerGroupComponent	
CanInvitePlayer	method	Source/SCR_PlayerControllerGroupComponent.c	285	285	1	SCR_PlayerControllerGroupComponent	
WasAlreadyInvited	method	Source/SCR_PlayerControllerGroupComponent.c	313	313	1	SCR_PlayerControllerGroupComponent	
AcceptJoinPrivateGroup	method	Source/SCR_PlayerControllerGroupComponent.c	329	329	1	SCR_PlayerControllerGroupComponent	
InvitePlayer	method	Source/SCR_PlayerControllerGroupComponent.c	346	346	1	SCR_PlayerControllerGroupComponent	
InviteThisPlayer	method	Source/SCR_PlayerControllerGroupComponent.c	374	374	1	SCR_PlayerControllerGroupComponent	
AcceptInvite	method	Source/SCR_PlayerControllerGroupComponent.c	380	380	1	SCR_PlayerControllerGroupComponent	
DeclineInvite	method	Source/SCR_PlayerControllerGroupComponent.c	406	406	1	SCR_PlayerControllerGroupComponent	
GetOnInviteReceived	method	Source/SCR_PlayerControllerGroupComponent.c	430	430	1	SCR_PlayerControllerGroupComponent	
OnGroupDeleted	method	Source/SCR_PlayerControllerGroupComponent.c	439	439	1	SCR_PlayerControllerGroupComponent	
ResetGroupIDs_S	method	Source/SCR_PlayerControllerGroupComponent.c	460	460	1	SCR_PlayerControllerGroupComponent	
RPC_PlayerRequestToJoinPrivateGroup	method	Source/SCR_PlayerControllerGroupComponent.c	468	468	1	SCR_PlayerControllerGroupComponent	
RPC_ConfirmJoinPrivateGroup	method	Source/SCR_PlayerControllerGroupComponent.c	480	480	1	SCR_PlayerControllerGroupComponent	
RPC_CancelJoinPrivateGroup	method	Source/SCR_PlayerControllerGroupComponent.c	505	505	1	SCR_PlayerControllerGroupComponent	
RPC_DoInvitePlayer	method	Source/SCR_PlayerControllerGroupComponent.c	523	523	1	SCR_PlayerControllerGroupComponent	
RPC_AskInvitePlayer	method	Source/SCR_PlayerControllerGroupComponent.c	539	539	1	SCR_PlayerControllerGroupComponent	
RPC_AskCreateGroup	method	Source/SCR_PlayerControllerGroupComponent.c	575	575	1	SCR_PlayerControllerGroupComponent	
RpcAsk_CreateGroupWithData	method	Source/SCR_PlayerControllerGroupComponent.c	615	615	1	SCR_PlayerControllerGroupComponent	
RPC_AskKickPlayer	method	Source/SCR_PlayerControllerGroupComponent.c	684	684	1	SCR_PlayerControllerGroupComponent	
RPC_AskPromoteLeader	method	Source/SCR_PlayerControllerGroupComponent.c	719	719	1	SCR_PlayerControllerGroupComponent	
RPC_ChangePrivateGroup	method	Source/SCR_PlayerControllerGroupComponent.c	735	735	1	SCR_PlayerControllerGroupComponent	
RequestJoinGroup	method	Source/SCR_PlayerControllerGroupComponent.c	747	747	1	SCR_PlayerControllerGroupComponent	
RPC_DoResetGroupIDs	method	Source/SCR_PlayerControllerGroupComponent.c	754	754	1	SCR_PlayerControllerGroupComponent	
RPC_DoChangeGroupID	method	Source/SCR_PlayerControllerGroupComponent.c	762	762	1	SCR_PlayerControllerGroupComponent	
OnGroupChangedDelayed	method	Source/SCR_PlayerControllerGroupComponent.c	779	779	1	SCR_PlayerControllerGroupComponent	
RPC_AskJoinGroup	method	Source/SCR_PlayerControllerGroupComponent.c	786	786	1	SCR_PlayerControllerGroupComponent	
RequestRemovePlayer	method	Source/SCR_PlayerControllerGroupComponent.c	812	812	1	SCR_PlayerControllerGroupComponent	
RpcAsk_RemovePlayer	method	Source/SCR_PlayerControllerGroupComponent.c	819	819	1	SCR_PlayerControllerGroupComponent	
RequestRemoveGroup	method	Source/SCR_PlayerControllerGroupComponent.c	839	839	1	SCR_PlayerControllerGroupComponent	
RpcAsk_RemoveGroup	method	Source/SCR_PlayerControllerGroupComponent.c	846	846	1	SCR_PlayerControllerGroupComponent	
InitiateComponents	method	Source/SCR_PlayerControllerGroupComponent.c	864	864	1	SCR_PlayerControllerGroupComponent	
GetSelectedGroupID	method	Source/SCR_PlayerControllerGroupComponent.c	881	881	1	SCR_PlayerControllerGroupComponent	
GetOnInviteAccepted	method	Source/SCR_PlayerControllerGroupComponent.c	887	887	1	SCR_PlayerControllerGroupComponent	
GetOnGroupChanged	method	Source/SCR_PlayerControllerGroupComponent.c	896	896	1	SCR_PlayerControllerGroupComponent	
GetOnInviteCancelled	method	Source/SCR_PlayerControllerGroupComponent.c	905	905	1	SCR_PlayerControllerGroupComponent	
GetOnSetSelectedGroupID	method	Source/SCR_PlayerControllerGroupComponent.c	914	914	1	SCR_PlayerControllerGroupComponent	
GetGroupInviteIdFromIndex	method	Source/SCR_PlayerControllerGroupComponent.c	923	923	1	SCR_PlayerControllerGroupComponent	
RemoveGroupInviteId	method	Source/SCR_PlayerControllerGroupComponent.c	929	929	1	SCR_PlayerControllerGroupComponent	
HasGroupInvites	method	Source/SCR_PlayerControllerGroupComponent.c	935	935	1	SCR_PlayerControllerGroupComponent	
HasInviteFromGroup	method	Source/SCR_PlayerControllerGroupComponent.c	941	941	1	SCR_PlayerControllerGroupComponent	
GetPlayerIdFromGroupInvite	method	Source/SCR_PlayerControllerGroupComponent.c	947	947	1	SCR_PlayerControllerGroupComponent	
GetPreviousGroupID	method	Source/SCR_PlayerControllerGroupComponent.c	956	956	1	SCR_PlayerControllerGroupComponent	
GetGroupInviteFromPlayerName	method	Source/SCR_PlayerControllerGroupComponent.c	962	962	1	SCR_PlayerControllerGroupComponent	
SetSelectedGroupID	method	Source/SCR_PlayerControllerGroupComponent.c	968	968	1	SCR_PlayerControllerGroupComponent	
SetCustomNameAndDescription	method	Source/SCR_PlayerControllerGroupComponent.c	977	977	1	SCR_PlayerControllerGroupComponent	
RequestSetCustomGroupDescription	method	Source/SCR_PlayerControllerGroupComponent.c	984	984	1	SCR_PlayerControllerGroupComponent	
RPC_AskSetCustomDescription	method	Source/SCR_PlayerControllerGroupComponent.c	992	992	1	SCR_PlayerControllerGroupComponent	
RequestSetGroupMaxMembers	method	Source/SCR_PlayerControllerGroupComponent.c	1006	1006	1	SCR_PlayerControllerGroupComponent	
RPC_AskSetGroupMaxMembers	method	Source/SCR_PlayerControllerGroupComponent.c	1024	1024	1	SCR_PlayerControllerGroupComponent	
RequestSetCustomFrequency	method	Source/SCR_PlayerControllerGroupComponent.c	1041	1041	1	SCR_PlayerControllerGroupComponent	
RequestSetNewGroupsAllowed	method	Source/SCR_PlayerControllerGroupComponent.c	1058	1058	1	SCR_PlayerControllerGroupComponent	
RequestSetCanPlayersChangeAttributes	method	Source/SCR_PlayerControllerGroupComponent.c	1068	1068	1	SCR_PlayerControllerGroupComponent	
RequestSetCustomGroupName	method	Source/SCR_PlayerControllerGroupComponent.c	1078	1078	1	SCR_PlayerControllerGroupComponent	
RPC_AskSetCustomName	method	Source/SCR_PlayerControllerGroupComponent.c	1086	1086	1	SCR_PlayerControllerGroupComponent	
RPC_AskSetNewGroupsAllowed	method	Source/SCR_PlayerControllerGroupComponent.c	1101	1101	1	SCR_PlayerControllerGroupComponent	
RPC_AskSetCanPlayersChangeAttributes	method	Source/SCR_PlayerControllerGroupComponent.c	1112	1112	1	SCR_PlayerControllerGroupComponent	
RPC_AskSetFrequency	method	Source/SCR_PlayerControllerGroupComponent.c	1123	1123	1	SCR_PlayerControllerGroupComponent	
RequestSetGroupFlag	method	Source/SCR_PlayerControllerGroupComponent.c	1164	1164	1	SCR_PlayerControllerGroupComponent	
RPC_AskSetGroupFlag	method	Source/SCR_PlayerControllerGroupComponent.c	1171	1171	1	SCR_PlayerControllerGroupComponent	
RPC_ClearAllRequesters	method	Source/SCR_PlayerControllerGroupComponent.c	1186	1186	1	SCR_PlayerControllerGroupComponent	
RequestCreateSlaveGroup	method	Source/SCR_PlayerControllerGroupComponent.c	1201	1201	1	SCR_PlayerControllerGroupComponent	
RPC_AskCreateSlaveGroup	method	Source/SCR_PlayerControllerGroupComponent.c	1208	1208	1	SCR_PlayerControllerGroupComponent	
IsAICharacterInAnyGroup	method	Source/SCR_PlayerControllerGroupComponent.c	1237	1237	1	SCR_PlayerControllerGroupComponent	
RequestAddAIAgent	method	Source/SCR_PlayerControllerGroupComponent.c	1257	1257	1	SCR_PlayerControllerGroupComponent	
RPC_AskAddAIAgent	method	Source/SCR_PlayerControllerGroupComponent.c	1268	1268	1	SCR_PlayerControllerGroupComponent	
AddAIToSlaveGroup	method	Source/SCR_PlayerControllerGroupComponent.c	1291	1291	1	SCR_PlayerControllerGroupComponent	
RPC_AskRemoveAIAgent	method	Source/SCR_PlayerControllerGroupComponent.c	1320	1320	1	SCR_PlayerControllerGroupComponent	
RemoveAiFromSlaveGroup	method	Source/SCR_PlayerControllerGroupComponent.c	1343	1343	1	SCR_PlayerControllerGroupComponent	
RequestRemoveAgent	method	Source/SCR_PlayerControllerGroupComponent.c	1372	1372	1	SCR_PlayerControllerGroupComponent	
RequestGroupLeaderVote	method	Source/SCR_PlayerControllerGroupComponent.c	1382	1382	1	SCR_PlayerControllerGroupComponent	
SetGroupLeader	method	Source/SCR_PlayerControllerGroupComponent.c	1396	1396	1	SCR_PlayerControllerGroupComponent	
RpcDo_SetGroupLeader	method	Source/SCR_PlayerControllerGroupComponent.c	1403	1403	1	SCR_PlayerControllerGroupComponent	
SetRallyPoint	method	Source/SCR_PlayerControllerGroupComponent.c	1420	1420	1	SCR_PlayerControllerGroupComponent	
RpcAsk_SetRallyPoint	method	Source/SCR_PlayerControllerGroupComponent.c	1427	1427	1	SCR_PlayerControllerGroupComponent	
RemoveRallyPoint	method	Source/SCR_PlayerControllerGroupComponent.c	1453	1453	1	SCR_PlayerControllerGroupComponent	
RpcAsk_RemoveRallyPoint	method	Source/SCR_PlayerControllerGroupComponent.c	1460	1460	1	SCR_PlayerControllerGroupComponent	
SetTransportUnitSourceBase	method	Source/SCR_PlayerControllerGroupComponent.c	1474	1474	1	SCR_PlayerControllerGroupComponent	
RpcDo_AskSetTransportUnitSourceBase	method	Source/SCR_PlayerControllerGroupComponent.c	1489	1489	1	SCR_PlayerControllerGroupComponent	
OnPostInit	method	Source/SCR_PlayerControllerGroupComponent.c	1503	1503	1	SCR_PlayerControllerGroupComponent	
OnDelete	method	Source/SCR_PlayerControllerGroupComponent.c	1520	1520	1	SCR_PlayerControllerGroupComponent	
GetPlayersGroup	method	Source/SCR_PlayerControllerGroupComponent.c	1530	1530	1	SCR_PlayerControllerGroupComponent	
GetActualGroupFrequency	method	Source/SCR_PlayerControllerGroupComponent.c	1540	1540	1	SCR_PlayerControllerGroupComponent	
EOnDiag	method	Source/SCR_PlayerControllerGroupComponent.c	1554	1554	1	SCR_PlayerControllerGroupComponent	
ListGroupsFromFaction	method	Source/SCR_PlayerControllerGroupComponent.c	1600	1600	1	SCR_PlayerControllerGroupComponent	
CreateAndJoinGroup	method	Source/SCR_PlayerControllerGroupComponent.c	1617	1617	1	SCR_PlayerControllerGroupComponent	
SCR_RespawnComponentClass	class	Source/SCR_RespawnComponent.c	2	4	3		RespawnComponentClass
ERespawnSelectionResult	enum	Source/SCR_RespawnComponent.c	6	12	7		
SCR_RespawnComponent	class	Source/SCR_RespawnComponent.c	14	493	480		RespawnComponent
SGetOnLocalPlayerSpawned	method	Source/SCR_RespawnComponent.c	26	26	1	SCR_RespawnComponent	
GetOnRespawnReadyInvoker_O	method	Source/SCR_RespawnComponent.c	38	38	1	SCR_RespawnComponent	
GetOnCanRespawnRequestInvoker_O	method	Source/SCR_RespawnComponent.c	47	47	1	SCR_RespawnComponent	
GetOnCanRespawnRequestInvoker_S	method	Source/SCR_RespawnComponent.c	55	55	1	SCR_RespawnComponent	
GetOnCanRespawnResponseInvoker_O	method	Source/SCR_RespawnComponent.c	64	64	1	SCR_RespawnComponent	
GetOnCanRespawnResponseInvoker_S	method	Source/SCR_RespawnComponent.c	72	72	1	SCR_RespawnComponent	
GetOnRespawnRequestInvoker_O	method	Source/SCR_RespawnComponent.c	81	81	1	SCR_RespawnComponent	
GetOnRespawnRequestInvoker_S	method	Source/SCR_RespawnComponent.c	89	89	1	SCR_RespawnComponent	
GetOnRespawnResponseInvoker_O	method	Source/SCR_RespawnComponent.c	98	98	1	SCR_RespawnComponent	
GetOnRespawnResponseInvoker_S	method	Source/SCR_RespawnComponent.c	106	106	1	SCR_RespawnComponent	
GetOnRespawnFinalizeBeginInvoker_O	method	Source/SCR_RespawnComponent.c	115	115	1	SCR_RespawnComponent	
GetInstance	method	Source/SCR_RespawnComponent.c	125	125	1	SCR_RespawnComponent	
SGetLocalRespawnComponent	method	Source/SCR_RespawnComponent.c	135	135	1	SCR_RespawnComponent	
SGetPlayerRespawnComponent	method	Source/SCR_RespawnComponent.c	145	145	1	SCR_RespawnComponent	
GetRplComponent	method	Source/SCR_RespawnComponent.c	155	155	1	SCR_RespawnComponent	
RequestClearPlayerFaction	method	Source/SCR_RespawnComponent.c	162	162	1	SCR_RespawnComponent	
RequestClearPlayerLoadout	method	Source/SCR_RespawnComponent.c	166	166	1	SCR_RespawnComponent	
RequestClearPlayerSpawnPoint	method	Source/SCR_RespawnComponent.c	170	170	1	SCR_RespawnComponent	
RequestPlayerLoadout	method	Source/SCR_RespawnComponent.c	174	174	1	SCR_RespawnComponent	
RequestPlayerFaction	method	Source/SCR_RespawnComponent.c	178	178	1	SCR_RespawnComponent	
RequestPlayerSpawnPoint	method	Source/SCR_RespawnComponent.c	182	182	1	SCR_RespawnComponent	
RequestPlayerSuicide	method	Source/SCR_RespawnComponent.c	185	185	1	SCR_RespawnComponent	
RequestPlayerLoadoutIndex	method	Source/SCR_RespawnComponent.c	204	204	1	SCR_RespawnComponent	
RequestPlayerFactionIndex	method	Source/SCR_RespawnComponent.c	208	208	1	SCR_RespawnComponent	
RequestPlayerSpawnPointIdentity	method	Source/SCR_RespawnComponent.c	212	212	1	SCR_RespawnComponent	
NotifyReadyForSpawn_S	method	Source/SCR_RespawnComponent.c	215	215	1	SCR_RespawnComponent	
Rpc_NotifyReadyForSpawn_O	method	Source/SCR_RespawnComponent.c	222	222	1	SCR_RespawnComponent	
RequestQuickRespawn	method	Source/SCR_RespawnComponent.c	238	238	1	SCR_RespawnComponent	
RequestRespawn	method	Source/SCR_RespawnComponent.c	242	242	1	SCR_RespawnComponent	
OnDiag	method	Source/SCR_RespawnComponent.c	246	246	1	SCR_RespawnComponent	
OnPostInit	method	Source/SCR_RespawnComponent.c	259	259	1	SCR_RespawnComponent	
OnDelete	method	Source/SCR_RespawnComponent.c	294	294	1	SCR_RespawnComponent	
RequestSpawn	method	Source/SCR_RespawnComponent.c	302	302	1	SCR_RespawnComponent	
CanSpawn	method	Source/SCR_RespawnComponent.c	316	316	1	SCR_RespawnComponent	
RegisterRespawnRequestComponents	method	Source/SCR_RespawnComponent.c	330	330	1	SCR_RespawnComponent	
GetRequestComponent	method	Source/SCR_RespawnComponent.c	363	363	1	SCR_RespawnComponent	
Diag_IsCLISpawnEnabled	method	Source/SCR_RespawnComponent.c	375	375	1	SCR_RespawnComponent	
Diag_RequestCLISpawn	method	Source/SCR_RespawnComponent.c	382	382	1	SCR_RespawnComponent	
Rpc_RequestCLISpawn_S	method	Source/SCR_RespawnComponent.c	413	413	1	SCR_RespawnComponent	
Rpc_ResponseCLISpawn_O	method	Source/SCR_RespawnComponent.c	462	462	1	SCR_RespawnComponent	
SCR_RespawnComponent	method	Source/SCR_RespawnComponent.c	490	490	1	SCR_RespawnComponent	
SCR_RespawnSystemComponentClass	class	Source/SCR_RespawnSystemComponent.c	1	3	3		RespawnSystemComponentClass
SCR_RespawnSystemComponent	class	Source/SCR_RespawnSystemComponent.c	6	366	361		RespawnSystemComponent
GetSpawnPointRequestResultInfo	method	Source/SCR_RespawnSystemComponent.c	44	44	1	SCR_RespawnSystemComponent	
GetInstance	method	Source/SCR_RespawnSystemComponent.c	53	53	1	SCR_RespawnSystemComponent	
GetRplComponent	method	Source/SCR_RespawnSystemComponent.c	66	66	1	SCR_RespawnSystemComponent	
OpenRespawnMenu	method	Source/SCR_RespawnSystemComponent.c	72	72	1	SCR_RespawnSystemComponent	
CloseRespawnMenu	method	Source/SCR_RespawnSystemComponent.c	82	82	1	SCR_RespawnSystemComponent	
ServerSetEnableRespawn	method	Source/SCR_RespawnSystemComponent.c	94	94	1	SCR_RespawnSystemComponent	
SetEnableRespawnBroadcast	method	Source/SCR_RespawnSystemComponent.c	105	105	1	SCR_RespawnSystemComponent	
IsRespawnEnabled	method	Source/SCR_RespawnSystemComponent.c	113	113	1	SCR_RespawnSystemComponent	
IsPauseMenuRespawnEnabled	method	Source/SCR_RespawnSystemComponent.c	119	119	1	SCR_RespawnSystemComponent	
IsFactionChangeAllowed	method	Source/SCR_RespawnSystemComponent.c	125	125	1	SCR_RespawnSystemComponent	
GetOnRespawnEnabledChanged	method	Source/SCR_RespawnSystemComponent.c	131	131	1	SCR_RespawnSystemComponent	
CanRequestSpawn_S	method	Source/SCR_RespawnSystemComponent.c	140	140	1	SCR_RespawnSystemComponent	
PreparePlayerEntity_S	method	Source/SCR_RespawnSystemComponent.c	159	159	1	SCR_RespawnSystemComponent	
OnPlayerEntityChange_S	method	Source/SCR_RespawnSystemComponent.c	165	165	1	SCR_RespawnSystemComponent	
EmitPlayerEntityChange_S	method	Source/SCR_RespawnSystemComponent.c	171	171	1	SCR_RespawnSystemComponent	
OnSpawnPlayerEntityFailure_S	method	Source/SCR_RespawnSystemComponent.c	178	178	1	SCR_RespawnSystemComponent	
OnPlayerSpawnFinalize_S	method	Source/SCR_RespawnSystemComponent.c	184	184	1	SCR_RespawnSystemComponent	
OnPlayerRegistered_S	method	Source/SCR_RespawnSystemComponent.c	191	191	1	SCR_RespawnSystemComponent	
OnPlayerAuditSuccess_S	method	Source/SCR_RespawnSystemComponent.c	197	197	1	SCR_RespawnSystemComponent	
OnPlayerDisconnected_S	method	Source/SCR_RespawnSystemComponent.c	203	203	1	SCR_RespawnSystemComponent	
OnPlayerKilled_S	method	Source/SCR_RespawnSystemComponent.c	209	209	1	SCR_RespawnSystemComponent	
OnPlayerDeleted_S	method	Source/SCR_RespawnSystemComponent.c	215	215	1	SCR_RespawnSystemComponent	
OnPlayerEntityCleanup_S	method	Source/SCR_RespawnSystemComponent.c	222	222	1	SCR_RespawnSystemComponent	
GetSpawnLogic	method	Source/SCR_RespawnSystemComponent.c	228	228	1	SCR_RespawnSystemComponent	
OnInit	method	Source/SCR_RespawnSystemComponent.c	234	234	1	SCR_RespawnSystemComponent	
OnRplSave	method	Source/SCR_RespawnSystemComponent.c	276	276	1	SCR_RespawnSystemComponent	
OnRplLoad	method	Source/SCR_RespawnSystemComponent.c	284	284	1	SCR_RespawnSystemComponent	
CreateLoadingPlaceholder	method	Source/SCR_RespawnSystemComponent.c	295	295	1	SCR_RespawnSystemComponent	
UsesLoadingPlaceholder	method	Source/SCR_RespawnSystemComponent.c	313	313	1	SCR_RespawnSystemComponent	
UpdateLoadingPlaceholder	method	Source/SCR_RespawnSystemComponent.c	319	319	1	SCR_RespawnSystemComponent	
DestroyLoadingPlaceholder	method	Source/SCR_RespawnSystemComponent.c	343	343	1	SCR_RespawnSystemComponent	
SCR_RespawnSystemComponent	method	Source/SCR_RespawnSystemComponent.c	361	361	1	SCR_RespawnSystemComponent	
SCR_SpawnHandlerComponentClass	class	Source/SCR_SpawnHandlerComponent.c	1	3	3		ScriptComponentClass
SCR_SpawnHandlerComponent	class	Source/SCR_SpawnHandlerComponent.c	5	329	325		ScriptComponent
GetRespawnSystemComponent	method	Source/SCR_SpawnHandlerComponent.c	10	10	1	SCR_SpawnHandlerComponent	
OnPostInit	method	Source/SCR_SpawnHandlerComponent.c	22	22	1	SCR_SpawnHandlerComponent	
CanHandleRequest_S	method	Source/SCR_SpawnHandlerComponent.c	32	32	1	SCR_SpawnHandlerComponent	
HandleRequest_S	method	Source/SCR_SpawnHandlerComponent.c	63	63	1	SCR_SpawnHandlerComponent	
OnFinalizeBegin_S	method	Source/SCR_SpawnHandlerComponent.c	101	101	1	SCR_SpawnHandlerComponent	
CanFinalize_S	method	Source/SCR_SpawnHandlerComponent.c	111	111	1	SCR_SpawnHandlerComponent	
FinalizeRequest_S	method	Source/SCR_SpawnHandlerComponent.c	117	117	1	SCR_SpawnHandlerComponent	
OnFinalizeDone_S	method	Source/SCR_SpawnHandlerComponent.c	136	136	1	SCR_SpawnHandlerComponent	
ValidateData_S	method	Source/SCR_SpawnHandlerComponent.c	139	139	1	SCR_SpawnHandlerComponent	
CanRequestSpawn_S	method	Source/SCR_SpawnHandlerComponent.c	148	148	1	SCR_SpawnHandlerComponent	
SpawnEntity_S	method	Source/SCR_SpawnHandlerComponent.c	160	160	1	SCR_SpawnHandlerComponent	
ValidatePrefab_S	method	Source/SCR_SpawnHandlerComponent.c	217	217	1	SCR_SpawnHandlerComponent	
PrepareEntity_S	method	Source/SCR_SpawnHandlerComponent.c	242	242	1	SCR_SpawnHandlerComponent	
AssignEntity_S	method	Source/SCR_SpawnHandlerComponent.c	255	255	1	SCR_SpawnHandlerComponent	
HandleSpawnEntityFailure_S	method	Source/SCR_SpawnHandlerComponent.c	280	280	1	SCR_SpawnHandlerComponent	
ShouldDeleteEntityOnSpawnFailure_S	method	Source/SCR_SpawnHandlerComponent.c	295	295	1	SCR_SpawnHandlerComponent	
HandleEntityChange_S	method	Source/SCR_SpawnHandlerComponent.c	301	301	1	SCR_SpawnHandlerComponent	
SCR_SpawnPointClass	class	Source/SCR_SpawnPoint.c	2	11	10		SCR_PositionClass
SCR_SpawnPoint	class	Source/SCR_SpawnPoint.c	26	804	779		SCR_Position
IsSpawnPointVisibleForPlayer	method	Source/SCR_SpawnPoint.c	100	100	1	SCR_SpawnPoint	
IsSpawnPointEnabled	method	Source/SCR_SpawnPoint.c	106	106	1	SCR_SpawnPoint	
SetSpawnPointEnabled_S	method	Source/SCR_SpawnPoint.c	112	112	1	SCR_SpawnPoint	
OnSetEnabled	method	Source/SCR_SpawnPoint.c	123	123	1	SCR_SpawnPoint	
GetOnSpawnPointEnabled	method	Source/SCR_SpawnPoint.c	130	130	1	SCR_SpawnPoint	
GetOnSpawnPointFinalizeSpawn	method	Source/SCR_SpawnPoint.c	139	139	1	SCR_SpawnPoint	
GetRespawnTime	method	Source/SCR_SpawnPoint.c	148	148	1	SCR_SpawnPoint	
SetRespawnTime	method	Source/SCR_SpawnPoint.c	154	154	1	SCR_SpawnPoint	
GetPriority	method	Source/SCR_SpawnPoint.c	161	161	1	SCR_SpawnPoint	
SetPriority	method	Source/SCR_SpawnPoint.c	167	167	1	SCR_SpawnPoint	
CanReserveFor_S	method	Source/SCR_SpawnPoint.c	177	177	1	SCR_SpawnPoint	
IsReservedFor_S	method	Source/SCR_SpawnPoint.c	191	191	1	SCR_SpawnPoint	
ReserveFor_S	method	Source/SCR_SpawnPoint.c	197	197	1	SCR_SpawnPoint	
ClearReservationFor_S	method	Source/SCR_SpawnPoint.c	213	213	1	SCR_SpawnPoint	
GetSpawnRadius	method	Source/SCR_SpawnPoint.c	227	227	1	SCR_SpawnPoint	
SetSpawnRadius	method	Source/SCR_SpawnPoint.c	233	233	1	SCR_SpawnPoint	
ShowSpawnPointDescriptors	method	Source/SCR_SpawnPoint.c	239	239	1	SCR_SpawnPoint	
GetRplId	method	Source/SCR_SpawnPoint.c	264	264	1	SCR_SpawnPoint	
GetSpawnPointByRplId	method	Source/SCR_SpawnPoint.c	273	273	1	SCR_SpawnPoint	
GetEmptyPositionAndRotationInRange	method	Source/SCR_SpawnPoint.c	290	290	1	SCR_SpawnPoint	
SetUseNearbySpawnPositions	method	Source/SCR_SpawnPoint.c	323	323	1	SCR_SpawnPoint	
IsSpawnPointRandom	method	Source/SCR_SpawnPoint.c	329	329	1	SCR_SpawnPoint	
GetPositionAndRotation	method	Source/SCR_SpawnPoint.c	335	335	1	SCR_SpawnPoint	
GetSpawnPointByIndex	method	Source/SCR_SpawnPoint.c	371	371	1	SCR_SpawnPoint	
GetSpawnPointIndex	method	Source/SCR_SpawnPoint.c	380	380	1	SCR_SpawnPoint	
IsSpawnPointActive	method	Source/SCR_SpawnPoint.c	386	386	1	SCR_SpawnPoint	
CountSpawnPoints	method	Source/SCR_SpawnPoint.c	392	392	1	SCR_SpawnPoint	
GetVisibleInDeployMapOnly	method	Source/SCR_SpawnPoint.c	398	398	1	SCR_SpawnPoint	
SetVisibleInDeployMapOnly	method	Source/SCR_SpawnPoint.c	404	404	1	SCR_SpawnPoint	
ApplyFactionChange	method	Source/SCR_SpawnPoint.c	410	410	1	SCR_SpawnPoint	
SetFaction	method	Source/SCR_SpawnPoint.c	416	416	1	SCR_SpawnPoint	
SetFactionKey	method	Source/SCR_SpawnPoint.c	425	425	1	SCR_SpawnPoint	
OnSetFactionKey	method	Source/SCR_SpawnPoint.c	434	434	1	SCR_SpawnPoint	
SetSpawnPositionRange	method	Source/SCR_SpawnPoint.c	440	440	1	SCR_SpawnPoint	
GetSpawnPositionRange	method	Source/SCR_SpawnPoint.c	446	446	1	SCR_SpawnPoint	
GetChildSpawnPoints	method	Source/SCR_SpawnPoint.c	452	452	1	SCR_SpawnPoint	
GetFactionKey	method	Source/SCR_SpawnPoint.c	458	458	1	SCR_SpawnPoint	
GetIsInRange	method	Source/SCR_SpawnPoint.c	464	464	1	SCR_SpawnPoint	
GetSpawnPoints	method	Source/SCR_SpawnPoint.c	470	470	1	SCR_SpawnPoint	
GetRandomSpawnPointDeathmatch	method	Source/SCR_SpawnPoint.c	476	476	1	SCR_SpawnPoint	
GetRandomSpawnPoint	method	Source/SCR_SpawnPoint.c	485	485	1	SCR_SpawnPoint	
GetSpawnPointsForPlayer	method	Source/SCR_SpawnPoint.c	494	494	1	SCR_SpawnPoint	
GetSpawnPointsForFaction	method	Source/SCR_SpawnPoint.c	504	504	1	SCR_SpawnPoint	
GetSpawnPointCountForFaction	method	Source/SCR_SpawnPoint.c	519	519	1	SCR_SpawnPoint	
GetRandomSpawnPointForFaction	method	Source/SCR_SpawnPoint.c	535	535	1	SCR_SpawnPoint	
GetInfo	method	Source/SCR_SpawnPoint.c	567	567	1	SCR_SpawnPoint	
SetInfo	method	Source/SCR_SpawnPoint.c	576	576	1	SCR_SpawnPoint	
GetSpawnPointName	method	Source/SCR_SpawnPoint.c	582	582	1	SCR_SpawnPoint	
SetSpawnPointName	method	Source/SCR_SpawnPoint.c	593	593	1	SCR_SpawnPoint	
IsTimed	method	Source/SCR_SpawnPoint.c	601	601	1	SCR_SpawnPoint	
SetIsTimed	method	Source/SCR_SpawnPoint.c	607	607	1	SCR_SpawnPoint	
LinkInfo	method	Source/SCR_SpawnPoint.c	613	613	1	SCR_SpawnPoint	
SetColorAndText	method	Source/SCR_SpawnPoint.c	620	620	1	SCR_SpawnPoint	
prepared	method	Source/SCR_SpawnPoint.c	641	641	1	SCR_SpawnPoint	
fails	method	Source/SCR_SpawnPoint.c	644	644	1	SCR_SpawnPoint	
entity	method	Source/SCR_SpawnPoint.c	651	651	1	SCR_SpawnPoint	
successful	method	Source/SCR_SpawnPoint.c	653	653	1	SCR_SpawnPoint	
PrepareSpawnedEntity_S	method	Source/SCR_SpawnPoint.c	655	655	1	SCR_SpawnPoint	
CanFinalizeSpawn_S	method	Source/SCR_SpawnPoint.c	671	671	1	SCR_SpawnPoint	
OnFinalizeSpawnDone_S	method	Source/SCR_SpawnPoint.c	677	677	1	SCR_SpawnPoint	
EOnInit	method	Source/SCR_SpawnPoint.c	684	684	1	SCR_SpawnPoint	
InitFactionAffiliation	method	Source/SCR_SpawnPoint.c	711	711	1	SCR_SpawnPoint	
RplSave	method	Source/SCR_SpawnPoint.c	724	724	1	SCR_SpawnPoint	
RplLoad	method	Source/SCR_SpawnPoint.c	732	732	1	SCR_SpawnPoint	
SCR_SpawnPoint	method	Source/SCR_SpawnPoint.c	747	747	1	SCR_SpawnPoint	
SCR_SpawnPoint	method	Source/SCR_SpawnPoint.c	754	754	1	SCR_SpawnPoint	
GetRandomPositionAndRotation	method	Source/SCR_SpawnPoint.c	774	774	1	SCR_SpawnPoint	
SCR_SpawnRequestComponentClass	class	Source/SCR_SpawnRequestComponent.c	1	10	10		ScriptComponentClass
DependsOn	method	Source/SCR_SpawnRequestComponent.c	3	3	1	SCR_SpawnRequestComponentClass	
SCR_SpawnRequestComponent	class	Source/SCR_SpawnRequestComponent.c	12	568	557		ScriptComponent
GetPlayerController	method	Source/SCR_SpawnRequestComponent.c	23	23	1	SCR_SpawnRequestComponent	
GetPlayerId	method	Source/SCR_SpawnRequestComponent.c	29	29	1	SCR_SpawnRequestComponent	
GetRespawnComponent	method	Source/SCR_SpawnRequestComponent.c	38	38	1	SCR_SpawnRequestComponent	
GetHandlerComponent	method	Source/SCR_SpawnRequestComponent.c	44	44	1	SCR_SpawnRequestComponent	
GetLock	method	Source/SCR_SpawnRequestComponent.c	50	50	1	SCR_SpawnRequestComponent	
GetHandlerType	method	Source/SCR_SpawnRequestComponent.c	58	58	1	SCR_SpawnRequestComponent	
GetDataType	method	Source/SCR_SpawnRequestComponent.c	64	64	1	SCR_SpawnRequestComponent	
IsOwner	method	Source/SCR_SpawnRequestComponent.c	70	70	1	SCR_SpawnRequestComponent	
IsProxy	method	Source/SCR_SpawnRequestComponent.c	76	76	1	SCR_SpawnRequestComponent	
OnPostInit	method	Source/SCR_SpawnRequestComponent.c	82	82	1	SCR_SpawnRequestComponent	
CanRequestRespawn	method	Source/SCR_SpawnRequestComponent.c	139	139	1	SCR_SpawnRequestComponent	
DoCanRequestRespawn	method	Source/SCR_SpawnRequestComponent.c	174	174	1	SCR_SpawnRequestComponent	
ProcessCanRequest_S	method	Source/SCR_SpawnRequestComponent.c	181	181	1	SCR_SpawnRequestComponent	
SendCanResponse_S	method	Source/SCR_SpawnRequestComponent.c	213	213	1	SCR_SpawnRequestComponent	
Rpc_SendCanResponse_O	method	Source/SCR_SpawnRequestComponent.c	237	237	1	SCR_SpawnRequestComponent	
RequestRespawn	method	Source/SCR_SpawnRequestComponent.c	257	257	1	SCR_SpawnRequestComponent	
DoRequestRespawn	method	Source/SCR_SpawnRequestComponent.c	289	289	1	SCR_SpawnRequestComponent	
ProcessRequest_S	method	Source/SCR_SpawnRequestComponent.c	296	296	1	SCR_SpawnRequestComponent	
OnFinalizeBegin_S	method	Source/SCR_SpawnRequestComponent.c	349	349	1	SCR_SpawnRequestComponent	
AwaitFinalization_S	method	Source/SCR_SpawnRequestComponent.c	359	359	1	SCR_SpawnRequestComponent	
CanFinalize_S	method	Source/SCR_SpawnRequestComponent.c	380	380	1	SCR_SpawnRequestComponent	
FinalizeRequest_S	method	Source/SCR_SpawnRequestComponent.c	390	390	1	SCR_SpawnRequestComponent	
SendResponse_S	method	Source/SCR_SpawnRequestComponent.c	407	407	1	SCR_SpawnRequestComponent	
SendFinalizationBegin_S	method	Source/SCR_SpawnRequestComponent.c	430	430	1	SCR_SpawnRequestComponent	
Rpc_OnFinalizationBegin_O	method	Source/SCR_SpawnRequestComponent.c	440	440	1	SCR_SpawnRequestComponent	
IsPreloading	method	Source/SCR_SpawnRequestComponent.c	451	451	1	SCR_SpawnRequestComponent	
StartSpawnPreload	method	Source/SCR_SpawnRequestComponent.c	457	457	1	SCR_SpawnRequestComponent	
NotifyPreloadStarted_S	method	Source/SCR_SpawnRequestComponent.c	466	466	1	SCR_SpawnRequestComponent	
Rpc_NotifyPreloadStarted_S	method	Source/SCR_SpawnRequestComponent.c	474	474	1	SCR_SpawnRequestComponent	
NotifyPreloadFinished_S	method	Source/SCR_SpawnRequestComponent.c	480	480	1	SCR_SpawnRequestComponent	
Rpc_NotifyPreloadFinished_S	method	Source/SCR_SpawnRequestComponent.c	488	488	1	SCR_SpawnRequestComponent	
Rpc_StartPreload_O	method	Source/SCR_SpawnRequestComponent.c	497	497	1	SCR_SpawnRequestComponent	
Rpc_SendResponse_O	method	Source/SCR_SpawnRequestComponent.c	506	506	1	SCR_SpawnRequestComponent	
FindAIAgent	method	Source/SCR_SpawnRequestComponent.c	527	527	1	SCR_SpawnRequestComponent	
SCR_SpawnRequestComponent	method	Source/SCR_SpawnRequestComponent.c	544	544	1	SCR_SpawnRequestComponent	
DrawDiag	method	Source/SCR_SpawnRequestComponent.c	552	552	1	SCR_SpawnRequestComponent	
CreateDiag	method	Source/SCR_SpawnRequestComponent.c	563	563	1	SCR_SpawnRequestComponent	
SCR_BaseRespawnDiag	class	Source/SCR_SpawnRequestComponent.c	571	575	5		
DrawDbgUI	method	Source/SCR_SpawnRequestComponent.c	574	574	1	SCR_BaseRespawnDiag	
SCR_RespawnDiag	class	Source/SCR_SpawnRequestComponent.c	577	642	66		
DrawDbgUI	method	Source/SCR_SpawnRequestComponent.c	582	582	1	SCR_RespawnDiag	
DrawContent	method	Source/SCR_SpawnRequestComponent.c	605	605	1	SCR_RespawnDiag	
OnAskPressed	method	Source/SCR_SpawnRequestComponent.c	623	623	1	SCR_RespawnDiag	
OnRequestPressed	method	Source/SCR_SpawnRequestComponent.c	630	630	1	SCR_RespawnDiag	
CreateData	method	Source/SCR_SpawnRequestComponent.c	637	637	1	SCR_RespawnDiag	
