ticket	field	old_string	new_string	rule	note
T-001	citations	docs/platform/SHIPPED_HISTORY.md	documentation_v2/archive/shipped_history/shipped_history.md	rewrite	parent file; path; idx 1; manifest archive
T-002	context	TRACKING.md	documentation_v2/website/frontend/README.md	rewrite	parent file; bare basename of docs/website/frontend/TRACKING.md; idx 0; the basename changes, so the bare name becomes the full final path; replace whole-token occurrences only (not preceded by '/', '_', '-', a letter or a digit), after the full-path rows
T-002	approach	TRACKING.md	documentation_v2/website/frontend/README.md	rewrite	parent file; bare basename of docs/website/frontend/TRACKING.md; idx 1; the basename changes, so the bare name becomes the full final path; replace whole-token occurrences only (not preceded by '/', '_', '-', a letter or a digit), after the full-path rows
T-002	citations	docs/platform/SHIPPED_HISTORY.md	documentation_v2/archive/shipped_history/shipped_history.md	rewrite	parent file; path; idx 1; manifest archive
T-003	citations	docs/platform/SHIPPED_HISTORY.md	documentation_v2/archive/shipped_history/shipped_history.md	rewrite	parent file; path; idx 1; manifest archive
T-004	citations	docs/platform/SHIPPED_HISTORY.md	documentation_v2/archive/shipped_history/shipped_history.md	rewrite	parent file; path; idx 1; manifest archive
T-005	citations	docs/platform/SHIPPED_HISTORY.md	documentation_v2/archive/shipped_history/shipped_history.md	rewrite	parent file; path; idx 1; manifest archive
T-006	current_state	BACKEND_ARCHITECTURE.md	documentation_v2/archive/go_and_react_era_design/go_backend_architecture_plan.md	rewrite	parent file; bare basename of docs/website/BACKEND_ARCHITECTURE.md; idx 0; redirect stub archived at documentation_v2/archive/redirect_stubs/docs__website__backend_architecture.md; points at its real target docs/website/backend/architecture.md; the basename changes, so the bare name becomes the full final path; replace whole-token occurrences only (not preceded by '/', '_', '-', a letter or a digit), after the full-path rows
T-006	citations	docs/platform/SHIPPED_HISTORY.md	documentation_v2/archive/shipped_history/shipped_history.md	rewrite	parent file; path; idx 1; manifest archive
T-008	citations	docs/platform/SHIPPED_HISTORY.md	documentation_v2/archive/shipped_history/shipped_history.md	rewrite	parent file; path; idx 1; manifest archive
T-009	citations	docs/platform/SHIPPED_HISTORY.md	documentation_v2/archive/shipped_history/shipped_history.md	rewrite	parent file; path; idx 1; manifest archive
T-010	citations	docs/platform/SHIPPED_HISTORY.md	documentation_v2/archive/shipped_history/shipped_history.md	rewrite	parent file; path; idx 1; manifest archive
T-011	citations	docs/platform/SHIPPED_HISTORY.md	documentation_v2/archive/shipped_history/shipped_history.md	rewrite	parent file; path; idx 1; manifest archive
T-012	citations	docs/platform/SHIPPED_HISTORY.md	documentation_v2/archive/shipped_history/shipped_history.md	rewrite	parent file; path; idx 1; manifest archive
T-013	citations	docs/platform/SHIPPED_HISTORY.md	documentation_v2/archive/shipped_history/shipped_history.md	rewrite	parent file; path; idx 1; manifest archive
T-018	approach	DEV_RUNBOOK.md	documentation_v2/runbooks/local_development.md	rewrite	parent file; bare basename of docs/website/DEV_RUNBOOK.md; idx 1; the basename changes, so the bare name becomes the full final path; replace whole-token occurrences only (not preceded by '/', '_', '-', a letter or a digit), after the full-path rows
T-018	citations	docs/platform/SHIPPED_HISTORY.md	documentation_v2/archive/shipped_history/shipped_history.md	rewrite	parent file; path; idx 1; manifest archive
T-019	citations	docs/platform/SHIPPED_HISTORY.md	documentation_v2/archive/shipped_history/shipped_history.md	rewrite	parent file; path; idx 1; manifest archive
T-020	citations	docs/platform/SHIPPED_HISTORY.md	documentation_v2/archive/shipped_history/shipped_history.md	rewrite	parent file; path; idx 1; manifest archive
T-021	citations	docs/platform/SHIPPED_HISTORY.md	documentation_v2/archive/shipped_history/shipped_history.md	rewrite	parent file; path; idx 1; manifest archive
T-022	citations	docs/platform/SHIPPED_HISTORY.md	documentation_v2/archive/shipped_history/shipped_history.md	rewrite	parent file; path; idx 1; manifest archive
T-023	citations	docs/platform/SHIPPED_HISTORY.md	documentation_v2/archive/shipped_history/shipped_history.md	rewrite	parent file; path; idx 1; manifest archive
T-024	citations	docs/platform/SHIPPED_HISTORY.md	documentation_v2/archive/shipped_history/shipped_history.md	rewrite	parent file; path; idx 1; manifest archive
T-025	citations	docs/platform/SHIPPED_HISTORY.md	documentation_v2/archive/shipped_history/shipped_history.md	rewrite	parent file; path; idx 1; manifest archive
T-029	citations	docs/platform/SHIPPED_HISTORY.md	documentation_v2/archive/shipped_history/shipped_history.md	rewrite	parent file; path; idx 1; manifest archive
T-030	citations	docs/platform/SHIPPED_HISTORY.md	documentation_v2/archive/shipped_history/shipped_history.md	rewrite	parent file; path; idx 1; manifest archive
T-031	citations	docs/platform/SHIPPED_HISTORY.md	documentation_v2/archive/shipped_history/shipped_history.md	rewrite	parent file; path; idx 1; manifest archive
T-032	citations	docs/platform/SHIPPED_HISTORY.md	documentation_v2/archive/shipped_history/shipped_history.md	rewrite	parent file; path; idx 1; manifest archive
T-033	citations	docs/platform/SHIPPED_HISTORY.md	documentation_v2/archive/shipped_history/shipped_history.md	rewrite	parent file; path; idx 1; manifest archive
T-034	approach	04_eden_editor_ux_spec.md	documentation_v2/website/frontend/apps/editor/ux_spec.md	rewrite	parent file; bare basename of docs/specs/Mission_Creator_Architecture/04_eden_editor_ux_spec.md; idx 0; redirect stub archived at documentation_v2/archive/redirect_stubs/docs__specs__mission_creator_architecture__04_eden_editor_ux_spec.md; points at its real target docs/specs/Mission_Creator_Architecture/ux_spec.md; the basename changes, so the bare name becomes the full final path; replace whole-token occurrences only (not preceded by '/', '_', '-', a letter or a digit), after the full-path rows
T-034	verify	04_eden_editor_ux_spec.md	documentation_v2/website/frontend/apps/editor/ux_spec.md	rewrite	parent file; bare basename of docs/specs/Mission_Creator_Architecture/04_eden_editor_ux_spec.md; idx 0; redirect stub archived at documentation_v2/archive/redirect_stubs/docs__specs__mission_creator_architecture__04_eden_editor_ux_spec.md; points at its real target docs/specs/Mission_Creator_Architecture/ux_spec.md; the basename changes, so the bare name becomes the full final path; replace whole-token occurrences only (not preceded by '/', '_', '-', a letter or a digit), after the full-path rows
T-034	acceptance	04_eden_editor_ux_spec.md	documentation_v2/website/frontend/apps/editor/ux_spec.md	rewrite	parent file; bare basename of docs/specs/Mission_Creator_Architecture/04_eden_editor_ux_spec.md; idx 0; redirect stub archived at documentation_v2/archive/redirect_stubs/docs__specs__mission_creator_architecture__04_eden_editor_ux_spec.md; points at its real target docs/specs/Mission_Creator_Architecture/ux_spec.md; the basename changes, so the bare name becomes the full final path; replace whole-token occurrences only (not preceded by '/', '_', '-', a letter or a digit), after the full-path rows
T-034	acceptance	05_agent_execution_plan.md	documentation_v2/website/frontend/apps/editor/decisions.md	rewrite	parent file; bare basename of docs/specs/Mission_Creator_Architecture/05_agent_execution_plan.md; idx 0; redirect stub archived at documentation_v2/archive/redirect_stubs/docs__specs__mission_creator_architecture__05_agent_execution_plan.md; points at its real target docs/specs/Mission_Creator_Architecture/agent_execution.md; the basename changes, so the bare name becomes the full final path; replace whole-token occurrences only (not preceded by '/', '_', '-', a letter or a digit), after the full-path rows
T-034	citations	SHIPPED_HISTORY.md	documentation_v2/archive/shipped_history/shipped_history.md	rewrite	parent file; bare basename of docs/platform/SHIPPED_HISTORY.md; idx 1; the basename changes, so the bare name becomes the full final path; replace whole-token occurrences only (not preceded by '/', '_', '-', a letter or a digit), after the full-path rows
T-035	citations	SHIPPED_HISTORY.md	documentation_v2/archive/shipped_history/shipped_history.md	rewrite	parent file; bare basename of docs/platform/SHIPPED_HISTORY.md; idx 1; the basename changes, so the bare name becomes the full final path; replace whole-token occurrences only (not preceded by '/', '_', '-', a letter or a digit), after the full-path rows
T-036	citations	SHIPPED_HISTORY.md	documentation_v2/archive/shipped_history/shipped_history.md	rewrite	parent file; bare basename of docs/platform/SHIPPED_HISTORY.md; idx 1; the basename changes, so the bare name becomes the full final path; replace whole-token occurrences only (not preceded by '/', '_', '-', a letter or a digit), after the full-path rows
T-037	citations	SHIPPED_HISTORY.md	documentation_v2/archive/shipped_history/shipped_history.md	rewrite	parent file; bare basename of docs/platform/SHIPPED_HISTORY.md; idx 1; the basename changes, so the bare name becomes the full final path; replace whole-token occurrences only (not preceded by '/', '_', '-', a letter or a digit), after the full-path rows
T-038	citations	SHIPPED_HISTORY.md	documentation_v2/archive/shipped_history/shipped_history.md	rewrite	parent file; bare basename of docs/platform/SHIPPED_HISTORY.md; idx 1; the basename changes, so the bare name becomes the full final path; replace whole-token occurrences only (not preceded by '/', '_', '-', a letter or a digit), after the full-path rows
T-043	requirement	docs/website/README.md	documentation_v2/README.md	rewrite	parent file; path; idx 0; manifest move
T-043	requirement	docs/platform/	-	manual	parent file; directory path; idx 1; folder mention; docs/platform/ splits across documentation_v2/tickets/specs/, runbooks/, standards/, known_bugs/, tools_v2/ticket-engine/ and archive/; suggest keep (historical) or name the one file the sentence means
T-043	requirement	TAGS.md	documentation_v2/standards/ticket_identifiers.md	rewrite	parent file; bare basename of docs/website/TAGS.md; idx 2; the basename changes, so the bare name becomes the full final path; replace whole-token occurrences only (not preceded by '/', '_', '-', a letter or a digit), after the full-path rows
T-043	verify	docs/platform/	-	manual	parent file; directory path; idx 0; folder mention; docs/platform/ splits across documentation_v2/tickets/specs/, runbooks/, standards/, known_bugs/, tools_v2/ticket-engine/ and archive/; suggest keep (historical) or name the one file the sentence means
T-043	acceptance	docs/website/README.md	documentation_v2/README.md	rewrite	parent file; path; idx 0; manifest move
T-043	acceptance	docs/platform/	-	manual	parent file; directory path; idx 0; folder mention; docs/platform/ splits across documentation_v2/tickets/specs/, runbooks/, standards/, known_bugs/, tools_v2/ticket-engine/ and archive/; suggest keep (historical) or name the one file the sentence means
T-043	acceptance	TAGS.md	documentation_v2/standards/ticket_identifiers.md	rewrite	parent file; bare basename of docs/website/TAGS.md; idx 0; the basename changes, so the bare name becomes the full final path; replace whole-token occurrences only (not preceded by '/', '_', '-', a letter or a digit), after the full-path rows
T-045	summary	ROADMAP.md	-	manual	parent file; bare basename of docs/specs/Mission_Creator_Architecture/ROADMAP.md;docs/website/backend/ROADMAP.md;docs/website/frontend/ROADMAP.md (ambiguous: 3 docs files); generic: the per-domain ROADMAP.md files T-045 added; they land at three names (documentation_v2/website/frontend/apps/editor/mission_creator_roadmap.md, documentation_v2/website/api_v2/api_overview.md, documentation_v2/website/frontend/README.md); suggest keep, the ticket narrates a past layout
T-045	main_goal	ROADMAP.md	-	manual	parent file; bare basename of docs/specs/Mission_Creator_Architecture/ROADMAP.md;docs/website/backend/ROADMAP.md;docs/website/frontend/ROADMAP.md (ambiguous: 3 docs files); generic: the per-domain ROADMAP.md files T-045 added; they land at three names (documentation_v2/website/frontend/apps/editor/mission_creator_roadmap.md, documentation_v2/website/api_v2/api_overview.md, documentation_v2/website/frontend/README.md); suggest keep, the ticket narrates a past layout
T-045	requirement	ROADMAP.md	-	manual	parent file; bare basename of docs/specs/Mission_Creator_Architecture/ROADMAP.md;docs/website/backend/ROADMAP.md;docs/website/frontend/ROADMAP.md (ambiguous: 3 docs files); idx 0; generic: the per-domain ROADMAP.md files T-045 added; they land at three names (documentation_v2/website/frontend/apps/editor/mission_creator_roadmap.md, documentation_v2/website/api_v2/api_overview.md, documentation_v2/website/frontend/README.md); suggest keep, the ticket narrates a past layout
T-045	current_state	05_agent_execution_plan.md	documentation_v2/website/frontend/apps/editor/decisions.md	rewrite	parent file; bare basename of docs/specs/Mission_Creator_Architecture/05_agent_execution_plan.md; idx 0; redirect stub archived at documentation_v2/archive/redirect_stubs/docs__specs__mission_creator_architecture__05_agent_execution_plan.md; points at its real target docs/specs/Mission_Creator_Architecture/agent_execution.md; the basename changes, so the bare name becomes the full final path; replace whole-token occurrences only (not preceded by '/', '_', '-', a letter or a digit), after the full-path rows
T-045	approach	ROADMAP.md	-	manual	parent file; bare basename of docs/specs/Mission_Creator_Architecture/ROADMAP.md;docs/website/backend/ROADMAP.md;docs/website/frontend/ROADMAP.md (ambiguous: 3 docs files); idx 0; generic: the per-domain ROADMAP.md files T-045 added; they land at three names (documentation_v2/website/frontend/apps/editor/mission_creator_roadmap.md, documentation_v2/website/api_v2/api_overview.md, documentation_v2/website/frontend/README.md); suggest keep, the ticket narrates a past layout
T-045	verify	ROADMAP.md	-	manual	parent file; bare basename of docs/specs/Mission_Creator_Architecture/ROADMAP.md;docs/website/backend/ROADMAP.md;docs/website/frontend/ROADMAP.md (ambiguous: 3 docs files); idx 0; generic: the per-domain ROADMAP.md files T-045 added; they land at three names (documentation_v2/website/frontend/apps/editor/mission_creator_roadmap.md, documentation_v2/website/api_v2/api_overview.md, documentation_v2/website/frontend/README.md); suggest keep, the ticket narrates a past layout
T-045	acceptance	ROADMAP.md	-	manual	parent file; bare basename of docs/specs/Mission_Creator_Architecture/ROADMAP.md;docs/website/backend/ROADMAP.md;docs/website/frontend/ROADMAP.md (ambiguous: 3 docs files); idx 0; generic: the per-domain ROADMAP.md files T-045 added; they land at three names (documentation_v2/website/frontend/apps/editor/mission_creator_roadmap.md, documentation_v2/website/api_v2/api_overview.md, documentation_v2/website/frontend/README.md); suggest keep, the ticket narrates a past layout
T-047	main_goal	ROADMAP.md	documentation_v2/website/frontend/apps/editor/mission_creator_roadmap.md	rewrite	parent file; bare basename of docs/specs/Mission_Creator_Architecture/ROADMAP.md;docs/website/backend/ROADMAP.md;docs/website/frontend/ROADMAP.md (ambiguous: 3 docs files); resolved from the ticket text: the Mission Creator ROADMAP (T-047 points the Mission Creator agents at it); the basename changes, so the bare name becomes the full final path; replace whole-token occurrences only (not preceded by '/', '_', '-', a letter or a digit), after the full-path rows
T-047	context	agent_execution.md	documentation_v2/website/frontend/apps/editor/decisions.md	rewrite	parent file; bare basename of docs/specs/Mission_Creator_Architecture/agent_execution.md; idx 1; the basename changes, so the bare name becomes the full final path; replace whole-token occurrences only (not preceded by '/', '_', '-', a letter or a digit), after the full-path rows
T-047	requirement	ROADMAP.md	documentation_v2/website/frontend/apps/editor/mission_creator_roadmap.md	rewrite	parent file; bare basename of docs/specs/Mission_Creator_Architecture/ROADMAP.md;docs/website/backend/ROADMAP.md;docs/website/frontend/ROADMAP.md (ambiguous: 3 docs files); idx 0; resolved from the ticket text: the Mission Creator ROADMAP (T-047 points the Mission Creator agents at it); the basename changes, so the bare name becomes the full final path; replace whole-token occurrences only (not preceded by '/', '_', '-', a letter or a digit), after the full-path rows
T-047	requirement	wiki_manifest.yaml	documentation_v2/website/frontend/apps/editor/eden_editor_reference/eden_wiki_scrape_manifest.yaml	rewrite	parent file; bare basename of docs/specs/Mission_Creator_Architecture/eden/wiki_manifest.yaml; idx 2; the basename changes, so the bare name becomes the full final path; replace whole-token occurrences only (not preceded by '/', '_', '-', a letter or a digit), after the full-path rows
T-047	current_state	wiki_manifest.yaml	documentation_v2/website/frontend/apps/editor/eden_editor_reference/eden_wiki_scrape_manifest.yaml	rewrite	parent file; bare basename of docs/specs/Mission_Creator_Architecture/eden/wiki_manifest.yaml; idx 1; the basename changes, so the bare name becomes the full final path; replace whole-token occurrences only (not preceded by '/', '_', '-', a letter or a digit), after the full-path rows
T-047	approach	agent_execution.md	documentation_v2/website/frontend/apps/editor/decisions.md	rewrite	parent file; bare basename of docs/specs/Mission_Creator_Architecture/agent_execution.md; idx 0; the basename changes, so the bare name becomes the full final path; replace whole-token occurrences only (not preceded by '/', '_', '-', a letter or a digit), after the full-path rows
T-047	approach	wiki_manifest.yaml	documentation_v2/website/frontend/apps/editor/eden_editor_reference/eden_wiki_scrape_manifest.yaml	rewrite	parent file; bare basename of docs/specs/Mission_Creator_Architecture/eden/wiki_manifest.yaml; idx 2; the basename changes, so the bare name becomes the full final path; replace whole-token occurrences only (not preceded by '/', '_', '-', a letter or a digit), after the full-path rows
T-047	verify	wiki_manifest.yaml	documentation_v2/website/frontend/apps/editor/eden_editor_reference/eden_wiki_scrape_manifest.yaml	rewrite	parent file; bare basename of docs/specs/Mission_Creator_Architecture/eden/wiki_manifest.yaml; idx 0; the basename changes, so the bare name becomes the full final path; replace whole-token occurrences only (not preceded by '/', '_', '-', a letter or a digit), after the full-path rows
T-047	acceptance	agent_execution.md	documentation_v2/website/frontend/apps/editor/decisions.md	rewrite	parent file; bare basename of docs/specs/Mission_Creator_Architecture/agent_execution.md; idx 0; the basename changes, so the bare name becomes the full final path; replace whole-token occurrences only (not preceded by '/', '_', '-', a letter or a digit), after the full-path rows
T-047	acceptance	ROADMAP.md	documentation_v2/website/frontend/apps/editor/mission_creator_roadmap.md	rewrite	parent file; bare basename of docs/specs/Mission_Creator_Architecture/ROADMAP.md;docs/website/backend/ROADMAP.md;docs/website/frontend/ROADMAP.md (ambiguous: 3 docs files); idx 0; resolved from the ticket text: the Mission Creator ROADMAP (T-047 points the Mission Creator agents at it); the basename changes, so the bare name becomes the full final path; replace whole-token occurrences only (not preceded by '/', '_', '-', a letter or a digit), after the full-path rows
T-047	acceptance	wiki_manifest.yaml	documentation_v2/website/frontend/apps/editor/eden_editor_reference/eden_wiki_scrape_manifest.yaml	rewrite	parent file; bare basename of docs/specs/Mission_Creator_Architecture/eden/wiki_manifest.yaml; idx 0; the basename changes, so the bare name becomes the full final path; replace whole-token occurrences only (not preceded by '/', '_', '-', a letter or a digit), after the full-path rows
T-047	citations	agent_execution.md	documentation_v2/website/frontend/apps/editor/decisions.md	rewrite	parent file; bare basename of docs/specs/Mission_Creator_Architecture/agent_execution.md; idx 2; the basename changes, so the bare name becomes the full final path; replace whole-token occurrences only (not preceded by '/', '_', '-', a letter or a digit), after the full-path rows
T-048	spec	docs/specs/Mission_Creator_Architecture/t048_library_create_dialog.md	documentation_v2/tickets/specs/t048_library_create_dialog.md	rewrite	parent file; path; manifest move
T-048	citations	t048_library_create_dialog.md	-	keep	parent file; bare basename of docs/specs/Mission_Creator_Architecture/t048_library_create_dialog.md; idx 2; the basename stays (documentation_v2/tickets/specs/t048_library_create_dialog.md)
T-049	spec	docs/specs/Mission_Creator_Architecture/t049_terrain_title_position.md	documentation_v2/tickets/specs/t049_terrain_title_position.md	rewrite	parent file; path; manifest move
T-049	citations	t049_terrain_title_position.md	-	keep	parent file; bare basename of docs/specs/Mission_Creator_Architecture/t049_terrain_title_position.md; idx 2; the basename stays (documentation_v2/tickets/specs/t049_terrain_title_position.md)
T-050	spec	docs/specs/Mission_Creator_Architecture/t050_cursor_z_readout.md	documentation_v2/tickets/specs/t050_cursor_z_readout.md	rewrite	parent file; path; manifest move
T-050	citations	t050_cursor_z_readout.md	-	keep	parent file; bare basename of docs/specs/Mission_Creator_Architecture/t050_cursor_z_readout.md; idx 2; the basename stays (documentation_v2/tickets/specs/t050_cursor_z_readout.md)
T-052	spec	docs/specs/Mission_Creator_Architecture/t052_undo_shortcuts.md	documentation_v2/tickets/specs/t052_undo_shortcuts.md	rewrite	parent file; path; manifest move
T-052	citations	t052_undo_shortcuts.md	-	keep	parent file; bare basename of docs/specs/Mission_Creator_Architecture/t052_undo_shortcuts.md; idx 2; the basename stays (documentation_v2/tickets/specs/t052_undo_shortcuts.md)
T-053	spec	docs/specs/Mission_Creator_Architecture/t053_additive_select.md	documentation_v2/tickets/specs/t053_additive_select.md	rewrite	parent file; path; manifest move
T-053	citations	t053_additive_select.md	-	keep	parent file; bare basename of docs/specs/Mission_Creator_Architecture/t053_additive_select.md; idx 0; the basename stays (documentation_v2/tickets/specs/t053_additive_select.md)
T-053	citations	SHIPPED_HISTORY.md	documentation_v2/archive/shipped_history/shipped_history.md	rewrite	parent file; bare basename of docs/platform/SHIPPED_HISTORY.md; idx 2; the basename changes, so the bare name becomes the full final path; replace whole-token occurrences only (not preceded by '/', '_', '-', a letter or a digit), after the full-path rows
T-054	spec	docs/specs/Mission_Creator_Architecture/t054_attributes_entry_points.md	documentation_v2/tickets/specs/t054_attributes_entry_points.md	rewrite	parent file; path; manifest move
T-054	citations	t054_attributes_entry_points.md	-	keep	parent file; bare basename of docs/specs/Mission_Creator_Architecture/t054_attributes_entry_points.md; idx 0; the basename stays (documentation_v2/tickets/specs/t054_attributes_entry_points.md)
T-054	citations	SHIPPED_HISTORY.md	documentation_v2/archive/shipped_history/shipped_history.md	rewrite	parent file; bare basename of docs/platform/SHIPPED_HISTORY.md; idx 2; the basename changes, so the bare name becomes the full final path; replace whole-token occurrences only (not preceded by '/', '_', '-', a letter or a digit), after the full-path rows
T-055	spec	docs/specs/Mission_Creator_Architecture/t055_asset_browser_search.md	documentation_v2/tickets/specs/t055_asset_browser_search.md	rewrite	parent file; path; manifest move
T-055	citations	t055_asset_browser_search.md	-	keep	parent file; bare basename of docs/specs/Mission_Creator_Architecture/t055_asset_browser_search.md; idx 0; the basename stays (documentation_v2/tickets/specs/t055_asset_browser_search.md)
T-055	citations	SHIPPED_HISTORY.md	documentation_v2/archive/shipped_history/shipped_history.md	rewrite	parent file; bare basename of docs/platform/SHIPPED_HISTORY.md; idx 2; the basename changes, so the bare name becomes the full final path; replace whole-token occurrences only (not preceded by '/', '_', '-', a letter or a digit), after the full-path rows
T-056	spec	docs/specs/Mission_Creator_Architecture/t056_copy_paste.md	documentation_v2/tickets/specs/t056_copy_paste.md	rewrite	parent file; path; manifest move
T-056	citations	t056_copy_paste.md	-	keep	parent file; bare basename of docs/specs/Mission_Creator_Architecture/t056_copy_paste.md; idx 0; the basename stays (documentation_v2/tickets/specs/t056_copy_paste.md)
T-056	citations	SHIPPED_HISTORY.md	documentation_v2/archive/shipped_history/shipped_history.md	rewrite	parent file; bare basename of docs/platform/SHIPPED_HISTORY.md; idx 2; the basename changes, so the bare name becomes the full final path; replace whole-token occurrences only (not preceded by '/', '_', '-', a letter or a digit), after the full-path rows
T-057	spec	docs/specs/Mission_Creator_Architecture/t057_map_performance_hotfix.md	documentation_v2/tickets/specs/t057_map_performance_hotfix.md	rewrite	parent file; path; manifest move
T-057	citations	t057_map_performance_hotfix.md	-	keep	parent file; bare basename of docs/specs/Mission_Creator_Architecture/t057_map_performance_hotfix.md; idx 0; the basename stays (documentation_v2/tickets/specs/t057_map_performance_hotfix.md)
T-057	citations	SHIPPED_HISTORY.md	documentation_v2/archive/shipped_history/shipped_history.md	rewrite	parent file; bare basename of docs/platform/SHIPPED_HISTORY.md; idx 2; the basename changes, so the bare name becomes the full final path; replace whole-token occurrences only (not preceded by '/', '_', '-', a letter or a digit), after the full-path rows
T-058	spec	docs/specs/Mission_Creator_Architecture/t058_entity_count_readout.md	documentation_v2/tickets/specs/t058_entity_count_readout.md	rewrite	parent file; path; manifest move
T-058	citations	t058_entity_count_readout.md	-	keep	parent file; bare basename of docs/specs/Mission_Creator_Architecture/t058_entity_count_readout.md; idx 2; the basename stays (documentation_v2/tickets/specs/t058_entity_count_readout.md)
T-059	spec	docs/specs/Mission_Creator_Architecture/t059_bulk_paste_operations.md	documentation_v2/tickets/specs/t059_bulk_paste_operations.md	rewrite	parent file; path; manifest move
T-059	citations	t059_bulk_paste_operations.md	-	keep	parent file; bare basename of docs/specs/Mission_Creator_Architecture/t059_bulk_paste_operations.md; idx 2; the basename stays (documentation_v2/tickets/specs/t059_bulk_paste_operations.md)
T-060	spec	docs/specs/Mission_Creator_Architecture/t060_fast_initial_load.md	documentation_v2/tickets/specs/t060_fast_initial_load.md	rewrite	parent file; path; manifest move
T-060	citations	t060_fast_initial_load.md	-	keep	parent file; bare basename of docs/specs/Mission_Creator_Architecture/t060_fast_initial_load.md; idx 2; the basename stays (documentation_v2/tickets/specs/t060_fast_initial_load.md)
T-061	spec	docs/specs/Mission_Creator_Architecture/t061_drag_move_hotfix.md	documentation_v2/tickets/specs/t061_drag_move_hotfix.md	rewrite	parent file; path; manifest move
T-061	citations	t061_drag_move_hotfix.md	-	keep	parent file; bare basename of docs/specs/Mission_Creator_Architecture/t061_drag_move_hotfix.md; idx 2; the basename stays (documentation_v2/tickets/specs/t061_drag_move_hotfix.md)
T-062	spec	docs/specs/Mission_Creator_Architecture/t062_incremental_bindings.md	documentation_v2/tickets/specs/t062_incremental_bindings.md	rewrite	parent file; path; manifest move
T-062	citations	t062_incremental_bindings.md	-	keep	parent file; bare basename of docs/specs/Mission_Creator_Architecture/t062_incremental_bindings.md; idx 2; the basename stays (documentation_v2/tickets/specs/t062_incremental_bindings.md)
T-063	spec	docs/specs/Mission_Creator_Architecture/t063_spatial_index.md	documentation_v2/tickets/specs/t063_spatial_index.md	rewrite	parent file; path; manifest move
T-063	citations	t063_spatial_index.md	-	keep	parent file; bare basename of docs/specs/Mission_Creator_Architecture/t063_spatial_index.md; idx 0; the basename stays (documentation_v2/tickets/specs/t063_spatial_index.md)
T-064	spec	docs/specs/Mission_Creator_Architecture/t064_virtualized_outliner.md	documentation_v2/tickets/specs/t064_virtualized_outliner.md	rewrite	parent file; path; manifest move
T-064	citations	t064_virtualized_outliner.md	-	keep	parent file; bare basename of docs/specs/Mission_Creator_Architecture/t064_virtualized_outliner.md; idx 0; the basename stays (documentation_v2/tickets/specs/t064_virtualized_outliner.md)
T-065	spec	docs/specs/Mission_Creator_Architecture/t065_cluster_lod.md	documentation_v2/tickets/specs/t065_cluster_lod.md	rewrite	parent file; path; manifest move
T-065	citations	t065_cluster_lod.md	-	keep	parent file; bare basename of docs/specs/Mission_Creator_Architecture/t065_cluster_lod.md; idx 0; the basename stays (documentation_v2/tickets/specs/t065_cluster_lod.md)
T-066	spec	docs/specs/Mission_Creator_Architecture/t066_worker_compile.md	documentation_v2/tickets/specs/t066_worker_compile.md	rewrite	parent file; path; manifest move
T-066	citations	t066_worker_compile.md	-	keep	parent file; bare basename of docs/specs/Mission_Creator_Architecture/t066_worker_compile.md; idx 0; the basename stays (documentation_v2/tickets/specs/t066_worker_compile.md)
T-067	spec	docs/specs/Mission_Creator_Architecture/t067_spatial_chunks.md	documentation_v2/tickets/specs/t067_spatial_chunks.md	rewrite	parent file; path; manifest move
T-067.0	citations	t067_spatial_chunks.md	-	keep	child file; bare basename of docs/specs/Mission_Creator_Architecture/t067_spatial_chunks.md; idx 0; the basename stays (documentation_v2/tickets/specs/t067_spatial_chunks.md)
T-067.0	citations	SHIPPED_HISTORY.md	documentation_v2/archive/shipped_history/shipped_history.md	rewrite	child file; bare basename of docs/platform/SHIPPED_HISTORY.md; idx 1; the basename changes, so the bare name becomes the full final path; replace whole-token occurrences only (not preceded by '/', '_', '-', a letter or a digit), after the full-path rows
T-067.0.1	citations	t067_spatial_chunks.md	-	keep	child file; bare basename of docs/specs/Mission_Creator_Architecture/t067_spatial_chunks.md; idx 0; the basename stays (documentation_v2/tickets/specs/t067_spatial_chunks.md)
T-067.1	spec	docs/specs/ideas/t067_1_chunk_eviction.md	documentation_v2/tickets/specs/t067_1_chunk_eviction.md	rewrite	child file; path; manifest move
T-067.1	plan	docs/plans/t-067_1_plan.md	documentation_v2/tickets/plans/t-067_1_plan.md	rewrite	child file; path; manifest move
T-068	summary	t068_virtual_arsenal_program.md	-	keep	parent file; bare basename of docs/specs/Mission_Creator_Architecture/t068_virtual_arsenal_program.md; the basename stays (documentation_v2/tickets/specs/t068_virtual_arsenal_program.md)
T-068	summary	t068_15_cargo_program.md	-	keep	parent file; bare basename of docs/specs/Mission_Creator_Architecture/t068_15_cargo_program.md; the basename stays (documentation_v2/tickets/specs/t068_15_cargo_program.md)
T-068	spec	docs/specs/Mission_Creator_Architecture/t068_virtual_arsenal_program.md	documentation_v2/tickets/specs/t068_virtual_arsenal_program.md	rewrite	parent file; path; manifest move
T-068.0	citations	t068_virtual_arsenal_program.md	-	keep	child file; bare basename of docs/specs/Mission_Creator_Architecture/t068_virtual_arsenal_program.md; idx 0; the basename stays (documentation_v2/tickets/specs/t068_virtual_arsenal_program.md)
T-068.0.1	citations	t068_0_1_registry_schemas.md	-	keep	child file; bare basename of docs/specs/Mission_Creator_Architecture/t068_0_1_registry_schemas.md; idx 0; the basename stays (documentation_v2/tickets/specs/t068_0_1_registry_schemas.md)
T-068.1	citations	t068_1_workbench_flat_export.md	-	keep	child file; bare basename of docs/specs/Mission_Creator_Architecture/t068_1_workbench_flat_export.md; idx 0; the basename stays (documentation_v2/tickets/specs/t068_1_workbench_flat_export.md)
T-068.2	citations	t068_2_registry_api.md	-	keep	child file; bare basename of docs/specs/Mission_Creator_Architecture/t068_2_registry_api.md; idx 0; the basename stays (documentation_v2/tickets/specs/t068_2_registry_api.md)
T-068.3	citations	t068_3_palette_wire.md	-	keep	child file; bare basename of docs/specs/Mission_Creator_Architecture/t068_3_palette_wire.md; idx 0; the basename stays (documentation_v2/tickets/specs/t068_3_palette_wire.md)
T-068.4	citations	t068_4_dumb_loadout_ui.md	-	keep	child file; bare basename of docs/specs/Mission_Creator_Architecture/t068_4_dumb_loadout_ui.md; idx 0; the basename stays (documentation_v2/tickets/specs/t068_4_dumb_loadout_ui.md)
T-068.5	citations	t068_5_mod_equip_loadout.md	-	keep	child file; bare basename of docs/specs/Mission_Creator_Architecture/t068_5_mod_equip_loadout.md; idx 0; the basename stays (documentation_v2/tickets/specs/t068_5_mod_equip_loadout.md)
T-068.5.1	citations	t068_5_1_visual_equip_fix.md	-	keep	child file; bare basename of docs/specs/Mission_Creator_Architecture/t068_5_1_visual_equip_fix.md; idx 0; the basename stays (documentation_v2/tickets/specs/t068_5_1_visual_equip_fix.md)
T-068.6	citations	t068_6_phase1_e2e_gate.md	-	keep	child file; bare basename of docs/specs/Mission_Creator_Architecture/t068_6_phase1_e2e_gate.md; idx 0; the basename stays (documentation_v2/tickets/specs/t068_6_phase1_e2e_gate.md)
T-068.7	approach	t068_7_compat_matrix_spec.md	-	keep	child file; bare basename of docs/specs/Mission_Creator_Architecture/t068_7_compat_matrix_spec.md; idx 0; the basename stays (documentation_v2/tickets/specs/t068_7_compat_matrix_spec.md)
T-068.7	verify	docs/specs/Mission_Creator_Architecture/t068_7_compat_matrix_spec.md	documentation_v2/tickets/specs/t068_7_compat_matrix_spec.md	rewrite	child file; path; idx 0; manifest move
T-068.7	citations	t068_7_compat_matrix_spec.md	-	keep	child file; bare basename of docs/specs/Mission_Creator_Architecture/t068_7_compat_matrix_spec.md; idx 0; the basename stays (documentation_v2/tickets/specs/t068_7_compat_matrix_spec.md)
T-068.8	citations	t068_8_workbench_compat_export.md	-	keep	child file; bare basename of docs/specs/Mission_Creator_Architecture/t068_8_workbench_compat_export.md; idx 0; the basename stays (documentation_v2/tickets/specs/t068_8_workbench_compat_export.md)
T-068.9	spec	docs/specs/Mission_Creator_Architecture/t068_9_registry_worker_ingest.md	documentation_v2/tickets/specs/t068_9_registry_worker_ingest.md	rewrite	child file; path; manifest move
T-068.9	citations	t068_9_registry_worker_ingest.md	-	keep	child file; bare basename of docs/specs/Mission_Creator_Architecture/t068_9_registry_worker_ingest.md; idx 1; the basename stays (documentation_v2/tickets/specs/t068_9_registry_worker_ingest.md)
T-068.10	spec	docs/specs/Mission_Creator_Architecture/t068_10_smart_forge_ui.md	documentation_v2/tickets/specs/t068_10_smart_forge_ui.md	rewrite	child file; path; manifest move
T-068.10	citations	t068_10_smart_forge_ui.md	-	keep	child file; bare basename of docs/specs/Mission_Creator_Architecture/t068_10_smart_forge_ui.md; idx 0; the basename stays (documentation_v2/tickets/specs/t068_10_smart_forge_ui.md)
T-068.10.2	spec	docs/specs/Mission_Creator_Architecture/t068_10_2_exporter_reclassify.md	documentation_v2/tickets/specs/t068_10_2_exporter_reclassify.md	rewrite	child file; path; manifest move
T-068.10.2	citations	t068_10_2_exporter_reclassify.md	-	keep	child file; bare basename of docs/specs/Mission_Creator_Architecture/t068_10_2_exporter_reclassify.md; idx 0; the basename stays (documentation_v2/tickets/specs/t068_10_2_exporter_reclassify.md)
T-068.10.3	spec	docs/specs/Mission_Creator_Architecture/t068_10_3_forge_picker_ux.md	documentation_v2/tickets/specs/t068_10_3_forge_picker_ux.md	rewrite	child file; path; manifest move
T-068.10.3	context	t068_virtual_arsenal_program.md	-	keep	child file; bare basename of docs/specs/Mission_Creator_Architecture/t068_virtual_arsenal_program.md; idx 1; the basename stays (documentation_v2/tickets/specs/t068_virtual_arsenal_program.md)
T-068.10.3	context	t068_10_2_exporter_reclassify.md	-	keep	child file; bare basename of docs/specs/Mission_Creator_Architecture/t068_10_2_exporter_reclassify.md; idx 1; the basename stays (documentation_v2/tickets/specs/t068_10_2_exporter_reclassify.md)
T-068.10.3	citations	t068_10_3_forge_picker_ux.md	-	keep	child file; bare basename of docs/specs/Mission_Creator_Architecture/t068_10_3_forge_picker_ux.md; idx 0; the basename stays (documentation_v2/tickets/specs/t068_10_3_forge_picker_ux.md)
T-068.10.4	spec	docs/specs/Mission_Creator_Architecture/t068_10_4_loadout_doc_v2.md	documentation_v2/tickets/specs/t068_10_4_loadout_doc_v2.md	rewrite	child file; path; manifest move
T-068.10.4	citations	t068_10_4_loadout_doc_v2.md	-	keep	child file; bare basename of docs/specs/Mission_Creator_Architecture/t068_10_4_loadout_doc_v2.md; idx 0; the basename stays (documentation_v2/tickets/specs/t068_10_4_loadout_doc_v2.md)
T-068.10.5	spec	docs/specs/Mission_Creator_Architecture/t068_10_5_weapon_variants.md	documentation_v2/tickets/specs/t068_10_5_weapon_families.md	rewrite	child file; never tracked; the ticket's notes and citations name .ai/artifacts/t068_10_5_weapon_families.md, the spec-like census P0-2 moves to documentation_v2/tickets/specs/; operator-directed target (the file the ticket's citations name); P1-2 first repoints this spec at .ai/artifacts/t068_10_5_weapon_families.md (plan amendment), so the next row carries that value
T-068.10.5	spec	.ai/artifacts/t068_10_5_weapon_families.md	documentation_v2/tickets/specs/t068_10_5_weapon_families.md	rewrite	child file; added by P0-5; the value P1-2 sets before the cutover (plan amendment); P2-3 applies whichever of this row and the previous one matches the field
T-068.10.5	notes	t068_10_5_weapon_families.md	-	keep	child file; bare basename of cited .ai/artifacts spec .ai/artifacts/t068_10_5_weapon_families.md; the basename stays (documentation_v2/tickets/specs/t068_10_5_weapon_families.md)
T-068.10.5	citations	t068_10_5_weapon_families.md	-	keep	child file; bare basename of cited .ai/artifacts spec .ai/artifacts/t068_10_5_weapon_families.md; idx 0; the basename stays (documentation_v2/tickets/specs/t068_10_5_weapon_families.md)
T-068.10.6	spec	docs/specs/Mission_Creator_Architecture/t068_10_6_arsenal_expanded_modal.md	documentation_v2/tickets/specs/t068_10_6_arsenal_expanded_modal.md	rewrite	child file; path; manifest move
T-068.10.6	citations	t068_10_6_arsenal_expanded_modal.md	-	keep	child file; bare basename of docs/specs/Mission_Creator_Architecture/t068_10_6_arsenal_expanded_modal.md; idx 0; the basename stays (documentation_v2/tickets/specs/t068_10_6_arsenal_expanded_modal.md)
T-068.10.7	spec	docs/specs/Mission_Creator_Architecture/t068_10_7_arsenal_paper_doll.md	documentation_v2/tickets/specs/t068_10_7_arsenal_paper_doll.md	rewrite	child file; path; manifest move
T-068.10.7	citations	t068_10_7_arsenal_paper_doll.md	-	keep	child file; bare basename of docs/specs/Mission_Creator_Architecture/t068_10_7_arsenal_paper_doll.md; idx 0; the basename stays (documentation_v2/tickets/specs/t068_10_7_arsenal_paper_doll.md)
T-068.10.8	spec	docs/specs/Mission_Creator_Architecture/t068_10_8_arsenal_ux_pass2.md	documentation_v2/tickets/specs/t068_10_8_arsenal_ux_pass2.md	rewrite	child file; path; manifest move
T-068.10.8	citations	t068_10_8_arsenal_ux_pass2.md	-	keep	child file; bare basename of docs/specs/Mission_Creator_Architecture/t068_10_8_arsenal_ux_pass2.md; idx 1; the basename stays (documentation_v2/tickets/specs/t068_10_8_arsenal_ux_pass2.md)
T-068.11	spec	docs/specs/Mission_Creator_Architecture/t068_11_compiler_loadout_export.md	documentation_v2/tickets/specs/t068_11_compiler_loadout_export.md	rewrite	child file; path; manifest move
T-068.11	citations	t068_11_compiler_loadout_export.md	-	keep	child file; bare basename of docs/specs/Mission_Creator_Architecture/t068_11_compiler_loadout_export.md; idx 0; the basename stays (documentation_v2/tickets/specs/t068_11_compiler_loadout_export.md)
T-068.12	spec	docs/specs/Mission_Creator_Architecture/t068_12_mod_player_loadout_equip.md	documentation_v2/tickets/specs/t068_12_mod_player_loadout_equip.md	rewrite	child file; path; manifest move
T-068.12	citations	t068_12_mod_player_loadout_equip.md	-	keep	child file; bare basename of docs/specs/Mission_Creator_Architecture/t068_12_mod_player_loadout_equip.md; idx 0; the basename stays (documentation_v2/tickets/specs/t068_12_mod_player_loadout_equip.md)
T-068.13	notes	docs/mod/t181_event_mod_program.md	documentation_v2/tickets/specs/t181_event_mod_program.md	rewrite	child file; path; manifest move
T-068.13	approach	docs/mod/t181_event_mod_program.md	documentation_v2/tickets/specs/t181_event_mod_program.md	rewrite	child file; path; idx 0; manifest move
T-068.13	citations	t068_virtual_arsenal_program.md	-	keep	child file; bare basename of docs/specs/Mission_Creator_Architecture/t068_virtual_arsenal_program.md; idx 1; the basename stays (documentation_v2/tickets/specs/t068_virtual_arsenal_program.md)
T-068.13	citations	SHIPPED_HISTORY.md	documentation_v2/archive/shipped_history/shipped_history.md	rewrite	child file; bare basename of docs/platform/SHIPPED_HISTORY.md; idx 2; the basename changes, so the bare name becomes the full final path; replace whole-token occurrences only (not preceded by '/', '_', '-', a letter or a digit), after the full-path rows
T-068.14	requirement	t068_14_phase2_e2e_gate.md	-	keep	child file; bare basename of docs/specs/Mission_Creator_Architecture/t068_14_phase2_e2e_gate.md; idx 0; the basename stays (documentation_v2/tickets/specs/t068_14_phase2_e2e_gate.md)
T-068.14	approach	docs/platform/PLAYTEST_RUNBOOK.md	documentation_v2/runbooks/two_client_playtest/README.md	rewrite	child file; path; idx 0; manifest move+rename
T-068.14	citations	t068_14_phase2_e2e_gate.md	-	keep	child file; bare basename of docs/specs/Mission_Creator_Architecture/t068_14_phase2_e2e_gate.md; idx 0; the basename stays (documentation_v2/tickets/specs/t068_14_phase2_e2e_gate.md)
T-068.14	citations	PLAYTEST_RUNBOOK.md	documentation_v2/runbooks/two_client_playtest/README.md	rewrite	child file; bare basename of docs/platform/PLAYTEST_RUNBOOK.md; idx 1; the basename changes, so the bare name becomes the full final path; replace whole-token occurrences only (not preceded by '/', '_', '-', a letter or a digit), after the full-path rows
T-068.14	owns	docs/mod/capability_verdicts.tsv	documentation_v2/mod/tbd-framework/capability_verdicts.tsv	rewrite	child file; path; idx 0; manifest move
T-068.15	spec	docs/specs/Mission_Creator_Architecture/t068_15_cargo_program.md	documentation_v2/tickets/specs/t068_15_cargo_program.md	rewrite	child file; path; manifest move
T-068.15	approach	t068_15_cargo_program.md	-	keep	child file; bare basename of docs/specs/Mission_Creator_Architecture/t068_15_cargo_program.md; idx 0; the basename stays (documentation_v2/tickets/specs/t068_15_cargo_program.md)
T-068.15	citations	t068_15_cargo_program.md	-	keep	child file; bare basename of docs/specs/Mission_Creator_Architecture/t068_15_cargo_program.md; idx 0; the basename stays (documentation_v2/tickets/specs/t068_15_cargo_program.md)
T-068.15.1	spec	docs/specs/Mission_Creator_Architecture/t068_15_1_cargo_capacity_export.md	documentation_v2/tickets/specs/t068_15_1_cargo_capacity_export.md	rewrite	child file; path; manifest move
T-068.15.1	citations	t068_15_1_cargo_capacity_export.md	-	keep	child file; bare basename of docs/specs/Mission_Creator_Architecture/t068_15_1_cargo_capacity_export.md; idx 0; the basename stays (documentation_v2/tickets/specs/t068_15_1_cargo_capacity_export.md)
T-068.15.2	spec	docs/specs/Mission_Creator_Architecture/t068_15_2_arsenal_cargo_ui.md	documentation_v2/tickets/specs/t068_15_2_arsenal_cargo_ui.md	rewrite	child file; path; manifest move
T-068.15.2	citations	t068_15_2_arsenal_cargo_ui.md	-	keep	child file; bare basename of docs/specs/Mission_Creator_Architecture/t068_15_2_arsenal_cargo_ui.md; idx 0; the basename stays (documentation_v2/tickets/specs/t068_15_2_arsenal_cargo_ui.md)
T-069	spec	docs/specs/Mission_Creator_Architecture/t069_markers_on_map.md	documentation_v2/tickets/specs/t069_markers_on_map.md	rewrite	parent file; path; manifest move
T-069	citations	t069_markers_on_map.md	-	keep	parent file; bare basename of docs/specs/Mission_Creator_Architecture/t069_markers_on_map.md; idx 1; the basename stays (documentation_v2/tickets/specs/t069_markers_on_map.md)
T-071	summary	t180_orbat_eden_program.md	-	keep	parent file; bare basename of docs/specs/Mission_Creator_Architecture/t180_orbat_eden_program.md; the basename stays (documentation_v2/tickets/specs/t180_orbat_eden_program.md)
T-071	spec	docs/specs/Mission_Creator_Architecture/t071_orbat_manager_program.md	documentation_v2/tickets/specs/t071_orbat_manager_program.md	rewrite	parent file; path; manifest move
T-071.0	citations	t177_mc_chrome_orbat_cutover.md	-	keep	child file; bare basename of docs/platform/t177_mc_chrome_orbat_cutover.md; idx 2; the basename stays (documentation_v2/tickets/specs/t177_mc_chrome_orbat_cutover.md)
T-071.1	citations	t071_orbat_manager_program.md	-	keep	child file; bare basename of docs/specs/Mission_Creator_Architecture/t071_orbat_manager_program.md; idx 0; the basename stays (documentation_v2/tickets/specs/t071_orbat_manager_program.md)
T-071.1	citations	t180_orbat_eden_program.md	-	keep	child file; bare basename of docs/specs/Mission_Creator_Architecture/t180_orbat_eden_program.md; idx 2; the basename stays (documentation_v2/tickets/specs/t180_orbat_eden_program.md)
T-071.2	citations	t177_mc_chrome_orbat_cutover.md	-	keep	child file; bare basename of docs/platform/t177_mc_chrome_orbat_cutover.md; idx 0; the basename stays (documentation_v2/tickets/specs/t177_mc_chrome_orbat_cutover.md)
T-071.3	citations	t071_orbat_manager_program.md	-	keep	child file; bare basename of docs/specs/Mission_Creator_Architecture/t071_orbat_manager_program.md; idx 0; the basename stays (documentation_v2/tickets/specs/t071_orbat_manager_program.md)
T-071.4	citations	t071_orbat_manager_program.md	-	keep	child file; bare basename of docs/specs/Mission_Creator_Architecture/t071_orbat_manager_program.md; idx 0; the basename stays (documentation_v2/tickets/specs/t071_orbat_manager_program.md)
T-090	spec	docs/specs/Mission_Creator_Architecture/t090_091_map_terrain_program.md	documentation_v2/tickets/specs/t090_091_map_terrain_program.md	rewrite	parent file; path; manifest move
T-090.0	spec	docs/specs/Mission_Creator_Architecture/t090_0_map_program_hub.md	documentation_v2/tickets/specs/t090_0_map_program_hub.md	rewrite	child file; path; manifest move
T-090.0	citations	t090_0_map_program_hub.md	-	keep	child file; bare basename of docs/specs/Mission_Creator_Architecture/t090_0_map_program_hub.md; idx 0; the basename stays (documentation_v2/tickets/specs/t090_0_map_program_hub.md)
T-090.0.1	spec	docs/specs/Mission_Creator_Architecture/t090_091_map_terrain_program.md	documentation_v2/tickets/specs/t090_091_map_terrain_program.md	rewrite	child file; path; manifest move
T-090.0.1	approach	t090_091_map_terrain_program.md	-	keep	child file; bare basename of docs/specs/Mission_Creator_Architecture/t090_091_map_terrain_program.md; idx 0; the basename stays (documentation_v2/tickets/specs/t090_091_map_terrain_program.md)
T-090.0.1	acceptance	t090_091_map_terrain_program.md	-	keep	child file; bare basename of docs/specs/Mission_Creator_Architecture/t090_091_map_terrain_program.md; idx 1; the basename stays (documentation_v2/tickets/specs/t090_091_map_terrain_program.md)
T-090.0.1	citations	t090_091_map_terrain_program.md	-	keep	child file; bare basename of docs/specs/Mission_Creator_Architecture/t090_091_map_terrain_program.md; idx 0; the basename stays (documentation_v2/tickets/specs/t090_091_map_terrain_program.md)
T-090.0.2	spec	docs/specs/Mission_Creator_Architecture/t090_091_map_terrain_program.md	documentation_v2/tickets/specs/t090_091_map_terrain_program.md	rewrite	child file; path; manifest move
T-090.1	spec	docs/specs/Mission_Creator_Architecture/t090_1_aligned_basemap.md	documentation_v2/tickets/specs/t090_1_aligned_basemap.md	rewrite	child file; path; manifest move
T-090.1	citations	t090_1_aligned_basemap.md	-	keep	child file; bare basename of docs/specs/Mission_Creator_Architecture/t090_1_aligned_basemap.md; idx 1; the basename stays (documentation_v2/tickets/specs/t090_1_aligned_basemap.md)
T-090.1.1	spec	docs/specs/Mission_Creator_Architecture/t090_1_1_map_cartographic_view.md	documentation_v2/tickets/specs/t090_1_1_map_cartographic_view.md	rewrite	child file; path; manifest move
T-090.1.1	citations	t090_1_1_map_cartographic_view.md	-	keep	child file; bare basename of docs/specs/Mission_Creator_Architecture/t090_1_1_map_cartographic_view.md; idx 0; the basename stays (documentation_v2/tickets/specs/t090_1_1_map_cartographic_view.md)
T-090.1.1.1	spec	docs/specs/Mission_Creator_Architecture/t090_1_1_1_map_landcover_compose.md	documentation_v2/tickets/specs/t090_1_1_1_map_landcover_compose.md	rewrite	child file; path; manifest move
T-090.1.1.1	citations	t090_1_1_1_map_landcover_compose.md	-	keep	child file; bare basename of docs/specs/Mission_Creator_Architecture/t090_1_1_1_map_landcover_compose.md; idx 2; the basename stays (documentation_v2/tickets/specs/t090_1_1_1_map_landcover_compose.md)
T-090.1.2	spec	docs/specs/Mission_Creator_Architecture/t090_1_2_sap_supertexture_satellite.md	documentation_v2/tickets/specs/t090_1_2_sap_supertexture_satellite.md	rewrite	child file; path; manifest move
T-090.1.2	citations	t090_1_2_sap_supertexture_satellite.md	-	keep	child file; bare basename of docs/specs/Mission_Creator_Architecture/t090_1_2_sap_supertexture_satellite.md; idx 1; the basename stays (documentation_v2/tickets/specs/t090_1_2_sap_supertexture_satellite.md)
T-090.1.2.1	spec	docs/specs/Mission_Creator_Architecture/t090_1_2_1_lossless_satellite_pyramid.md	documentation_v2/tickets/specs/t090_1_2_1_lossless_satellite_pyramid.md	rewrite	child file; path; manifest move
T-090.1.2.1	citations	t090_1_2_1_lossless_satellite_pyramid.md	-	keep	child file; bare basename of docs/specs/Mission_Creator_Architecture/t090_1_2_1_lossless_satellite_pyramid.md; idx 0; the basename stays (documentation_v2/tickets/specs/t090_1_2_1_lossless_satellite_pyramid.md)
T-090.1.2.2	spec	docs/specs/Mission_Creator_Architecture/t090_1_2_2_sap_cell_seam_repair.md	documentation_v2/tickets/specs/t090_1_2_2_sap_cell_seam_repair.md	rewrite	child file; path; manifest move
T-090.1.2.2	citations	t090_1_2_2_sap_cell_seam_repair.md	-	keep	child file; bare basename of docs/specs/Mission_Creator_Architecture/t090_1_2_2_sap_cell_seam_repair.md; idx 0; the basename stays (documentation_v2/tickets/specs/t090_1_2_2_sap_cell_seam_repair.md)
T-090.1.2.3	spec	docs/specs/Mission_Creator_Architecture/t090_1_2_3_basemap_tile_prefetch.md	documentation_v2/tickets/specs/t090_1_2_3_basemap_tile_prefetch.md	rewrite	child file; path; manifest move
T-090.1.2.4	spec	docs/specs/Mission_Creator_Architecture/t090_1_2_4_engine_render_ortho_spike.md	documentation_v2/tickets/specs/t090_1_2_4_engine_render_ortho_spike.md	rewrite	child file; path; manifest move
T-090.1.2.4	citations	t090_1_2_4_engine_render_ortho_spike.md	-	keep	child file; bare basename of docs/specs/Mission_Creator_Architecture/t090_1_2_4_engine_render_ortho_spike.md; idx 0; the basename stays (documentation_v2/tickets/specs/t090_1_2_4_engine_render_ortho_spike.md)
T-090.1.2.5	spec	docs/specs/Mission_Creator_Architecture/t090_1_2_5_satellite_water_composite.md	documentation_v2/tickets/specs/t090_1_2_5_satellite_water_composite.md	rewrite	child file; path; manifest move
T-090.1.2.5	citations	t090_1_2_5_satellite_water_composite.md	-	keep	child file; bare basename of docs/specs/Mission_Creator_Architecture/t090_1_2_5_satellite_water_composite.md; idx 2; the basename stays (documentation_v2/tickets/specs/t090_1_2_5_satellite_water_composite.md)
T-090.1.2.5.1	spec	docs/specs/Mission_Creator_Architecture/t090_1_2_5_1_water_mask_refine.md	documentation_v2/tickets/specs/t090_1_2_5_1_water_mask_refine.md	rewrite	child file; path; manifest move
T-090.1.2.5.1	citations	t090_1_2_5_1_water_mask_refine.md	-	keep	child file; bare basename of docs/specs/Mission_Creator_Architecture/t090_1_2_5_1_water_mask_refine.md; idx 0; the basename stays (documentation_v2/tickets/specs/t090_1_2_5_1_water_mask_refine.md)
T-090.1.2.5.2	spec	docs/specs/Mission_Creator_Architecture/t090_1_2_5_2_water_topo_refine.md	documentation_v2/tickets/specs/t090_1_2_5_2_water_topo_refine.md	rewrite	child file; path; manifest move
T-090.1.2.5.2	citations	t090_1_2_5_2_water_topo_refine.md	-	keep	child file; bare basename of docs/specs/Mission_Creator_Architecture/t090_1_2_5_2_water_topo_refine.md; idx 2; the basename stays (documentation_v2/tickets/specs/t090_1_2_5_2_water_topo_refine.md)
T-090.1.2.6	spec	docs/specs/Mission_Creator_Architecture/t090_1_2_6_hillshade_blend_control.md	documentation_v2/tickets/specs/t090_1_2_6_hillshade_blend_control.md	rewrite	child file; path; manifest move
T-090.1.2.6	citations	t090_1_2_6_hillshade_blend_control.md	-	keep	child file; bare basename of docs/specs/Mission_Creator_Architecture/t090_1_2_6_hillshade_blend_control.md; idx 2; the basename stays (documentation_v2/tickets/specs/t090_1_2_6_hillshade_blend_control.md)
T-090.1.2.8	spec	docs/specs/Mission_Creator_Architecture/t090_1_2_8_unified_satellite_texture.md	documentation_v2/tickets/specs/t090_1_2_8_unified_satellite_texture.md	rewrite	child file; path; manifest move
T-090.1.2.8	citations	t090_1_2_8_unified_satellite_texture.md	-	keep	child file; bare basename of docs/specs/Mission_Creator_Architecture/t090_1_2_8_unified_satellite_texture.md; idx 2; the basename stays (documentation_v2/tickets/specs/t090_1_2_8_unified_satellite_texture.md)
T-090.1.2.9	spec	docs/specs/Mission_Creator_Architecture/t090_1_2_9_satellite_road_overlay.md	documentation_v2/tickets/specs/t090_1_2_9_satellite_road_overlay.md	rewrite	child file; path; manifest move
T-090.2	spec	docs/specs/Mission_Creator_Architecture/t090_2_map_object_taxonomy.md	documentation_v2/tickets/specs/t090_2_map_object_taxonomy.md	rewrite	child file; path; manifest move
T-090.2	citations	t090_2_map_object_taxonomy.md	-	keep	child file; bare basename of docs/specs/Mission_Creator_Architecture/t090_2_map_object_taxonomy.md; idx 2; the basename stays (documentation_v2/tickets/specs/t090_2_map_object_taxonomy.md)
T-090.3	spec	docs/specs/Mission_Creator_Architecture/t090_3_map_asset_export.md	documentation_v2/tickets/specs/t090_3_map_asset_export.md	rewrite	child file; path; manifest move
T-090.3.0	spec	docs/specs/Mission_Creator_Architecture/t090_3_0_workbench_export_spike.md	documentation_v2/tickets/specs/t090_3_0_workbench_export_spike.md	rewrite	child file; path; manifest move
T-090.3.0	citations	t090_3_0_workbench_export_spike.md	-	keep	child file; bare basename of docs/specs/Mission_Creator_Architecture/t090_3_0_workbench_export_spike.md; idx 1; the basename stays (documentation_v2/tickets/specs/t090_3_0_workbench_export_spike.md)
T-090.3.1	spec	docs/specs/Mission_Creator_Architecture/t090_3_map_asset_export.md	documentation_v2/tickets/specs/t090_3_map_asset_export.md	rewrite	child file; path; manifest move
T-090.3.1	citations	t090_3_map_asset_export.md	-	keep	child file; bare basename of docs/specs/Mission_Creator_Architecture/t090_3_map_asset_export.md; idx 1; the basename stays (documentation_v2/tickets/specs/t090_3_map_asset_export.md)
T-090.3.2	spec	docs/specs/Mission_Creator_Architecture/t090_3_map_asset_export.md	documentation_v2/tickets/specs/t090_3_map_asset_export.md	rewrite	child file; path; manifest move
T-090.3.2	citations	t090_3_map_asset_export.md	-	keep	child file; bare basename of docs/specs/Mission_Creator_Architecture/t090_3_map_asset_export.md; idx 1; the basename stays (documentation_v2/tickets/specs/t090_3_map_asset_export.md)
T-090.3.3	spec	docs/specs/Mission_Creator_Architecture/t090_3_map_asset_export.md	documentation_v2/tickets/specs/t090_3_map_asset_export.md	rewrite	child file; path; manifest move
T-090.3.3	citations	t090_3_map_asset_export.md	-	keep	child file; bare basename of docs/specs/Mission_Creator_Architecture/t090_3_map_asset_export.md; idx 1; the basename stays (documentation_v2/tickets/specs/t090_3_map_asset_export.md)
T-090.4	spec	docs/specs/Mission_Creator_Architecture/t090_4_z_placement_audit.md	documentation_v2/tickets/specs/t090_4_z_placement_audit.md	rewrite	child file; path; manifest move
T-090.4	plan	docs/plans/t-090_4_plan.md	documentation_v2/tickets/plans/t-090_4_plan.md	rewrite	child file; path; manifest move
T-090.5	spec	docs/specs/Mission_Creator_Architecture/t090_5_map_object_render_layer.md	documentation_v2/tickets/specs/t090_5_map_object_render_layer.md	rewrite	child file; path; manifest move
T-090.5.1	spec	docs/specs/Mission_Creator_Architecture/t090_5_map_object_render_layer.md	documentation_v2/tickets/specs/t090_5_map_object_render_layer.md	rewrite	child file; path; manifest move
T-090.5.1	citations	t090_5_map_object_render_layer.md	-	keep	child file; bare basename of docs/specs/Mission_Creator_Architecture/t090_5_map_object_render_layer.md; idx 1; the basename stays (documentation_v2/tickets/specs/t090_5_map_object_render_layer.md)
T-090.5.2	spec	docs/specs/Mission_Creator_Architecture/t090_5_map_object_render_layer.md	documentation_v2/tickets/specs/t090_5_map_object_render_layer.md	rewrite	child file; path; manifest move
T-090.5.2	citations	t090_5_map_object_render_layer.md	-	keep	child file; bare basename of docs/specs/Mission_Creator_Architecture/t090_5_map_object_render_layer.md; idx 2; the basename stays (documentation_v2/tickets/specs/t090_5_map_object_render_layer.md)
T-090.5.2.1	spec	docs/specs/Mission_Creator_Architecture/t090_5_map_object_render_layer.md	documentation_v2/tickets/specs/t090_5_map_object_render_layer.md	rewrite	child file; path; manifest move
T-090.5.2.1	citations	t090_5_map_object_render_layer.md	-	keep	child file; bare basename of docs/specs/Mission_Creator_Architecture/t090_5_map_object_render_layer.md; idx 1; the basename stays (documentation_v2/tickets/specs/t090_5_map_object_render_layer.md)
T-090.5.2.2	spec	docs/specs/Mission_Creator_Architecture/t090_5_map_object_render_layer.md	documentation_v2/tickets/specs/t090_5_map_object_render_layer.md	rewrite	child file; path; manifest move
T-090.5.2.2	citations	t090_5_map_object_render_layer.md	-	keep	child file; bare basename of docs/specs/Mission_Creator_Architecture/t090_5_map_object_render_layer.md; idx 2; the basename stays (documentation_v2/tickets/specs/t090_5_map_object_render_layer.md)
T-090.5.3	spec	docs/specs/Mission_Creator_Architecture/t090_5_map_object_render_layer.md	documentation_v2/tickets/specs/t090_5_map_object_render_layer.md	rewrite	child file; path; manifest move
T-090.5.3	citations	t090_5_map_object_render_layer.md	-	keep	child file; bare basename of docs/specs/Mission_Creator_Architecture/t090_5_map_object_render_layer.md; idx 2; the basename stays (documentation_v2/tickets/specs/t090_5_map_object_render_layer.md)
T-090.5.4	spec	docs/specs/Mission_Creator_Architecture/t090_5_map_object_render_layer.md	documentation_v2/tickets/specs/t090_5_map_object_render_layer.md	rewrite	child file; path; manifest move
T-090.5.4	citations	t090_5_map_object_render_layer.md	-	keep	child file; bare basename of docs/specs/Mission_Creator_Architecture/t090_5_map_object_render_layer.md; idx 2; the basename stays (documentation_v2/tickets/specs/t090_5_map_object_render_layer.md)
T-090.5.5	spec	docs/specs/Mission_Creator_Architecture/t090_5_map_object_render_layer.md	documentation_v2/tickets/specs/t090_5_map_object_render_layer.md	rewrite	child file; path; manifest move
T-090.5.5	citations	t090_5_map_object_render_layer.md	-	keep	child file; bare basename of docs/specs/Mission_Creator_Architecture/t090_5_map_object_render_layer.md; idx 2; the basename stays (documentation_v2/tickets/specs/t090_5_map_object_render_layer.md)
T-090.6	spec	docs/specs/Mission_Creator_Architecture/t090_6_geometry_placement_audit.md	documentation_v2/tickets/specs/t090_6_geometry_placement_audit.md	rewrite	child file; path; manifest move
T-090.6	plan	docs/plans/t-090_6_plan.md	documentation_v2/tickets/plans/t-090_6_plan.md	rewrite	child file; path; manifest move
T-090.7	spec	docs/specs/Mission_Creator_Architecture/t090_eden_ai_world_object_schema.md	documentation_v2/tickets/specs/t090_eden_ai_world_object_schema.md	rewrite	child file; path; manifest move
T-090.7	plan	docs/plans/t-090_7_plan.md	documentation_v2/tickets/plans/t-090_7_plan.md	rewrite	child file; path; manifest move
T-090.8	spec	docs/specs/Mission_Creator_Architecture/t090_8_forest_vegetation_regions.md	documentation_v2/tickets/specs/t090_8_forest_vegetation_regions.md	rewrite	child file; path; manifest move
T-090.8.1	spec	docs/specs/Mission_Creator_Architecture/t090_8_forest_vegetation_regions.md	documentation_v2/tickets/specs/t090_8_forest_vegetation_regions.md	rewrite	child file; path; manifest move
T-090.8.1	citations	t090_8_forest_vegetation_regions.md	-	keep	child file; bare basename of docs/specs/Mission_Creator_Architecture/t090_8_forest_vegetation_regions.md; idx 2; the basename stays (documentation_v2/tickets/specs/t090_8_forest_vegetation_regions.md)
T-090.9	spec	docs/specs/Mission_Creator_Architecture/t090_9_world_object_interaction.md	documentation_v2/tickets/specs/t090_9_world_object_interaction.md	rewrite	child file; path; manifest move
T-090.9	plan	docs/plans/t-090_9_plan.md	documentation_v2/tickets/plans/t-090_9_plan.md	rewrite	child file; path; manifest move
T-090.10	spec	docs/specs/Mission_Creator_Architecture/t090_10_map_engine_v2.md	documentation_v2/tickets/specs/t090_10_map_engine_v2.md	rewrite	child file; path; manifest move
T-090.10	citations	t090_10_map_engine_v2.md	-	keep	child file; bare basename of docs/specs/Mission_Creator_Architecture/t090_10_map_engine_v2.md; idx 1; the basename stays (documentation_v2/tickets/specs/t090_10_map_engine_v2.md)
T-090.10.1	spec	docs/specs/Mission_Creator_Architecture/t090_10_map_engine_v2.md	documentation_v2/tickets/specs/t090_10_map_engine_v2.md	rewrite	child file; path; manifest move
T-090.10.1	citations	t090_10_map_engine_v2.md	-	keep	child file; bare basename of docs/specs/Mission_Creator_Architecture/t090_10_map_engine_v2.md; idx 1; the basename stays (documentation_v2/tickets/specs/t090_10_map_engine_v2.md)
T-090.10.2	spec	docs/specs/Mission_Creator_Architecture/t090_10_map_engine_v2.md	documentation_v2/tickets/specs/t090_10_map_engine_v2.md	rewrite	child file; path; manifest move
T-090.10.2	plan	docs/plans/t-090_10_2_plan.md	documentation_v2/tickets/plans/t-090_10_2_plan.md	rewrite	child file; path; manifest move
T-090.10.2	citations	t090_10_map_engine_v2.md	-	keep	child file; bare basename of docs/specs/Mission_Creator_Architecture/t090_10_map_engine_v2.md; idx 1; the basename stays (documentation_v2/tickets/specs/t090_10_map_engine_v2.md)
T-090.11	spec	docs/specs/Mission_Creator_Architecture/t090_091_map_terrain_program.md	documentation_v2/tickets/specs/t090_091_map_terrain_program.md	rewrite	child file; path; manifest move
T-090.11	plan	docs/plans/t-090_11_plan.md	documentation_v2/tickets/plans/t-090_11_plan.md	rewrite	child file; path; manifest move
T-090.11	context	docs/specs/Mission_Creator_Architecture/t090_11_architectural_interiors.md	-	manual	child file; never tracked; no file of this name exists anywhere; idx 1; no such file ever existed; suggest keep (historical prose) or drop the mention
T-090.11	owns	docs/plans/t-090_11_plan.md	documentation_v2/tickets/plans/t-090_11_plan.md	rewrite	child file; path; idx 0; manifest move
T-090.11.1	spec	docs/specs/Mission_Creator_Architecture/t090_091_map_terrain_program.md	documentation_v2/tickets/specs/t090_091_map_terrain_program.md	rewrite	child file; path; manifest move
T-090.11.1	plan	docs/plans/t-090_11_1_plan.md	documentation_v2/tickets/plans/t-090_11_1_plan.md	rewrite	child file; path; manifest move
T-090.11.1	context	docs/specs/Mission_Creator_Architecture/t090_11_architectural_interiors.md	-	manual	child file; never tracked; no file of this name exists anywhere; idx 0; no such file ever existed; suggest keep (historical prose) or drop the mention
T-090.11.2	spec	docs/specs/Mission_Creator_Architecture/t090_091_map_terrain_program.md	documentation_v2/tickets/specs/t090_091_map_terrain_program.md	rewrite	child file; path; manifest move
T-090.11.2	plan	docs/plans/t-090_11_2_plan.md	documentation_v2/tickets/plans/t-090_11_2_plan.md	rewrite	child file; path; manifest move
T-090.11.2	context	docs/specs/Mission_Creator_Architecture/t090_11_architectural_interiors.md	-	manual	child file; never tracked; no file of this name exists anywhere; idx 0; no such file ever existed; suggest keep (historical prose) or drop the mention
T-090.11.3	spec	docs/specs/Mission_Creator_Architecture/t090_091_map_terrain_program.md	documentation_v2/tickets/specs/t090_091_map_terrain_program.md	rewrite	child file; path; manifest move
T-090.11.3	plan	docs/plans/t-090_11_3_plan.md	documentation_v2/tickets/plans/t-090_11_3_plan.md	rewrite	child file; path; manifest move
T-090.11.3	context	docs/specs/Mission_Creator_Architecture/t090_11_architectural_interiors.md	-	manual	child file; never tracked; no file of this name exists anywhere; idx 0; no such file ever existed; suggest keep (historical prose) or drop the mention
T-090.11.4	spec	docs/specs/Mission_Creator_Architecture/t090_091_map_terrain_program.md	documentation_v2/tickets/specs/t090_091_map_terrain_program.md	rewrite	child file; path; manifest move
T-090.11.4	plan	docs/plans/t-090_11_4_plan.md	documentation_v2/tickets/plans/t-090_11_4_plan.md	rewrite	child file; path; manifest move
T-090.11.4	context	docs/specs/Mission_Creator_Architecture/t090_11_architectural_interiors.md	-	manual	child file; never tracked; no file of this name exists anywhere; idx 0; no such file ever existed; suggest keep (historical prose) or drop the mention
T-090.11.5	spec	docs/specs/Mission_Creator_Architecture/t090_091_map_terrain_program.md	documentation_v2/tickets/specs/t090_091_map_terrain_program.md	rewrite	child file; path; manifest move
T-090.11.5	plan	docs/plans/t-090_11_5_plan.md	documentation_v2/tickets/plans/t-090_11_5_plan.md	rewrite	child file; path; manifest move
T-090.11.5	context	docs/specs/Mission_Creator_Architecture/t090_11_architectural_interiors.md	-	manual	child file; never tracked; no file of this name exists anywhere; idx 0; no such file ever existed; suggest keep (historical prose) or drop the mention
T-090.11.6	spec	docs/specs/Mission_Creator_Architecture/t090_091_map_terrain_program.md	documentation_v2/tickets/specs/t090_091_map_terrain_program.md	rewrite	child file; path; manifest move
T-090.11.6	plan	docs/plans/t-090_11_6_plan.md	documentation_v2/tickets/plans/t-090_11_6_plan.md	rewrite	child file; path; manifest move
T-090.11.6	context	docs/specs/Mission_Creator_Architecture/t090_11_architectural_interiors.md	-	manual	child file; never tracked; no file of this name exists anywhere; idx 0; no such file ever existed; suggest keep (historical prose) or drop the mention
T-090.12	spec	docs/specs/Mission_Creator_Architecture/t090_091_map_terrain_program.md	documentation_v2/tickets/specs/t090_091_map_terrain_program.md	rewrite	child file; path; manifest move
T-090.12	plan	docs/plans/t-090_12_plan.md	documentation_v2/tickets/plans/t-090_12_plan.md	rewrite	child file; path; manifest move
T-090.12	owns	docs/plans/t-090_12_plan.md	documentation_v2/tickets/plans/t-090_12_plan.md	rewrite	child file; path; idx 0; manifest move
T-090.12.1	spec	docs/specs/Mission_Creator_Architecture/t090_091_map_terrain_program.md	documentation_v2/tickets/specs/t090_091_map_terrain_program.md	rewrite	child file; path; manifest move
T-090.12.1	plan	docs/plans/t-090_12_1_plan.md	documentation_v2/tickets/plans/t-090_12_1_plan.md	rewrite	child file; path; manifest move
T-090.12.2	spec	docs/specs/Mission_Creator_Architecture/t090_091_map_terrain_program.md	documentation_v2/tickets/specs/t090_091_map_terrain_program.md	rewrite	child file; path; manifest move
T-090.12.2	plan	docs/plans/t-090_12_2_plan.md	documentation_v2/tickets/plans/t-090_12_2_plan.md	rewrite	child file; path; manifest move
T-090.12.3	spec	docs/specs/Mission_Creator_Architecture/t090_091_map_terrain_program.md	documentation_v2/tickets/specs/t090_091_map_terrain_program.md	rewrite	child file; path; manifest move
T-090.12.3	plan	docs/plans/t-090_12_3_plan.md	documentation_v2/tickets/plans/t-090_12_3_plan.md	rewrite	child file; path; manifest move
T-090.12.4	spec	docs/specs/Mission_Creator_Architecture/t090_091_map_terrain_program.md	documentation_v2/tickets/specs/t090_091_map_terrain_program.md	rewrite	child file; path; manifest move
T-090.12.4	plan	docs/plans/t-090_12_4_plan.md	documentation_v2/tickets/plans/t-090_12_4_plan.md	rewrite	child file; path; manifest move
T-090.12.5	spec	docs/specs/Mission_Creator_Architecture/t090_091_map_terrain_program.md	documentation_v2/tickets/specs/t090_091_map_terrain_program.md	rewrite	child file; path; manifest move
T-090.12.5	plan	docs/plans/t-090_12_5_plan.md	documentation_v2/tickets/plans/t-090_12_5_plan.md	rewrite	child file; path; manifest move
T-090.12.6	summary	docs/plans/t-090_12_plan.md	documentation_v2/tickets/plans/t-090_12_plan.md	rewrite	child file; path; manifest move
T-090.12.6	spec	docs/specs/Mission_Creator_Architecture/t090_091_map_terrain_program.md	documentation_v2/tickets/specs/t090_091_map_terrain_program.md	rewrite	child file; path; manifest move
T-090.12.6	plan	docs/plans/t-090_12_6_plan.md	documentation_v2/tickets/plans/t-090_12_6_plan.md	rewrite	child file; path; manifest move
T-090.12.6	approach	docs/plans/t-090_12_plan.md	documentation_v2/tickets/plans/t-090_12_plan.md	rewrite	child file; path; idx 0; manifest move
T-090.12.6	owns	docs/plans/t-090_12_6_plan.md	documentation_v2/tickets/plans/t-090_12_6_plan.md	rewrite	child file; path; idx 0; manifest move
T-090.12.7	summary	mission-editor.md	documentation_v2/website/frontend/apps/editor/ux_spec.md	rewrite	child file; bare basename of docs/website/frontend/pages/mission-editor.md; the basename changes, so the bare name becomes the full final path; replace whole-token occurrences only (not preceded by '/', '_', '-', a letter or a digit), after the full-path rows
T-090.12.7	spec	docs/specs/Mission_Creator_Architecture/t090_091_map_terrain_program.md	documentation_v2/tickets/specs/t090_091_map_terrain_program.md	rewrite	child file; path; manifest move
T-090.12.7	plan	docs/plans/t-090_12_7_plan.md	documentation_v2/tickets/plans/t-090_12_7_plan.md	rewrite	child file; path; manifest move
T-090.12.7	context	docs/mod/MCP_TOOLING.md	documentation_v2/runbooks/enfusion_mcp_tooling.md	rewrite	child file; path; idx 0; manifest move+rename
T-090.12.7	context	docs/platform/SHIPPED_HISTORY.md	documentation_v2/archive/shipped_history/shipped_history.md	rewrite	child file; path; idx 1; manifest archive
T-090.12.7	requirement	docs/website/frontend/pages/mission-editor.md	documentation_v2/website/frontend/apps/editor/ux_spec.md	rewrite	child file; path; idx 0; manifest merge-into
T-090.12.7	requirement	docs/website/frontend/pages/debug-world-los.md	-	manual	child file; never tracked; the ticket's own output (a page doc it creates) — needs a Documentation V2 home; idx 1; the ticket's own output, never written; its Documentation V2 home is the world-los page doc F03 writes, suggest documentation_v2/website/frontend/apps/debug/world_los_page.md (route /debug/world-los, component WorldLosPage)
T-090.12.7	requirement	INDEX.md	documentation_v2/website/frontend/README.md	rewrite	child file; bare basename of docs/website/frontend/INDEX.md; idx 1; the basename changes, so the bare name becomes the full final path; replace whole-token occurrences only (not preceded by '/', '_', '-', a letter or a digit), after the full-path rows
T-090.12.7	requirement	debug-building-viewer.md	documentation_v2/website/frontend/apps/debug/building_viewer_page.md	rewrite	child file; bare basename of docs/website/frontend/pages/debug-building-viewer.md; idx 1; the basename changes, so the bare name becomes the full final path; replace whole-token occurrences only (not preceded by '/', '_', '-', a letter or a digit), after the full-path rows
T-090.12.7	requirement	docs/mod/MCP_TOOLING.md	documentation_v2/runbooks/enfusion_mcp_tooling.md	rewrite	child file; path; idx 3; manifest move+rename
T-090.12.7	requirement	docs/mod/MCP_TOOLING.md	documentation_v2/runbooks/enfusion_mcp_tooling.md	rewrite	child file; path; idx 4; manifest move+rename
T-090.12.7	requirement	docs/website/EDITOR_GATE_RUNBOOK.md	documentation_v2/runbooks/editor_gates.md	rewrite	child file; path; idx 5; manifest move+rename
T-090.12.7	requirement	docs/specs/Mission_Creator_Architecture/t090_11_architectural_interiors.md	-	manual	child file; never tracked; no file of this name exists anywhere; idx 6; no such file ever existed; suggest keep (historical prose) or drop the mention
T-090.12.7	requirement	docs/website/DEV_RUNBOOK.md	documentation_v2/runbooks/local_development.md	rewrite	child file; path; idx 7; manifest move+rename
T-090.12.7	owns	docs/website/frontend/pages/mission-editor.md	documentation_v2/website/frontend/apps/editor/ux_spec.md	rewrite	child file; path; idx 0; manifest merge-into
T-090.12.7	owns	docs/website/frontend/pages/debug-world-los.md	-	manual	child file; never tracked; the ticket's own output (a page doc it creates) — needs a Documentation V2 home; idx 1; the ticket's own output, never written; its Documentation V2 home is the world-los page doc F03 writes, suggest documentation_v2/website/frontend/apps/debug/world_los_page.md (route /debug/world-los, component WorldLosPage)
T-090.12.7	owns	docs/website/frontend/pages/debug-building-viewer.md	documentation_v2/website/frontend/apps/debug/building_viewer_page.md	rewrite	child file; path; idx 2; manifest move+rename
T-090.12.7	owns	docs/website/frontend/INDEX.md	documentation_v2/website/frontend/README.md	rewrite	child file; path; idx 3; manifest merge-into
T-090.12.7	owns	docs/mod/MCP_TOOLING.md	documentation_v2/runbooks/enfusion_mcp_tooling.md	rewrite	child file; path; idx 5; manifest move+rename
T-090.12.7	owns	docs/platform/SHIPPED_HISTORY.md	documentation_v2/archive/shipped_history/shipped_history.md	rewrite	child file; path; idx 6; manifest archive
T-091	summary	t090_091_map_terrain_program.md	-	keep	parent file; bare basename of docs/specs/Mission_Creator_Architecture/t090_091_map_terrain_program.md; the basename stays (documentation_v2/tickets/specs/t090_091_map_terrain_program.md)
T-091	spec	docs/specs/Mission_Creator_Architecture/t090_091_map_terrain_program.md	documentation_v2/tickets/specs/t090_091_map_terrain_program.md	rewrite	parent file; path; manifest move
T-091.0	spec	docs/specs/Mission_Creator_Architecture/t091_0_dem_tile_export.md	documentation_v2/tickets/specs/t091_0_dem_tile_export.md	rewrite	child file; path; manifest move
T-091.0	citations	t091_0_dem_tile_export.md	-	keep	child file; bare basename of docs/specs/Mission_Creator_Architecture/t091_0_dem_tile_export.md; idx 2; the basename stays (documentation_v2/tickets/specs/t091_0_dem_tile_export.md)
T-091.1	spec	docs/specs/Mission_Creator_Architecture/t091_1_dem_loader.md	documentation_v2/tickets/specs/t091_1_dem_loader.md	rewrite	child file; path; manifest move
T-091.1	citations	t091_1_dem_loader.md	-	keep	child file; bare basename of docs/specs/Mission_Creator_Architecture/t091_1_dem_loader.md; idx 2; the basename stays (documentation_v2/tickets/specs/t091_1_dem_loader.md)
T-091.2	spec	docs/specs/Mission_Creator_Architecture/t091_2_z_axis_editor.md	documentation_v2/tickets/specs/t091_2_z_axis_editor.md	rewrite	child file; path; manifest move
T-091.2	citations	t091_2_z_axis_editor.md	-	keep	child file; bare basename of docs/specs/Mission_Creator_Architecture/t091_2_z_axis_editor.md; idx 2; the basename stays (documentation_v2/tickets/specs/t091_2_z_axis_editor.md)
T-092	summary	t092_spawn_transform_program.md	-	keep	parent file; bare basename of docs/specs/Mission_Creator_Architecture/t092_spawn_transform_program.md; the basename stays (documentation_v2/tickets/specs/t092_spawn_transform_program.md)
T-092	spec	docs/specs/Mission_Creator_Architecture/t092_spawn_transform_program.md	documentation_v2/tickets/specs/t092_spawn_transform_program.md	rewrite	parent file; path; manifest move
T-092.0	spec	docs/specs/Mission_Creator_Architecture/t092_0_spawn_contract.md	documentation_v2/tickets/specs/t092_0_spawn_contract.md	rewrite	child file; path; manifest move
T-092.0	verify	docs/specs/Mission_Creator_Architecture/t092_spawn_transform_program.md	documentation_v2/tickets/specs/t092_spawn_transform_program.md	rewrite	child file; path; idx 1; manifest move
T-092.0	citations	t092_spawn_transform_program.md	-	keep	child file; bare basename of docs/specs/Mission_Creator_Architecture/t092_spawn_transform_program.md; idx 1; the basename stays (documentation_v2/tickets/specs/t092_spawn_transform_program.md)
T-092.0	citations	t092_0_spawn_contract.md	-	keep	child file; bare basename of docs/specs/Mission_Creator_Architecture/t092_0_spawn_contract.md; idx 2; the basename stays (documentation_v2/tickets/specs/t092_0_spawn_contract.md)
T-092.1	spec	docs/specs/Mission_Creator_Architecture/t092_1_mod_spawn_policy.md	documentation_v2/tickets/specs/t092_1_mod_spawn_policy.md	rewrite	child file; path; manifest move
T-092.1	citations	t092_1_mod_spawn_policy.md	-	keep	child file; bare basename of docs/specs/Mission_Creator_Architecture/t092_1_mod_spawn_policy.md; idx 0; the basename stays (documentation_v2/tickets/specs/t092_1_mod_spawn_policy.md)
T-092.2	spec	docs/specs/Mission_Creator_Architecture/t092_2_mod_compile_route.md	documentation_v2/tickets/specs/t092_2_mod_compile_route.md	rewrite	child file; path; manifest move
T-092.2	citations	t092_2_mod_compile_route.md	-	keep	child file; bare basename of docs/specs/Mission_Creator_Architecture/t092_2_mod_compile_route.md; idx 0; the basename stays (documentation_v2/tickets/specs/t092_2_mod_compile_route.md)
T-095	summary	docs/website/backend/api.md	-	manual	parent file; never tracked; no file of this name exists; no such file ever existed; suggest keep (historical prose)
T-095	summary	docs/backend/api.md	-	manual	parent file; never tracked; no file of this name exists; no such file ever existed; suggest keep (historical prose)
T-095	summary	docs/website/backend/ROADMAP.md	documentation_v2/website/api_v2/api_overview.md	rewrite	parent file; path; followed by line refs :3; manifest move+rename
T-110	spec	docs/specs/Mission_Creator_Architecture/t110_terrain_base_mission_layers.md	documentation_v2/tickets/specs/t110_terrain_base_mission_layers.md	rewrite	parent file; path; manifest move
T-111	summary	t067_spatial_chunks.md	-	keep	parent file; bare basename of docs/specs/Mission_Creator_Architecture/t067_spatial_chunks.md; the basename stays (documentation_v2/tickets/specs/t067_spatial_chunks.md)
T-111	spec	docs/specs/Mission_Creator_Architecture/t067_spatial_chunks.md	documentation_v2/tickets/specs/t067_spatial_chunks.md	rewrite	parent file; path; manifest move
T-111	plan	docs/plans/t-111_plan.md	documentation_v2/tickets/plans/t-111_plan.md	rewrite	parent file; path; manifest move
T-112	spec	docs/specs/Mission_Creator_Architecture/t067_spatial_chunks.md	documentation_v2/tickets/specs/t067_spatial_chunks.md	rewrite	parent file; path; manifest move
T-113	citations	MONOREPO_MIGRATION.md	documentation_v2/archive/monorepo_migration/monorepo_migration_runbook.md	rewrite	parent file; bare basename of docs/platform/MONOREPO_MIGRATION.md; idx 1; the basename changes, so the bare name becomes the full final path; replace whole-token occurrences only (not preceded by '/', '_', '-', a letter or a digit), after the full-path rows
T-114	citations	t068_13_mod_slotting_screen_poc.md	-	keep	parent file; bare basename of docs/specs/Mission_Creator_Architecture/t068_13_mod_slotting_screen_poc.md; idx 1; the basename stays (documentation_v2/tickets/specs/t068_13_mod_slotting_screen_poc.md)
T-120	owns	docs/mod/STAGING-SERVER.md	documentation_v2/runbooks/game_server_staging/README.md	rewrite	parent file; path; idx 1; manifest move+rename
T-121	summary	t121_terrain_dem_export_automation.md	-	keep	parent file; bare basename of docs/specs/Mission_Creator_Architecture/t121_terrain_dem_export_automation.md; the basename stays (documentation_v2/tickets/specs/t121_terrain_dem_export_automation.md)
T-121	spec	docs/specs/Mission_Creator_Architecture/t121_terrain_dem_export_automation.md	documentation_v2/tickets/specs/t121_terrain_dem_export_automation.md	rewrite	parent file; path; manifest move
T-122	summary	docs/platform/CODEBASE_AUDIT_2026.md	documentation_v2/archive/audits/codebase_audit_2026.md	rewrite	parent file; path; manifest archive
T-122	spec	docs/platform/audit/t122_codebase_audit_hotfix.md	documentation_v2/tickets/specs/t122_codebase_audit_hotfix.md	rewrite	parent file; path; manifest move
T-122	context	CODEBASE_AUDIT_2026.md	documentation_v2/archive/audits/codebase_audit_2026.md	rewrite	parent file; bare basename of docs/platform/CODEBASE_AUDIT_2026.md; idx 0; the basename changes, so the bare name becomes the full final path; replace whole-token occurrences only (not preceded by '/', '_', '-', a letter or a digit), after the full-path rows
T-122	citations	t122_codebase_audit_hotfix.md	-	keep	parent file; bare basename of docs/platform/audit/t122_codebase_audit_hotfix.md; idx 0; the basename stays (documentation_v2/tickets/specs/t122_codebase_audit_hotfix.md)
T-123	summary	DOCUMENTATION_STANDARDS.md	documentation_v2/standards/documentation_standards.md	rewrite	parent file; bare basename of docs/platform/DOCUMENTATION_STANDARDS.md; the basename changes, so the bare name becomes the full final path; replace whole-token occurrences only (not preceded by '/', '_', '-', a letter or a digit), after the full-path rows
T-123	summary	t123_documentation_standards_rollout.md	-	keep	parent file; bare basename of docs/platform/t123_documentation_standards_rollout.md; the basename stays (documentation_v2/tickets/specs/t123_documentation_standards_rollout.md)
T-123	spec	docs/platform/t123_documentation_standards_rollout.md	documentation_v2/tickets/specs/t123_documentation_standards_rollout.md	rewrite	parent file; path; manifest move
T-123.0	spec	docs/platform/t123_documentation_standards_rollout.md	documentation_v2/tickets/specs/t123_documentation_standards_rollout.md	rewrite	child file; path; manifest move
T-123.0	context	DOCUMENTATION_STANDARDS.md	documentation_v2/standards/documentation_standards.md	rewrite	child file; bare basename of docs/platform/DOCUMENTATION_STANDARDS.md; idx 0; the basename changes, so the bare name becomes the full final path; replace whole-token occurrences only (not preceded by '/', '_', '-', a letter or a digit), after the full-path rows
T-123.0	citations	t123_documentation_standards_rollout.md	-	keep	child file; bare basename of docs/platform/t123_documentation_standards_rollout.md; idx 1; the basename stays (documentation_v2/tickets/specs/t123_documentation_standards_rollout.md)
T-123.1	spec	docs/platform/t123_documentation_standards_rollout.md	documentation_v2/tickets/specs/t123_documentation_standards_rollout.md	rewrite	child file; path; manifest move
T-123.2	spec	docs/platform/t123_documentation_standards_rollout.md	documentation_v2/tickets/specs/t123_documentation_standards_rollout.md	rewrite	child file; path; manifest move
T-123.3	spec	docs/platform/t123_documentation_standards_rollout.md	documentation_v2/tickets/specs/t123_documentation_standards_rollout.md	rewrite	child file; path; manifest move
T-123.4	spec	docs/platform/t123_documentation_standards_rollout.md	documentation_v2/tickets/specs/t123_documentation_standards_rollout.md	rewrite	child file; path; manifest move
T-123.5	spec	docs/platform/t123_documentation_standards_rollout.md	documentation_v2/tickets/specs/t123_documentation_standards_rollout.md	rewrite	child file; path; manifest move
T-123.5	citations	t123_documentation_standards_rollout.md	-	keep	child file; bare basename of docs/platform/t123_documentation_standards_rollout.md; idx 1; the basename stays (documentation_v2/tickets/specs/t123_documentation_standards_rollout.md)
T-123.6	spec	docs/platform/t123_documentation_standards_rollout.md	documentation_v2/tickets/specs/t123_documentation_standards_rollout.md	rewrite	child file; path; manifest move
T-123.6	citations	t123_documentation_standards_rollout.md	-	keep	child file; bare basename of docs/platform/t123_documentation_standards_rollout.md; idx 1; the basename stays (documentation_v2/tickets/specs/t123_documentation_standards_rollout.md)
T-124	spec	docs/platform/t124_dependency_upgrade.md	documentation_v2/tickets/specs/t124_dependency_upgrade.md	rewrite	parent file; path; manifest move
T-124.1	spec	docs/platform/t124_dependency_upgrade.md	documentation_v2/tickets/specs/t124_dependency_upgrade.md	rewrite	child file; path; manifest move
T-124.1	context	t124_dependency_upgrade.md	-	keep	child file; bare basename of docs/platform/t124_dependency_upgrade.md; idx 0; the basename stays (documentation_v2/tickets/specs/t124_dependency_upgrade.md)
T-124.1	citations	t124_dependency_upgrade.md	-	keep	child file; bare basename of docs/platform/t124_dependency_upgrade.md; idx 1; the basename stays (documentation_v2/tickets/specs/t124_dependency_upgrade.md)
T-124.2	spec	docs/platform/t124_dependency_upgrade.md	documentation_v2/tickets/specs/t124_dependency_upgrade.md	rewrite	child file; path; manifest move
T-124.2	citations	t124_dependency_upgrade.md	-	keep	child file; bare basename of docs/platform/t124_dependency_upgrade.md; idx 1; the basename stays (documentation_v2/tickets/specs/t124_dependency_upgrade.md)
T-124.3	spec	docs/platform/t124_dependency_upgrade.md	documentation_v2/tickets/specs/t124_dependency_upgrade.md	rewrite	child file; path; manifest move
T-124.3	citations	t124_dependency_upgrade.md	-	keep	child file; bare basename of docs/platform/t124_dependency_upgrade.md; idx 1; the basename stays (documentation_v2/tickets/specs/t124_dependency_upgrade.md)
T-125	summary	CODING_STANDARDS.md	documentation_v2/standards/coding_standards/README.md	rewrite	parent file; bare basename of docs/platform/CODING_STANDARDS.md; the basename changes, so the bare name becomes the full final path; replace whole-token occurrences only (not preceded by '/', '_', '-', a letter or a digit), after the full-path rows
T-125	summary	t125_coding_standards_enforcement.md	-	keep	parent file; bare basename of docs/platform/t125_coding_standards_enforcement.md; the basename stays (documentation_v2/tickets/specs/t125_coding_standards_enforcement.md)
T-125	spec	docs/platform/t125_coding_standards_enforcement.md	documentation_v2/tickets/specs/t125_coding_standards_enforcement.md	rewrite	parent file; path; manifest move
T-125.0	spec	docs/platform/t125_coding_standards_enforcement.md	documentation_v2/tickets/specs/t125_coding_standards_enforcement.md	rewrite	child file; path; manifest move
T-125.0	main_goal	CODING_STANDARDS.md	documentation_v2/standards/coding_standards/README.md	rewrite	child file; bare basename of docs/platform/CODING_STANDARDS.md; the basename changes, so the bare name becomes the full final path; replace whole-token occurrences only (not preceded by '/', '_', '-', a letter or a digit), after the full-path rows
T-125.0	approach	CODING_STANDARDS.md	documentation_v2/standards/coding_standards/README.md	rewrite	child file; bare basename of docs/platform/CODING_STANDARDS.md; idx 0; the basename changes, so the bare name becomes the full final path; replace whole-token occurrences only (not preceded by '/', '_', '-', a letter or a digit), after the full-path rows
T-125.0	verify	CODING_STANDARDS.md	documentation_v2/standards/coding_standards/README.md	rewrite	child file; bare basename of docs/platform/CODING_STANDARDS.md; idx 0; the basename changes, so the bare name becomes the full final path; replace whole-token occurrences only (not preceded by '/', '_', '-', a letter or a digit), after the full-path rows
T-125.0	acceptance	CODING_STANDARDS.md	documentation_v2/standards/coding_standards/README.md	rewrite	child file; bare basename of docs/platform/CODING_STANDARDS.md; idx 0; the basename changes, so the bare name becomes the full final path; replace whole-token occurrences only (not preceded by '/', '_', '-', a letter or a digit), after the full-path rows
T-125.0	citations	t125_coding_standards_enforcement.md	-	keep	child file; bare basename of docs/platform/t125_coding_standards_enforcement.md; idx 1; the basename stays (documentation_v2/tickets/specs/t125_coding_standards_enforcement.md)
T-125.1	spec	docs/platform/t125_coding_standards_enforcement.md	documentation_v2/tickets/specs/t125_coding_standards_enforcement.md	rewrite	child file; path; manifest move
T-125.1	citations	t125_coding_standards_enforcement.md	-	keep	child file; bare basename of docs/platform/t125_coding_standards_enforcement.md; idx 1; the basename stays (documentation_v2/tickets/specs/t125_coding_standards_enforcement.md)
T-125.2	spec	docs/platform/t125_coding_standards_enforcement.md	documentation_v2/tickets/specs/t125_coding_standards_enforcement.md	rewrite	child file; path; manifest move
T-125.3	spec	docs/platform/t125_coding_standards_enforcement.md	documentation_v2/tickets/specs/t125_coding_standards_enforcement.md	rewrite	child file; path; manifest move
T-125.3	citations	t125_coding_standards_enforcement.md	-	keep	child file; bare basename of docs/platform/t125_coding_standards_enforcement.md; idx 1; the basename stays (documentation_v2/tickets/specs/t125_coding_standards_enforcement.md)
T-125.4	spec	docs/platform/t125_coding_standards_enforcement.md	documentation_v2/tickets/specs/t125_coding_standards_enforcement.md	rewrite	child file; path; manifest move
T-125.5	spec	docs/platform/t125_coding_standards_enforcement.md	documentation_v2/tickets/specs/t125_coding_standards_enforcement.md	rewrite	child file; path; manifest move
T-125.5	citations	t125_coding_standards_enforcement.md	-	keep	child file; bare basename of docs/platform/t125_coding_standards_enforcement.md; idx 1; the basename stays (documentation_v2/tickets/specs/t125_coding_standards_enforcement.md)
T-125.6	spec	docs/platform/t125_coding_standards_enforcement.md	documentation_v2/tickets/specs/t125_coding_standards_enforcement.md	rewrite	child file; path; manifest move
T-126	summary	docs/platform/t126_audit_security_followup.md	documentation_v2/tickets/specs/t126_audit_security_followup.md	rewrite	parent file; path; manifest move
T-126	spec	docs/platform/t126_audit_security_followup.md	documentation_v2/tickets/specs/t126_audit_security_followup.md	rewrite	parent file; path; manifest move
T-126	citations	t126_audit_security_followup.md	-	keep	parent file; bare basename of docs/platform/t126_audit_security_followup.md; idx 1; the basename stays (documentation_v2/tickets/specs/t126_audit_security_followup.md)
T-127	spec	docs/platform/t127_mc_ux_audit_fixes.md	documentation_v2/tickets/specs/t127_mc_ux_audit_fixes.md	rewrite	parent file; path; manifest move
T-127	citations	t127_mc_ux_audit_fixes.md	-	keep	parent file; bare basename of docs/platform/t127_mc_ux_audit_fixes.md; idx 1; the basename stays (documentation_v2/tickets/specs/t127_mc_ux_audit_fixes.md)
T-128	summary	docs/**	-	manual	parent file; glob; glob over the whole retired root; suggest documentation_v2/**
T-128	summary	docs/platform/t128_doc_link_repair.md	documentation_v2/tickets/specs/t128_doc_link_repair.md	rewrite	parent file; path; manifest move
T-128	spec	docs/platform/t128_doc_link_repair.md	documentation_v2/tickets/specs/t128_doc_link_repair.md	rewrite	parent file; path; manifest move
T-128	requirement	../docs/	-	manual	parent file; prose, not a path: relative '../docs/' in a historical requirement (relative-link depth fixes); idx 0; relative-link prose in a historical requirement; suggest keep
T-128	citations	t128_doc_link_repair.md	-	keep	parent file; bare basename of docs/platform/t128_doc_link_repair.md; idx 1; the basename stays (documentation_v2/tickets/specs/t128_doc_link_repair.md)
T-129	spec	docs/specs/Mission_Creator_Architecture/t090_eden_map_reference.md	documentation_v2/tickets/specs/t090_eden_map_reference.md	rewrite	parent file; path; manifest move
T-129	plan	docs/plans/t-129_plan.md	documentation_v2/tickets/plans/t-129_plan.md	rewrite	parent file; path; manifest move
T-130	summary	docs/platform/t130_fable_audit_remainder.md	documentation_v2/tickets/specs/t130_fable_audit_remainder.md	rewrite	parent file; path; manifest move
T-130	spec	docs/platform/t130_fable_audit_remainder.md	documentation_v2/tickets/specs/t130_fable_audit_remainder.md	rewrite	parent file; path; manifest move
T-130.0	spec	docs/platform/t130_fable_audit_remainder.md	documentation_v2/tickets/specs/t130_fable_audit_remainder.md	rewrite	child file; path; manifest move
T-130.0	citations	t130_fable_audit_remainder.md	-	keep	child file; bare basename of docs/platform/t130_fable_audit_remainder.md; idx 1; the basename stays (documentation_v2/tickets/specs/t130_fable_audit_remainder.md)
T-130.1	spec	docs/platform/t130_fable_audit_remainder.md	documentation_v2/tickets/specs/t130_fable_audit_remainder.md	rewrite	child file; path; manifest move
T-130.1	citations	t130_fable_audit_remainder.md	-	keep	child file; bare basename of docs/platform/t130_fable_audit_remainder.md; idx 1; the basename stays (documentation_v2/tickets/specs/t130_fable_audit_remainder.md)
T-130.2	spec	docs/platform/t130_fable_audit_remainder.md	documentation_v2/tickets/specs/t130_fable_audit_remainder.md	rewrite	child file; path; manifest move
T-130.2	citations	t130_fable_audit_remainder.md	-	keep	child file; bare basename of docs/platform/t130_fable_audit_remainder.md; idx 1; the basename stays (documentation_v2/tickets/specs/t130_fable_audit_remainder.md)
T-130.3	spec	docs/platform/t130_fable_audit_remainder.md	documentation_v2/tickets/specs/t130_fable_audit_remainder.md	rewrite	child file; path; manifest move
T-130.3	citations	t130_fable_audit_remainder.md	-	keep	child file; bare basename of docs/platform/t130_fable_audit_remainder.md; idx 1; the basename stays (documentation_v2/tickets/specs/t130_fable_audit_remainder.md)
T-130.4	spec	docs/platform/t130_fable_audit_remainder.md	documentation_v2/tickets/specs/t130_fable_audit_remainder.md	rewrite	child file; path; manifest move
T-130.4	citations	t130_fable_audit_remainder.md	-	keep	child file; bare basename of docs/platform/t130_fable_audit_remainder.md; idx 1; the basename stays (documentation_v2/tickets/specs/t130_fable_audit_remainder.md)
T-130.5	spec	docs/platform/t130_fable_audit_remainder.md	documentation_v2/tickets/specs/t130_fable_audit_remainder.md	rewrite	child file; path; manifest move
T-130.5	citations	t130_fable_audit_remainder.md	-	keep	child file; bare basename of docs/platform/t130_fable_audit_remainder.md; idx 1; the basename stays (documentation_v2/tickets/specs/t130_fable_audit_remainder.md)
T-130.6	spec	docs/platform/t130_fable_audit_remainder.md	documentation_v2/tickets/specs/t130_fable_audit_remainder.md	rewrite	child file; path; manifest move
T-130.7	spec	docs/platform/t130_fable_audit_remainder.md	documentation_v2/tickets/specs/t130_fable_audit_remainder.md	rewrite	child file; path; manifest move
T-131	spec	docs/platform/tbd_north_star_backlog.md	documentation_v2/tickets/specs/t131_north_star_backlog.md	rewrite	parent file; path; manifest move+rename
T-131	plan	docs/plans/t-131_plan.md	documentation_v2/tickets/plans/t-131_plan.md	rewrite	parent file; path; manifest move
T-132	spec	docs/platform/tbd_north_star_backlog.md	documentation_v2/tickets/specs/t131_north_star_backlog.md	rewrite	parent file; path; manifest move+rename
T-132	plan	docs/plans/t-132_plan.md	documentation_v2/tickets/plans/t-132_plan.md	rewrite	parent file; path; manifest move
T-133	spec	docs/platform/tbd_north_star_backlog.md	documentation_v2/tickets/specs/t131_north_star_backlog.md	rewrite	parent file; path; manifest move+rename
T-133	plan	docs/plans/t-133_plan.md	documentation_v2/tickets/plans/t-133_plan.md	rewrite	parent file; path; manifest move
T-134	spec	docs/platform/tbd_north_star_backlog.md	documentation_v2/tickets/specs/t131_north_star_backlog.md	rewrite	parent file; path; manifest move+rename
T-134	citations	tbd_north_star_backlog.md	documentation_v2/tickets/specs/t131_north_star_backlog.md	rewrite	parent file; bare basename of docs/platform/tbd_north_star_backlog.md; idx 1; the basename changes, so the bare name becomes the full final path; replace whole-token occurrences only (not preceded by '/', '_', '-', a letter or a digit), after the full-path rows
T-135	spec	docs/platform/tbd_north_star_backlog.md	documentation_v2/tickets/specs/t131_north_star_backlog.md	rewrite	parent file; path; manifest move+rename
T-135	plan	docs/plans/t-135_plan.md	documentation_v2/tickets/plans/t-135_plan.md	rewrite	parent file; path; manifest move
T-136	spec	docs/platform/tbd_north_star_backlog.md	documentation_v2/tickets/specs/t131_north_star_backlog.md	rewrite	parent file; path; manifest move+rename
T-136	plan	docs/plans/t-136_plan.md	documentation_v2/tickets/plans/t-136_plan.md	rewrite	parent file; path; manifest move
T-137	spec	docs/platform/tbd_north_star_backlog.md	documentation_v2/tickets/specs/t131_north_star_backlog.md	rewrite	parent file; path; manifest move+rename
T-138	spec	docs/platform/tbd_north_star_backlog.md	documentation_v2/tickets/specs/t131_north_star_backlog.md	rewrite	parent file; path; manifest move+rename
T-138	plan	docs/plans/t-138_plan.md	documentation_v2/tickets/plans/t-138_plan.md	rewrite	parent file; path; manifest move
T-138	context	docs/website/DEV_RUNBOOK.md	documentation_v2/runbooks/local_development.md	rewrite	parent file; path; idx 0; manifest move+rename
T-138	requirement	DEV_RUNBOOK.md	documentation_v2/runbooks/local_development.md	rewrite	parent file; bare basename of docs/website/DEV_RUNBOOK.md; idx 2; the basename changes, so the bare name becomes the full final path; replace whole-token occurrences only (not preceded by '/', '_', '-', a letter or a digit), after the full-path rows
T-138	owns	docs/website/DEV_RUNBOOK.md	documentation_v2/runbooks/local_development.md	rewrite	parent file; path; idx 2; manifest move+rename
T-139	spec	docs/platform/tbd_north_star_backlog.md	documentation_v2/tickets/specs/t131_north_star_backlog.md	rewrite	parent file; path; manifest move+rename
T-139	plan	docs/plans/t-139_plan.md	documentation_v2/tickets/plans/t-139_plan.md	rewrite	parent file; path; manifest move
T-140	spec	docs/platform/tbd_north_star_backlog.md	documentation_v2/tickets/specs/t131_north_star_backlog.md	rewrite	parent file; path; manifest move+rename
T-140	plan	docs/plans/t-140_plan.md	documentation_v2/tickets/plans/t-140_plan.md	rewrite	parent file; path; manifest move
T-141	spec	docs/platform/tbd_north_star_backlog.md	documentation_v2/tickets/specs/t131_north_star_backlog.md	rewrite	parent file; path; manifest move+rename
T-141	plan	docs/plans/t-141_plan.md	documentation_v2/tickets/plans/t-141_plan.md	rewrite	parent file; path; manifest move
T-142	spec	docs/platform/tbd_north_star_backlog.md	documentation_v2/tickets/specs/t131_north_star_backlog.md	rewrite	parent file; path; manifest move+rename
T-142	plan	docs/plans/t-142_plan.md	documentation_v2/tickets/plans/t-142_plan.md	rewrite	parent file; path; manifest move
T-143	spec	docs/specs/Mission_Creator_Architecture/t090_091_map_terrain_program.md	documentation_v2/tickets/specs/t090_091_map_terrain_program.md	rewrite	parent file; path; manifest move
T-143	plan	docs/plans/t-143_plan.md	documentation_v2/tickets/plans/t-143_plan.md	rewrite	parent file; path; manifest move
T-144	spec	docs/specs/Mission_Creator_Architecture/t144_arma3_map_architecture_study.md	documentation_v2/tickets/specs/t144_arma3_map_architecture_study.md	rewrite	parent file; path; manifest move
T-144.0	spec	docs/specs/Mission_Creator_Architecture/t144_arma3_map_architecture_study.md	documentation_v2/tickets/specs/t144_arma3_map_architecture_study.md	rewrite	child file; path; manifest move
T-144.0	citations	t144_arma3_map_architecture_study.md	-	keep	child file; bare basename of docs/specs/Mission_Creator_Architecture/t144_arma3_map_architecture_study.md; idx 0; the basename stays (documentation_v2/tickets/specs/t144_arma3_map_architecture_study.md)
T-144.1	spec	docs/specs/Mission_Creator_Architecture/t144_arma3_map_architecture_study.md	documentation_v2/tickets/specs/t144_arma3_map_architecture_study.md	rewrite	child file; path; manifest move
T-144.1	citations	t144_arma3_map_architecture_study.md	-	keep	child file; bare basename of docs/specs/Mission_Creator_Architecture/t144_arma3_map_architecture_study.md; idx 2; the basename stays (documentation_v2/tickets/specs/t144_arma3_map_architecture_study.md)
T-146	spec	docs/specs/existing/t146_asset_browser_data_wiring.md	documentation_v2/tickets/specs/t146_asset_browser_data_wiring.md	rewrite	parent file; path; manifest move
T-146	plan	docs/plans/t-146_plan.md	documentation_v2/tickets/plans/t-146_plan.md	rewrite	parent file; path; manifest move
T-146	citations	t150_universal_registry_export.md	-	keep	parent file; bare basename of docs/specs/Mission_Creator_Architecture/t150_universal_registry_export.md; idx 0; the basename stays (documentation_v2/tickets/specs/t150_universal_registry_export.md)
T-149	spec	docs/specs/ideas/t149_forest_smooth.md	documentation_v2/tickets/specs/t149_forest_smooth.md	rewrite	parent file; path; manifest move
T-149	plan	docs/plans/t-149_plan.md	documentation_v2/tickets/plans/t-149_plan.md	rewrite	parent file; path; manifest move
T-150	spec	docs/specs/Mission_Creator_Architecture/t150_universal_registry_export.md	documentation_v2/tickets/specs/t150_universal_registry_export.md	rewrite	parent file; path; manifest move
T-150	citations	t150_universal_registry_export.md	-	keep	parent file; bare basename of docs/specs/Mission_Creator_Architecture/t150_universal_registry_export.md; idx 2; the basename stays (documentation_v2/tickets/specs/t150_universal_registry_export.md)
T-151	summary	t151_wgpu_engine_program.md	-	keep	parent file; bare basename of docs/specs/Mission_Creator_Architecture/t151_wgpu_engine_program.md; the basename stays (documentation_v2/tickets/specs/t151_wgpu_engine_program.md)
T-151	spec	docs/specs/Mission_Creator_Architecture/t151_wgpu_engine_program.md	documentation_v2/tickets/specs/t151_wgpu_engine_program.md	rewrite	parent file; path; manifest move
T-151.0	spec	docs/specs/Mission_Creator_Architecture/t151_0_wasm_merge_dual_mount.md	documentation_v2/tickets/specs/t151_0_wasm_merge_dual_mount.md	rewrite	child file; path; manifest move
T-151.0	citations	t151_0_wasm_merge_dual_mount.md	-	keep	child file; bare basename of docs/specs/Mission_Creator_Architecture/t151_0_wasm_merge_dual_mount.md; idx 2; the basename stays (documentation_v2/tickets/specs/t151_0_wasm_merge_dual_mount.md)
T-151.1	spec	docs/specs/Mission_Creator_Architecture/t151_1_basemap_lane.md	documentation_v2/tickets/specs/t151_1_basemap_lane.md	rewrite	child file; path; manifest move
T-151.1	citations	t151_1_basemap_lane.md	-	keep	child file; bare basename of docs/specs/Mission_Creator_Architecture/t151_1_basemap_lane.md; idx 2; the basename stays (documentation_v2/tickets/specs/t151_1_basemap_lane.md)
T-151.2	spec	docs/specs/Mission_Creator_Architecture/t151_2_world_parser.md	documentation_v2/tickets/specs/t151_2_world_parser.md	rewrite	child file; path; manifest move
T-151.2	citations	t151_2_world_parser.md	-	keep	child file; bare basename of docs/specs/Mission_Creator_Architecture/t151_2_world_parser.md; idx 2; the basename stays (documentation_v2/tickets/specs/t151_2_world_parser.md)
T-151.3	spec	docs/specs/Mission_Creator_Architecture/t151_3_world_residency.md	documentation_v2/tickets/specs/t151_3_world_residency.md	rewrite	child file; path; manifest move
T-151.3	citations	t151_3_world_residency.md	-	keep	child file; bare basename of docs/specs/Mission_Creator_Architecture/t151_3_world_residency.md; idx 2; the basename stays (documentation_v2/tickets/specs/t151_3_world_residency.md)
T-151.4	spec	docs/specs/Mission_Creator_Architecture/t151_4_vector_layers.md	documentation_v2/tickets/specs/t151_4_vector_layers.md	rewrite	child file; path; manifest move
T-151.4	citations	t151_4_vector_layers.md	-	keep	child file; bare basename of docs/specs/Mission_Creator_Architecture/t151_4_vector_layers.md; idx 2; the basename stays (documentation_v2/tickets/specs/t151_4_vector_layers.md)
T-151.4.1	spec	docs/specs/Mission_Creator_Architecture/t151_4_1_building_road_hotfix.md	documentation_v2/tickets/specs/t151_4_1_building_road_hotfix.md	rewrite	child file; path; manifest move
T-151.4.1	citations	t151_4_1_building_road_hotfix.md	-	keep	child file; bare basename of docs/specs/Mission_Creator_Architecture/t151_4_1_building_road_hotfix.md; idx 2; the basename stays (documentation_v2/tickets/specs/t151_4_1_building_road_hotfix.md)
T-151.5	spec	docs/specs/Mission_Creator_Architecture/t151_5_glyph_atlas.md	documentation_v2/tickets/specs/t151_5_glyph_atlas.md	rewrite	child file; path; manifest move
T-151.5	citations	t151_5_glyph_atlas.md	-	keep	child file; bare basename of docs/specs/Mission_Creator_Architecture/t151_5_glyph_atlas.md; idx 2; the basename stays (documentation_v2/tickets/specs/t151_5_glyph_atlas.md)
T-151.5.1	spec	docs/specs/Mission_Creator_Architecture/t151_5_1_forest_fidelity.md	documentation_v2/tickets/specs/t151_5_1_forest_fidelity.md	rewrite	child file; path; manifest move
T-151.5.1	citations	t151_5_1_forest_fidelity.md	-	keep	child file; bare basename of docs/specs/Mission_Creator_Architecture/t151_5_1_forest_fidelity.md; idx 2; the basename stays (documentation_v2/tickets/specs/t151_5_1_forest_fidelity.md)
T-151.6	spec	docs/specs/Mission_Creator_Architecture/t151_6_mission_entities.md	documentation_v2/tickets/specs/t151_6_mission_entities.md	rewrite	child file; path; manifest move
T-151.6	citations	t151_6_mission_entities.md	-	keep	child file; bare basename of docs/specs/Mission_Creator_Architecture/t151_6_mission_entities.md; idx 2; the basename stays (documentation_v2/tickets/specs/t151_6_mission_entities.md)
T-151.7	spec	docs/specs/Mission_Creator_Architecture/t151_7_interaction_rewire.md	documentation_v2/tickets/specs/t151_7_interaction_rewire.md	rewrite	child file; path; manifest move
T-151.7	citations	t151_7_interaction_rewire.md	-	keep	child file; bare basename of docs/specs/Mission_Creator_Architecture/t151_7_interaction_rewire.md; idx 2; the basename stays (documentation_v2/tickets/specs/t151_7_interaction_rewire.md)
T-151.7.1	spec	docs/specs/Mission_Creator_Architecture/t151_7_1_interaction_hotfix.md	documentation_v2/tickets/specs/t151_7_1_interaction_hotfix.md	rewrite	child file; path; manifest move
T-151.7.1	citations	t151_7_1_interaction_hotfix.md	-	keep	child file; bare basename of docs/specs/Mission_Creator_Architecture/t151_7_1_interaction_hotfix.md; idx 2; the basename stays (documentation_v2/tickets/specs/t151_7_1_interaction_hotfix.md)
T-151.7.2	spec	docs/specs/Mission_Creator_Architecture/t151_7_1_interaction_hotfix.md	documentation_v2/tickets/specs/t151_7_1_interaction_hotfix.md	rewrite	child file; path; manifest move
T-151.7.2	citations	SHIPPED_HISTORY.md	documentation_v2/archive/shipped_history/shipped_history.md	rewrite	child file; bare basename of docs/platform/SHIPPED_HISTORY.md; idx 2; the basename changes, so the bare name becomes the full final path; replace whole-token occurrences only (not preceded by '/', '_', '-', a letter or a digit), after the full-path rows
T-151.7.3	spec	docs/specs/Mission_Creator_Architecture/t151_7_3_rust_collapse.md	documentation_v2/tickets/specs/t151_7_3_rust_collapse.md	rewrite	child file; path; manifest move
T-151.7.3	citations	t151_7_3_rust_collapse.md	-	keep	child file; bare basename of docs/specs/Mission_Creator_Architecture/t151_7_3_rust_collapse.md; idx 2; the basename stays (documentation_v2/tickets/specs/t151_7_3_rust_collapse.md)
T-151.8	spec	docs/specs/Mission_Creator_Architecture/t151_8_culling_density.md	documentation_v2/tickets/specs/t151_8_culling_density.md	rewrite	child file; path; manifest move
T-151.8	citations	t151_8_culling_density.md	-	keep	child file; bare basename of docs/specs/Mission_Creator_Architecture/t151_8_culling_density.md; idx 2; the basename stays (documentation_v2/tickets/specs/t151_8_culling_density.md)
T-151.8.1	spec	docs/specs/Mission_Creator_Architecture/t151_8_culling_density.md	documentation_v2/tickets/specs/t151_8_culling_density.md	rewrite	child file; path; manifest move
T-151.8.1	citations	SHIPPED_HISTORY.md	documentation_v2/archive/shipped_history/shipped_history.md	rewrite	child file; bare basename of docs/platform/SHIPPED_HISTORY.md; idx 2; the basename changes, so the bare name becomes the full final path; replace whole-token occurrences only (not preceded by '/', '_', '-', a letter or a digit), after the full-path rows
T-151.9	spec	docs/specs/Mission_Creator_Architecture/t151_9_deck_retirement.md	documentation_v2/tickets/specs/t151_9_deck_retirement.md	rewrite	child file; path; manifest move
T-151.9	citations	t151_9_deck_retirement.md	-	keep	child file; bare basename of docs/specs/Mission_Creator_Architecture/t151_9_deck_retirement.md; idx 2; the basename stays (documentation_v2/tickets/specs/t151_9_deck_retirement.md)
T-151.10	spec	docs/specs/Mission_Creator_Architecture/t151_10_fable_program_audit.md	documentation_v2/tickets/specs/t151_10_fable_program_audit.md	rewrite	child file; path; manifest move
T-151.10	citations	t151_10_fable_program_audit.md	-	keep	child file; bare basename of docs/specs/Mission_Creator_Architecture/t151_10_fable_program_audit.md; idx 1; the basename stays (documentation_v2/tickets/specs/t151_10_fable_program_audit.md)
T-151.10.1	spec	docs/specs/Mission_Creator_Architecture/t151_10_fable_program_audit.md	documentation_v2/tickets/specs/t151_10_fable_program_audit.md	rewrite	child file; path; manifest move
T-151.10.1	citations	t151_10_fable_program_audit.md	-	keep	child file; bare basename of docs/specs/Mission_Creator_Architecture/t151_10_fable_program_audit.md; idx 2; the basename stays (documentation_v2/tickets/specs/t151_10_fable_program_audit.md)
T-152	summary	t152_map_cartographic_fidelity_program.md	-	keep	parent file; bare basename of docs/specs/Mission_Creator_Architecture/t152_map_cartographic_fidelity_program.md; the basename stays (documentation_v2/tickets/specs/t152_map_cartographic_fidelity_program.md)
T-152	spec	docs/specs/Mission_Creator_Architecture/t152_map_cartographic_fidelity_program.md	documentation_v2/tickets/specs/t152_map_cartographic_fidelity_program.md	rewrite	parent file; path; manifest move
T-152.0	spec	docs/specs/Mission_Creator_Architecture/t152_0_program_hub_lock.md	documentation_v2/tickets/specs/t152_0_program_hub_lock.md	rewrite	child file; path; manifest move
T-152.0	citations	t152_0_program_hub_lock.md	-	keep	child file; bare basename of docs/specs/Mission_Creator_Architecture/t152_0_program_hub_lock.md; idx 2; the basename stays (documentation_v2/tickets/specs/t152_0_program_hub_lock.md)
T-152.1	spec	docs/specs/Mission_Creator_Architecture/t152_1_wgpu_text_lane.md	documentation_v2/tickets/specs/t152_1_wgpu_text_lane.md	rewrite	child file; path; manifest move
T-152.1	citations	t152_1_wgpu_text_lane.md	-	keep	child file; bare basename of docs/specs/Mission_Creator_Architecture/t152_1_wgpu_text_lane.md; idx 2; the basename stays (documentation_v2/tickets/specs/t152_1_wgpu_text_lane.md)
T-152.2	spec	docs/specs/Mission_Creator_Architecture/t152_2_reforger_icon_art.md	documentation_v2/tickets/specs/t152_2_reforger_icon_art.md	rewrite	child file; path; manifest move
T-152.2	citations	t152_2_reforger_icon_art.md	-	keep	child file; bare basename of docs/specs/Mission_Creator_Architecture/t152_2_reforger_icon_art.md; idx 0; the basename stays (documentation_v2/tickets/specs/t152_2_reforger_icon_art.md)
T-152.3	spec	docs/specs/Mission_Creator_Architecture/t152_3_wire_landmark_glyphs.md	documentation_v2/tickets/specs/t152_3_wire_landmark_glyphs.md	rewrite	child file; path; manifest move
T-152.3	citations	t152_3_wire_landmark_glyphs.md	-	keep	child file; bare basename of docs/specs/Mission_Creator_Architecture/t152_3_wire_landmark_glyphs.md; idx 2; the basename stays (documentation_v2/tickets/specs/t152_3_wire_landmark_glyphs.md)
T-152.4	spec	docs/specs/Mission_Creator_Architecture/t152_4_fence_pier_bridge.md	documentation_v2/tickets/specs/t152_4_fence_pier_bridge.md	rewrite	child file; path; manifest move
T-152.4	citations	t152_4_fence_pier_bridge.md	-	keep	child file; bare basename of docs/specs/Mission_Creator_Architecture/t152_4_fence_pier_bridge.md; idx 2; the basename stays (documentation_v2/tickets/specs/t152_4_fence_pier_bridge.md)
T-152.5	spec	docs/specs/Mission_Creator_Architecture/t152_5_airfield_symbology.md	documentation_v2/tickets/specs/t152_5_airfield_symbology.md	rewrite	child file; path; manifest move
T-152.5	citations	t152_5_airfield_symbology.md	-	keep	child file; bare basename of docs/specs/Mission_Creator_Architecture/t152_5_airfield_symbology.md; idx 2; the basename stays (documentation_v2/tickets/specs/t152_5_airfield_symbology.md)
T-152.6	spec	docs/specs/Mission_Creator_Architecture/t152_6_locations_export.md	documentation_v2/tickets/specs/t152_6_locations_export.md	rewrite	child file; path; manifest move
T-152.6	citations	t152_6_locations_export.md	-	keep	child file; bare basename of docs/specs/Mission_Creator_Architecture/t152_6_locations_export.md; idx 2; the basename stays (documentation_v2/tickets/specs/t152_6_locations_export.md)
T-152.7	spec	docs/specs/Mission_Creator_Architecture/t152_7_height_markers.md	documentation_v2/tickets/specs/t152_7_height_markers.md	rewrite	child file; path; manifest move
T-152.7	citations	t152_7_height_markers.md	-	keep	child file; bare basename of docs/specs/Mission_Creator_Architecture/t152_7_height_markers.md; idx 2; the basename stays (documentation_v2/tickets/specs/t152_7_height_markers.md)
T-152.8	spec	docs/specs/Mission_Creator_Architecture/t152_8_town_labels.md	documentation_v2/tickets/specs/t152_8_town_labels.md	rewrite	child file; path; manifest move
T-152.8	citations	t152_8_town_labels.md	-	keep	child file; bare basename of docs/specs/Mission_Creator_Architecture/t152_8_town_labels.md; idx 2; the basename stays (documentation_v2/tickets/specs/t152_8_town_labels.md)
T-152.9	spec	docs/specs/Mission_Creator_Architecture/t152_9_road_names.md	documentation_v2/tickets/specs/t152_9_road_names.md	rewrite	child file; path; manifest move
T-152.9	citations	t152_9_road_names.md	-	keep	child file; bare basename of docs/specs/Mission_Creator_Architecture/t152_9_road_names.md; idx 2; the basename stays (documentation_v2/tickets/specs/t152_9_road_names.md)
T-152.10	spec	docs/specs/Mission_Creator_Architecture/t152_10_e2e_cartographic_gate.md	documentation_v2/tickets/specs/t152_10_e2e_cartographic_gate.md	rewrite	child file; path; manifest move
T-152.10	citations	t152_10_e2e_cartographic_gate.md	-	keep	child file; bare basename of docs/specs/Mission_Creator_Architecture/t152_10_e2e_cartographic_gate.md; idx 2; the basename stays (documentation_v2/tickets/specs/t152_10_e2e_cartographic_gate.md)
T-152.11	spec	docs/specs/Mission_Creator_Architecture/t152_11_operator_fidelity_audit.md	documentation_v2/tickets/specs/t152_11_operator_fidelity_audit.md	rewrite	child file; path; manifest move
T-152.11	citations	t152_11_operator_fidelity_audit.md	-	keep	child file; bare basename of docs/specs/Mission_Creator_Architecture/t152_11_operator_fidelity_audit.md; idx 2; the basename stays (documentation_v2/tickets/specs/t152_11_operator_fidelity_audit.md)
T-152.12	spec	docs/specs/Mission_Creator_Architecture/t152_12_text_lane_orientation.md	documentation_v2/tickets/specs/t152_12_text_lane_orientation.md	rewrite	child file; path; manifest move
T-152.12	citations	t152_12_text_lane_orientation.md	-	keep	child file; bare basename of docs/specs/Mission_Creator_Architecture/t152_12_text_lane_orientation.md; idx 2; the basename stays (documentation_v2/tickets/specs/t152_12_text_lane_orientation.md)
T-152.13	spec	docs/specs/Mission_Creator_Architecture/t152_13_text_atlas_fidelity.md	documentation_v2/tickets/specs/t152_13_text_atlas_fidelity.md	rewrite	child file; path; manifest move
T-152.13	citations	t152_13_text_atlas_fidelity.md	-	keep	child file; bare basename of docs/specs/Mission_Creator_Architecture/t152_13_text_atlas_fidelity.md; idx 2; the basename stays (documentation_v2/tickets/specs/t152_13_text_atlas_fidelity.md)
T-152.14	spec	docs/specs/Mission_Creator_Architecture/t152_14_tree_zoom_guarantee.md	documentation_v2/tickets/specs/t152_14_tree_zoom_guarantee.md	rewrite	child file; path; manifest move
T-152.14	citations	t152_14_tree_zoom_guarantee.md	-	keep	child file; bare basename of docs/specs/Mission_Creator_Architecture/t152_14_tree_zoom_guarantee.md; idx 2; the basename stays (documentation_v2/tickets/specs/t152_14_tree_zoom_guarantee.md)
T-152.15	spec	docs/specs/Mission_Creator_Architecture/t152_15_fence_pier_bridge_visibility.md	documentation_v2/tickets/specs/t152_15_fence_pier_bridge_visibility.md	rewrite	child file; path; manifest move
T-152.15	citations	t152_15_fence_pier_bridge_visibility.md	-	keep	child file; bare basename of docs/specs/Mission_Creator_Architecture/t152_15_fence_pier_bridge_visibility.md; idx 2; the basename stays (documentation_v2/tickets/specs/t152_15_fence_pier_bridge_visibility.md)
T-152.16	spec	docs/specs/Mission_Creator_Architecture/t152_16_height_markers_visible.md	documentation_v2/tickets/specs/t152_16_height_markers_visible.md	rewrite	child file; path; manifest move
T-152.16	citations	t152_16_height_markers_visible.md	-	keep	child file; bare basename of docs/specs/Mission_Creator_Architecture/t152_16_height_markers_visible.md; idx 0; the basename stays (documentation_v2/tickets/specs/t152_16_height_markers_visible.md)
T-152.17	spec	docs/specs/Mission_Creator_Architecture/t152_17_town_label_correctness.md	documentation_v2/tickets/specs/t152_17_town_label_correctness.md	rewrite	child file; path; manifest move
T-152.17	citations	t152_17_town_label_correctness.md	-	keep	child file; bare basename of docs/specs/Mission_Creator_Architecture/t152_17_town_label_correctness.md; idx 0; the basename stays (documentation_v2/tickets/specs/t152_17_town_label_correctness.md)
T-152.18	spec	docs/specs/Mission_Creator_Architecture/t152_18_icon_extract_retry.md	documentation_v2/tickets/specs/t152_18_icon_extract_retry.md	rewrite	child file; path; manifest move
T-152.19	spec	docs/specs/Mission_Creator_Architecture/t152_19_workbench_one_button_export.md	documentation_v2/tickets/specs/t152_19_workbench_one_button_export.md	rewrite	child file; path; manifest move
T-152.20	spec	docs/specs/Mission_Creator_Architecture/t152_20_settings_completeness.md	documentation_v2/tickets/specs/t152_20_settings_completeness.md	rewrite	child file; path; manifest move
T-152.20	citations	t152_20_settings_completeness.md	-	keep	child file; bare basename of docs/specs/Mission_Creator_Architecture/t152_20_settings_completeness.md; idx 0; the basename stays (documentation_v2/tickets/specs/t152_20_settings_completeness.md)
T-152.21	spec	docs/specs/Mission_Creator_Architecture/t152_21_landmark_early_visibility.md	documentation_v2/tickets/specs/t152_21_landmark_early_visibility.md	rewrite	child file; path; manifest move
T-152.21	citations	t152_21_landmark_early_visibility.md	-	keep	child file; bare basename of docs/specs/Mission_Creator_Architecture/t152_21_landmark_early_visibility.md; idx 0; the basename stays (documentation_v2/tickets/specs/t152_21_landmark_early_visibility.md)
T-152.22	spec	docs/specs/Mission_Creator_Architecture/t152_22_e2e_regate_operator.md	documentation_v2/tickets/specs/t152_22_e2e_regate_operator.md	rewrite	child file; path; manifest move
T-152.22	citations	t152_22_e2e_regate_operator.md	-	keep	child file; bare basename of docs/specs/Mission_Creator_Architecture/t152_22_e2e_regate_operator.md; idx 2; the basename stays (documentation_v2/tickets/specs/t152_22_e2e_regate_operator.md)
T-153	spec	docs/specs/Mission_Creator_Architecture/t153_faction_library.md	documentation_v2/tickets/specs/t153_faction_library.md	rewrite	parent file; path; manifest move
T-153.0	spec	docs/specs/Mission_Creator_Architecture/t153_faction_library.md	documentation_v2/tickets/specs/t153_faction_library.md	rewrite	child file; path; manifest move
T-153.0	citations	t153_faction_library.md	-	keep	child file; bare basename of docs/specs/Mission_Creator_Architecture/t153_faction_library.md; idx 2; the basename stays (documentation_v2/tickets/specs/t153_faction_library.md)
T-153.1	spec	docs/specs/Mission_Creator_Architecture/t153_faction_library.md	documentation_v2/tickets/specs/t153_faction_library.md	rewrite	child file; path; manifest move
T-153.1	citations	t153_faction_library.md	-	keep	child file; bare basename of docs/specs/Mission_Creator_Architecture/t153_faction_library.md; idx 2; the basename stays (documentation_v2/tickets/specs/t153_faction_library.md)
T-154	spec	docs/specs/Mission_Creator_Architecture/t154_0_wgpu_doll_engine.md	documentation_v2/tickets/specs/t154_0_wgpu_doll_engine.md	rewrite	parent file; path; manifest move
T-154.0	spec	docs/specs/Mission_Creator_Architecture/t154_0_wgpu_doll_engine.md	documentation_v2/tickets/specs/t154_0_wgpu_doll_engine.md	rewrite	child file; path; manifest move
T-154.0	citations	t154_0_wgpu_doll_engine.md	-	keep	child file; bare basename of docs/specs/Mission_Creator_Architecture/t154_0_wgpu_doll_engine.md; idx 2; the basename stays (documentation_v2/tickets/specs/t154_0_wgpu_doll_engine.md)
T-154.1	spec	docs/specs/Mission_Creator_Architecture/t154_1_doll_polish.md	documentation_v2/tickets/specs/t154_1_doll_polish.md	rewrite	child file; path; manifest move
T-154.1	citations	t154_1_doll_polish.md	-	keep	child file; bare basename of docs/specs/Mission_Creator_Architecture/t154_1_doll_polish.md; idx 2; the basename stays (documentation_v2/tickets/specs/t154_1_doll_polish.md)
T-155	spec	docs/website/DEV_RUNBOOK.md	documentation_v2/runbooks/local_development.md	rewrite	parent file; path; manifest move+rename
T-155	citations	DEV_RUNBOOK.md	documentation_v2/runbooks/local_development.md	rewrite	parent file; bare basename of docs/website/DEV_RUNBOOK.md; idx 1; the basename changes, so the bare name becomes the full final path; replace whole-token occurrences only (not preceded by '/', '_', '-', a letter or a digit), after the full-path rows
T-156	spec	docs/website/DEV_RUNBOOK.md	documentation_v2/runbooks/local_development.md	rewrite	parent file; path; manifest move+rename
T-156	citations	DEV_RUNBOOK.md	documentation_v2/runbooks/local_development.md	rewrite	parent file; bare basename of docs/website/DEV_RUNBOOK.md; idx 1; the basename changes, so the bare name becomes the full final path; replace whole-token occurrences only (not preceded by '/', '_', '-', a letter or a digit), after the full-path rows
T-157	spec	docs/specs/ideas/t157_mission_create.md	documentation_v2/tickets/specs/t157_mission_create.md	rewrite	parent file; path; manifest move
T-157	plan	docs/plans/t-157_plan.md	documentation_v2/tickets/plans/t-157_plan.md	rewrite	parent file; path; manifest move
T-158	spec	docs/specs/ideas/t158_editor_shell.md	documentation_v2/tickets/specs/t158_editor_shell.md	rewrite	parent file; path; manifest move
T-158	plan	docs/plans/t-158_plan.md	documentation_v2/tickets/plans/t-158_plan.md	rewrite	parent file; path; manifest move
T-159	summary	docs/platform/t159_leptos_ui_program.md	documentation_v2/tickets/specs/t159_leptos_ui_program.md	rewrite	parent file; path; manifest move
T-159	spec	docs/platform/t159_leptos_ui_program.md	documentation_v2/tickets/specs/t159_leptos_ui_program.md	rewrite	parent file; path; manifest move
T-159.0	spec	docs/platform/t159_leptos_ui_program.md	documentation_v2/tickets/specs/t159_leptos_ui_program.md	rewrite	child file; path; manifest move
T-159.0	citations	t159_leptos_ui_program.md	-	keep	child file; bare basename of docs/platform/t159_leptos_ui_program.md; idx 1; the basename stays (documentation_v2/tickets/specs/t159_leptos_ui_program.md)
T-159.1	spec	docs/platform/t159_1_leptos_scaffold.md	documentation_v2/tickets/specs/t159_1_leptos_scaffold.md	rewrite	child file; path; manifest move
T-159.1	citations	t159_1_leptos_scaffold.md	-	keep	child file; bare basename of docs/platform/t159_1_leptos_scaffold.md; idx 1; the basename stays (documentation_v2/tickets/specs/t159_1_leptos_scaffold.md)
T-159.2	citations	t159_leptos_ui_program.md	-	keep	child file; bare basename of docs/platform/t159_leptos_ui_program.md; idx 1; the basename stays (documentation_v2/tickets/specs/t159_leptos_ui_program.md)
T-159.15.0	spec	docs/platform/t159_15_render_loop_handoff.md	documentation_v2/tickets/specs/t159_15_render_loop_handoff.md	rewrite	child file; never tracked at this path; the file is .ai/artifacts/t159_15_render_loop_handoff.md (P0-2 moves it to documentation_v2/tickets/specs/); operator-directed target (the file the ticket's citations name); P1-2 first repoints this spec at .ai/artifacts/t159_15_render_loop_handoff.md (plan amendment), so the next row carries that value
T-159.15.0	spec	.ai/artifacts/t159_15_render_loop_handoff.md	documentation_v2/tickets/specs/t159_15_render_loop_handoff.md	rewrite	child file; added by P0-5; the value P1-2 sets before the cutover (plan amendment); P2-3 applies whichever of this row and the previous one matches the field
T-159.15.0	citations	t159_15_render_loop_handoff.md	-	keep	child file; bare basename of cited .ai/artifacts spec .ai/artifacts/t159_15_render_loop_handoff.md; idx 1; the basename stays (documentation_v2/tickets/specs/t159_15_render_loop_handoff.md)
T-159.15.2	spec	docs/platform/t159_15_2_camera_pan.md	documentation_v2/tickets/specs/t159_15_2_camera_pan.md	rewrite	child file; path; manifest move
T-159.15.2	citations	t159_15_2_camera_pan.md	-	keep	child file; bare basename of docs/platform/t159_15_2_camera_pan.md; idx 1; the basename stays (documentation_v2/tickets/specs/t159_15_2_camera_pan.md)
T-159.16	spec	docs/platform/t159_16_mission_doc_host.md	documentation_v2/tickets/specs/t159_16_mission_doc_host.md	rewrite	child file; path; manifest move
T-159.16	citations	t159_16_mission_doc_host.md	-	keep	child file; bare basename of docs/platform/t159_16_mission_doc_host.md; idx 1; the basename stays (documentation_v2/tickets/specs/t159_16_mission_doc_host.md)
T-159.17	spec	docs/platform/t159_17_yrs_persist.md	documentation_v2/tickets/specs/t159_17_yrs_persist.md	rewrite	child file; path; manifest move
T-159.17	citations	t159_17_yrs_persist.md	-	keep	child file; bare basename of docs/platform/t159_17_yrs_persist.md; idx 1; the basename stays (documentation_v2/tickets/specs/t159_17_yrs_persist.md)
T-159.18	spec	docs/platform/t159_18_select_tools.md	documentation_v2/tickets/specs/t159_18_select_tools.md	rewrite	child file; path; manifest move
T-159.18	citations	t159_18_select_tools.md	-	keep	child file; bare basename of docs/platform/t159_18_select_tools.md; idx 1; the basename stays (documentation_v2/tickets/specs/t159_18_select_tools.md)
T-159.19	spec	docs/platform/t159_19_marquee_drag.md	documentation_v2/tickets/specs/t159_19_marquee_drag.md	rewrite	child file; path; manifest move
T-159.19	citations	t159_19_marquee_drag.md	-	keep	child file; bare basename of docs/platform/t159_19_marquee_drag.md; idx 1; the basename stays (documentation_v2/tickets/specs/t159_19_marquee_drag.md)
T-159.20	spec	docs/platform/t159_20_save_export.md	documentation_v2/tickets/specs/t159_20_save_export.md	rewrite	child file; path; manifest move
T-159.20	citations	t159_20_save_export.md	-	keep	child file; bare basename of docs/platform/t159_20_save_export.md; idx 1; the basename stays (documentation_v2/tickets/specs/t159_20_save_export.md)
T-159.21	spec	docs/platform/t159_21_eden_chrome_undo.md	documentation_v2/tickets/specs/t159_21_eden_chrome_undo.md	rewrite	child file; path; manifest move
T-159.21	citations	t159_21_eden_chrome_undo.md	-	keep	child file; bare basename of docs/platform/t159_21_eden_chrome_undo.md; idx 0; the basename stays (documentation_v2/tickets/specs/t159_21_eden_chrome_undo.md)
T-159.22	spec	docs/platform/t159_22_outliner_asset_palette.md	documentation_v2/tickets/specs/t159_22_outliner_asset_palette.md	rewrite	child file; path; manifest move
T-159.22	citations	t159_22_outliner_asset_palette.md	-	keep	child file; bare basename of docs/platform/t159_22_outliner_asset_palette.md; idx 0; the basename stays (documentation_v2/tickets/specs/t159_22_outliner_asset_palette.md)
T-159.22.1	spec	docs/platform/t159_22_1_undo_granularity.md	documentation_v2/tickets/specs/t159_22_1_undo_granularity.md	rewrite	child file; path; manifest move
T-159.22.1	citations	t159_22_1_undo_granularity.md	-	keep	child file; bare basename of docs/platform/t159_22_1_undo_granularity.md; idx 0; the basename stays (documentation_v2/tickets/specs/t159_22_1_undo_granularity.md)
T-159.23	spec	docs/platform/t159_23_attributes_modal.md	documentation_v2/tickets/specs/t159_23_attributes_modal.md	rewrite	child file; path; manifest move
T-159.23	citations	t159_23_attributes_modal.md	-	keep	child file; bare basename of docs/platform/t159_23_attributes_modal.md; idx 0; the basename stays (documentation_v2/tickets/specs/t159_23_attributes_modal.md)
T-160	citations	t159_15_2_camera_pan.md	-	keep	parent file; bare basename of docs/platform/t159_15_2_camera_pan.md; idx 1; the basename stays (documentation_v2/tickets/specs/t159_15_2_camera_pan.md)
T-161	summary	docs/platform/t161_ticket_xtask_program.md	documentation_v2/tickets/specs/t161_ticket_xtask_program.md	rewrite	parent file; path; manifest move
T-161	spec	docs/platform/t161_ticket_xtask_program.md	documentation_v2/tickets/specs/t161_ticket_xtask_program.md	rewrite	parent file; path; manifest move
T-161.0	spec	docs/platform/t161_ticket_xtask_program.md	documentation_v2/tickets/specs/t161_ticket_xtask_program.md	rewrite	child file; path; manifest move
T-161.0	approach	t161_ticket_xtask_program.md	-	keep	child file; bare basename of docs/platform/t161_ticket_xtask_program.md; idx 0; the basename stays (documentation_v2/tickets/specs/t161_ticket_xtask_program.md)
T-161.0	verify	t161_ticket_xtask_program.md	-	keep	child file; bare basename of docs/platform/t161_ticket_xtask_program.md; idx 0; the basename stays (documentation_v2/tickets/specs/t161_ticket_xtask_program.md)
T-161.0	citations	t161_ticket_xtask_program.md	-	keep	child file; bare basename of docs/platform/t161_ticket_xtask_program.md; idx 0; the basename stays (documentation_v2/tickets/specs/t161_ticket_xtask_program.md)
T-161.1	spec	docs/platform/t161_1_xtask_scaffold_sync.md	documentation_v2/tickets/specs/t161_1_xtask_scaffold_sync.md	rewrite	child file; path; manifest move
T-161.1	citations	t161_1_xtask_scaffold_sync.md	-	keep	child file; bare basename of docs/platform/t161_1_xtask_scaffold_sync.md; idx 0; the basename stays (documentation_v2/tickets/specs/t161_1_xtask_scaffold_sync.md)
T-161.2	spec	docs/platform/t161_ticket_xtask_program.md	documentation_v2/tickets/specs/t161_ticket_xtask_program.md	rewrite	child file; path; manifest move
T-161.2	citations	t161_ticket_xtask_program.md	-	keep	child file; bare basename of docs/platform/t161_ticket_xtask_program.md; idx 1; the basename stays (documentation_v2/tickets/specs/t161_ticket_xtask_program.md)
T-161.3	spec	docs/platform/t161_ticket_xtask_program.md	documentation_v2/tickets/specs/t161_ticket_xtask_program.md	rewrite	child file; path; manifest move
T-161.3	citations	t161_ticket_xtask_program.md	-	keep	child file; bare basename of docs/platform/t161_ticket_xtask_program.md; idx 1; the basename stays (documentation_v2/tickets/specs/t161_ticket_xtask_program.md)
T-161.4	spec	docs/platform/t161_ticket_xtask_program.md	documentation_v2/tickets/specs/t161_ticket_xtask_program.md	rewrite	child file; path; manifest move
T-161.4	citations	t161_ticket_xtask_program.md	-	keep	child file; bare basename of docs/platform/t161_ticket_xtask_program.md; idx 1; the basename stays (documentation_v2/tickets/specs/t161_ticket_xtask_program.md)
T-161.5	spec	docs/platform/t161_ticket_xtask_program.md	documentation_v2/tickets/specs/t161_ticket_xtask_program.md	rewrite	child file; path; manifest move
T-161.5	approach	t161_ticket_xtask_program.md	-	keep	child file; bare basename of docs/platform/t161_ticket_xtask_program.md; idx 0; the basename stays (documentation_v2/tickets/specs/t161_ticket_xtask_program.md)
T-161.5	citations	t161_ticket_xtask_program.md	-	keep	child file; bare basename of docs/platform/t161_ticket_xtask_program.md; idx 0; the basename stays (documentation_v2/tickets/specs/t161_ticket_xtask_program.md)
T-162	summary	docs/platform/t162_python_eradication.md	documentation_v2/tickets/specs/t162_python_eradication.md	rewrite	parent file; path; manifest move
T-162	spec	docs/platform/t162_python_eradication.md	documentation_v2/tickets/specs/t162_python_eradication.md	rewrite	parent file; path; manifest move
T-162.0	spec	docs/platform/t162_python_eradication.md	documentation_v2/tickets/specs/t162_python_eradication.md	rewrite	child file; path; manifest move
T-162.0	requirement	t162_python_eradication.md	-	keep	child file; bare basename of docs/platform/t162_python_eradication.md; idx 0; the basename stays (documentation_v2/tickets/specs/t162_python_eradication.md)
T-162.0	verify	docs/platform/t162_python_eradication.md	documentation_v2/tickets/specs/t162_python_eradication.md	rewrite	child file; path; idx 0; manifest move
T-162.0	citations	t162_python_eradication.md	-	keep	child file; bare basename of docs/platform/t162_python_eradication.md; idx 0; the basename stays (documentation_v2/tickets/specs/t162_python_eradication.md)
T-162.1	spec	docs/platform/t162_python_eradication.md	documentation_v2/tickets/specs/t162_python_eradication.md	rewrite	child file; path; manifest move
T-162.1	citations	t162_python_eradication.md	-	keep	child file; bare basename of docs/platform/t162_python_eradication.md; idx 1; the basename stays (documentation_v2/tickets/specs/t162_python_eradication.md)
T-162.2	spec	docs/platform/t162_python_eradication.md	documentation_v2/tickets/specs/t162_python_eradication.md	rewrite	child file; path; manifest move
T-162.2	citations	t162_python_eradication.md	-	keep	child file; bare basename of docs/platform/t162_python_eradication.md; idx 1; the basename stays (documentation_v2/tickets/specs/t162_python_eradication.md)
T-162.3	spec	docs/platform/t162_python_eradication.md	documentation_v2/tickets/specs/t162_python_eradication.md	rewrite	child file; path; manifest move
T-162.4	spec	docs/platform/t162_python_eradication.md	documentation_v2/tickets/specs/t162_python_eradication.md	rewrite	child file; path; manifest move
T-162.4	requirement	t162_python_eradication.md	-	keep	child file; bare basename of docs/platform/t162_python_eradication.md; idx 0; the basename stays (documentation_v2/tickets/specs/t162_python_eradication.md)
T-162.4	citations	t162_python_eradication.md	-	keep	child file; bare basename of docs/platform/t162_python_eradication.md; idx 1; the basename stays (documentation_v2/tickets/specs/t162_python_eradication.md)
T-163	spec	docs/platform/t163_merge_integration.md	documentation_v2/tickets/specs/t163_merge_integration.md	rewrite	parent file; path; manifest move
T-163	citations	t163_merge_integration.md	-	keep	parent file; bare basename of docs/platform/t163_merge_integration.md; idx 1; the basename stays (documentation_v2/tickets/specs/t163_merge_integration.md)
T-164	spec	docs/platform/t164_green_sweep.md	documentation_v2/tickets/specs/t164_green_sweep.md	rewrite	parent file; path; manifest move
T-164	citations	t164_green_sweep.md	-	keep	parent file; bare basename of docs/platform/t164_green_sweep.md; idx 1; the basename stays (documentation_v2/tickets/specs/t164_green_sweep.md)
T-165	summary	docs/platform/t165_node_eradication.md	documentation_v2/tickets/specs/t165_node_eradication.md	rewrite	parent file; path; manifest move
T-165	spec	docs/platform/t165_node_eradication.md	documentation_v2/tickets/specs/t165_node_eradication.md	rewrite	parent file; path; manifest move
T-165.0	spec	docs/platform/t165_node_eradication.md	documentation_v2/tickets/specs/t165_node_eradication.md	rewrite	child file; path; manifest move
T-165.0	approach	t165_node_eradication.md	-	keep	child file; bare basename of docs/platform/t165_node_eradication.md; idx 1; the basename stays (documentation_v2/tickets/specs/t165_node_eradication.md)
T-165.0	citations	t165_node_eradication.md	-	keep	child file; bare basename of docs/platform/t165_node_eradication.md; idx 1; the basename stays (documentation_v2/tickets/specs/t165_node_eradication.md)
T-165.1	spec	docs/platform/t165_node_eradication.md	documentation_v2/tickets/specs/t165_node_eradication.md	rewrite	child file; path; manifest move
T-165.2	spec	docs/platform/t165_node_eradication.md	documentation_v2/tickets/specs/t165_node_eradication.md	rewrite	child file; path; manifest move
T-165.3	spec	docs/platform/t165_node_eradication.md	documentation_v2/tickets/specs/t165_node_eradication.md	rewrite	child file; path; manifest move
T-165.4	spec	docs/platform/t165_node_eradication.md	documentation_v2/tickets/specs/t165_node_eradication.md	rewrite	child file; path; manifest move
T-165.4	citations	t165_node_eradication.md	-	keep	child file; bare basename of docs/platform/t165_node_eradication.md; idx 1; the basename stays (documentation_v2/tickets/specs/t165_node_eradication.md)
T-165.5	spec	docs/platform/t165_node_eradication.md	documentation_v2/tickets/specs/t165_node_eradication.md	rewrite	child file; path; manifest move
T-165.5	citations	t165_node_eradication.md	-	keep	child file; bare basename of docs/platform/t165_node_eradication.md; idx 2; the basename stays (documentation_v2/tickets/specs/t165_node_eradication.md)
T-165.6	spec	docs/platform/t165_node_eradication.md	documentation_v2/tickets/specs/t165_node_eradication.md	rewrite	child file; path; manifest move
T-165.6	citations	t165_node_eradication.md	-	keep	child file; bare basename of docs/platform/t165_node_eradication.md; idx 2; the basename stays (documentation_v2/tickets/specs/t165_node_eradication.md)
T-165.7	spec	docs/platform/t165_node_eradication.md	documentation_v2/tickets/specs/t165_node_eradication.md	rewrite	child file; path; manifest move
T-165.7	citations	t165_node_eradication.md	-	keep	child file; bare basename of docs/platform/t165_node_eradication.md; idx 2; the basename stays (documentation_v2/tickets/specs/t165_node_eradication.md)
T-165.8	spec	docs/platform/t165_node_eradication.md	documentation_v2/tickets/specs/t165_node_eradication.md	rewrite	child file; path; manifest move
T-165.8	citations	t165_node_eradication.md	-	keep	child file; bare basename of docs/platform/t165_node_eradication.md; idx 2; the basename stays (documentation_v2/tickets/specs/t165_node_eradication.md)
T-165.9	spec	docs/platform/t165_node_eradication.md	documentation_v2/tickets/specs/t165_node_eradication.md	rewrite	child file; path; manifest move
T-165.9	citations	t165_node_eradication.md	-	keep	child file; bare basename of docs/platform/t165_node_eradication.md; idx 1; the basename stays (documentation_v2/tickets/specs/t165_node_eradication.md)
T-165.10	spec	docs/platform/t165_node_eradication.md	documentation_v2/tickets/specs/t165_node_eradication.md	rewrite	child file; path; manifest move
T-166	spec	.ai/artifacts/missed_items_handoff.md	documentation_v2/tickets/specs/t166_missed_items_handoff.md	rewrite	parent file; cited .ai/artifacts spec file (P0-2 moves it); manifest move+rename
T-167	spec	.ai/artifacts/missed_items_handoff.md	documentation_v2/tickets/specs/t166_missed_items_handoff.md	rewrite	parent file; cited .ai/artifacts spec file (P0-2 moves it); manifest move+rename
T-167	citations	t068_10_smart_forge_ui.md	-	keep	parent file; bare basename of docs/specs/Mission_Creator_Architecture/t068_10_smart_forge_ui.md; idx 1; the basename stays (documentation_v2/tickets/specs/t068_10_smart_forge_ui.md)
T-168	spec	.ai/artifacts/missed_items_handoff.md	documentation_v2/tickets/specs/t166_missed_items_handoff.md	rewrite	parent file; cited .ai/artifacts spec file (P0-2 moves it); manifest move+rename
T-169	spec	.ai/artifacts/missed_items_handoff.md	documentation_v2/tickets/specs/t166_missed_items_handoff.md	rewrite	parent file; cited .ai/artifacts spec file (P0-2 moves it); manifest move+rename
T-170	spec	.ai/artifacts/missed_items_handoff.md	documentation_v2/tickets/specs/t166_missed_items_handoff.md	rewrite	parent file; cited .ai/artifacts spec file (P0-2 moves it); manifest move+rename
T-170	citations	docs/website/DEV_RUNBOOK.md	documentation_v2/runbooks/local_development.md	rewrite	parent file; path; idx 0; manifest move+rename
T-170	owns	docs/website/DEV_RUNBOOK.md	documentation_v2/runbooks/local_development.md	rewrite	parent file; path; idx 0; manifest move+rename
T-171	spec	docs/platform/t171_monorepo_hygiene_program.md	documentation_v2/tickets/specs/t171_monorepo_hygiene_program.md	rewrite	parent file; path; manifest move
T-171	citations	docs/platform/SHIPPED_HISTORY.md	documentation_v2/archive/shipped_history/shipped_history.md	rewrite	parent file; path; idx 1; manifest archive
T-171	citations	t171_monorepo_hygiene_program.md	-	keep	parent file; bare basename of docs/platform/t171_monorepo_hygiene_program.md; idx 2; the basename stays (documentation_v2/tickets/specs/t171_monorepo_hygiene_program.md)
T-172	spec	docs/platform/t172_leptos_bug_bash.md	documentation_v2/tickets/specs/t172_leptos_bug_bash.md	rewrite	parent file; path; manifest move
T-172	citations	docs/platform/t172_leptos_bug_bash.md	documentation_v2/tickets/specs/t172_leptos_bug_bash.md	rewrite	parent file; path; idx 1; manifest move
T-173	spec	docs/platform/t173_leptos_perf_pass.md	documentation_v2/tickets/specs/t173_leptos_perf_pass.md	rewrite	parent file; path; manifest move
T-173	citations	docs/platform/SHIPPED_HISTORY.md	documentation_v2/archive/shipped_history/shipped_history.md	rewrite	parent file; path; idx 1; manifest archive
T-174	spec	docs/platform/t174_mc_sat_heatmap_guides.md	documentation_v2/tickets/specs/t174_mc_sat_heatmap_guides.md	rewrite	parent file; path; manifest move
T-174	citations	docs/platform/SHIPPED_HISTORY.md	documentation_v2/archive/shipped_history/shipped_history.md	rewrite	parent file; path; idx 1; manifest archive
T-175	spec	docs/platform/t175_mc_interaction_lod_perf.md	documentation_v2/tickets/specs/t175_mc_interaction_lod_perf.md	rewrite	parent file; path; manifest move
T-175	citations	docs/platform/t175_mc_interaction_lod_perf.md	documentation_v2/tickets/specs/t175_mc_interaction_lod_perf.md	rewrite	parent file; path; idx 0; manifest move
T-176	spec	docs/platform/t176_forest_place_ghost_zoompan.md	documentation_v2/tickets/specs/t176_forest_place_ghost_zoompan.md	rewrite	parent file; path; manifest move
T-176	citations	docs/platform/SHIPPED_HISTORY.md	documentation_v2/archive/shipped_history/shipped_history.md	rewrite	parent file; path; idx 1; manifest archive
T-177	spec	docs/platform/t177_mc_chrome_orbat_cutover.md	documentation_v2/tickets/specs/t177_mc_chrome_orbat_cutover.md	rewrite	parent file; path; manifest move
T-177	citations	docs/platform/SHIPPED_HISTORY.md	documentation_v2/archive/shipped_history/shipped_history.md	rewrite	parent file; path; idx 1; manifest archive
T-178	spec	docs/platform/t178_forest_guides_chrome.md	documentation_v2/tickets/specs/t178_forest_guides_chrome.md	rewrite	parent file; path; manifest move
T-178	citations	docs/platform/SHIPPED_HISTORY.md	documentation_v2/archive/shipped_history/shipped_history.md	rewrite	parent file; path; idx 1; manifest archive
T-179	spec	docs/platform/t179_forest_canopy_fix.md	documentation_v2/tickets/specs/t179_forest_canopy_fix.md	rewrite	parent file; path; manifest move
T-179	citations	docs/platform/t179_forest_canopy_fix.md	documentation_v2/tickets/specs/t179_forest_canopy_fix.md	rewrite	parent file; path; idx 0; manifest move
T-180	summary	t180_class_r_pins.md	-	keep	parent file; bare basename of docs/specs/Mission_Creator_Architecture/t180_class_r_pins.md; the basename stays (documentation_v2/tickets/specs/t180_class_r_pins.md)
T-180	summary	t180_orbat_eden_program.md	-	keep	parent file; bare basename of docs/specs/Mission_Creator_Architecture/t180_orbat_eden_program.md; the basename stays (documentation_v2/tickets/specs/t180_orbat_eden_program.md)
T-180	spec	docs/specs/Mission_Creator_Architecture/t180_orbat_eden_program.md	documentation_v2/tickets/specs/t180_orbat_eden_program.md	rewrite	parent file; path; manifest move
T-180.0	spec	docs/specs/Mission_Creator_Architecture/t180_orbat_eden_program.md	documentation_v2/tickets/specs/t180_orbat_eden_program.md	rewrite	child file; path; manifest move
T-180.0	notes	t180_class_r_pins.md	-	keep	child file; bare basename of docs/specs/Mission_Creator_Architecture/t180_class_r_pins.md; the basename stays (documentation_v2/tickets/specs/t180_class_r_pins.md)
T-180.0	citations	t180_orbat_eden_program.md	-	keep	child file; bare basename of docs/specs/Mission_Creator_Architecture/t180_orbat_eden_program.md; idx 1; the basename stays (documentation_v2/tickets/specs/t180_orbat_eden_program.md)
T-180.1	spec	docs/specs/Mission_Creator_Architecture/t180_1_foundation_schema.md	documentation_v2/tickets/specs/t180_1_foundation_schema.md	rewrite	child file; path; manifest move
T-180.1	citations	t180_1_foundation_schema.md	-	keep	child file; bare basename of docs/specs/Mission_Creator_Architecture/t180_1_foundation_schema.md; idx 1; the basename stays (documentation_v2/tickets/specs/t180_1_foundation_schema.md)
T-180.2	spec	docs/specs/Mission_Creator_Architecture/t180_2_graph_mutators.md	documentation_v2/tickets/specs/t180_2_graph_mutators.md	rewrite	child file; path; manifest move
T-180.2	citations	t180_2_graph_mutators.md	-	keep	child file; bare basename of docs/specs/Mission_Creator_Architecture/t180_2_graph_mutators.md; idx 1; the basename stays (documentation_v2/tickets/specs/t180_2_graph_mutators.md)
T-180.3	spec	docs/specs/Mission_Creator_Architecture/t180_3_map_side_tint.md	documentation_v2/tickets/specs/t180_3_map_side_tint.md	rewrite	child file; path; manifest move
T-180.3	citations	t180_3_map_side_tint.md	-	keep	child file; bare basename of docs/specs/Mission_Creator_Architecture/t180_3_map_side_tint.md; idx 1; the basename stays (documentation_v2/tickets/specs/t180_3_map_side_tint.md)
T-180.4	spec	docs/specs/Mission_Creator_Architecture/t180_4_squad_leader_lines.md	documentation_v2/tickets/specs/t180_4_squad_leader_lines.md	rewrite	child file; path; manifest move
T-180.5	spec	docs/specs/Mission_Creator_Architecture/t180_5_right_dock_side_chips.md	documentation_v2/tickets/specs/t180_5_right_dock_side_chips.md	rewrite	child file; path; manifest move
T-180.6	spec	docs/specs/Mission_Creator_Architecture/t180_6_place_orbat_sync.md	documentation_v2/tickets/specs/t180_6_place_orbat_sync.md	rewrite	child file; path; manifest move
T-180.7	spec	docs/specs/Mission_Creator_Architecture/t180_7_orbat_manager_ui.md	documentation_v2/tickets/specs/t180_7_orbat_manager_ui.md	rewrite	child file; path; manifest move
T-180.8	spec	docs/specs/Mission_Creator_Architecture/t180_8_templates_vehicles.md	documentation_v2/tickets/specs/t180_8_templates_vehicles.md	rewrite	child file; path; manifest move
T-180.9	spec	docs/specs/Mission_Creator_Architecture/t180_9_arsenal_compile.md	documentation_v2/tickets/specs/t180_9_arsenal_compile.md	rewrite	child file; path; manifest move
T-180.9	citations	SHIPPED_HISTORY.md	documentation_v2/archive/shipped_history/shipped_history.md	rewrite	child file; bare basename of docs/platform/SHIPPED_HISTORY.md; idx 1; the basename changes, so the bare name becomes the full final path; replace whole-token occurrences only (not preceded by '/', '_', '-', a letter or a digit), after the full-path rows
T-180.9	citations	t180_9_arsenal_compile.md	-	keep	child file; bare basename of docs/specs/Mission_Creator_Architecture/t180_9_arsenal_compile.md; idx 2; the basename stays (documentation_v2/tickets/specs/t180_9_arsenal_compile.md)
T-180.10	spec	docs/specs/Mission_Creator_Architecture/t180_10_program_coherency.md	documentation_v2/tickets/specs/t180_10_program_coherency.md	rewrite	child file; path; manifest move
T-180.10	citations	SHIPPED_HISTORY.md	documentation_v2/archive/shipped_history/shipped_history.md	rewrite	child file; bare basename of docs/platform/SHIPPED_HISTORY.md; idx 1; the basename changes, so the bare name becomes the full final path; replace whole-token occurrences only (not preceded by '/', '_', '-', a letter or a digit), after the full-path rows
T-181	spec	docs/mod/t181_event_mod_program.md	documentation_v2/tickets/specs/t181_event_mod_program.md	rewrite	parent file; path; manifest move
T-181.0	spec	docs/mod/t181_event_mod_program.md	documentation_v2/tickets/specs/t181_event_mod_program.md	rewrite	child file; path; manifest move
T-181.0	citations	t181_event_mod_program.md	-	keep	child file; bare basename of docs/mod/t181_event_mod_program.md; idx 1; the basename stays (documentation_v2/tickets/specs/t181_event_mod_program.md)
T-181.1	spec	docs/mod/t181_event_mod_program.md	documentation_v2/tickets/specs/t181_event_mod_program.md	rewrite	child file; path; manifest move
T-181.1	citations	t181_event_mod_program.md	-	keep	child file; bare basename of docs/mod/t181_event_mod_program.md; idx 1; the basename stays (documentation_v2/tickets/specs/t181_event_mod_program.md)
T-181.2	spec	docs/mod/t181_event_mod_program.md	documentation_v2/tickets/specs/t181_event_mod_program.md	rewrite	child file; path; manifest move
T-181.2	citations	t181_event_mod_program.md	-	keep	child file; bare basename of docs/mod/t181_event_mod_program.md; idx 1; the basename stays (documentation_v2/tickets/specs/t181_event_mod_program.md)
T-181.2.1	summary	docs/mod/capability_verdicts.tsv	documentation_v2/mod/tbd-framework/capability_verdicts.tsv	rewrite	child file; path; manifest move
T-181.2.1	spec	docs/mod/t181_event_mod_program.md	documentation_v2/tickets/specs/t181_event_mod_program.md	rewrite	child file; path; manifest move
T-181.2.1	notes	docs/mod/capability_verdicts.tsv	documentation_v2/mod/tbd-framework/capability_verdicts.tsv	rewrite	child file; path; manifest move
T-181.2.1	requirement	capability_verdicts.tsv	-	keep	child file; bare basename of docs/mod/capability_verdicts.tsv; idx 0; the basename stays (documentation_v2/mod/tbd-framework/capability_verdicts.tsv)
T-181.2.1	approach	capability_verdicts.tsv	-	keep	child file; bare basename of docs/mod/capability_verdicts.tsv; idx 0; the basename stays (documentation_v2/mod/tbd-framework/capability_verdicts.tsv)
T-181.2.1	citations	t181_event_mod_program.md	-	keep	child file; bare basename of docs/mod/t181_event_mod_program.md; idx 1; the basename stays (documentation_v2/tickets/specs/t181_event_mod_program.md)
T-181.3	notes	docs/mod/vanilla_carve_coverage.md	documentation_v2/mod/tbd-framework/vanilla_source_coverage.md	rewrite	child file; path; manifest move+rename
T-181.3	approach	vanilla_carve_coverage.md	documentation_v2/mod/tbd-framework/vanilla_source_coverage.md	rewrite	child file; bare basename of docs/mod/vanilla_carve_coverage.md; idx 0; the basename changes, so the bare name becomes the full final path; replace whole-token occurrences only (not preceded by '/', '_', '-', a letter or a digit), after the full-path rows
T-181.3	citations	vanilla_carve_coverage.md	documentation_v2/mod/tbd-framework/vanilla_source_coverage.md	rewrite	child file; bare basename of docs/mod/vanilla_carve_coverage.md; idx 0; the basename changes, so the bare name becomes the full final path; replace whole-token occurrences only (not preceded by '/', '_', '-', a letter or a digit), after the full-path rows
T-181.3	citations	vanilla_carve_coverage.md	documentation_v2/mod/tbd-framework/vanilla_source_coverage.md	rewrite	child file; bare basename of docs/mod/vanilla_carve_coverage.md; idx 2; the basename changes, so the bare name becomes the full final path; replace whole-token occurrences only (not preceded by '/', '_', '-', a letter or a digit), after the full-path rows
T-181.3.1	citations	vanilla_carve_coverage.md	documentation_v2/mod/tbd-framework/vanilla_source_coverage.md	rewrite	child file; bare basename of docs/mod/vanilla_carve_coverage.md; idx 0; the basename changes, so the bare name becomes the full final path; replace whole-token occurrences only (not preceded by '/', '_', '-', a letter or a digit), after the full-path rows
T-181.3.2	citations	vanilla_carve_coverage.md	documentation_v2/mod/tbd-framework/vanilla_source_coverage.md	rewrite	child file; bare basename of docs/mod/vanilla_carve_coverage.md; idx 0; the basename changes, so the bare name becomes the full final path; replace whole-token occurrences only (not preceded by '/', '_', '-', a letter or a digit), after the full-path rows
T-181.3.3	notes	docs/mod/vanilla_carve_coverage.md	documentation_v2/mod/tbd-framework/vanilla_source_coverage.md	rewrite	child file; path; manifest move+rename
T-181.3.3	citations	vanilla_carve_coverage.md	documentation_v2/mod/tbd-framework/vanilla_source_coverage.md	rewrite	child file; bare basename of docs/mod/vanilla_carve_coverage.md; idx 1; the basename changes, so the bare name becomes the full final path; replace whole-token occurrences only (not preceded by '/', '_', '-', a letter or a digit), after the full-path rows
T-181.4	summary	TBD_MOD_DESIGN.md	documentation_v2/mod/tbd-framework/mod_design.md	rewrite	child file; bare basename of docs/mod/TBD_MOD_DESIGN.md; the basename changes, so the bare name becomes the full final path; replace whole-token occurrences only (not preceded by '/', '_', '-', a letter or a digit), after the full-path rows
T-181.4	notes	docs/mod/TBD_MOD_DESIGN.md	documentation_v2/mod/tbd-framework/mod_design.md	rewrite	child file; path; manifest move+rename
T-181.4	requirement	docs/mod/TBD_MOD_DESIGN.md	documentation_v2/mod/tbd-framework/mod_design.md	rewrite	child file; path; idx 0; manifest move+rename
T-181.4	approach	TBD_MOD_DESIGN.md	documentation_v2/mod/tbd-framework/mod_design.md	rewrite	child file; bare basename of docs/mod/TBD_MOD_DESIGN.md; idx 0; the basename changes, so the bare name becomes the full final path; replace whole-token occurrences only (not preceded by '/', '_', '-', a letter or a digit), after the full-path rows
T-181.4	citations	t181_event_mod_program.md	-	keep	child file; bare basename of docs/mod/t181_event_mod_program.md; idx 1; the basename stays (documentation_v2/tickets/specs/t181_event_mod_program.md)
T-181.6	summary	t181_event_mod_program.md	-	keep	child file; bare basename of docs/mod/t181_event_mod_program.md; the basename stays (documentation_v2/tickets/specs/t181_event_mod_program.md)
T-181.6	context	t181_event_mod_program.md	-	keep	child file; bare basename of docs/mod/t181_event_mod_program.md; idx 1; the basename stays (documentation_v2/tickets/specs/t181_event_mod_program.md)
T-181.6	citations	t181_event_mod_program.md	-	keep	child file; bare basename of docs/mod/t181_event_mod_program.md; idx 0; the basename stays (documentation_v2/tickets/specs/t181_event_mod_program.md)
T-181.8	citations	t181_event_mod_program.md	-	keep	child file; bare basename of docs/mod/t181_event_mod_program.md; idx 0; the basename stays (documentation_v2/tickets/specs/t181_event_mod_program.md)
T-181.9.1	citations	t181_event_mod_program.md	-	keep	child file; bare basename of docs/mod/t181_event_mod_program.md; idx 1; the basename stays (documentation_v2/tickets/specs/t181_event_mod_program.md)
T-181.10	spec	docs/mod/t181_event_mod_program.md	documentation_v2/tickets/specs/t181_event_mod_program.md	rewrite	child file; path; manifest move
T-181.11.1	spec	docs/mod/t181_event_mod_program.md	documentation_v2/tickets/specs/t181_event_mod_program.md	rewrite	child file; path; manifest move
T-181.14	citations	t181_event_mod_program.md	-	keep	child file; bare basename of docs/mod/t181_event_mod_program.md; idx 1; the basename stays (documentation_v2/tickets/specs/t181_event_mod_program.md)
T-181.15	citations	t181_event_mod_program.md	-	keep	child file; bare basename of docs/mod/t181_event_mod_program.md; idx 1; the basename stays (documentation_v2/tickets/specs/t181_event_mod_program.md)
T-181.16	owns	docs/mod/capability_verdicts.tsv	documentation_v2/mod/tbd-framework/capability_verdicts.tsv	rewrite	child file; path; idx 0; manifest move
T-181.16	owns	docs/mod/t181_event_mod_program.md	documentation_v2/tickets/specs/t181_event_mod_program.md	rewrite	child file; path; idx 1; manifest move
T-181.17	citations	t181_event_mod_program.md	-	keep	child file; bare basename of docs/mod/t181_event_mod_program.md; idx 1; the basename stays (documentation_v2/tickets/specs/t181_event_mod_program.md)
T-181.18	citations	t181_event_mod_program.md	-	keep	child file; bare basename of docs/mod/t181_event_mod_program.md; idx 1; the basename stays (documentation_v2/tickets/specs/t181_event_mod_program.md)
T-181.20	citations	t181_event_mod_program.md	-	keep	child file; bare basename of docs/mod/t181_event_mod_program.md; idx 1; the basename stays (documentation_v2/tickets/specs/t181_event_mod_program.md)
T-181.24	notes	TBD_MOD_DESIGN.md	documentation_v2/mod/tbd-framework/mod_design.md	rewrite	child file; bare basename of docs/mod/TBD_MOD_DESIGN.md; the basename changes, so the bare name becomes the full final path; replace whole-token occurrences only (not preceded by '/', '_', '-', a letter or a digit), after the full-path rows
T-181.32	citations	t181_event_mod_program.md	-	keep	child file; bare basename of docs/mod/t181_event_mod_program.md; idx 1; the basename stays (documentation_v2/tickets/specs/t181_event_mod_program.md)
T-181.33	citations	t181_event_mod_program.md	-	keep	child file; bare basename of docs/mod/t181_event_mod_program.md; idx 1; the basename stays (documentation_v2/tickets/specs/t181_event_mod_program.md)
T-181.35	citations	t181_event_mod_program.md	-	keep	child file; bare basename of docs/mod/t181_event_mod_program.md; idx 1; the basename stays (documentation_v2/tickets/specs/t181_event_mod_program.md)
T-181.41	citations	t181_event_mod_program.md	-	keep	child file; bare basename of docs/mod/t181_event_mod_program.md; idx 2; the basename stays (documentation_v2/tickets/specs/t181_event_mod_program.md)
T-190	spec	docs/specs/ideas/t190_tab_clobber.md	documentation_v2/tickets/specs/t190_tab_clobber.md	rewrite	parent file; path; manifest move
T-190	plan	docs/plans/t-190_plan.md	documentation_v2/tickets/plans/t-190_plan.md	rewrite	parent file; path; manifest move
T-207	owns	docs/website/DEV_RUNBOOK.md	documentation_v2/runbooks/local_development.md	rewrite	parent file; path; idx 1; manifest move+rename
T-210	context	PLATFORM_FACTORY.md	documentation_v2/runbooks/factory_waves/README.md	rewrite	parent file; bare basename of docs/platform/PLATFORM_FACTORY.md; idx 1; the basename changes, so the bare name becomes the full final path; replace whole-token occurrences only (not preceded by '/', '_', '-', a letter or a digit), after the full-path rows
T-210	citations	PLATFORM_FACTORY.md	documentation_v2/runbooks/factory_waves/README.md	rewrite	parent file; bare basename of docs/platform/PLATFORM_FACTORY.md; idx 2; the basename changes, so the bare name becomes the full final path; replace whole-token occurrences only (not preceded by '/', '_', '-', a letter or a digit), after the full-path rows
T-212	spec	docs/specs/existing/t212_typed_objectives.md	documentation_v2/tickets/specs/t212_typed_objectives.md	rewrite	parent file; path; manifest move
T-212	plan	docs/plans/t-212_plan.md	documentation_v2/tickets/plans/t-212_plan.md	rewrite	parent file; path; manifest move
T-239	context	docs/platform/frontend_data_provenance.md	documentation_v2/archive/audits/frontend_data_provenance.md	rewrite	parent file; path; idx 11; manifest archive
T-239	citations	frontend_data_provenance.md	-	keep	parent file; bare basename of docs/platform/frontend_data_provenance.md; idx 4; the basename stays (documentation_v2/archive/audits/frontend_data_provenance.md)
T-242	spec	docs/specs/ideas/t242_t216_deltas.md	documentation_v2/tickets/specs/t242_t216_deltas.md	rewrite	parent file; path; manifest move
T-242	plan	docs/plans/t-242_plan.md	documentation_v2/tickets/plans/t-242_plan.md	rewrite	parent file; path; manifest move
T-251	context	HOME_SERVER.md	documentation_v2/runbooks/website_deployment.md	rewrite	parent file; bare basename of docs/website/HOME_SERVER.md; idx 0; the basename changes, so the bare name becomes the full final path; replace whole-token occurrences only (not preceded by '/', '_', '-', a letter or a digit), after the full-path rows
T-257	spec	docs/specs/ideas/t257_undo_scope.md	documentation_v2/tickets/specs/t257_undo_scope.md	rewrite	parent file; path; manifest move
T-257	plan	docs/plans/t-257_plan.md	documentation_v2/tickets/plans/t-257_plan.md	rewrite	parent file; path; manifest move
T-274	approach	docs/mod/SPAWN_DETERMINISM.md	documentation_v2/runbooks/spawn_determinism.md	rewrite	parent file; path; idx 1; manifest move+rename
T-274	owns	docs/mod	documentation_v2/mod	rewrite	parent file; directory own — needs mapping + overlap check; idx 2; directory own (shipped ticket, so no open-ticket overlap): the docs/mod files now span documentation_v2/mod/ (mirror root), documentation_v2/runbooks/ (mod_slice_workflow, spawn_determinism, enfusion_mcp_tooling, game_server_staging/), documentation_v2/tickets/specs/ (t181_event_mod_program.md) and documentation_v2/archive/ (product_plans, handoffs_and_kickoffs); no open ticket owns any of them
T-277	spec	docs/specs/ideas/t277_prefab_classify.md	documentation_v2/tickets/specs/t277_prefab_classify.md	rewrite	parent file; path; manifest move
T-277	plan	docs/plans/t-277_plan.md	documentation_v2/tickets/plans/t-277_plan.md	rewrite	parent file; path; manifest move
T-290	spec	docs/specs/ideas/t290_dead_flatten_fields.md	documentation_v2/tickets/specs/t290_dead_flatten_fields.md	rewrite	parent file; path; manifest move
T-290	plan	docs/plans/t-290_plan.md	documentation_v2/tickets/plans/t-290_plan.md	rewrite	parent file; path; manifest move
T-291	spec	docs/specs/ideas/t291_orphan_schema_fields.md	documentation_v2/tickets/specs/t291_orphan_schema_fields.md	rewrite	parent file; path; manifest move
T-291	plan	docs/plans/t-291_plan.md	documentation_v2/tickets/plans/t-291_plan.md	rewrite	parent file; path; manifest move
T-294	spec	docs/specs/ideas/t294_arland_objects.md	documentation_v2/tickets/specs/t294_arland_objects.md	rewrite	parent file; path; manifest move
T-294	plan	docs/plans/t-294_plan.md	documentation_v2/tickets/plans/t-294_plan.md	rewrite	parent file; path; manifest move
T-295	spec	docs/specs/ideas/t295_realtime_collab.md	documentation_v2/tickets/specs/t295_realtime_collab.md	rewrite	parent file; path; manifest move
T-295	plan	docs/plans/t-295_plan.md	documentation_v2/tickets/plans/t-295_plan.md	rewrite	parent file; path; manifest move
T-298	spec	docs/specs/ideas/t298_tbd_tools_gate.md	documentation_v2/tickets/specs/t298_tbd_tools_gate.md	rewrite	parent file; path; manifest move
T-298	plan	docs/plans/t-298_plan.md	documentation_v2/tickets/plans/t-298_plan.md	rewrite	parent file; path; manifest move
T-299	spec	docs/specs/ideas/t299_phantom_opfor.md	documentation_v2/tickets/specs/t299_phantom_opfor.md	rewrite	parent file; path; manifest move
T-299	plan	docs/plans/t-299_plan.md	documentation_v2/tickets/plans/t-299_plan.md	rewrite	parent file; path; manifest move
T-300	spec	docs/specs/ideas/t300_shared_target.md	documentation_v2/tickets/specs/t300_shared_target.md	rewrite	parent file; path; manifest move
T-300	plan	docs/plans/t-300_plan.md	documentation_v2/tickets/plans/t-300_plan.md	rewrite	parent file; path; manifest move
T-301	spec	docs/specs/ideas/t301_briefing_kit.md	documentation_v2/tickets/specs/t301_briefing_kit.md	rewrite	parent file; path; manifest move
T-301	plan	docs/plans/t-301_plan.md	documentation_v2/tickets/plans/t-301_plan.md	rewrite	parent file; path; manifest move
T-302	spec	docs/specs/ideas/t302_weapon_equip_boot.md	documentation_v2/tickets/specs/t302_weapon_equip_boot.md	rewrite	parent file; path; manifest move
T-302	plan	docs/plans/t-302_plan.md	documentation_v2/tickets/plans/t-302_plan.md	rewrite	parent file; path; manifest move
T-304	spec	docs/specs/ideas/t304_registry_scan_weight.md	documentation_v2/tickets/specs/t304_registry_scan_weight.md	rewrite	parent file; path; manifest move
T-304	plan	docs/plans/t-304_plan.md	documentation_v2/tickets/plans/t-304_plan.md	rewrite	parent file; path; manifest move
T-305	spec	docs/specs/ideas/t305_pak_offset.md	documentation_v2/tickets/specs/t305_pak_offset.md	rewrite	parent file; path; manifest move
T-305	plan	docs/plans/t-305_plan.md	documentation_v2/tickets/plans/t-305_plan.md	rewrite	parent file; path; manifest move
T-309	spec	docs/specs/ideas/t309_faction_doc_squads.md	documentation_v2/tickets/specs/t309_faction_doc_squads.md	rewrite	parent file; path; manifest move
T-309	plan	docs/plans/t-309_plan.md	documentation_v2/tickets/plans/t-309_plan.md	rewrite	parent file; path; manifest move
T-310	spec	docs/specs/ideas/t310_arsenal_attachments.md	documentation_v2/tickets/specs/t310_arsenal_attachments.md	rewrite	parent file; path; manifest move
T-310	plan	docs/plans/t-310_plan.md	documentation_v2/tickets/plans/t-310_plan.md	rewrite	parent file; path; manifest move
T-311	spec	docs/specs/ideas/t311_leaderboard_tiebreak.md	documentation_v2/tickets/specs/t311_leaderboard_tiebreak.md	rewrite	parent file; path; manifest move
T-311	plan	docs/plans/t-311_plan.md	documentation_v2/tickets/plans/t-311_plan.md	rewrite	parent file; path; manifest move
T-320	approach	docs/website/EDITOR_GATE_RUNBOOK.md	documentation_v2/runbooks/editor_gates.md	rewrite	parent file; path; idx 0; manifest move+rename
T-320	citations	EDITOR_GATE_RUNBOOK.md	documentation_v2/runbooks/editor_gates.md	rewrite	parent file; bare basename of docs/website/EDITOR_GATE_RUNBOOK.md; idx 2; the basename changes, so the bare name becomes the full final path; replace whole-token occurrences only (not preceded by '/', '_', '-', a letter or a digit), after the full-path rows
T-320	owns	docs/website/EDITOR_GATE_RUNBOOK.md	documentation_v2/runbooks/editor_gates.md	rewrite	parent file; path; idx 2; manifest move+rename
T-354	notes	docs/website/EDITOR_GATE_RUNBOOK.md	documentation_v2/runbooks/editor_gates.md	rewrite	parent file; path; manifest move+rename
T-354	requirement	EDITOR_GATE_RUNBOOK.md	documentation_v2/runbooks/editor_gates.md	rewrite	parent file; bare basename of docs/website/EDITOR_GATE_RUNBOOK.md; idx 1; the basename changes, so the bare name becomes the full final path; replace whole-token occurrences only (not preceded by '/', '_', '-', a letter or a digit), after the full-path rows
T-354	citations	EDITOR_GATE_RUNBOOK.md	documentation_v2/runbooks/editor_gates.md	rewrite	parent file; bare basename of docs/website/EDITOR_GATE_RUNBOOK.md; idx 3; the basename changes, so the bare name becomes the full final path; replace whole-token occurrences only (not preceded by '/', '_', '-', a letter or a digit), after the full-path rows
T-354	owns	docs/website/EDITOR_GATE_RUNBOOK.md	documentation_v2/runbooks/editor_gates.md	rewrite	parent file; path; idx 0; manifest move+rename
T-392	notes	docs/platform/frontend_data_provenance.md	documentation_v2/archive/audits/frontend_data_provenance.md	rewrite	parent file; path; manifest archive
T-392	context	frontend_data_provenance.md	-	keep	parent file; bare basename of docs/platform/frontend_data_provenance.md; idx 1; the basename stays (documentation_v2/archive/audits/frontend_data_provenance.md)
T-392	citations	frontend_data_provenance.md	-	keep	parent file; bare basename of docs/platform/frontend_data_provenance.md; idx 5; the basename stays (documentation_v2/archive/audits/frontend_data_provenance.md)
T-398	notes	PLATFORM_FACTORY.md	documentation_v2/runbooks/factory_waves/README.md	rewrite	parent file; bare basename of docs/platform/PLATFORM_FACTORY.md; the basename changes, so the bare name becomes the full final path; replace whole-token occurrences only (not preceded by '/', '_', '-', a letter or a digit), after the full-path rows
T-398	current_state	PLATFORM_FACTORY.md	documentation_v2/runbooks/factory_waves/README.md	rewrite	parent file; bare basename of docs/platform/PLATFORM_FACTORY.md; idx 3; the basename changes, so the bare name becomes the full final path; replace whole-token occurrences only (not preceded by '/', '_', '-', a letter or a digit), after the full-path rows
T-398	citations	PLATFORM_FACTORY.md	documentation_v2/runbooks/factory_waves/README.md	rewrite	parent file; bare basename of docs/platform/PLATFORM_FACTORY.md; idx 3; the basename changes, so the bare name becomes the full final path; replace whole-token occurrences only (not preceded by '/', '_', '-', a letter or a digit), after the full-path rows
T-401	notes	PLATFORM_FACTORY.md	documentation_v2/runbooks/factory_waves/README.md	rewrite	parent file; bare basename of docs/platform/PLATFORM_FACTORY.md; the basename changes, so the bare name becomes the full final path; replace whole-token occurrences only (not preceded by '/', '_', '-', a letter or a digit), after the full-path rows
T-401	current_state	PLATFORM_FACTORY.md	documentation_v2/runbooks/factory_waves/README.md	rewrite	parent file; bare basename of docs/platform/PLATFORM_FACTORY.md; idx 8; the basename changes, so the bare name becomes the full final path; replace whole-token occurrences only (not preceded by '/', '_', '-', a letter or a digit), after the full-path rows
T-401	citations	PLATFORM_FACTORY.md	documentation_v2/runbooks/factory_waves/README.md	rewrite	parent file; bare basename of docs/platform/PLATFORM_FACTORY.md; idx 2; the basename changes, so the bare name becomes the full final path; replace whole-token occurrences only (not preceded by '/', '_', '-', a letter or a digit), after the full-path rows
T-404	notes	docs/platform/frontend_data_provenance.md	documentation_v2/archive/audits/frontend_data_provenance.md	rewrite	parent file; path; followed by line refs :41,62; manifest archive
T-404	current_state	frontend_data_provenance.md	-	keep	parent file; bare basename of docs/platform/frontend_data_provenance.md; idx 4; the basename stays (documentation_v2/archive/audits/frontend_data_provenance.md)
T-404	citations	frontend_data_provenance.md	-	keep	parent file; bare basename of docs/platform/frontend_data_provenance.md; idx 3; the basename stays (documentation_v2/archive/audits/frontend_data_provenance.md)
T-404	owns	docs/platform/frontend_data_provenance.md	documentation_v2/archive/audits/frontend_data_provenance.md	rewrite	parent file; path; idx 2; manifest archive
T-420	notes	PLATFORM_FACTORY.md	documentation_v2/runbooks/factory_waves/README.md	rewrite	parent file; bare basename of docs/platform/PLATFORM_FACTORY.md; the basename changes, so the bare name becomes the full final path; replace whole-token occurrences only (not preceded by '/', '_', '-', a letter or a digit), after the full-path rows
T-428	notes	docs/website/backend/architecture.md	documentation_v2/archive/go_and_react_era_design/go_backend_architecture_plan.md	rewrite	parent file; path; manifest archive
T-428	requirement	architecture.md	documentation_v2/archive/go_and_react_era_design/go_backend_architecture_plan.md	rewrite	parent file; bare basename of docs/website/backend/architecture.md; idx 0; the basename changes, so the bare name becomes the full final path; replace whole-token occurrences only (not preceded by '/', '_', '-', a letter or a digit), after the full-path rows
T-428	citations	architecture.md	documentation_v2/archive/go_and_react_era_design/go_backend_architecture_plan.md	rewrite	parent file; bare basename of docs/website/backend/architecture.md; idx 1; the basename changes, so the bare name becomes the full final path; replace whole-token occurrences only (not preceded by '/', '_', '-', a letter or a digit), after the full-path rows
T-438	notes	STAGING-SERVER.md	documentation_v2/runbooks/game_server_staging/README.md	rewrite	parent file; bare basename of docs/mod/STAGING-SERVER.md; the basename changes, so the bare name becomes the full final path; replace whole-token occurrences only (not preceded by '/', '_', '-', a letter or a digit), after the full-path rows
T-438	requirement	STAGING-SERVER.md	documentation_v2/runbooks/game_server_staging/README.md	rewrite	parent file; bare basename of docs/mod/STAGING-SERVER.md; idx 1; the basename changes, so the bare name becomes the full final path; replace whole-token occurrences only (not preceded by '/', '_', '-', a letter or a digit), after the full-path rows
T-438	approach	HOME_SERVER.md	documentation_v2/runbooks/website_deployment.md	rewrite	parent file; bare basename of docs/website/HOME_SERVER.md; idx 0; the basename changes, so the bare name becomes the full final path; replace whole-token occurrences only (not preceded by '/', '_', '-', a letter or a digit), after the full-path rows
T-438	owns	docs/website/HOME_SERVER.md	documentation_v2/runbooks/website_deployment.md	rewrite	parent file; path; idx 2; manifest move+rename
T-490	notes	docs/platform/factory_pack_wave	.ai/factory_pack_wave	rewrite	parent file; path; manifest move
T-490	owns	docs/platform/factory_pack_wave	.ai/factory_pack_wave	rewrite	parent file; path; idx 1; manifest move
T-534	notes	PLATFORM_FACTORY.md	documentation_v2/runbooks/factory_waves/README.md	rewrite	parent file; bare basename of docs/platform/PLATFORM_FACTORY.md; the basename changes, so the bare name becomes the full final path; replace whole-token occurrences only (not preceded by '/', '_', '-', a letter or a digit), after the full-path rows
T-541	notes	docs/TICKET_LEAD.md	-	drop-view-link	parent file; generated sync view — P1-2 drops it, no move target; P2-3 rewords the sentence (for example 'the generated ticket views, retired') or drops the entry
T-584	owns	docs/platform/CODING_STANDARDS.md	documentation_v2/standards/coding_standards/README.md	rewrite	parent file; path; idx 3; manifest move+rename
T-590	notes	docs/platform/CODING_STANDARDS.md	documentation_v2/standards/coding_standards/README.md	rewrite	parent file; path; followed by line refs :138-141; manifest move+rename
T-590	owns	docs/platform/CODING_STANDARDS.md	documentation_v2/standards/coding_standards/README.md	rewrite	parent file; path; idx 1; manifest move+rename
T-595	notes	HOME_SERVER.md	documentation_v2/runbooks/website_deployment.md	rewrite	parent file; bare basename of docs/website/HOME_SERVER.md; the basename changes, so the bare name becomes the full final path; replace whole-token occurrences only (not preceded by '/', '_', '-', a letter or a digit), after the full-path rows
T-595	notes	STAGING-SERVER.md	documentation_v2/runbooks/game_server_staging/README.md	rewrite	parent file; bare basename of docs/mod/STAGING-SERVER.md; the basename changes, so the bare name becomes the full final path; replace whole-token occurrences only (not preceded by '/', '_', '-', a letter or a digit), after the full-path rows
T-595	notes	STAGING-SERVER.md	documentation_v2/runbooks/game_server_staging/README.md	rewrite	parent file; bare basename of docs/mod/STAGING-SERVER.md; the basename changes, so the bare name becomes the full final path; replace whole-token occurrences only (not preceded by '/', '_', '-', a letter or a digit), after the full-path rows
T-596	notes	STAGING-SERVER.md	documentation_v2/runbooks/game_server_staging/README.md	rewrite	parent file; bare basename of docs/mod/STAGING-SERVER.md; the basename changes, so the bare name becomes the full final path; replace whole-token occurrences only (not preceded by '/', '_', '-', a letter or a digit), after the full-path rows
T-596	notes	FACTORY_FOR_CURSOR.md	documentation_v2/runbooks/factory_waves/README.md	rewrite	parent file; bare basename of docs/platform/FACTORY_FOR_CURSOR.md; the basename changes, so the bare name becomes the full final path; replace whole-token occurrences only (not preceded by '/', '_', '-', a letter or a digit), after the full-path rows
T-604	notes	docs/platform/PLAYTEST_RUNBOOK.md	documentation_v2/runbooks/two_client_playtest/README.md	rewrite	parent file; path; manifest move+rename
T-604	acceptance	STAGING-SERVER.md	documentation_v2/runbooks/game_server_staging/README.md	rewrite	parent file; bare basename of docs/mod/STAGING-SERVER.md; idx 2; the basename changes, so the bare name becomes the full final path; replace whole-token occurrences only (not preceded by '/', '_', '-', a letter or a digit), after the full-path rows
T-604	owns	docs/mod/STAGING-SERVER.md	documentation_v2/runbooks/game_server_staging/README.md	rewrite	parent file; path; idx 2; manifest move+rename
T-605	notes	docs/platform/PLAYTEST_RUNBOOK.md	documentation_v2/runbooks/two_client_playtest/README.md	rewrite	parent file; path; manifest move+rename
T-606	notes	docs/mod/STAGING-SERVER.md	documentation_v2/runbooks/game_server_staging/README.md	rewrite	parent file; path; followed by line refs :192-203; manifest move+rename
T-606	notes	docs/platform/PLAYTEST_RUNBOOK.md	documentation_v2/runbooks/two_client_playtest/README.md	rewrite	parent file; path; manifest move+rename
T-606	notes	docs/platform/PLAYTEST_RUNBOOK.md	documentation_v2/runbooks/two_client_playtest/README.md	rewrite	parent file; path; manifest move+rename
T-606	acceptance	STAGING-SERVER.md	documentation_v2/runbooks/game_server_staging/README.md	rewrite	parent file; bare basename of docs/mod/STAGING-SERVER.md; idx 1; the basename changes, so the bare name becomes the full final path; replace whole-token occurrences only (not preceded by '/', '_', '-', a letter or a digit), after the full-path rows
T-606	owns	docs/mod/STAGING-SERVER.md	documentation_v2/runbooks/game_server_staging/README.md	rewrite	parent file; path; idx 1; manifest move+rename
T-607	notes	docs/mod/STAGING-SERVER.md	documentation_v2/runbooks/game_server_staging/README.md	rewrite	parent file; path; manifest move+rename
T-607	notes	STAGING-SERVER.md	documentation_v2/runbooks/game_server_staging/README.md	rewrite	parent file; bare basename of docs/mod/STAGING-SERVER.md; the basename changes, so the bare name becomes the full final path; replace whole-token occurrences only (not preceded by '/', '_', '-', a letter or a digit), after the full-path rows
T-607	notes	STAGING-SERVER.md	documentation_v2/runbooks/game_server_staging/README.md	rewrite	parent file; bare basename of docs/mod/STAGING-SERVER.md; the basename changes, so the bare name becomes the full final path; replace whole-token occurrences only (not preceded by '/', '_', '-', a letter or a digit), after the full-path rows
T-607	owns	docs/mod/STAGING-SERVER.md	documentation_v2/runbooks/game_server_staging/README.md	rewrite	parent file; path; idx 1; manifest move+rename
T-608	notes	docs/mod/STAGING-SERVER.md	documentation_v2/runbooks/game_server_staging/README.md	rewrite	parent file; path; followed by line refs :48,276-277; manifest move+rename
T-608	notes	docs/platform/PLAYTEST_RUNBOOK.md	documentation_v2/runbooks/two_client_playtest/README.md	rewrite	parent file; path; followed by line refs :349-388; manifest move+rename
T-608	notes	PLAYTEST_RUNBOOK.md	documentation_v2/runbooks/two_client_playtest/README.md	rewrite	parent file; bare basename of docs/platform/PLAYTEST_RUNBOOK.md; the basename changes, so the bare name becomes the full final path; replace whole-token occurrences only (not preceded by '/', '_', '-', a letter or a digit), after the full-path rows
T-608	notes	PLAYTEST_RUNBOOK.md	documentation_v2/runbooks/two_client_playtest/README.md	rewrite	parent file; bare basename of docs/platform/PLAYTEST_RUNBOOK.md; the basename changes, so the bare name becomes the full final path; replace whole-token occurrences only (not preceded by '/', '_', '-', a letter or a digit), after the full-path rows
T-609	notes	PLAYTEST_RUNBOOK.md	documentation_v2/runbooks/two_client_playtest/README.md	rewrite	parent file; bare basename of docs/platform/PLAYTEST_RUNBOOK.md; the basename changes, so the bare name becomes the full final path; replace whole-token occurrences only (not preceded by '/', '_', '-', a letter or a digit), after the full-path rows
T-610	notes	docs/platform/PLAYTEST_RUNBOOK.md	documentation_v2/runbooks/two_client_playtest/README.md	rewrite	parent file; path; manifest move+rename
T-610	notes	STAGING-SERVER.md	documentation_v2/runbooks/game_server_staging/README.md	rewrite	parent file; bare basename of docs/mod/STAGING-SERVER.md; the basename changes, so the bare name becomes the full final path; replace whole-token occurrences only (not preceded by '/', '_', '-', a letter or a digit), after the full-path rows
T-610	requirement	PLAYTEST_RUNBOOK.md	documentation_v2/runbooks/two_client_playtest/README.md	rewrite	parent file; bare basename of docs/platform/PLAYTEST_RUNBOOK.md; idx 0; the basename changes, so the bare name becomes the full final path; replace whole-token occurrences only (not preceded by '/', '_', '-', a letter or a digit), after the full-path rows
T-610	current_state	STAGING-SERVER.md	documentation_v2/runbooks/game_server_staging/README.md	rewrite	parent file; bare basename of docs/mod/STAGING-SERVER.md; idx 2; the basename changes, so the bare name becomes the full final path; replace whole-token occurrences only (not preceded by '/', '_', '-', a letter or a digit), after the full-path rows
T-610	acceptance	STAGING-SERVER.md	documentation_v2/runbooks/game_server_staging/README.md	rewrite	parent file; bare basename of docs/mod/STAGING-SERVER.md; idx 2; the basename changes, so the bare name becomes the full final path; replace whole-token occurrences only (not preceded by '/', '_', '-', a letter or a digit), after the full-path rows
T-610	owns	docs/platform/PLAYTEST_RUNBOOK.md	documentation_v2/runbooks/two_client_playtest/README.md	rewrite	parent file; path; idx 0; manifest move+rename
T-611	notes	docs/	-	manual	parent file; directory path; folder mention of the retired root; suggest documentation_v2/ where the sentence is about the documentation tree, keep where it narrates the past
T-611	notes	docs/	-	manual	parent file; directory path; folder mention of the retired root; suggest documentation_v2/ where the sentence is about the documentation tree, keep where it narrates the past
T-611	notes	docs/	-	manual	parent file; directory path; folder mention of the retired root; suggest documentation_v2/ where the sentence is about the documentation tree, keep where it narrates the past
T-611	notes	PLAYTEST_RUNBOOK.md	documentation_v2/runbooks/two_client_playtest/README.md	rewrite	parent file; bare basename of docs/platform/PLAYTEST_RUNBOOK.md; the basename changes, so the bare name becomes the full final path; replace whole-token occurrences only (not preceded by '/', '_', '-', a letter or a digit), after the full-path rows
T-611	requirement	docs/	-	manual	parent file; directory path; idx 1; folder mention of the retired root; suggest documentation_v2/ where the sentence is about the documentation tree, keep where it narrates the past
T-611	current_state	docs/	-	manual	parent file; directory path; idx 1; folder mention of the retired root; suggest documentation_v2/ where the sentence is about the documentation tree, keep where it narrates the past
T-611	approach	docs/	-	manual	parent file; directory path; idx 1; folder mention of the retired root; suggest documentation_v2/ where the sentence is about the documentation tree, keep where it narrates the past
T-611	acceptance	docs/	-	manual	parent file; directory path; idx 2; folder mention of the retired root; suggest documentation_v2/ where the sentence is about the documentation tree, keep where it narrates the past
T-612	notes	docs/specs/Mission_Creator_Architecture/t092_2_mod_compile_route.md	documentation_v2/tickets/specs/t092_2_mod_compile_route.md	rewrite	parent file; path; followed by line refs :103; manifest move
T-612	notes	docs/specs/Mission_Creator_Architecture/t068_12_mod_player_loadout_equip.md	documentation_v2/tickets/specs/t068_12_mod_player_loadout_equip.md	rewrite	parent file; path; followed by line refs :31,90,140,153; manifest move
T-612	notes	docs/specs/Mission_Creator_Architecture/t068_14_phase2_e2e_gate.md	documentation_v2/tickets/specs/t068_14_phase2_e2e_gate.md	rewrite	parent file; path; followed by line refs :43; manifest move
T-612	notes	docs/platform/PLAYTEST_RUNBOOK.md	documentation_v2/runbooks/two_client_playtest/README.md	rewrite	parent file; path; followed by line refs :904; manifest move+rename
T-612	current_state	PLAYTEST_RUNBOOK.md	documentation_v2/runbooks/two_client_playtest/README.md	rewrite	parent file; bare basename of docs/platform/PLAYTEST_RUNBOOK.md; idx 3; the basename changes, so the bare name becomes the full final path; replace whole-token occurrences only (not preceded by '/', '_', '-', a letter or a digit), after the full-path rows
T-612	owns	docs/specs/Mission_Creator_Architecture	documentation_v2/tickets/specs	rewrite	parent file; directory own — needs mapping + overlap check; idx 5; directory own (shipped ticket, so no open-ticket overlap): the folder's ticket specs land in documentation_v2/tickets/specs/ (flat, shared with every other spec); its live docs land in documentation_v2/website/frontend/apps/editor/ and its stubs and design history in documentation_v2/archive/; no open ticket owns any of them
T-615	summary	DOCUMENTATION_STANDARDS.md	documentation_v2/standards/documentation_standards.md	rewrite	parent file; bare basename of docs/platform/DOCUMENTATION_STANDARDS.md; the basename changes, so the bare name becomes the full final path; replace whole-token occurrences only (not preceded by '/', '_', '-', a letter or a digit), after the full-path rows
T-615	notes	docs/platform/DOCUMENTATION_STANDARDS.md	documentation_v2/standards/documentation_standards.md	rewrite	parent file; path; manifest move+rename
T-615	notes	docs/specs/Mission_Creator_Architecture/t123_documentation_standards_rollout.md	-	manual	parent file; never tracked at this path; the file is docs/platform/t123_documentation_standards_rollout.md; followed by line refs :119; the real file is docs/platform/t123_documentation_standards_rollout.md; suggest documentation_v2/tickets/specs/t123_documentation_standards_rollout.md
T-615	notes	docs/	-	manual	parent file; directory path; folder mention of the retired root; suggest documentation_v2/ where the sentence is about the documentation tree, keep where it narrates the past
T-615	notes	docs/	-	manual	parent file; directory path; folder mention of the retired root; suggest documentation_v2/ where the sentence is about the documentation tree, keep where it narrates the past
T-615	notes	docs/	-	manual	parent file; directory path; folder mention of the retired root; suggest documentation_v2/ where the sentence is about the documentation tree, keep where it narrates the past
T-615	notes	docs/	-	manual	parent file; directory path; folder mention of the retired root; suggest documentation_v2/ where the sentence is about the documentation tree, keep where it narrates the past
T-615	approach	docs/	-	manual	parent file; directory path; idx 1; folder mention of the retired root; suggest documentation_v2/ where the sentence is about the documentation tree, keep where it narrates the past
T-615	acceptance	docs/	-	manual	parent file; directory path; idx 1; folder mention of the retired root; suggest documentation_v2/ where the sentence is about the documentation tree, keep where it narrates the past
T-615	owns	docs/platform/DOCUMENTATION_STANDARDS.md	documentation_v2/standards/documentation_standards.md	rewrite	parent file; path; idx 0; manifest move+rename
T-615	owns	docs/specs/Mission_Creator_Architecture/t123_documentation_standards_rollout.md	-	manual	parent file; never tracked at this path; the file is docs/platform/t123_documentation_standards_rollout.md; idx 1; the real file is docs/platform/t123_documentation_standards_rollout.md; suggest documentation_v2/tickets/specs/t123_documentation_standards_rollout.md
T-620	notes	docs/platform/PLATFORM_FACTORY.md	documentation_v2/runbooks/factory_waves/README.md	rewrite	parent file; path; manifest move+rename
T-620	owns	docs/platform/CODING_STANDARDS.md	documentation_v2/standards/coding_standards/README.md	rewrite	parent file; path; idx 5; manifest move+rename
T-621	notes	CODING_STANDARDS.md	documentation_v2/standards/coding_standards/README.md	rewrite	parent file; bare basename of docs/platform/CODING_STANDARDS.md; the basename changes, so the bare name becomes the full final path; replace whole-token occurrences only (not preceded by '/', '_', '-', a letter or a digit), after the full-path rows
T-621	notes	CODING_STANDARDS.md	documentation_v2/standards/coding_standards/README.md	rewrite	parent file; bare basename of docs/platform/CODING_STANDARDS.md; the basename changes, so the bare name becomes the full final path; replace whole-token occurrences only (not preceded by '/', '_', '-', a letter or a digit), after the full-path rows
T-621	requirement	CODING_STANDARDS.md	documentation_v2/standards/coding_standards/README.md	rewrite	parent file; bare basename of docs/platform/CODING_STANDARDS.md; idx 0; the basename changes, so the bare name becomes the full final path; replace whole-token occurrences only (not preceded by '/', '_', '-', a letter or a digit), after the full-path rows
T-623	notes	CODING_STANDARDS.md	documentation_v2/standards/coding_standards/README.md	rewrite	parent file; bare basename of docs/platform/CODING_STANDARDS.md; the basename changes, so the bare name becomes the full final path; replace whole-token occurrences only (not preceded by '/', '_', '-', a letter or a digit), after the full-path rows
T-639	notes	t090_render_lod_contract.md	-	keep	parent file; bare basename of docs/specs/Mission_Creator_Architecture/t090_render_lod_contract.md; the basename stays (documentation_v2/tickets/specs/t090_render_lod_contract.md)
T-646	notes	gap_analysis.md	documentation_v2/website/frontend/apps/editor/eden_editor_reference/eden_gap_analysis.md	rewrite	parent file; bare basename of docs/specs/Mission_Creator_Architecture/eden/gap_analysis.md; the basename changes, so the bare name becomes the full final path; replace whole-token occurrences only (not preceded by '/', '_', '-', a letter or a digit), after the full-path rows
T-653	summary	EDITOR_GATE_RUNBOOK.md	documentation_v2/runbooks/editor_gates.md	rewrite	parent file; bare basename of docs/website/EDITOR_GATE_RUNBOOK.md; the basename changes, so the bare name becomes the full final path; replace whole-token occurrences only (not preceded by '/', '_', '-', a letter or a digit), after the full-path rows
T-653	spec	docs/specs/ideas/t653_headless_screenshot.md	documentation_v2/tickets/specs/t653_headless_screenshot.md	rewrite	parent file; path; manifest move
T-653	plan	docs/plans/t-653_plan.md	documentation_v2/tickets/plans/t-653_plan.md	rewrite	parent file; path; manifest move
T-653	notes	docs/website/EDITOR_GATE_RUNBOOK.md	documentation_v2/runbooks/editor_gates.md	rewrite	parent file; path; manifest move+rename
T-653	notes	EDITOR_GATE_RUNBOOK.md	documentation_v2/runbooks/editor_gates.md	rewrite	parent file; bare basename of docs/website/EDITOR_GATE_RUNBOOK.md; the basename changes, so the bare name becomes the full final path; replace whole-token occurrences only (not preceded by '/', '_', '-', a letter or a digit), after the full-path rows
T-653	context	docs/website/EDITOR_GATE_RUNBOOK.md	documentation_v2/runbooks/editor_gates.md	rewrite	parent file; path; idx 1; manifest move+rename
T-653	context	docs/platform/known-bugs/KB-002-editor-gate-boot-wedge.md	documentation_v2/known_bugs/kb_002_editor_gate_boot_wedge.md	rewrite	parent file; path; idx 1; manifest move+rename
T-653	verify	docs/website/EDITOR_GATE_RUNBOOK.md	documentation_v2/runbooks/editor_gates.md	rewrite	parent file; path; idx 0; manifest move+rename
T-653	owns	docs/website/EDITOR_GATE_RUNBOOK.md	documentation_v2/runbooks/editor_gates.md	rewrite	parent file; path; idx 0; manifest move+rename
T-653	owns	docs/platform/known-bugs/KB-002-editor-gate-boot-wedge.md	documentation_v2/known_bugs/kb_002_editor_gate_boot_wedge.md	rewrite	parent file; path; idx 1; manifest move+rename
T-654	spec	docs/specs/existing/t654_variant_inclusion.md	documentation_v2/tickets/specs/t654_variant_inclusion.md	rewrite	parent file; path; manifest move
T-654	plan	docs/plans/t-654_plan.md	documentation_v2/tickets/plans/t-654_plan.md	rewrite	parent file; path; manifest move
T-654	notes	gap_analysis.md	documentation_v2/website/frontend/apps/editor/eden_editor_reference/eden_gap_analysis.md	rewrite	parent file; bare basename of docs/specs/Mission_Creator_Architecture/eden/gap_analysis.md; the basename changes, so the bare name becomes the full final path; replace whole-token occurrences only (not preceded by '/', '_', '-', a letter or a digit), after the full-path rows
T-662	notes	interactions.md	documentation_v2/website/frontend/apps/editor/eden_editor_reference/interactions/README.md	rewrite	parent file; bare basename of docs/specs/Mission_Creator_Architecture/eden/interactions.md; the basename changes, so the bare name becomes the full final path; replace whole-token occurrences only (not preceded by '/', '_', '-', a letter or a digit), after the full-path rows
T-663	notes	gap_analysis.md	documentation_v2/website/frontend/apps/editor/eden_editor_reference/eden_gap_analysis.md	rewrite	parent file; bare basename of docs/specs/Mission_Creator_Architecture/eden/gap_analysis.md; the basename changes, so the bare name becomes the full final path; replace whole-token occurrences only (not preceded by '/', '_', '-', a letter or a digit), after the full-path rows
T-672	notes	gap_analysis.md	documentation_v2/website/frontend/apps/editor/eden_editor_reference/eden_gap_analysis.md	rewrite	parent file; bare basename of docs/specs/Mission_Creator_Architecture/eden/gap_analysis.md; the basename changes, so the bare name becomes the full final path; replace whole-token occurrences only (not preceded by '/', '_', '-', a letter or a digit), after the full-path rows
T-673	spec	docs/specs/existing/t673_marker_style_reader.md	documentation_v2/tickets/specs/t673_marker_style_reader.md	rewrite	parent file; path; manifest move
T-673	plan	docs/plans/t-673_plan.md	documentation_v2/tickets/plans/t-673_plan.md	rewrite	parent file; path; manifest move
T-674	spec	docs/specs/existing/t674_slot_identity_wire.md	documentation_v2/tickets/specs/t674_slot_identity_wire.md	rewrite	parent file; path; manifest move
T-674	plan	docs/plans/t-674_plan.md	documentation_v2/tickets/plans/t-674_plan.md	rewrite	parent file; path; manifest move
T-674.1	spec	docs/specs/existing/t674_slot_identity_wire.md	documentation_v2/tickets/specs/t674_slot_identity_wire.md	rewrite	child file; path; manifest move
T-674.1	plan	docs/plans/t-674_1_plan.md	documentation_v2/tickets/plans/t-674_1_plan.md	rewrite	child file; path; manifest move
T-674.2	spec	docs/specs/existing/t674_slot_identity_wire.md	documentation_v2/tickets/specs/t674_slot_identity_wire.md	rewrite	child file; path; manifest move
T-674.2	plan	docs/plans/t-674_2_plan.md	documentation_v2/tickets/plans/t-674_2_plan.md	rewrite	child file; path; manifest move
T-675	spec	docs/specs/existing/t675_vehicle_roster_wire.md	documentation_v2/tickets/specs/t675_vehicle_roster_wire.md	rewrite	parent file; path; manifest move
T-675	plan	docs/plans/t-675_plan.md	documentation_v2/tickets/plans/t-675_plan.md	rewrite	parent file; path; manifest move
T-675.1	spec	docs/specs/existing/t675_vehicle_roster_wire.md	documentation_v2/tickets/specs/t675_vehicle_roster_wire.md	rewrite	child file; path; manifest move
T-675.1	plan	docs/plans/t-675_1_plan.md	documentation_v2/tickets/plans/t-675_1_plan.md	rewrite	child file; path; manifest move
T-675.2	spec	docs/specs/existing/t675_vehicle_roster_wire.md	documentation_v2/tickets/specs/t675_vehicle_roster_wire.md	rewrite	child file; path; manifest move
T-675.2	plan	docs/plans/t-675_2_plan.md	documentation_v2/tickets/plans/t-675_2_plan.md	rewrite	child file; path; manifest move
T-676	spec	docs/specs/existing/t676_trigger_runtime.md	documentation_v2/tickets/specs/t676_trigger_runtime.md	rewrite	parent file; path; manifest move
T-676	plan	docs/plans/t-676_plan.md	documentation_v2/tickets/plans/t-676_plan.md	rewrite	parent file; path; manifest move
T-677	spec	docs/specs/existing/t677_waypoint_runtime.md	documentation_v2/tickets/specs/t677_waypoint_runtime.md	rewrite	parent file; path; manifest move
T-677	plan	docs/plans/t-677_plan.md	documentation_v2/tickets/plans/t-677_plan.md	rewrite	parent file; path; manifest move
T-678	spec	docs/specs/existing/t678_group_ai_state.md	documentation_v2/tickets/specs/t678_group_ai_state.md	rewrite	parent file; path; manifest move
T-678	plan	docs/plans/t-678_plan.md	documentation_v2/tickets/plans/t-678_plan.md	rewrite	parent file; path; manifest move
T-679	spec	docs/specs/existing/t679_placement_scatter.md	documentation_v2/tickets/specs/t679_placement_scatter.md	rewrite	parent file; path; manifest move
T-679	plan	docs/plans/t-679_plan.md	documentation_v2/tickets/plans/t-679_plan.md	rewrite	parent file; path; manifest move
T-680	spec	docs/specs/existing/t680_vehicle_states.md	documentation_v2/tickets/specs/t680_vehicle_states.md	rewrite	parent file; path; manifest move
T-680	plan	docs/plans/t-680_plan.md	documentation_v2/tickets/plans/t-680_plan.md	rewrite	parent file; path; manifest move
T-681	spec	docs/specs/existing/t681_entity_states.md	documentation_v2/tickets/specs/t681_entity_states.md	rewrite	parent file; path; manifest move
T-681	plan	docs/plans/t-681_plan.md	documentation_v2/tickets/plans/t-681_plan.md	rewrite	parent file; path; manifest move
T-682	spec	docs/specs/existing/t682_environment_readers.md	documentation_v2/tickets/specs/t682_environment_readers.md	rewrite	parent file; path; manifest move
T-682	plan	docs/plans/t-682_plan.md	documentation_v2/tickets/plans/t-682_plan.md	rewrite	parent file; path; manifest move
T-684	spec	docs/specs/existing/t684_mission_params.md	documentation_v2/tickets/specs/t684_mission_params.md	rewrite	parent file; path; manifest move
T-684	plan	docs/plans/t-684_plan.md	documentation_v2/tickets/plans/t-684_plan.md	rewrite	parent file; path; manifest move
T-685	spec	docs/specs/existing/t685_zone_volumes.md	documentation_v2/tickets/specs/t685_zone_volumes.md	rewrite	parent file; path; manifest move
T-685	plan	docs/plans/t-685_plan.md	documentation_v2/tickets/plans/t-685_plan.md	rewrite	parent file; path; manifest move
T-689	spec	docs/specs/existing/t689_play_area_vehicle_axis.md	documentation_v2/tickets/specs/t689_play_area_vehicle_axis.md	rewrite	parent file; path; manifest move
T-689	plan	docs/plans/t-689_plan.md	documentation_v2/tickets/plans/t-689_plan.md	rewrite	parent file; path; manifest move
T-702	spec	docs/specs/existing/t702_whole_terrain_zone.md	documentation_v2/tickets/specs/t702_whole_terrain_zone.md	rewrite	parent file; path; manifest move
T-702	plan	docs/plans/t-702_plan.md	documentation_v2/tickets/plans/t-702_plan.md	rewrite	parent file; path; manifest move
T-704	spec	docs/specs/ideas/t704_command_palette.md	documentation_v2/tickets/specs/t704_command_palette.md	rewrite	parent file; path; manifest move
T-704	plan	docs/plans/t-704_plan.md	documentation_v2/tickets/plans/t-704_plan.md	rewrite	parent file; path; manifest move
T-705	spec	docs/specs/existing/t705_gadget_flags.md	documentation_v2/tickets/specs/t705_gadget_flags.md	rewrite	parent file; path; manifest move
T-705	plan	docs/plans/t-705_plan.md	documentation_v2/tickets/plans/t-705_plan.md	rewrite	parent file; path; manifest move
T-711	notes	t090_render_lod_contract.md	-	keep	parent file; bare basename of docs/specs/Mission_Creator_Architecture/t090_render_lod_contract.md; the basename stays (documentation_v2/tickets/specs/t090_render_lod_contract.md)
T-711	notes	t152_7_height_markers.md	-	keep	parent file; bare basename of docs/specs/Mission_Creator_Architecture/t152_7_height_markers.md; the basename stays (documentation_v2/tickets/specs/t152_7_height_markers.md)
T-739	notes	docs/specs/.../eden/gap_analysis.md	-	manual	parent file; elided path — means docs/specs/Mission_Creator_Architecture/eden/gap_analysis.md; followed by line refs :244; elided path of docs/specs/Mission_Creator_Architecture/eden/gap_analysis.md; suggest documentation_v2/website/frontend/apps/editor/eden_editor_reference/eden_gap_analysis.md (the line reference that follows is historical)
T-739	notes	docs/specs/.../eden/gap_analysis.md	-	manual	parent file; elided path — means docs/specs/Mission_Creator_Architecture/eden/gap_analysis.md; followed by line refs :244; elided path of docs/specs/Mission_Creator_Architecture/eden/gap_analysis.md; suggest documentation_v2/website/frontend/apps/editor/eden_editor_reference/eden_gap_analysis.md (the line reference that follows is historical)
T-739	citations	gap_analysis.md	documentation_v2/website/frontend/apps/editor/eden_editor_reference/eden_gap_analysis.md	rewrite	parent file; bare basename of docs/specs/Mission_Creator_Architecture/eden/gap_analysis.md; idx 3; the basename changes, so the bare name becomes the full final path; replace whole-token occurrences only (not preceded by '/', '_', '-', a letter or a digit), after the full-path rows
T-739	owns	docs/specs/Mission_Creator_Architecture/eden/gap_analysis.md	documentation_v2/website/frontend/apps/editor/eden_editor_reference/eden_gap_analysis.md	rewrite	parent file; path; idx 0; manifest move+rename
T-742	owns	docs/platform/EDITOR_SLICE_BRIEF.md	documentation_v2/runbooks/factory_waves/README.md	rewrite	parent file; path; idx 1; manifest merge-into
T-743	notes	gap_analysis.md	documentation_v2/website/frontend/apps/editor/eden_editor_reference/eden_gap_analysis.md	rewrite	parent file; bare basename of docs/specs/Mission_Creator_Architecture/eden/gap_analysis.md; the basename changes, so the bare name becomes the full final path; replace whole-token occurrences only (not preceded by '/', '_', '-', a letter or a digit), after the full-path rows
T-743	notes	gap_analysis.md	documentation_v2/website/frontend/apps/editor/eden_editor_reference/eden_gap_analysis.md	rewrite	parent file; bare basename of docs/specs/Mission_Creator_Architecture/eden/gap_analysis.md; the basename changes, so the bare name becomes the full final path; replace whole-token occurrences only (not preceded by '/', '_', '-', a letter or a digit), after the full-path rows
T-743	citations	gap_analysis.md	documentation_v2/website/frontend/apps/editor/eden_editor_reference/eden_gap_analysis.md	rewrite	parent file; bare basename of docs/specs/Mission_Creator_Architecture/eden/gap_analysis.md; idx 2; the basename changes, so the bare name becomes the full final path; replace whole-token occurrences only (not preceded by '/', '_', '-', a letter or a digit), after the full-path rows
T-743	owns	docs/specs/Mission_Creator_Architecture/eden/gap_analysis.md	documentation_v2/website/frontend/apps/editor/eden_editor_reference/eden_gap_analysis.md	rewrite	parent file; path; idx 3; manifest move+rename
T-747	owns	docs/platform/EDITOR_FACTORY_START.md	documentation_v2/runbooks/factory_waves/README.md	rewrite	parent file; path; idx 1; manifest merge-into
T-816	spec	docs/specs/existing/t816_esc_hint_layer.md	documentation_v2/tickets/specs/t816_esc_hint_layer.md	rewrite	parent file; path; manifest move
T-816	plan	docs/plans/t-816_plan.md	documentation_v2/tickets/plans/t-816_plan.md	rewrite	parent file; path; manifest move
T-817	spec	docs/specs/existing/t817_grid_label_zoom_lag.md	documentation_v2/tickets/specs/t817_grid_label_zoom_lag.md	rewrite	parent file; path; manifest move
T-817	plan	docs/plans/t-817_plan.md	documentation_v2/tickets/plans/t-817_plan.md	rewrite	parent file; path; manifest move
T-820	spec	docs/specs/existing/t820_catalog_failure_cause.md	documentation_v2/tickets/specs/t820_catalog_failure_cause.md	rewrite	parent file; path; manifest move
T-820	plan	docs/plans/t-820_plan.md	documentation_v2/tickets/plans/t-820_plan.md	rewrite	parent file; path; manifest move
T-821	spec	docs/specs/existing/t821_save_version_prefill.md	documentation_v2/tickets/specs/t821_save_version_prefill.md	rewrite	parent file; path; manifest move
T-821	plan	docs/plans/t-821_plan.md	documentation_v2/tickets/plans/t-821_plan.md	rewrite	parent file; path; manifest move
T-822	spec	docs/specs/existing/t822_outliner_dblclick_bubble.md	documentation_v2/tickets/specs/t822_outliner_dblclick_bubble.md	rewrite	parent file; path; manifest move
T-822	plan	docs/plans/t-822_plan.md	documentation_v2/tickets/plans/t-822_plan.md	rewrite	parent file; path; manifest move
T-823	spec	docs/specs/existing/t823_obj_readout_vehicles.md	documentation_v2/tickets/specs/t823_obj_readout_vehicles.md	rewrite	parent file; path; manifest move
T-823	plan	docs/plans/t-823_plan.md	documentation_v2/tickets/plans/t-823_plan.md	rewrite	parent file; path; manifest move
T-824	spec	docs/specs/existing/t824_zone_render_at_rest.md	documentation_v2/tickets/specs/t824_zone_render_at_rest.md	rewrite	parent file; path; manifest move
T-824	plan	docs/plans/t-824_plan.md	documentation_v2/tickets/plans/t-824_plan.md	rewrite	parent file; path; manifest move
T-825	notes	EDITOR_FACTORY_FOR_CURSOR.md	documentation_v2/runbooks/factory_waves/README.md	rewrite	parent file; bare basename of docs/platform/EDITOR_FACTORY_FOR_CURSOR.md; the basename changes, so the bare name becomes the full final path; replace whole-token occurrences only (not preceded by '/', '_', '-', a letter or a digit), after the full-path rows
T-827	spec	docs/specs/existing/t827_validation_chip_contrast.md	documentation_v2/tickets/specs/t827_validation_chip_contrast.md	rewrite	parent file; path; manifest move
T-827	plan	docs/plans/t-827_plan.md	documentation_v2/tickets/plans/t-827_plan.md	rewrite	parent file; path; manifest move
T-828	spec	docs/specs/existing/t828_marker_caption_drift.md	documentation_v2/tickets/specs/t828_marker_caption_drift.md	rewrite	parent file; path; manifest move
T-828	plan	docs/plans/t-828_plan.md	documentation_v2/tickets/plans/t-828_plan.md	rewrite	parent file; path; manifest move
T-830	spec	docs/specs/existing/t830_outliner_density.md	documentation_v2/tickets/specs/t830_outliner_density.md	rewrite	parent file; path; manifest move
T-830	plan	docs/plans/t-830_plan.md	documentation_v2/tickets/plans/t-830_plan.md	rewrite	parent file; path; manifest move
T-831	spec	docs/specs/existing/t831_per_side_markers_audit.md	documentation_v2/tickets/specs/t831_per_side_markers_audit.md	rewrite	parent file; path; manifest move
T-831	plan	docs/plans/t-831_plan.md	documentation_v2/tickets/plans/t-831_plan.md	rewrite	parent file; path; manifest move
T-833	spec	docs/specs/existing/t833_rotation_ring_relative.md	documentation_v2/tickets/specs/t833_rotation_ring_relative.md	rewrite	parent file; path; manifest move
T-833	plan	docs/plans/t-833_plan.md	documentation_v2/tickets/plans/t-833_plan.md	rewrite	parent file; path; manifest move
T-834	spec	docs/specs/existing/t834_wave205_residue.md	documentation_v2/tickets/specs/t834_wave205_residue.md	rewrite	parent file; path; manifest move
T-834	plan	docs/plans/t-834_plan.md	documentation_v2/tickets/plans/t-834_plan.md	rewrite	parent file; path; manifest move
T-837	spec	docs/specs/existing/t837_vehicle_delete.md	documentation_v2/tickets/specs/t837_vehicle_delete.md	rewrite	parent file; path; manifest move
T-837	plan	docs/plans/t-837_plan.md	documentation_v2/tickets/plans/t-837_plan.md	rewrite	parent file; path; manifest move
T-838	spec	docs/specs/existing/t838_marker_select_outliner.md	documentation_v2/tickets/specs/t838_marker_select_outliner.md	rewrite	parent file; path; manifest move
T-838	plan	docs/plans/t-838_plan.md	documentation_v2/tickets/plans/t-838_plan.md	rewrite	parent file; path; manifest move
T-839	spec	docs/specs/existing/t839_retire_floating_pill.md	documentation_v2/tickets/specs/t839_retire_floating_pill.md	rewrite	parent file; path; manifest move
T-839	plan	docs/plans/t-839_plan.md	documentation_v2/tickets/plans/t-839_plan.md	rewrite	parent file; path; manifest move
T-841	spec	docs/specs/existing/t841_type_picker_opaque.md	documentation_v2/tickets/specs/t841_type_picker_opaque.md	rewrite	parent file; path; manifest move
T-841	plan	docs/plans/t-841_plan.md	documentation_v2/tickets/plans/t-841_plan.md	rewrite	parent file; path; manifest move
T-843	notes	docs/platform/EDITOR_FACTORY_FOR_CURSOR.md	documentation_v2/runbooks/factory_waves/README.md	rewrite	parent file; path; manifest merge-into
T-843	verify	EDITOR_FACTORY_FOR_CURSOR.md	documentation_v2/runbooks/factory_waves/README.md	rewrite	parent file; bare basename of docs/platform/EDITOR_FACTORY_FOR_CURSOR.md; idx 2; the basename changes, so the bare name becomes the full final path; replace whole-token occurrences only (not preceded by '/', '_', '-', a letter or a digit), after the full-path rows
T-843	owns	docs/platform/EDITOR_FACTORY_FOR_CURSOR.md	documentation_v2/runbooks/factory_waves/README.md	rewrite	parent file; path; idx 3; manifest merge-into
T-843	owns	docs/website/EDITOR_GATE_RUNBOOK.md	documentation_v2/runbooks/editor_gates.md	rewrite	parent file; path; idx 4; manifest move+rename
T-845	spec	docs/specs/existing/t845_selected_vehicle_treatment.md	documentation_v2/tickets/specs/t845_selected_vehicle_treatment.md	rewrite	parent file; path; manifest move
T-845	plan	docs/plans/t-845_plan.md	documentation_v2/tickets/plans/t-845_plan.md	rewrite	parent file; path; manifest move
T-848	spec	docs/specs/existing/t848_group_to_exclusive_orbat.md	documentation_v2/tickets/specs/t848_group_to_exclusive_orbat.md	rewrite	parent file; path; manifest move
T-848	plan	docs/plans/t-848_plan.md	documentation_v2/tickets/plans/t-848_plan.md	rewrite	parent file; path; manifest move
T-849	spec	docs/specs/existing/t849_ungroup_verb.md	documentation_v2/tickets/specs/t849_ungroup_verb.md	rewrite	parent file; path; manifest move
T-849	plan	docs/plans/t-849_plan.md	documentation_v2/tickets/plans/t-849_plan.md	rewrite	parent file; path; manifest move
T-850	spec	docs/specs/existing/t850_squad_tether_drag.md	documentation_v2/tickets/specs/t850_squad_tether_drag.md	rewrite	parent file; path; manifest move
T-850	plan	docs/plans/t-850_plan.md	documentation_v2/tickets/plans/t-850_plan.md	rewrite	parent file; path; manifest move
T-853	spec	docs/platform/t853_shell_to_xtask_waves.md	documentation_v2/tickets/specs/t853_shell_to_xtask_waves.md	rewrite	parent file; path; manifest move
T-853	citations	t853_shell_to_xtask_waves.md	-	keep	parent file; bare basename of docs/platform/t853_shell_to_xtask_waves.md; idx 2; the basename stays (documentation_v2/tickets/specs/t853_shell_to_xtask_waves.md)
T-854	spec	docs/platform/t853_shell_to_xtask_waves.md	documentation_v2/tickets/specs/t853_shell_to_xtask_waves.md	rewrite	parent file; path; manifest move
T-854	citations	t853_shell_to_xtask_waves.md	-	keep	parent file; bare basename of docs/platform/t853_shell_to_xtask_waves.md; idx 2; the basename stays (documentation_v2/tickets/specs/t853_shell_to_xtask_waves.md)
T-855	spec	docs/platform/t853_shell_to_xtask_waves.md	documentation_v2/tickets/specs/t853_shell_to_xtask_waves.md	rewrite	parent file; path; manifest move
T-855	citations	t853_shell_to_xtask_waves.md	-	keep	parent file; bare basename of docs/platform/t853_shell_to_xtask_waves.md; idx 2; the basename stays (documentation_v2/tickets/specs/t853_shell_to_xtask_waves.md)
T-856	spec	docs/platform/t853_shell_to_xtask_waves.md	documentation_v2/tickets/specs/t853_shell_to_xtask_waves.md	rewrite	parent file; path; manifest move
T-856	citations	t853_shell_to_xtask_waves.md	-	keep	parent file; bare basename of docs/platform/t853_shell_to_xtask_waves.md; idx 2; the basename stays (documentation_v2/tickets/specs/t853_shell_to_xtask_waves.md)
T-857	spec	docs/platform/t853_shell_to_xtask_waves.md	documentation_v2/tickets/specs/t853_shell_to_xtask_waves.md	rewrite	parent file; path; manifest move
T-857	citations	t853_shell_to_xtask_waves.md	-	keep	parent file; bare basename of docs/platform/t853_shell_to_xtask_waves.md; idx 1; the basename stays (documentation_v2/tickets/specs/t853_shell_to_xtask_waves.md)
T-858	spec	docs/platform/t853_shell_to_xtask_waves.md	documentation_v2/tickets/specs/t853_shell_to_xtask_waves.md	rewrite	parent file; path; manifest move
T-858	citations	t853_shell_to_xtask_waves.md	-	keep	parent file; bare basename of docs/platform/t853_shell_to_xtask_waves.md; idx 1; the basename stays (documentation_v2/tickets/specs/t853_shell_to_xtask_waves.md)
T-859	spec	docs/platform/t853_shell_to_xtask_waves.md	documentation_v2/tickets/specs/t853_shell_to_xtask_waves.md	rewrite	parent file; path; manifest move
T-859	citations	t853_shell_to_xtask_waves.md	-	keep	parent file; bare basename of docs/platform/t853_shell_to_xtask_waves.md; idx 1; the basename stays (documentation_v2/tickets/specs/t853_shell_to_xtask_waves.md)
T-860	spec	docs/platform/t853_shell_to_xtask_waves.md	documentation_v2/tickets/specs/t853_shell_to_xtask_waves.md	rewrite	parent file; path; manifest move
T-860	citations	t853_shell_to_xtask_waves.md	-	keep	parent file; bare basename of docs/platform/t853_shell_to_xtask_waves.md; idx 1; the basename stays (documentation_v2/tickets/specs/t853_shell_to_xtask_waves.md)
T-861	spec	docs/platform/t853_shell_to_xtask_waves.md	documentation_v2/tickets/specs/t853_shell_to_xtask_waves.md	rewrite	parent file; path; manifest move
T-861	citations	t853_shell_to_xtask_waves.md	-	keep	parent file; bare basename of docs/platform/t853_shell_to_xtask_waves.md; idx 1; the basename stays (documentation_v2/tickets/specs/t853_shell_to_xtask_waves.md)
T-862	spec	docs/platform/t853_shell_to_xtask_waves.md	documentation_v2/tickets/specs/t853_shell_to_xtask_waves.md	rewrite	parent file; path; manifest move
T-862	citations	t853_shell_to_xtask_waves.md	-	keep	parent file; bare basename of docs/platform/t853_shell_to_xtask_waves.md; idx 1; the basename stays (documentation_v2/tickets/specs/t853_shell_to_xtask_waves.md)
T-863	spec	docs/platform/t853_shell_to_xtask_waves.md	documentation_v2/tickets/specs/t853_shell_to_xtask_waves.md	rewrite	parent file; path; manifest move
T-863	citations	t853_shell_to_xtask_waves.md	-	keep	parent file; bare basename of docs/platform/t853_shell_to_xtask_waves.md; idx 1; the basename stays (documentation_v2/tickets/specs/t853_shell_to_xtask_waves.md)
T-864	spec	docs/platform/t853_shell_to_xtask_waves.md	documentation_v2/tickets/specs/t853_shell_to_xtask_waves.md	rewrite	parent file; path; manifest move
T-864	citations	t853_shell_to_xtask_waves.md	-	keep	parent file; bare basename of docs/platform/t853_shell_to_xtask_waves.md; idx 1; the basename stays (documentation_v2/tickets/specs/t853_shell_to_xtask_waves.md)
T-865	spec	docs/platform/t853_shell_to_xtask_waves.md	documentation_v2/tickets/specs/t853_shell_to_xtask_waves.md	rewrite	parent file; path; manifest move
T-865	citations	t853_shell_to_xtask_waves.md	-	keep	parent file; bare basename of docs/platform/t853_shell_to_xtask_waves.md; idx 1; the basename stays (documentation_v2/tickets/specs/t853_shell_to_xtask_waves.md)
T-866	spec	docs/platform/t853_shell_to_xtask_waves.md	documentation_v2/tickets/specs/t853_shell_to_xtask_waves.md	rewrite	parent file; path; manifest move
T-866	citations	t853_shell_to_xtask_waves.md	-	keep	parent file; bare basename of docs/platform/t853_shell_to_xtask_waves.md; idx 1; the basename stays (documentation_v2/tickets/specs/t853_shell_to_xtask_waves.md)
T-867	spec	docs/platform/t853_shell_to_xtask_waves.md	documentation_v2/tickets/specs/t853_shell_to_xtask_waves.md	rewrite	parent file; path; manifest move
T-867	citations	t853_shell_to_xtask_waves.md	-	keep	parent file; bare basename of docs/platform/t853_shell_to_xtask_waves.md; idx 2; the basename stays (documentation_v2/tickets/specs/t853_shell_to_xtask_waves.md)
T-868	spec	docs/platform/t853_shell_to_xtask_waves.md	documentation_v2/tickets/specs/t853_shell_to_xtask_waves.md	rewrite	parent file; path; manifest move
T-868	citations	t853_shell_to_xtask_waves.md	-	keep	parent file; bare basename of docs/platform/t853_shell_to_xtask_waves.md; idx 2; the basename stays (documentation_v2/tickets/specs/t853_shell_to_xtask_waves.md)
T-869	spec	docs/platform/t853_shell_to_xtask_waves.md	documentation_v2/tickets/specs/t853_shell_to_xtask_waves.md	rewrite	parent file; path; manifest move
T-869	citations	t853_shell_to_xtask_waves.md	-	keep	parent file; bare basename of docs/platform/t853_shell_to_xtask_waves.md; idx 2; the basename stays (documentation_v2/tickets/specs/t853_shell_to_xtask_waves.md)
T-870	spec	docs/platform/t853_shell_to_xtask_waves.md	documentation_v2/tickets/specs/t853_shell_to_xtask_waves.md	rewrite	parent file; path; manifest move
T-870	citations	t853_shell_to_xtask_waves.md	-	keep	parent file; bare basename of docs/platform/t853_shell_to_xtask_waves.md; idx 2; the basename stays (documentation_v2/tickets/specs/t853_shell_to_xtask_waves.md)
T-871	spec	docs/platform/t853_shell_to_xtask_waves.md	documentation_v2/tickets/specs/t853_shell_to_xtask_waves.md	rewrite	parent file; path; manifest move
T-871	citations	t853_shell_to_xtask_waves.md	-	keep	parent file; bare basename of docs/platform/t853_shell_to_xtask_waves.md; idx 2; the basename stays (documentation_v2/tickets/specs/t853_shell_to_xtask_waves.md)
T-872	spec	docs/platform/t853_shell_to_xtask_waves.md	documentation_v2/tickets/specs/t853_shell_to_xtask_waves.md	rewrite	parent file; path; manifest move
T-872	citations	t853_shell_to_xtask_waves.md	-	keep	parent file; bare basename of docs/platform/t853_shell_to_xtask_waves.md; idx 1; the basename stays (documentation_v2/tickets/specs/t853_shell_to_xtask_waves.md)
T-873	spec	docs/platform/t853_shell_to_xtask_waves.md	documentation_v2/tickets/specs/t853_shell_to_xtask_waves.md	rewrite	parent file; path; manifest move
T-873	citations	t853_shell_to_xtask_waves.md	-	keep	parent file; bare basename of docs/platform/t853_shell_to_xtask_waves.md; idx 1; the basename stays (documentation_v2/tickets/specs/t853_shell_to_xtask_waves.md)
T-874	spec	docs/platform/t853_shell_to_xtask_waves.md	documentation_v2/tickets/specs/t853_shell_to_xtask_waves.md	rewrite	parent file; path; manifest move
T-874	citations	t853_shell_to_xtask_waves.md	-	keep	parent file; bare basename of docs/platform/t853_shell_to_xtask_waves.md; idx 1; the basename stays (documentation_v2/tickets/specs/t853_shell_to_xtask_waves.md)
T-875	spec	docs/platform/t853_shell_to_xtask_waves.md	documentation_v2/tickets/specs/t853_shell_to_xtask_waves.md	rewrite	parent file; path; manifest move
T-875	citations	t853_shell_to_xtask_waves.md	-	keep	parent file; bare basename of docs/platform/t853_shell_to_xtask_waves.md; idx 1; the basename stays (documentation_v2/tickets/specs/t853_shell_to_xtask_waves.md)
T-876	spec	docs/platform/t853_shell_to_xtask_waves.md	documentation_v2/tickets/specs/t853_shell_to_xtask_waves.md	rewrite	parent file; path; manifest move
T-876	citations	t853_shell_to_xtask_waves.md	-	keep	parent file; bare basename of docs/platform/t853_shell_to_xtask_waves.md; idx 1; the basename stays (documentation_v2/tickets/specs/t853_shell_to_xtask_waves.md)
T-877	spec	docs/platform/t853_shell_to_xtask_waves.md	documentation_v2/tickets/specs/t853_shell_to_xtask_waves.md	rewrite	parent file; path; manifest move
T-877	citations	t853_shell_to_xtask_waves.md	-	keep	parent file; bare basename of docs/platform/t853_shell_to_xtask_waves.md; idx 1; the basename stays (documentation_v2/tickets/specs/t853_shell_to_xtask_waves.md)
T-878	spec	docs/platform/t853_shell_to_xtask_waves.md	documentation_v2/tickets/specs/t853_shell_to_xtask_waves.md	rewrite	parent file; path; manifest move
T-878	citations	t853_shell_to_xtask_waves.md	-	keep	parent file; bare basename of docs/platform/t853_shell_to_xtask_waves.md; idx 1; the basename stays (documentation_v2/tickets/specs/t853_shell_to_xtask_waves.md)
T-879	spec	docs/platform/t853_shell_to_xtask_waves.md	documentation_v2/tickets/specs/t853_shell_to_xtask_waves.md	rewrite	parent file; path; manifest move
T-879	citations	t853_shell_to_xtask_waves.md	-	keep	parent file; bare basename of docs/platform/t853_shell_to_xtask_waves.md; idx 1; the basename stays (documentation_v2/tickets/specs/t853_shell_to_xtask_waves.md)
T-880	spec	docs/platform/t853_shell_to_xtask_waves.md	documentation_v2/tickets/specs/t853_shell_to_xtask_waves.md	rewrite	parent file; path; manifest move
T-880	citations	t853_shell_to_xtask_waves.md	-	keep	parent file; bare basename of docs/platform/t853_shell_to_xtask_waves.md; idx 1; the basename stays (documentation_v2/tickets/specs/t853_shell_to_xtask_waves.md)
T-881	spec	docs/platform/t853_shell_to_xtask_waves.md	documentation_v2/tickets/specs/t853_shell_to_xtask_waves.md	rewrite	parent file; path; manifest move
T-881	notes	docs/platform/t853_shell_to_xtask_waves.md	documentation_v2/tickets/specs/t853_shell_to_xtask_waves.md	rewrite	parent file; path; manifest move
T-881	notes	docs/platform/t853_shell_to_xtask_waves.md	documentation_v2/tickets/specs/t853_shell_to_xtask_waves.md	rewrite	parent file; path; manifest move
T-881	citations	t853_shell_to_xtask_waves.md	-	keep	parent file; bare basename of docs/platform/t853_shell_to_xtask_waves.md; idx 1; the basename stays (documentation_v2/tickets/specs/t853_shell_to_xtask_waves.md)
T-882	spec	docs/platform/t853_shell_to_xtask_waves.md	documentation_v2/tickets/specs/t853_shell_to_xtask_waves.md	rewrite	parent file; path; manifest move
T-882	notes	docs/platform/t853_shell_to_xtask_waves.md	documentation_v2/tickets/specs/t853_shell_to_xtask_waves.md	rewrite	parent file; path; manifest move
T-882	notes	docs/platform/t853_shell_to_xtask_waves.md	documentation_v2/tickets/specs/t853_shell_to_xtask_waves.md	rewrite	parent file; path; manifest move
T-882	citations	t853_shell_to_xtask_waves.md	-	keep	parent file; bare basename of docs/platform/t853_shell_to_xtask_waves.md; idx 4; the basename stays (documentation_v2/tickets/specs/t853_shell_to_xtask_waves.md)
T-883	spec	docs/platform/t853_shell_to_xtask_waves.md	documentation_v2/tickets/specs/t853_shell_to_xtask_waves.md	rewrite	parent file; path; manifest move
T-883	notes	docs/platform/t853_shell_to_xtask_waves.md	documentation_v2/tickets/specs/t853_shell_to_xtask_waves.md	rewrite	parent file; path; manifest move
T-883	notes	docs/platform/t853_shell_to_xtask_waves.md	documentation_v2/tickets/specs/t853_shell_to_xtask_waves.md	rewrite	parent file; path; manifest move
T-883	citations	t853_shell_to_xtask_waves.md	-	keep	parent file; bare basename of docs/platform/t853_shell_to_xtask_waves.md; idx 2; the basename stays (documentation_v2/tickets/specs/t853_shell_to_xtask_waves.md)
T-884	spec	docs/platform/t853_shell_to_xtask_waves.md	documentation_v2/tickets/specs/t853_shell_to_xtask_waves.md	rewrite	parent file; path; manifest move
T-884	notes	docs/platform/t853_shell_to_xtask_waves.md	documentation_v2/tickets/specs/t853_shell_to_xtask_waves.md	rewrite	parent file; path; manifest move
T-884	notes	docs/platform/t853_shell_to_xtask_waves.md	documentation_v2/tickets/specs/t853_shell_to_xtask_waves.md	rewrite	parent file; path; manifest move
T-884	citations	t853_shell_to_xtask_waves.md	-	keep	parent file; bare basename of docs/platform/t853_shell_to_xtask_waves.md; idx 3; the basename stays (documentation_v2/tickets/specs/t853_shell_to_xtask_waves.md)
T-885	spec	docs/platform/t853_shell_to_xtask_waves.md	documentation_v2/tickets/specs/t853_shell_to_xtask_waves.md	rewrite	parent file; path; manifest move
T-885	notes	docs/platform/t853_shell_to_xtask_waves.md	documentation_v2/tickets/specs/t853_shell_to_xtask_waves.md	rewrite	parent file; path; manifest move
T-885	notes	docs/platform/t853_shell_to_xtask_waves.md	documentation_v2/tickets/specs/t853_shell_to_xtask_waves.md	rewrite	parent file; path; manifest move
T-885	citations	t853_shell_to_xtask_waves.md	-	keep	parent file; bare basename of docs/platform/t853_shell_to_xtask_waves.md; idx 3; the basename stays (documentation_v2/tickets/specs/t853_shell_to_xtask_waves.md)
T-886	spec	docs/platform/t853_shell_to_xtask_waves.md	documentation_v2/tickets/specs/t853_shell_to_xtask_waves.md	rewrite	parent file; path; manifest move
T-886	notes	docs/platform/t853_shell_to_xtask_waves.md	documentation_v2/tickets/specs/t853_shell_to_xtask_waves.md	rewrite	parent file; path; manifest move
T-886	notes	docs/platform/t853_shell_to_xtask_waves.md	documentation_v2/tickets/specs/t853_shell_to_xtask_waves.md	rewrite	parent file; path; manifest move
T-886	citations	t853_shell_to_xtask_waves.md	-	keep	parent file; bare basename of docs/platform/t853_shell_to_xtask_waves.md; idx 3; the basename stays (documentation_v2/tickets/specs/t853_shell_to_xtask_waves.md)
T-887	spec	docs/platform/t853_shell_to_xtask_waves.md	documentation_v2/tickets/specs/t853_shell_to_xtask_waves.md	rewrite	parent file; path; manifest move
T-887	notes	docs/platform/t853_shell_to_xtask_waves.md	documentation_v2/tickets/specs/t853_shell_to_xtask_waves.md	rewrite	parent file; path; manifest move
T-887	notes	docs/platform/t853_shell_to_xtask_waves.md	documentation_v2/tickets/specs/t853_shell_to_xtask_waves.md	rewrite	parent file; path; manifest move
T-887	citations	t853_shell_to_xtask_waves.md	-	keep	parent file; bare basename of docs/platform/t853_shell_to_xtask_waves.md; idx 2; the basename stays (documentation_v2/tickets/specs/t853_shell_to_xtask_waves.md)
T-888	spec	docs/platform/t853_shell_to_xtask_waves.md	documentation_v2/tickets/specs/t853_shell_to_xtask_waves.md	rewrite	parent file; path; manifest move
T-888	notes	docs/platform/t853_shell_to_xtask_waves.md	documentation_v2/tickets/specs/t853_shell_to_xtask_waves.md	rewrite	parent file; path; manifest move
T-888	notes	docs/platform/t853_shell_to_xtask_waves.md	documentation_v2/tickets/specs/t853_shell_to_xtask_waves.md	rewrite	parent file; path; manifest move
T-888	citations	t853_shell_to_xtask_waves.md	-	keep	parent file; bare basename of docs/platform/t853_shell_to_xtask_waves.md; idx 3; the basename stays (documentation_v2/tickets/specs/t853_shell_to_xtask_waves.md)
T-889	spec	docs/platform/t853_shell_to_xtask_waves.md	documentation_v2/tickets/specs/t853_shell_to_xtask_waves.md	rewrite	parent file; path; manifest move
T-889	notes	docs/platform/t853_shell_to_xtask_waves.md	documentation_v2/tickets/specs/t853_shell_to_xtask_waves.md	rewrite	parent file; path; manifest move
T-889	notes	docs/platform/t853_shell_to_xtask_waves.md	documentation_v2/tickets/specs/t853_shell_to_xtask_waves.md	rewrite	parent file; path; manifest move
T-889	citations	t853_shell_to_xtask_waves.md	-	keep	parent file; bare basename of docs/platform/t853_shell_to_xtask_waves.md; idx 2; the basename stays (documentation_v2/tickets/specs/t853_shell_to_xtask_waves.md)
T-890	spec	docs/platform/t853_shell_to_xtask_waves.md	documentation_v2/tickets/specs/t853_shell_to_xtask_waves.md	rewrite	parent file; path; manifest move
T-890	notes	docs/platform/t853_shell_to_xtask_waves.md	documentation_v2/tickets/specs/t853_shell_to_xtask_waves.md	rewrite	parent file; path; manifest move
T-890	notes	docs/platform/t853_shell_to_xtask_waves.md	documentation_v2/tickets/specs/t853_shell_to_xtask_waves.md	rewrite	parent file; path; manifest move
T-890	citations	t853_shell_to_xtask_waves.md	-	keep	parent file; bare basename of docs/platform/t853_shell_to_xtask_waves.md; idx 3; the basename stays (documentation_v2/tickets/specs/t853_shell_to_xtask_waves.md)
T-891	spec	docs/platform/t853_shell_to_xtask_waves.md	documentation_v2/tickets/specs/t853_shell_to_xtask_waves.md	rewrite	parent file; path; manifest move
T-891	notes	docs/platform/t853_shell_to_xtask_waves.md	documentation_v2/tickets/specs/t853_shell_to_xtask_waves.md	rewrite	parent file; path; manifest move
T-891	notes	docs/platform/t853_shell_to_xtask_waves.md	documentation_v2/tickets/specs/t853_shell_to_xtask_waves.md	rewrite	parent file; path; manifest move
T-891	citations	t853_shell_to_xtask_waves.md	-	keep	parent file; bare basename of docs/platform/t853_shell_to_xtask_waves.md; idx 3; the basename stays (documentation_v2/tickets/specs/t853_shell_to_xtask_waves.md)
T-892	spec	docs/platform/t853_shell_to_xtask_waves.md	documentation_v2/tickets/specs/t853_shell_to_xtask_waves.md	rewrite	parent file; path; manifest move
T-892	notes	docs/platform/t853_shell_to_xtask_waves.md	documentation_v2/tickets/specs/t853_shell_to_xtask_waves.md	rewrite	parent file; path; manifest move
T-892	notes	docs/platform/t853_shell_to_xtask_waves.md	documentation_v2/tickets/specs/t853_shell_to_xtask_waves.md	rewrite	parent file; path; manifest move
T-892	citations	t853_shell_to_xtask_waves.md	-	keep	parent file; bare basename of docs/platform/t853_shell_to_xtask_waves.md; idx 3; the basename stays (documentation_v2/tickets/specs/t853_shell_to_xtask_waves.md)
T-893	spec	docs/platform/t853_shell_to_xtask_waves.md	documentation_v2/tickets/specs/t853_shell_to_xtask_waves.md	rewrite	parent file; path; manifest move
T-894	spec	docs/platform/t853_shell_to_xtask_waves.md	documentation_v2/tickets/specs/t853_shell_to_xtask_waves.md	rewrite	parent file; path; manifest move
T-894	notes	docs/platform/t853_shell_to_xtask_waves.md	documentation_v2/tickets/specs/t853_shell_to_xtask_waves.md	rewrite	parent file; path; manifest move
T-894	notes	docs/platform/t853_shell_to_xtask_waves.md	documentation_v2/tickets/specs/t853_shell_to_xtask_waves.md	rewrite	parent file; path; manifest move
T-894	citations	t853_shell_to_xtask_waves.md	-	keep	parent file; bare basename of docs/platform/t853_shell_to_xtask_waves.md; idx 3; the basename stays (documentation_v2/tickets/specs/t853_shell_to_xtask_waves.md)
T-895	spec	docs/platform/t853_shell_to_xtask_waves.md	documentation_v2/tickets/specs/t853_shell_to_xtask_waves.md	rewrite	parent file; path; manifest move
T-895	notes	docs/platform/t853_shell_to_xtask_waves.md	documentation_v2/tickets/specs/t853_shell_to_xtask_waves.md	rewrite	parent file; path; manifest move
T-895	notes	docs/platform/t853_shell_to_xtask_waves.md	documentation_v2/tickets/specs/t853_shell_to_xtask_waves.md	rewrite	parent file; path; manifest move
T-895	citations	t853_shell_to_xtask_waves.md	-	keep	parent file; bare basename of docs/platform/t853_shell_to_xtask_waves.md; idx 4; the basename stays (documentation_v2/tickets/specs/t853_shell_to_xtask_waves.md)
T-896	spec	docs/platform/t853_shell_to_xtask_waves.md	documentation_v2/tickets/specs/t853_shell_to_xtask_waves.md	rewrite	parent file; path; manifest move
T-896	notes	docs/platform/t853_shell_to_xtask_waves.md	documentation_v2/tickets/specs/t853_shell_to_xtask_waves.md	rewrite	parent file; path; manifest move
T-896	notes	docs/platform/t853_shell_to_xtask_waves.md	documentation_v2/tickets/specs/t853_shell_to_xtask_waves.md	rewrite	parent file; path; manifest move
T-896	citations	t853_shell_to_xtask_waves.md	-	keep	parent file; bare basename of docs/platform/t853_shell_to_xtask_waves.md; idx 4; the basename stays (documentation_v2/tickets/specs/t853_shell_to_xtask_waves.md)
T-897	spec	docs/platform/t853_shell_to_xtask_waves.md	documentation_v2/tickets/specs/t853_shell_to_xtask_waves.md	rewrite	parent file; path; manifest move
T-897	notes	docs/platform/t853_shell_to_xtask_waves.md	documentation_v2/tickets/specs/t853_shell_to_xtask_waves.md	rewrite	parent file; path; manifest move
T-897	notes	docs/platform/t853_shell_to_xtask_waves.md	documentation_v2/tickets/specs/t853_shell_to_xtask_waves.md	rewrite	parent file; path; manifest move
T-897	citations	t853_shell_to_xtask_waves.md	-	keep	parent file; bare basename of docs/platform/t853_shell_to_xtask_waves.md; idx 1; the basename stays (documentation_v2/tickets/specs/t853_shell_to_xtask_waves.md)
T-898	spec	docs/platform/t853_shell_to_xtask_waves.md	documentation_v2/tickets/specs/t853_shell_to_xtask_waves.md	rewrite	parent file; path; manifest move
T-899	spec	docs/platform/t853_shell_to_xtask_waves.md	documentation_v2/tickets/specs/t853_shell_to_xtask_waves.md	rewrite	parent file; path; manifest move
T-899	notes	docs/platform/t853_shell_to_xtask_waves.md	documentation_v2/tickets/specs/t853_shell_to_xtask_waves.md	rewrite	parent file; path; manifest move
T-899	notes	docs/platform/t853_shell_to_xtask_waves.md	documentation_v2/tickets/specs/t853_shell_to_xtask_waves.md	rewrite	parent file; path; manifest move
T-899	citations	t853_shell_to_xtask_waves.md	-	keep	parent file; bare basename of docs/platform/t853_shell_to_xtask_waves.md; idx 3; the basename stays (documentation_v2/tickets/specs/t853_shell_to_xtask_waves.md)
T-900	spec	docs/platform/t853_shell_to_xtask_waves.md	documentation_v2/tickets/specs/t853_shell_to_xtask_waves.md	rewrite	parent file; path; manifest move
T-900	notes	docs/platform/t853_shell_to_xtask_waves.md	documentation_v2/tickets/specs/t853_shell_to_xtask_waves.md	rewrite	parent file; path; manifest move
T-900	notes	docs/platform/t853_shell_to_xtask_waves.md	documentation_v2/tickets/specs/t853_shell_to_xtask_waves.md	rewrite	parent file; path; manifest move
T-900	citations	t853_shell_to_xtask_waves.md	-	keep	parent file; bare basename of docs/platform/t853_shell_to_xtask_waves.md; idx 3; the basename stays (documentation_v2/tickets/specs/t853_shell_to_xtask_waves.md)
T-900	owns	docs	documentation_v2	rewrite	parent file; directory own — needs mapping + overlap check; idx 0; directory own (shipped ticket, so no open-ticket overlap): the whole documentation root; documentation_v2 also holds the Documentation V2 program files; no open ticket owns a documentation_v2 path
T-901	spec	docs/platform/t853_shell_to_xtask_waves.md	documentation_v2/tickets/specs/t853_shell_to_xtask_waves.md	rewrite	parent file; path; manifest move
T-901	notes	docs/platform/t853_shell_to_xtask_waves.md	documentation_v2/tickets/specs/t853_shell_to_xtask_waves.md	rewrite	parent file; path; manifest move
T-901	notes	docs/platform/t853_shell_to_xtask_waves.md	documentation_v2/tickets/specs/t853_shell_to_xtask_waves.md	rewrite	parent file; path; manifest move
T-901	citations	t853_shell_to_xtask_waves.md	-	keep	parent file; bare basename of docs/platform/t853_shell_to_xtask_waves.md; idx 3; the basename stays (documentation_v2/tickets/specs/t853_shell_to_xtask_waves.md)
T-902	spec	docs/platform/t853_shell_to_xtask_waves.md	documentation_v2/tickets/specs/t853_shell_to_xtask_waves.md	rewrite	parent file; path; manifest move
T-902	notes	docs/platform/t853_shell_to_xtask_waves.md	documentation_v2/tickets/specs/t853_shell_to_xtask_waves.md	rewrite	parent file; path; manifest move
T-902	notes	docs/platform/t853_shell_to_xtask_waves.md	documentation_v2/tickets/specs/t853_shell_to_xtask_waves.md	rewrite	parent file; path; manifest move
T-902	citations	t853_shell_to_xtask_waves.md	-	keep	parent file; bare basename of docs/platform/t853_shell_to_xtask_waves.md; idx 0; the basename stays (documentation_v2/tickets/specs/t853_shell_to_xtask_waves.md)
T-903	spec	docs/platform/t853_shell_to_xtask_waves.md	documentation_v2/tickets/specs/t853_shell_to_xtask_waves.md	rewrite	parent file; path; manifest move
T-903	notes	docs/platform/t853_shell_to_xtask_waves.md	documentation_v2/tickets/specs/t853_shell_to_xtask_waves.md	rewrite	parent file; path; manifest move
T-903	notes	docs/platform/t853_shell_to_xtask_waves.md	documentation_v2/tickets/specs/t853_shell_to_xtask_waves.md	rewrite	parent file; path; manifest move
T-903	citations	t853_shell_to_xtask_waves.md	-	keep	parent file; bare basename of docs/platform/t853_shell_to_xtask_waves.md; idx 0; the basename stays (documentation_v2/tickets/specs/t853_shell_to_xtask_waves.md)
T-903	owns	docs/platform/PLAYTEST_RUNBOOK.md	documentation_v2/runbooks/two_client_playtest/README.md	rewrite	parent file; path; idx 6; manifest move+rename
T-903	owns	docs/mod/SLICE_WORKFLOW.md	documentation_v2/runbooks/mod_slice_workflow.md	rewrite	parent file; path; idx 7; manifest move+rename
T-904	spec	docs/platform/t853_shell_to_xtask_waves.md	documentation_v2/tickets/specs/t853_shell_to_xtask_waves.md	rewrite	parent file; path; manifest move
T-904	notes	docs/platform/t853_shell_to_xtask_waves.md	documentation_v2/tickets/specs/t853_shell_to_xtask_waves.md	rewrite	parent file; path; manifest move
T-904	notes	docs/platform/t853_shell_to_xtask_waves.md	documentation_v2/tickets/specs/t853_shell_to_xtask_waves.md	rewrite	parent file; path; manifest move
T-904	citations	t853_shell_to_xtask_waves.md	-	keep	parent file; bare basename of docs/platform/t853_shell_to_xtask_waves.md; idx 0; the basename stays (documentation_v2/tickets/specs/t853_shell_to_xtask_waves.md)
T-904	citations	CODING_STANDARDS.md	documentation_v2/standards/coding_standards/README.md	rewrite	parent file; bare basename of docs/platform/CODING_STANDARDS.md; idx 2; the basename changes, so the bare name becomes the full final path; replace whole-token occurrences only (not preceded by '/', '_', '-', a letter or a digit), after the full-path rows
T-904	owns	docs/platform/CODING_STANDARDS.md	documentation_v2/standards/coding_standards/README.md	rewrite	parent file; path; idx 8; manifest move+rename
T-905	spec	docs/platform/t853_shell_to_xtask_waves.md	documentation_v2/tickets/specs/t853_shell_to_xtask_waves.md	rewrite	parent file; path; manifest move
T-905	plan	docs/plans/t-905_plan.md	documentation_v2/tickets/plans/t-905_plan.md	rewrite	parent file; path; manifest move
T-905	citations	t853_shell_to_xtask_waves.md	-	keep	parent file; bare basename of docs/platform/t853_shell_to_xtask_waves.md; idx 1; the basename stays (documentation_v2/tickets/specs/t853_shell_to_xtask_waves.md)
T-906	spec	docs/platform/t853_shell_to_xtask_waves.md	documentation_v2/tickets/specs/t853_shell_to_xtask_waves.md	rewrite	parent file; path; manifest move
T-906	plan	docs/plans/t-906_plan.md	documentation_v2/tickets/plans/t-906_plan.md	rewrite	parent file; path; manifest move
T-906	citations	t853_shell_to_xtask_waves.md	-	keep	parent file; bare basename of docs/platform/t853_shell_to_xtask_waves.md; idx 1; the basename stays (documentation_v2/tickets/specs/t853_shell_to_xtask_waves.md)
T-907	spec	docs/platform/t853_shell_to_xtask_waves.md	documentation_v2/tickets/specs/t853_shell_to_xtask_waves.md	rewrite	parent file; path; manifest move
T-907	plan	docs/plans/t-907_plan.md	documentation_v2/tickets/plans/t-907_plan.md	rewrite	parent file; path; manifest move
T-907	citations	t853_shell_to_xtask_waves.md	-	keep	parent file; bare basename of docs/platform/t853_shell_to_xtask_waves.md; idx 1; the basename stays (documentation_v2/tickets/specs/t853_shell_to_xtask_waves.md)
T-908	spec	docs/platform/t853_shell_to_xtask_waves.md	documentation_v2/tickets/specs/t853_shell_to_xtask_waves.md	rewrite	parent file; path; manifest move
T-908	plan	docs/plans/t-908_plan.md	documentation_v2/tickets/plans/t-908_plan.md	rewrite	parent file; path; manifest move
T-908	citations	t853_shell_to_xtask_waves.md	-	keep	parent file; bare basename of docs/platform/t853_shell_to_xtask_waves.md; idx 1; the basename stays (documentation_v2/tickets/specs/t853_shell_to_xtask_waves.md)
T-909	spec	docs/platform/t853_shell_to_xtask_waves.md	documentation_v2/tickets/specs/t853_shell_to_xtask_waves.md	rewrite	parent file; path; manifest move
T-910	spec	docs/platform/t853_shell_to_xtask_waves.md	documentation_v2/tickets/specs/t853_shell_to_xtask_waves.md	rewrite	parent file; path; manifest move
T-911	spec	docs/platform/t911_ticket_registry_redesign.md	documentation_v2/tickets/specs/t911_ticket_registry_redesign.md	rewrite	parent file; path; manifest move
T-911.1	spec	docs/platform/t911_ticket_registry_redesign.md	documentation_v2/tickets/specs/t911_ticket_registry_redesign.md	rewrite	child file; path; manifest move
T-911.1	citations	t911_ticket_registry_redesign.md	-	keep	child file; bare basename of docs/platform/t911_ticket_registry_redesign.md; idx 0; the basename stays (documentation_v2/tickets/specs/t911_ticket_registry_redesign.md)
T-911.2	spec	docs/platform/t911_ticket_registry_redesign.md	documentation_v2/tickets/specs/t911_ticket_registry_redesign.md	rewrite	child file; path; manifest move
T-911.2	citations	t911_ticket_registry_redesign.md	-	keep	child file; bare basename of docs/platform/t911_ticket_registry_redesign.md; idx 0; the basename stays (documentation_v2/tickets/specs/t911_ticket_registry_redesign.md)
T-912	spec	docs/platform/t912_wave_lockfile.md	documentation_v2/tickets/specs/t912_wave_lockfile.md	rewrite	parent file; path; manifest move
T-912.1	spec	docs/platform/t912_wave_lockfile.md	documentation_v2/tickets/specs/t912_wave_lockfile.md	rewrite	child file; path; manifest move
T-912.1	citations	t912_wave_lockfile.md	-	keep	child file; bare basename of docs/platform/t912_wave_lockfile.md; idx 0; the basename stays (documentation_v2/tickets/specs/t912_wave_lockfile.md)
T-912.2	spec	docs/platform/t912_wave_lockfile.md	documentation_v2/tickets/specs/t912_wave_lockfile.md	rewrite	child file; path; manifest move
T-912.2	citations	t912_wave_lockfile.md	-	keep	child file; bare basename of docs/platform/t912_wave_lockfile.md; idx 0; the basename stays (documentation_v2/tickets/specs/t912_wave_lockfile.md)
T-913	spec	docs/platform/t913_ticket_run_metrics.md	documentation_v2/tickets/specs/t913_ticket_run_metrics.md	rewrite	parent file; path; manifest move
T-913.1	spec	docs/platform/t913_ticket_run_metrics.md	documentation_v2/tickets/specs/t913_ticket_run_metrics.md	rewrite	child file; path; manifest move
T-913.1	citations	t913_ticket_run_metrics.md	-	keep	child file; bare basename of docs/platform/t913_ticket_run_metrics.md; idx 0; the basename stays (documentation_v2/tickets/specs/t913_ticket_run_metrics.md)
T-913.2	spec	docs/platform/t913_ticket_run_metrics.md	documentation_v2/tickets/specs/t913_ticket_run_metrics.md	rewrite	child file; path; manifest move
T-913.2	citations	t913_ticket_run_metrics.md	-	keep	child file; bare basename of docs/platform/t913_ticket_run_metrics.md; idx 0; the basename stays (documentation_v2/tickets/specs/t913_ticket_run_metrics.md)
T-914	spec	docs/platform/t912_wave_lockfile.md	documentation_v2/tickets/specs/t912_wave_lockfile.md	rewrite	parent file; path; manifest move
T-914	citations	t912_wave_lockfile.md	-	keep	parent file; bare basename of docs/platform/t912_wave_lockfile.md; idx 0; the basename stays (documentation_v2/tickets/specs/t912_wave_lockfile.md)
T-914	owns	docs/platform/t912_wave_lockfile.md	documentation_v2/tickets/specs/t912_wave_lockfile.md	rewrite	parent file; path; idx 3; manifest move
T-915	spec	docs/platform/t915_ticketboard_design.md	documentation_v2/tickets/specs/t915_ticketboard_design.md	rewrite	parent file; path; manifest move
T-915.1	spec	docs/platform/t915_ticketboard_design.md	documentation_v2/tickets/specs/t915_ticketboard_design.md	rewrite	child file; path; manifest move
T-915.1	citations	t915_ticketboard_design.md	-	keep	child file; bare basename of docs/platform/t915_ticketboard_design.md; idx 0; the basename stays (documentation_v2/tickets/specs/t915_ticketboard_design.md)
T-915.2	spec	docs/platform/t915_ticketboard_design.md	documentation_v2/tickets/specs/t915_ticketboard_design.md	rewrite	child file; path; manifest move
T-915.2	citations	t915_ticketboard_design.md	-	keep	child file; bare basename of docs/platform/t915_ticketboard_design.md; idx 0; the basename stays (documentation_v2/tickets/specs/t915_ticketboard_design.md)
T-915.3	spec	docs/platform/t915_ticketboard_design.md	documentation_v2/tickets/specs/t915_ticketboard_design.md	rewrite	child file; path; manifest move
T-915.3	notes	docs/TICKET_*.md	-	drop-view-link	child file; glob over the generated sync views — P1-2 drops them, no move target; P2-3 rewords the sentence (for example 'the generated ticket views, retired') or drops the entry
T-915.3	notes	docs/TICKET_*.md	-	drop-view-link	child file; glob over the generated sync views — P1-2 drops them, no move target; P2-3 rewords the sentence (for example 'the generated ticket views, retired') or drops the entry
T-915.3	current_state	docs/TICKET_*.md	-	drop-view-link	child file; glob over the generated sync views — P1-2 drops them, no move target; idx 0; P2-3 rewords the sentence (for example 'the generated ticket views, retired') or drops the entry
T-915.3	citations	t915_ticketboard_design.md	-	keep	child file; bare basename of docs/platform/t915_ticketboard_design.md; idx 0; the basename stays (documentation_v2/tickets/specs/t915_ticketboard_design.md)
T-915.4	spec	docs/platform/t915_ticketboard_design.md	documentation_v2/tickets/specs/t915_ticketboard_design.md	rewrite	child file; path; manifest move
T-915.4	citations	t915_ticketboard_design.md	-	keep	child file; bare basename of docs/platform/t915_ticketboard_design.md; idx 0; the basename stays (documentation_v2/tickets/specs/t915_ticketboard_design.md)
T-915.5	spec	docs/platform/t915_ticketboard_design.md	documentation_v2/tickets/specs/t915_ticketboard_design.md	rewrite	child file; path; manifest move
T-915.5	citations	t915_ticketboard_design.md	-	keep	child file; bare basename of docs/platform/t915_ticketboard_design.md; idx 0; the basename stays (documentation_v2/tickets/specs/t915_ticketboard_design.md)
T-916	spec	docs/platform/t915_ticketboard_design.md	documentation_v2/tickets/specs/t915_ticketboard_design.md	rewrite	parent file; path; manifest move
T-916	notes	docs/TICKET_*.md	-	drop-view-link	parent file; glob over the generated sync views — P1-2 drops them, no move target; P2-3 rewords the sentence (for example 'the generated ticket views, retired') or drops the entry
T-916	notes	MILESTONES.md	-	drop-view-link	parent file; bare basename of docs/MILESTONES.md;docs/mod/MILESTONES.md (ambiguous: 2 docs files); resolved from the ticket text: the generated milestone view in the parity list; generated view retired by P1-2, no successor file; P2-3 rewords the sentence or drops the name
T-916.1	spec	docs/platform/t915_ticketboard_design.md	documentation_v2/tickets/specs/t915_ticketboard_design.md	rewrite	child file; path; manifest move
T-916.1	citations	t915_ticketboard_design.md	-	keep	child file; bare basename of docs/platform/t915_ticketboard_design.md; idx 0; the basename stays (documentation_v2/tickets/specs/t915_ticketboard_design.md)
T-916.2	spec	docs/platform/t915_ticketboard_design.md	documentation_v2/tickets/specs/t915_ticketboard_design.md	rewrite	child file; path; manifest move
T-916.2	acceptance	docs/TICKET_*.md	-	drop-view-link	child file; glob over the generated sync views — P1-2 drops them, no move target; idx 0; P2-3 rewords the sentence (for example 'the generated ticket views, retired') or drops the entry
T-916.2	acceptance	MILESTONES.md	-	drop-view-link	child file; bare basename of docs/MILESTONES.md;docs/mod/MILESTONES.md (ambiguous: 2 docs files); idx 0; resolved from the ticket text: the generated milestone view in the parity list; generated view retired by P1-2, no successor file; P2-3 rewords the sentence or drops the name
T-916.2	citations	t915_ticketboard_design.md	-	keep	child file; bare basename of docs/platform/t915_ticketboard_design.md; idx 0; the basename stays (documentation_v2/tickets/specs/t915_ticketboard_design.md)
T-917	spec	docs/platform/t917_ticket_schema_v2.md	documentation_v2/tickets/specs/t917_ticket_schema_v2.md	rewrite	parent file; path; manifest move
T-917.1	spec	docs/platform/t917_ticket_schema_v2.md	documentation_v2/tickets/specs/t917_ticket_schema_v2.md	rewrite	child file; path; manifest move
T-917.1	citations	t917_ticket_schema_v2.md	-	keep	child file; bare basename of docs/platform/t917_ticket_schema_v2.md; idx 1; the basename stays (documentation_v2/tickets/specs/t917_ticket_schema_v2.md)
T-917.2	spec	docs/platform/t917_ticket_schema_v2.md	documentation_v2/tickets/specs/t917_ticket_schema_v2.md	rewrite	child file; path; manifest move
T-917.2	owns	docs/TICKET_REGISTRY.md	-	drop-view-link	child file; generated sync view — P1-2 drops it, no move target; idx 4; P2-3 rewords the sentence (for example 'the generated ticket views, retired') or drops the entry
T-917.3	spec	docs/platform/t917_ticket_schema_v2.md	documentation_v2/tickets/specs/t917_ticket_schema_v2.md	rewrite	child file; path; manifest move
T-917.3	acceptance	docs/TICKET_*.md	-	drop-view-link	child file; glob over the generated sync views — P1-2 drops them, no move target; idx 4; P2-3 rewords the sentence (for example 'the generated ticket views, retired') or drops the entry
T-917.4	spec	docs/platform/t917_ticket_schema_v2.md	documentation_v2/tickets/specs/t917_ticket_schema_v2.md	rewrite	child file; path; manifest move
T-917.5	spec	docs/platform/t917_ticket_schema_v2.md	documentation_v2/tickets/specs/t917_ticket_schema_v2.md	rewrite	child file; path; manifest move
T-917.5	notes	docs/platform/	-	manual	child file; directory path; folder mention; docs/platform/ splits across documentation_v2/tickets/specs/, runbooks/, standards/, known_bugs/, tools_v2/ticket-engine/ and archive/; suggest keep (historical) or name the one file the sentence means
T-917.5	notes	docs/platform/	-	manual	child file; directory path; folder mention; docs/platform/ splits across documentation_v2/tickets/specs/, runbooks/, standards/, known_bugs/, tools_v2/ticket-engine/ and archive/; suggest keep (historical) or name the one file the sentence means
T-917.5	current_state	docs/platform/	-	manual	child file; directory path; idx 0; folder mention; docs/platform/ splits across documentation_v2/tickets/specs/, runbooks/, standards/, known_bugs/, tools_v2/ticket-engine/ and archive/; suggest keep (historical) or name the one file the sentence means
T-917.5	citations	t917_ticket_schema_v2.md	-	keep	child file; bare basename of docs/platform/t917_ticket_schema_v2.md; idx 0; the basename stays (documentation_v2/tickets/specs/t917_ticket_schema_v2.md)
T-917.5	citations	token_estimate_factor.md	-	keep	child file; bare basename of docs/platform/token_estimate_factor.md; idx 1; the basename stays (documentation_v2/tools_v2/ticket-engine/token_estimate_factor.md)
T-917.5	owns	docs/platform/token_estimate_factor.md	documentation_v2/tools_v2/ticket-engine/token_estimate_factor.md	rewrite	child file; path; idx 3; manifest move
T-917.6	spec	docs/platform/t917_ticket_schema_v2.md	documentation_v2/tickets/specs/t917_ticket_schema_v2.md	rewrite	child file; path; manifest move
T-917.6	plan	docs/plans/t-917_6_plan.md	documentation_v2/tickets/plans/t-917_6_plan.md	rewrite	child file; path; manifest move
T-917.6	citations	t917_ticket_schema_v2.md	-	keep	child file; bare basename of docs/platform/t917_ticket_schema_v2.md; idx 0; the basename stays (documentation_v2/tickets/specs/t917_ticket_schema_v2.md)
T-917.6	owns	docs/plans	documentation_v2/tickets/plans	rewrite	child file; directory own — needs mapping + overlap check; idx 2; directory own (shipped ticket, so no open-ticket overlap): plan files land in documentation_v2/tickets/plans/; the plan skeleton docs/plans/TEMPLATE.md moves to .ai/tickets/plan_template.md, outside this own; no open ticket owns either path
T-918	spec	docs/platform/t917_ticket_schema_v2.md	documentation_v2/tickets/specs/t917_ticket_schema_v2.md	rewrite	parent file; path; manifest move
T-918.1	spec	docs/platform/t917_ticket_schema_v2.md	documentation_v2/tickets/specs/t917_ticket_schema_v2.md	rewrite	child file; path; manifest move
T-918.1	citations	t917_ticket_schema_v2.md	-	keep	child file; bare basename of docs/platform/t917_ticket_schema_v2.md; idx 0; the basename stays (documentation_v2/tickets/specs/t917_ticket_schema_v2.md)
T-918.2	spec	docs/platform/t917_ticket_schema_v2.md	documentation_v2/tickets/specs/t917_ticket_schema_v2.md	rewrite	child file; path; manifest move
T-918.2	plan	docs/plans/t-918_2_plan.md	documentation_v2/tickets/plans/t-918_2_plan.md	rewrite	child file; path; manifest move
T-918.2	citations	t917_ticket_schema_v2.md	-	keep	child file; bare basename of docs/platform/t917_ticket_schema_v2.md; idx 0; the basename stays (documentation_v2/tickets/specs/t917_ticket_schema_v2.md)
T-918.3	spec	docs/platform/t917_ticket_schema_v2.md	documentation_v2/tickets/specs/t917_ticket_schema_v2.md	rewrite	child file; path; manifest move
T-918.3	citations	t917_ticket_schema_v2.md	-	keep	child file; bare basename of docs/platform/t917_ticket_schema_v2.md; idx 1; the basename stays (documentation_v2/tickets/specs/t917_ticket_schema_v2.md)
T-918.4	spec	docs/platform/t917_ticket_schema_v2.md	documentation_v2/tickets/specs/t917_ticket_schema_v2.md	rewrite	child file; path; manifest move
T-918.4	plan	docs/plans/t-918_4_plan.md	documentation_v2/tickets/plans/t-918_4_plan.md	rewrite	child file; path; manifest move
T-918.4	citations	t917_ticket_schema_v2.md	-	keep	child file; bare basename of docs/platform/t917_ticket_schema_v2.md; idx 0; the basename stays (documentation_v2/tickets/specs/t917_ticket_schema_v2.md)
T-919	spec	docs/platform/t917_ticket_schema_v2.md	documentation_v2/tickets/specs/t917_ticket_schema_v2.md	rewrite	parent file; path; manifest move
T-919	plan	docs/plans/t-919_plan.md	documentation_v2/tickets/plans/t-919_plan.md	rewrite	parent file; path; manifest move
T-919	citations	t917_ticket_schema_v2.md	-	keep	parent file; bare basename of docs/platform/t917_ticket_schema_v2.md; idx 0; the basename stays (documentation_v2/tickets/specs/t917_ticket_schema_v2.md)
T-920	spec	docs/platform/t920_body_obligations.md	documentation_v2/tickets/specs/t920_body_obligations.md	rewrite	parent file; path; manifest move
T-920.1	spec	docs/platform/t920_body_obligations.md	documentation_v2/tickets/specs/t920_body_obligations.md	rewrite	child file; path; manifest move
T-920.1	plan	docs/plans/t-920_1_plan.md	documentation_v2/tickets/plans/t-920_1_plan.md	rewrite	child file; path; manifest move
T-920.2	spec	docs/platform/t920_body_obligations.md	documentation_v2/tickets/specs/t920_body_obligations.md	rewrite	child file; path; manifest move
T-920.2	plan	docs/plans/t-920_2_plan.md	documentation_v2/tickets/plans/t-920_2_plan.md	rewrite	child file; path; manifest move
T-921	spec	docs/platform/t920_body_obligations.md	documentation_v2/tickets/specs/t920_body_obligations.md	rewrite	parent file; path; manifest move
T-921	plan	docs/plans/t-921_plan.md	documentation_v2/tickets/plans/t-921_plan.md	rewrite	parent file; path; manifest move
T-921	current_state	SHIPPED_HISTORY.md	documentation_v2/archive/shipped_history/shipped_history.md	rewrite	parent file; bare basename of docs/platform/SHIPPED_HISTORY.md; idx 1; the basename changes, so the bare name becomes the full final path; replace whole-token occurrences only (not preceded by '/', '_', '-', a letter or a digit), after the full-path rows
T-922	spec	docs/platform/t920_body_obligations.md	documentation_v2/tickets/specs/t920_body_obligations.md	rewrite	parent file; path; manifest move
T-922	plan	docs/plans/t-922_plan.md	documentation_v2/tickets/plans/t-922_plan.md	rewrite	parent file; path; manifest move
T-922	approach	SHIPPED_HISTORY.md	documentation_v2/archive/shipped_history/shipped_history.md	rewrite	parent file; bare basename of docs/platform/SHIPPED_HISTORY.md; idx 1; the basename changes, so the bare name becomes the full final path; replace whole-token occurrences only (not preceded by '/', '_', '-', a letter or a digit), after the full-path rows
T-923	spec	docs/platform/t912_wave_lockfile.md	documentation_v2/tickets/specs/t912_wave_lockfile.md	rewrite	parent file; path; manifest move
T-923	plan	docs/plans/t-923_plan.md	documentation_v2/tickets/plans/t-923_plan.md	rewrite	parent file; path; manifest move
T-923	owns	docs/plans/t-923_plan.md	documentation_v2/tickets/plans/t-923_plan.md	rewrite	parent file; path; idx 1; manifest move
T-924	spec	docs/specs/ideas/t924_gate_verdict.md	documentation_v2/tickets/specs/t924_gate_verdict.md	rewrite	parent file; path; manifest move
T-924	plan	docs/plans/t-924_plan.md	documentation_v2/tickets/plans/t-924_plan.md	rewrite	parent file; path; manifest move
T-925	spec	docs/platform/t912_wave_lockfile.md	documentation_v2/tickets/specs/t912_wave_lockfile.md	rewrite	parent file; path; manifest move
T-925	plan	docs/plans/t-925_plan.md	documentation_v2/tickets/plans/t-925_plan.md	rewrite	parent file; path; manifest move
T-925	owns	docs/plans/t-925_plan.md	documentation_v2/tickets/plans/t-925_plan.md	rewrite	parent file; path; idx 2; manifest move
T-926	spec	docs/specs/existing/t926_vehicle_transform_tab.md	documentation_v2/tickets/specs/t926_vehicle_transform_tab.md	rewrite	parent file; path; manifest move
T-926	plan	docs/plans/t-926_plan.md	documentation_v2/tickets/plans/t-926_plan.md	rewrite	parent file; path; manifest move
T-927	spec	docs/specs/existing/t927_chrome_dblclick_leak.md	documentation_v2/tickets/specs/t927_chrome_dblclick_leak.md	rewrite	parent file; path; manifest move
T-927	plan	docs/plans/t-927_plan.md	documentation_v2/tickets/plans/t-927_plan.md	rewrite	parent file; path; manifest move
T-930	spec	docs/specs/existing/t930_vehicle_first_paint.md	documentation_v2/tickets/specs/t930_vehicle_first_paint.md	rewrite	parent file; path; manifest move
T-930	plan	docs/plans/t-930_plan.md	documentation_v2/tickets/plans/t-930_plan.md	rewrite	parent file; path; manifest move
T-932	spec	docs/specs/existing/t932_parked_markers_persist.md	documentation_v2/tickets/specs/t932_parked_markers_persist.md	rewrite	parent file; path; manifest move
T-932	plan	docs/plans/t-932_plan.md	documentation_v2/tickets/plans/t-932_plan.md	rewrite	parent file; path; manifest move
T-933	spec	docs/specs/existing/t933_leptos_gates_exit.md	documentation_v2/tickets/specs/t933_leptos_gates_exit.md	rewrite	parent file; path; manifest move
T-933	plan	docs/plans/t-933_plan.md	documentation_v2/tickets/plans/t-933_plan.md	rewrite	parent file; path; manifest move
T-933	notes	docs/xtask	-	manual	parent file; prose, not a path: 'docs/xtask comments' means docs and xtask comments; prose ('docs/xtask comments' means docs and xtask comments); suggest keep
T-933	verify	EDITOR_FACTORY_FOR_CURSOR.md	documentation_v2/runbooks/factory_waves/README.md	rewrite	parent file; bare basename of docs/platform/EDITOR_FACTORY_FOR_CURSOR.md; idx 1; the basename changes, so the bare name becomes the full final path; replace whole-token occurrences only (not preceded by '/', '_', '-', a letter or a digit), after the full-path rows
T-933	acceptance	EDITOR_FACTORY_FOR_CURSOR.md	documentation_v2/runbooks/factory_waves/README.md	rewrite	parent file; bare basename of docs/platform/EDITOR_FACTORY_FOR_CURSOR.md; idx 1; the basename changes, so the bare name becomes the full final path; replace whole-token occurrences only (not preceded by '/', '_', '-', a letter or a digit), after the full-path rows
T-933	owns	docs/platform/EDITOR_FACTORY_FOR_CURSOR.md	documentation_v2/runbooks/factory_waves/README.md	rewrite	parent file; path; idx 1; manifest merge-into
T-933	owns	docs/website/EDITOR_GATE_RUNBOOK.md	documentation_v2/runbooks/editor_gates.md	rewrite	parent file; path; idx 2; manifest move+rename
T-934	spec	docs/specs/website_reorg/plan.md	documentation_v2/tickets/specs/t934_website_reorganisation_program.md	rewrite	parent file; path; manifest move+rename
T-934	plan	docs/plans/t-934_plan.md	documentation_v2/tickets/plans/t-934_plan.md	rewrite	parent file; path; manifest move
T-934.1	spec	docs/specs/website_reorg/plan.md	documentation_v2/tickets/specs/t934_website_reorganisation_program.md	rewrite	child file; path; manifest move+rename
T-934.2	spec	docs/specs/website_reorg/plan.md	documentation_v2/tickets/specs/t934_website_reorganisation_program.md	rewrite	child file; path; manifest move+rename
T-934.3	spec	docs/specs/website_reorg/plan.md	documentation_v2/tickets/specs/t934_website_reorganisation_program.md	rewrite	child file; path; manifest move+rename
T-934.4	spec	docs/specs/website_reorg/plan.md	documentation_v2/tickets/specs/t934_website_reorganisation_program.md	rewrite	child file; path; manifest move+rename
T-934.5	spec	docs/specs/website_reorg/plan.md	documentation_v2/tickets/specs/t934_website_reorganisation_program.md	rewrite	child file; path; manifest move+rename
T-934.6	spec	docs/specs/website_reorg/plan.md	documentation_v2/tickets/specs/t934_website_reorganisation_program.md	rewrite	child file; path; manifest move+rename
T-934.7	spec	docs/specs/website_reorg/plan.md	documentation_v2/tickets/specs/t934_website_reorganisation_program.md	rewrite	child file; path; manifest move+rename
T-934.8	spec	docs/specs/website_reorg/plan.md	documentation_v2/tickets/specs/t934_website_reorganisation_program.md	rewrite	child file; path; manifest move+rename
T-934.9	spec	docs/specs/website_reorg/plan.md	documentation_v2/tickets/specs/t934_website_reorganisation_program.md	rewrite	child file; path; manifest move+rename
T-934.10	spec	docs/specs/website_reorg/plan.md	documentation_v2/tickets/specs/t934_website_reorganisation_program.md	rewrite	child file; path; manifest move+rename
T-934.11	spec	docs/specs/website_reorg/plan.md	documentation_v2/tickets/specs/t934_website_reorganisation_program.md	rewrite	child file; path; manifest move+rename
T-934.12	spec	docs/specs/website_reorg/plan.md	documentation_v2/tickets/specs/t934_website_reorganisation_program.md	rewrite	child file; path; manifest move+rename
T-934.13	spec	docs/specs/website_reorg/plan.md	documentation_v2/tickets/specs/t934_website_reorganisation_program.md	rewrite	child file; path; manifest move+rename
T-934.14	spec	docs/specs/website_reorg/plan.md	documentation_v2/tickets/specs/t934_website_reorganisation_program.md	rewrite	child file; path; manifest move+rename
T-934.15	spec	docs/specs/website_reorg/plan.md	documentation_v2/tickets/specs/t934_website_reorganisation_program.md	rewrite	child file; path; manifest move+rename
T-934.16	spec	docs/specs/website_reorg/plan.md	documentation_v2/tickets/specs/t934_website_reorganisation_program.md	rewrite	child file; path; manifest move+rename
T-934.16	notes	docs/website/frontend/pages/*.md	-	manual	child file; glob; glob over the retired page specs; they land as <page>_page.md feature docs under documentation_v2/website/frontend/pages/<area>/<page>/ (and apps/debug/ for the building viewer); suggest keep, the ticket narrates a past layout
T-934.16	notes	docs/specs/website_reorg/plan.md	documentation_v2/tickets/specs/t934_website_reorganisation_program.md	rewrite	child file; path; manifest move+rename
T-934.16	requirement	docs/website/frontend/pages/*.md	-	manual	child file; glob; idx 2; glob over the retired page specs; they land as <page>_page.md feature docs under documentation_v2/website/frontend/pages/<area>/<page>/ (and apps/debug/ for the building viewer); suggest keep, the ticket narrates a past layout
T-935	spec	docs/specs/Mission_Creator_Architecture/t935_map_binary_storage.md	documentation_v2/tickets/specs/t935_map_binary_storage.md	rewrite	parent file; path; manifest move
T-935	plan	docs/plans/t-935_plan.md	documentation_v2/tickets/plans/t-935_plan.md	rewrite	parent file; path; manifest move
T-935.1	spec	docs/specs/Mission_Creator_Architecture/t935_map_binary_storage.md	documentation_v2/tickets/specs/t935_map_binary_storage.md	rewrite	child file; path; manifest move
T-935.1	plan	docs/plans/t-935_1_plan.md	documentation_v2/tickets/plans/t-935_1_plan.md	rewrite	child file; path; manifest move
T-935.2	spec	docs/specs/Mission_Creator_Architecture/t935_map_binary_storage.md	documentation_v2/tickets/specs/t935_map_binary_storage.md	rewrite	child file; path; manifest move
T-935.2	plan	docs/plans/t-935_2_plan.md	documentation_v2/tickets/plans/t-935_2_plan.md	rewrite	child file; path; manifest move
T-935.3	spec	docs/specs/Mission_Creator_Architecture/t935_map_binary_storage.md	documentation_v2/tickets/specs/t935_map_binary_storage.md	rewrite	child file; path; manifest move
T-935.3	plan	docs/plans/t-935_3_plan.md	documentation_v2/tickets/plans/t-935_3_plan.md	rewrite	child file; path; manifest move
T-935.4	spec	docs/specs/Mission_Creator_Architecture/t935_map_binary_storage.md	documentation_v2/tickets/specs/t935_map_binary_storage.md	rewrite	child file; path; manifest move
T-935.4	plan	docs/plans/t-935_4_plan.md	documentation_v2/tickets/plans/t-935_4_plan.md	rewrite	child file; path; manifest move
T-935.5	spec	docs/specs/Mission_Creator_Architecture/t935_map_binary_storage.md	documentation_v2/tickets/specs/t935_map_binary_storage.md	rewrite	child file; path; manifest move
T-935.5	plan	docs/plans/t-935_5_plan.md	documentation_v2/tickets/plans/t-935_5_plan.md	rewrite	child file; path; manifest move
T-935.6	spec	docs/specs/Mission_Creator_Architecture/t935_map_binary_storage.md	documentation_v2/tickets/specs/t935_map_binary_storage.md	rewrite	child file; path; manifest move
T-935.6	plan	docs/plans/t-935_6_plan.md	documentation_v2/tickets/plans/t-935_6_plan.md	rewrite	child file; path; manifest move
T-935.7	spec	docs/specs/Mission_Creator_Architecture/t935_map_binary_storage.md	documentation_v2/tickets/specs/t935_map_binary_storage.md	rewrite	child file; path; manifest move
T-935.7	plan	docs/plans/t-935_7_plan.md	documentation_v2/tickets/plans/t-935_7_plan.md	rewrite	child file; path; manifest move
T-935.8	spec	docs/specs/Mission_Creator_Architecture/t935_map_binary_storage.md	documentation_v2/tickets/specs/t935_map_binary_storage.md	rewrite	child file; path; manifest move
T-935.8	plan	docs/plans/t-935_8_plan.md	documentation_v2/tickets/plans/t-935_8_plan.md	rewrite	child file; path; manifest move
T-935.9	spec	docs/specs/Mission_Creator_Architecture/t935_map_binary_storage.md	documentation_v2/tickets/specs/t935_map_binary_storage.md	rewrite	child file; path; manifest move
T-935.9	plan	docs/plans/t-935_9_plan.md	documentation_v2/tickets/plans/t-935_9_plan.md	rewrite	child file; path; manifest move
T-935.10	spec	docs/specs/Mission_Creator_Architecture/t935_map_binary_storage.md	documentation_v2/tickets/specs/t935_map_binary_storage.md	rewrite	child file; path; manifest move
T-935.10	plan	docs/plans/t-935_10_plan.md	documentation_v2/tickets/plans/t-935_10_plan.md	rewrite	child file; path; manifest move
T-935.11	spec	docs/specs/Mission_Creator_Architecture/t935_map_binary_storage.md	documentation_v2/tickets/specs/t935_map_binary_storage.md	rewrite	child file; path; manifest move
T-935.11	plan	docs/plans/t-935_11_plan.md	documentation_v2/tickets/plans/t-935_11_plan.md	rewrite	child file; path; manifest move
T-935.12	spec	docs/specs/Mission_Creator_Architecture/t935_map_binary_storage.md	documentation_v2/tickets/specs/t935_map_binary_storage.md	rewrite	child file; path; manifest move
T-935.12	plan	docs/plans/t-935_12_plan.md	documentation_v2/tickets/plans/t-935_12_plan.md	rewrite	child file; path; manifest move
T-935.13	spec	docs/specs/Mission_Creator_Architecture/t935_map_binary_storage.md	documentation_v2/tickets/specs/t935_map_binary_storage.md	rewrite	child file; path; manifest move
T-935.13	plan	docs/plans/t-935_13_plan.md	documentation_v2/tickets/plans/t-935_13_plan.md	rewrite	child file; path; manifest move
T-935.14	spec	docs/specs/Mission_Creator_Architecture/t935_14_prefab_residency_reader.md	documentation_v2/tickets/specs/t935_14_prefab_residency_reader.md	rewrite	child file; path; manifest move
T-935.14	plan	docs/plans/t-935_14_plan.md	documentation_v2/tickets/plans/t-935_14_plan.md	rewrite	child file; path; manifest move
T-935.15	spec	docs/specs/audit_2026_09/t938_engine_perf.md	documentation_v2/tickets/specs/t938_engine_perf.md	rewrite	child file; path; manifest move
T-935.15	plan	docs/plans/t-935_15_plan.md	documentation_v2/tickets/plans/t-935_15_plan.md	rewrite	child file; path; manifest move
T-935.15	notes	docs/plans/t-935_15_plan.md	documentation_v2/tickets/plans/t-935_15_plan.md	rewrite	child file; path; followed by line refs :31; manifest move
T-935.16	spec	docs/specs/audit_2026_09/t938_engine_perf.md	documentation_v2/tickets/specs/t938_engine_perf.md	rewrite	child file; path; manifest move
T-935.16	plan	docs/plans/t-935_16_plan.md	documentation_v2/tickets/plans/t-935_16_plan.md	rewrite	child file; path; manifest move
T-935.17	spec	docs/specs/audit_2026_09/t938_engine_perf.md	documentation_v2/tickets/specs/t938_engine_perf.md	rewrite	child file; path; manifest move
T-935.17	plan	docs/plans/t-935_17_plan.md	documentation_v2/tickets/plans/t-935_17_plan.md	rewrite	child file; path; manifest move
T-935.18	spec	docs/specs/audit_2026_09/t938_engine_perf.md	documentation_v2/tickets/specs/t938_engine_perf.md	rewrite	child file; path; manifest move
T-935.18	plan	docs/plans/t-935_18_plan.md	documentation_v2/tickets/plans/t-935_18_plan.md	rewrite	child file; path; manifest move
T-935.19	spec	docs/specs/audit_2026_09/t938_engine_perf.md	documentation_v2/tickets/specs/t938_engine_perf.md	rewrite	child file; path; manifest move
T-935.19	plan	docs/plans/t-935_19_plan.md	documentation_v2/tickets/plans/t-935_19_plan.md	rewrite	child file; path; manifest move
T-935.20	spec	docs/specs/audit_2026_09/t938_engine_perf.md	documentation_v2/tickets/specs/t938_engine_perf.md	rewrite	child file; path; manifest move
T-935.20	plan	docs/plans/t-935_20_plan.md	documentation_v2/tickets/plans/t-935_20_plan.md	rewrite	child file; path; manifest move
T-936	spec	docs/specs/audit_2026_09/t936_mission_logic.md	documentation_v2/tickets/specs/t936_mission_logic.md	rewrite	parent file; path; manifest move
T-936	plan	docs/plans/t-936_plan.md	documentation_v2/tickets/plans/t-936_plan.md	rewrite	parent file; path; manifest move
T-936.1	spec	docs/specs/audit_2026_09/t936_mission_logic.md	documentation_v2/tickets/specs/t936_mission_logic.md	rewrite	child file; path; manifest move
T-936.1	plan	docs/plans/t-936_1_plan.md	documentation_v2/tickets/plans/t-936_1_plan.md	rewrite	child file; path; manifest move
T-936.2	spec	docs/specs/audit_2026_09/t936_mission_logic.md	documentation_v2/tickets/specs/t936_mission_logic.md	rewrite	child file; path; manifest move
T-936.2	plan	docs/plans/t-936_2_plan.md	documentation_v2/tickets/plans/t-936_2_plan.md	rewrite	child file; path; manifest move
T-936.3	spec	docs/specs/audit_2026_09/t936_mission_logic.md	documentation_v2/tickets/specs/t936_mission_logic.md	rewrite	child file; path; manifest move
T-936.3	plan	docs/plans/t-936_3_plan.md	documentation_v2/tickets/plans/t-936_3_plan.md	rewrite	child file; path; manifest move
T-936.4	spec	docs/specs/audit_2026_09/t936_mission_logic.md	documentation_v2/tickets/specs/t936_mission_logic.md	rewrite	child file; path; manifest move
T-936.4	plan	docs/plans/t-936_4_plan.md	documentation_v2/tickets/plans/t-936_4_plan.md	rewrite	child file; path; manifest move
T-936.5	spec	docs/specs/audit_2026_09/t936_mission_logic.md	documentation_v2/tickets/specs/t936_mission_logic.md	rewrite	child file; path; manifest move
T-936.5	plan	docs/plans/t-936_5_plan.md	documentation_v2/tickets/plans/t-936_5_plan.md	rewrite	child file; path; manifest move
T-936.6	spec	docs/specs/audit_2026_09/t936_mission_logic.md	documentation_v2/tickets/specs/t936_mission_logic.md	rewrite	child file; path; manifest move
T-936.6	plan	docs/plans/t-936_6_plan.md	documentation_v2/tickets/plans/t-936_6_plan.md	rewrite	child file; path; manifest move
T-936.7	spec	docs/specs/audit_2026_09/t936_mission_logic.md	documentation_v2/tickets/specs/t936_mission_logic.md	rewrite	child file; path; manifest move
T-936.7	plan	docs/plans/t-936_7_plan.md	documentation_v2/tickets/plans/t-936_7_plan.md	rewrite	child file; path; manifest move
T-937	spec	docs/specs/audit_2026_09/t937_editor_data_layer.md	documentation_v2/tickets/specs/t937_editor_data_layer.md	rewrite	parent file; path; manifest move
T-937	plan	docs/plans/t-937_plan.md	documentation_v2/tickets/plans/t-937_plan.md	rewrite	parent file; path; manifest move
T-937.1	spec	docs/specs/audit_2026_09/t937_editor_data_layer.md	documentation_v2/tickets/specs/t937_editor_data_layer.md	rewrite	child file; path; manifest move
T-937.1	plan	docs/plans/t-937_1_plan.md	documentation_v2/tickets/plans/t-937_1_plan.md	rewrite	child file; path; manifest move
T-937.2	spec	docs/specs/audit_2026_09/t937_editor_data_layer.md	documentation_v2/tickets/specs/t937_editor_data_layer.md	rewrite	child file; path; manifest move
T-937.2	plan	docs/plans/t-937_2_plan.md	documentation_v2/tickets/plans/t-937_2_plan.md	rewrite	child file; path; manifest move
T-937.3	spec	docs/specs/audit_2026_09/t937_editor_data_layer.md	documentation_v2/tickets/specs/t937_editor_data_layer.md	rewrite	child file; path; manifest move
T-937.3	plan	docs/plans/t-937_3_plan.md	documentation_v2/tickets/plans/t-937_3_plan.md	rewrite	child file; path; manifest move
T-937.4	spec	docs/specs/audit_2026_09/t937_editor_data_layer.md	documentation_v2/tickets/specs/t937_editor_data_layer.md	rewrite	child file; path; manifest move
T-937.4	plan	docs/plans/t-937_4_plan.md	documentation_v2/tickets/plans/t-937_4_plan.md	rewrite	child file; path; manifest move
T-937.5	spec	docs/specs/audit_2026_09/t937_editor_data_layer.md	documentation_v2/tickets/specs/t937_editor_data_layer.md	rewrite	child file; path; manifest move
T-937.5	plan	docs/plans/t-937_5_plan.md	documentation_v2/tickets/plans/t-937_5_plan.md	rewrite	child file; path; manifest move
T-938	spec	docs/specs/audit_2026_09/t938_engine_perf.md	documentation_v2/tickets/specs/t938_engine_perf.md	rewrite	parent file; path; manifest move
T-938	plan	docs/plans/t-938_plan.md	documentation_v2/tickets/plans/t-938_plan.md	rewrite	parent file; path; manifest move
T-938.1	spec	docs/specs/audit_2026_09/t938_engine_perf.md	documentation_v2/tickets/specs/t938_engine_perf.md	rewrite	child file; path; manifest move
T-938.1	plan	docs/plans/t-938_1_plan.md	documentation_v2/tickets/plans/t-938_1_plan.md	rewrite	child file; path; manifest move
T-938.2	spec	docs/specs/audit_2026_09/t938_engine_perf.md	documentation_v2/tickets/specs/t938_engine_perf.md	rewrite	child file; path; manifest move
T-938.2	plan	docs/plans/t-938_2_plan.md	documentation_v2/tickets/plans/t-938_2_plan.md	rewrite	child file; path; manifest move
T-938.3	spec	docs/specs/audit_2026_09/t938_engine_perf.md	documentation_v2/tickets/specs/t938_engine_perf.md	rewrite	child file; path; manifest move
T-938.3	plan	docs/plans/t-938_3_plan.md	documentation_v2/tickets/plans/t-938_3_plan.md	rewrite	child file; path; manifest move
T-938.4	spec	docs/specs/audit_2026_09/t938_engine_perf.md	documentation_v2/tickets/specs/t938_engine_perf.md	rewrite	child file; path; manifest move
T-938.4	plan	docs/plans/t-938_4_plan.md	documentation_v2/tickets/plans/t-938_4_plan.md	rewrite	child file; path; manifest move
T-938.5	spec	docs/specs/audit_2026_09/t938_engine_perf.md	documentation_v2/tickets/specs/t938_engine_perf.md	rewrite	child file; path; manifest move
T-938.5	plan	docs/plans/t-938_5_plan.md	documentation_v2/tickets/plans/t-938_5_plan.md	rewrite	child file; path; manifest move
T-938.6	spec	docs/specs/audit_2026_09/t938_engine_perf.md	documentation_v2/tickets/specs/t938_engine_perf.md	rewrite	child file; path; manifest move
T-938.6	plan	docs/plans/t-938_6_plan.md	documentation_v2/tickets/plans/t-938_6_plan.md	rewrite	child file; path; manifest move
T-939	spec	docs/specs/audit_2026_09/t939_editor_usability.md	documentation_v2/tickets/specs/t939_editor_usability.md	rewrite	parent file; path; manifest move
T-939	plan	docs/plans/t-939_plan.md	documentation_v2/tickets/plans/t-939_plan.md	rewrite	parent file; path; manifest move
T-939.1	spec	docs/specs/audit_2026_09/t939_editor_usability.md	documentation_v2/tickets/specs/t939_editor_usability.md	rewrite	child file; path; manifest move
T-939.1	plan	docs/plans/t-939_1_plan.md	documentation_v2/tickets/plans/t-939_1_plan.md	rewrite	child file; path; manifest move
T-939.2	spec	docs/specs/audit_2026_09/t939_editor_usability.md	documentation_v2/tickets/specs/t939_editor_usability.md	rewrite	child file; path; manifest move
T-939.2	plan	docs/plans/t-939_2_plan.md	documentation_v2/tickets/plans/t-939_2_plan.md	rewrite	child file; path; manifest move
T-939.3	spec	docs/specs/audit_2026_09/t939_editor_usability.md	documentation_v2/tickets/specs/t939_editor_usability.md	rewrite	child file; path; manifest move
T-939.3	plan	docs/plans/t-939_3_plan.md	documentation_v2/tickets/plans/t-939_3_plan.md	rewrite	child file; path; manifest move
T-939.4	spec	docs/specs/audit_2026_09/t939_editor_usability.md	documentation_v2/tickets/specs/t939_editor_usability.md	rewrite	child file; path; manifest move
T-939.4	plan	docs/plans/t-939_4_plan.md	documentation_v2/tickets/plans/t-939_4_plan.md	rewrite	child file; path; manifest move
T-939.5	spec	docs/specs/audit_2026_09/t939_editor_usability.md	documentation_v2/tickets/specs/t939_editor_usability.md	rewrite	child file; path; manifest move
T-939.5	plan	docs/plans/t-939_5_plan.md	documentation_v2/tickets/plans/t-939_5_plan.md	rewrite	child file; path; manifest move
T-939.6	spec	docs/specs/audit_2026_09/t939_editor_usability.md	documentation_v2/tickets/specs/t939_editor_usability.md	rewrite	child file; path; manifest move
T-939.6	plan	docs/plans/t-939_6_plan.md	documentation_v2/tickets/plans/t-939_6_plan.md	rewrite	child file; path; manifest move
T-939.7	spec	docs/specs/audit_2026_09/t939_editor_usability.md	documentation_v2/tickets/specs/t939_editor_usability.md	rewrite	child file; path; manifest move
T-939.7	plan	docs/plans/t-939_7_plan.md	documentation_v2/tickets/plans/t-939_7_plan.md	rewrite	child file; path; manifest move
T-939.8	spec	docs/specs/audit_2026_09/t939_editor_usability.md	documentation_v2/tickets/specs/t939_editor_usability.md	rewrite	child file; path; manifest move
T-939.8	plan	docs/plans/t-939_8_plan.md	documentation_v2/tickets/plans/t-939_8_plan.md	rewrite	child file; path; manifest move
T-940	spec	docs/specs/audit_2026_09/t940_website_platform.md	documentation_v2/tickets/specs/t940_website_platform.md	rewrite	parent file; path; manifest move
T-940	plan	docs/plans/t-940_plan.md	documentation_v2/tickets/plans/t-940_plan.md	rewrite	parent file; path; manifest move
T-940	context	false_claims.md	documentation_v2/archive/audits/audit_2026_09_false_claims.md	rewrite	parent file; bare basename of docs/specs/audit_2026_09/false_claims.md; idx 1; the basename changes, so the bare name becomes the full final path; replace whole-token occurrences only (not preceded by '/', '_', '-', a letter or a digit), after the full-path rows
T-940.1	spec	docs/specs/audit_2026_09/t940_website_platform.md	documentation_v2/tickets/specs/t940_website_platform.md	rewrite	child file; path; manifest move
T-940.1	plan	docs/plans/t-940_1_plan.md	documentation_v2/tickets/plans/t-940_1_plan.md	rewrite	child file; path; manifest move
T-940.2	spec	docs/specs/audit_2026_09/t940_website_platform.md	documentation_v2/tickets/specs/t940_website_platform.md	rewrite	child file; path; manifest move
T-940.2	plan	docs/plans/t-940_2_plan.md	documentation_v2/tickets/plans/t-940_2_plan.md	rewrite	child file; path; manifest move
T-940.3	spec	docs/specs/audit_2026_09/t940_website_platform.md	documentation_v2/tickets/specs/t940_website_platform.md	rewrite	child file; path; manifest move
T-940.3	plan	docs/plans/t-940_3_plan.md	documentation_v2/tickets/plans/t-940_3_plan.md	rewrite	child file; path; manifest move
T-940.4	spec	docs/specs/audit_2026_09/t940_website_platform.md	documentation_v2/tickets/specs/t940_website_platform.md	rewrite	child file; path; manifest move
T-940.4	plan	docs/plans/t-940_4_plan.md	documentation_v2/tickets/plans/t-940_4_plan.md	rewrite	child file; path; manifest move
T-940.5	spec	docs/specs/audit_2026_09/t940_website_platform.md	documentation_v2/tickets/specs/t940_website_platform.md	rewrite	child file; path; manifest move
T-940.5	plan	docs/plans/t-940_5_plan.md	documentation_v2/tickets/plans/t-940_5_plan.md	rewrite	child file; path; manifest move
T-940.6	spec	docs/specs/audit_2026_09/t940_website_platform.md	documentation_v2/tickets/specs/t940_website_platform.md	rewrite	child file; path; manifest move
T-940.6	plan	docs/plans/t-940_6_plan.md	documentation_v2/tickets/plans/t-940_6_plan.md	rewrite	child file; path; manifest move
T-940.7	spec	docs/specs/audit_2026_09/t940_website_platform.md	documentation_v2/tickets/specs/t940_website_platform.md	rewrite	child file; path; manifest move
T-940.7	plan	docs/plans/t-940_7_plan.md	documentation_v2/tickets/plans/t-940_7_plan.md	rewrite	child file; path; manifest move
T-940.8	spec	docs/specs/audit_2026_09/t940_website_platform.md	documentation_v2/tickets/specs/t940_website_platform.md	rewrite	child file; path; manifest move
T-940.8	plan	docs/plans/t-940_8_plan.md	documentation_v2/tickets/plans/t-940_8_plan.md	rewrite	child file; path; manifest move
T-940.9	spec	docs/specs/audit_2026_09/t940_website_platform.md	documentation_v2/tickets/specs/t940_website_platform.md	rewrite	child file; path; manifest move
T-940.9	plan	docs/plans/t-940_9_plan.md	documentation_v2/tickets/plans/t-940_9_plan.md	rewrite	child file; path; manifest move
T-940.9	context	false_claims.md	documentation_v2/archive/audits/audit_2026_09_false_claims.md	rewrite	child file; bare basename of docs/specs/audit_2026_09/false_claims.md; idx 1; the basename changes, so the bare name becomes the full final path; replace whole-token occurrences only (not preceded by '/', '_', '-', a letter or a digit), after the full-path rows
T-940.10	spec	docs/specs/audit_2026_09/t940_website_platform.md	documentation_v2/tickets/specs/t940_website_platform.md	rewrite	child file; path; manifest move
T-940.10	plan	docs/plans/t-940_10_plan.md	documentation_v2/tickets/plans/t-940_10_plan.md	rewrite	child file; path; manifest move
T-940.11	spec	docs/specs/audit_2026_09/t940_website_platform.md	documentation_v2/tickets/specs/t940_website_platform.md	rewrite	child file; path; manifest move
T-940.11	plan	docs/plans/t-940_11_plan.md	documentation_v2/tickets/plans/t-940_11_plan.md	rewrite	child file; path; manifest move
T-940.12	spec	docs/specs/audit_2026_09/t940_website_platform.md	documentation_v2/tickets/specs/t940_website_platform.md	rewrite	child file; path; manifest move
T-940.12	plan	docs/plans/t-940_12_plan.md	documentation_v2/tickets/plans/t-940_12_plan.md	rewrite	child file; path; manifest move
T-940.13	spec	docs/specs/audit_2026_09/t940_website_platform.md	documentation_v2/tickets/specs/t940_website_platform.md	rewrite	child file; path; manifest move
T-940.13	plan	docs/plans/t-940_13_plan.md	documentation_v2/tickets/plans/t-940_13_plan.md	rewrite	child file; path; manifest move
T-941	spec	docs/specs/audit_2026_09/t941_mod_lifecycle.md	documentation_v2/tickets/specs/t941_mod_lifecycle.md	rewrite	parent file; path; manifest move
T-941	plan	docs/plans/t-941_plan.md	documentation_v2/tickets/plans/t-941_plan.md	rewrite	parent file; path; manifest move
T-941	context	false_claims.md	documentation_v2/archive/audits/audit_2026_09_false_claims.md	rewrite	parent file; bare basename of docs/specs/audit_2026_09/false_claims.md; idx 3; the basename changes, so the bare name becomes the full final path; replace whole-token occurrences only (not preceded by '/', '_', '-', a letter or a digit), after the full-path rows
T-941.1	spec	docs/specs/audit_2026_09/t941_mod_lifecycle.md	documentation_v2/tickets/specs/t941_mod_lifecycle.md	rewrite	child file; path; manifest move
T-941.1	plan	docs/plans/t-941_1_plan.md	documentation_v2/tickets/plans/t-941_1_plan.md	rewrite	child file; path; manifest move
T-941.1	context	false_claims.md	documentation_v2/archive/audits/audit_2026_09_false_claims.md	rewrite	child file; bare basename of docs/specs/audit_2026_09/false_claims.md; idx 2; the basename changes, so the bare name becomes the full final path; replace whole-token occurrences only (not preceded by '/', '_', '-', a letter or a digit), after the full-path rows
T-941.2	spec	docs/specs/audit_2026_09/t941_mod_lifecycle.md	documentation_v2/tickets/specs/t941_mod_lifecycle.md	rewrite	child file; path; manifest move
T-941.2	plan	docs/plans/t-941_2_plan.md	documentation_v2/tickets/plans/t-941_2_plan.md	rewrite	child file; path; manifest move
T-941.3	spec	docs/specs/audit_2026_09/t941_mod_lifecycle.md	documentation_v2/tickets/specs/t941_mod_lifecycle.md	rewrite	child file; path; manifest move
T-941.3	plan	docs/plans/t-941_3_plan.md	documentation_v2/tickets/plans/t-941_3_plan.md	rewrite	child file; path; manifest move
T-941.4	spec	docs/specs/audit_2026_09/t941_mod_lifecycle.md	documentation_v2/tickets/specs/t941_mod_lifecycle.md	rewrite	child file; path; manifest move
T-941.4	plan	docs/plans/t-941_4_plan.md	documentation_v2/tickets/plans/t-941_4_plan.md	rewrite	child file; path; manifest move
T-941.5	spec	docs/specs/audit_2026_09/t941_mod_lifecycle.md	documentation_v2/tickets/specs/t941_mod_lifecycle.md	rewrite	child file; path; manifest move
T-941.5	plan	docs/plans/t-941_5_plan.md	documentation_v2/tickets/plans/t-941_5_plan.md	rewrite	child file; path; manifest move
T-941.6	spec	docs/specs/audit_2026_09/t941_mod_lifecycle.md	documentation_v2/tickets/specs/t941_mod_lifecycle.md	rewrite	child file; path; manifest move
T-941.6	plan	docs/plans/t-941_6_plan.md	documentation_v2/tickets/plans/t-941_6_plan.md	rewrite	child file; path; manifest move
T-941.7	spec	docs/specs/audit_2026_09/t941_mod_lifecycle.md	documentation_v2/tickets/specs/t941_mod_lifecycle.md	rewrite	child file; path; manifest move
T-941.7	plan	docs/plans/t-941_7_plan.md	documentation_v2/tickets/plans/t-941_7_plan.md	rewrite	child file; path; manifest move
T-941.8	spec	docs/specs/audit_2026_09/t941_mod_lifecycle.md	documentation_v2/tickets/specs/t941_mod_lifecycle.md	rewrite	child file; path; manifest move
T-941.8	plan	docs/plans/t-941_8_plan.md	documentation_v2/tickets/plans/t-941_8_plan.md	rewrite	child file; path; manifest move
T-943	spec	docs/specs/factory/t943_push_guard_deadlock.md	documentation_v2/tickets/specs/t943_push_guard_deadlock.md	rewrite	parent file; path; manifest move
T-943	plan	docs/plans/t-943_plan.md	documentation_v2/tickets/plans/t-943_plan.md	rewrite	parent file; path; manifest move
T-944	spec	docs/specs/audit_2026_09/t944_audit_stream_race.md	documentation_v2/tickets/specs/t944_audit_stream_race.md	rewrite	parent file; path; manifest move
T-944	plan	docs/plans/t-944_plan.md	documentation_v2/tickets/plans/t-944_plan.md	rewrite	parent file; path; manifest move
T-945	spec	docs/specs/factory/t945_active_slice_encoding.md	documentation_v2/tickets/specs/t945_active_slice_encoding.md	rewrite	parent file; path; manifest move
T-945	plan	docs/plans/t-945_plan.md	documentation_v2/tickets/plans/t-945_plan.md	rewrite	parent file; path; manifest move
T-946.3	spec	docs/specs/ideas/t946_3_mod_gate_ascii.md	documentation_v2/tickets/specs/t946_3_mod_gate_ascii.md	rewrite	child file; path; manifest move
T-946.3	plan	docs/plans/t-946_3_plan.md	documentation_v2/tickets/plans/t-946_3_plan.md	rewrite	child file; path; manifest move
T-946.12	spec	docs/specs/ideas/t946_12_reserve_close_label.md	documentation_v2/tickets/specs/t946_12_reserve_close_label.md	rewrite	child file; path; manifest move
T-946.12	plan	docs/plans/t-946_12_plan.md	documentation_v2/tickets/plans/t-946_12_plan.md	rewrite	child file; path; manifest move
T-946.14	spec	docs/specs/ideas/t946_14_land_gate_base.md	documentation_v2/tickets/specs/t946_14_land_gate_base.md	rewrite	child file; path; manifest move
T-946.14	plan	docs/plans/t-946_14_plan.md	documentation_v2/tickets/plans/t-946_14_plan.md	rewrite	child file; path; manifest move
T-946.23	spec	docs/specs/ideas/t946_23_mod_gate_shadowing.md	documentation_v2/tickets/specs/t946_23_mod_gate_shadowing.md	rewrite	child file; path; manifest move
T-946.23	plan	docs/plans/t-946_23_plan.md	documentation_v2/tickets/plans/t-946_23_plan.md	rewrite	child file; path; manifest move
T-946.24	spec	docs/specs/ideas/t946_24_lockstep_holes.md	documentation_v2/tickets/specs/t946_24_lockstep_holes.md	rewrite	child file; path; manifest move
T-946.24	plan	docs/plans/t-946_24_plan.md	documentation_v2/tickets/plans/t-946_24_plan.md	rewrite	child file; path; manifest move
T-946.55	spec	docs/specs/audit_2026_09/t936_mission_logic.md	documentation_v2/tickets/specs/t936_mission_logic.md	rewrite	child file; path; manifest move
T-946.55	plan	docs/plans/t-946_55_plan.md	documentation_v2/tickets/plans/t-946_55_plan.md	rewrite	child file; path; manifest move
T-946.64	spec	docs/platform/PLATFORM_FACTORY.md	documentation_v2/runbooks/factory_waves/README.md	rewrite	child file; path; manifest move+rename
T-946.64	plan	docs/plans/t-946_64_plan.md	documentation_v2/tickets/plans/t-946_64_plan.md	rewrite	child file; path; manifest move
T-946.69	notes	docs/specs/audit_2026_09/t946_86_wave255_dead_code.md	documentation_v2/tickets/specs/t946_86_wave255_dead_code.md	rewrite	child file; path; manifest move
T-946.82	notes	docs/specs/audit_2026_09/t946_86_wave255_dead_code.md	documentation_v2/tickets/specs/t946_86_wave255_dead_code.md	rewrite	child file; path; manifest move
T-946.83	notes	docs/specs/audit_2026_09/t946_86_wave255_dead_code.md	documentation_v2/tickets/specs/t946_86_wave255_dead_code.md	rewrite	child file; path; manifest move
T-946.84	notes	docs/specs/audit_2026_09/t946_86_wave255_dead_code.md	documentation_v2/tickets/specs/t946_86_wave255_dead_code.md	rewrite	child file; path; manifest move
T-946.85	notes	docs/specs/audit_2026_09/t946_86_wave255_dead_code.md	documentation_v2/tickets/specs/t946_86_wave255_dead_code.md	rewrite	child file; path; manifest move
T-946.86	spec	docs/specs/audit_2026_09/t946_86_wave255_dead_code.md	documentation_v2/tickets/specs/t946_86_wave255_dead_code.md	rewrite	child file; path; manifest move
T-946.86	plan	docs/plans/t-946_86_plan.md	documentation_v2/tickets/plans/t-946_86_plan.md	rewrite	child file; path; manifest move
